{
  "Dataset": {
    "AtomTypeStyle": "chemicalsymbol",
    "Data": [
      {
        "AtomTypes": [
          "C",
          "C",
          "C",
          "C",
          "H",
          "H",
          "H",
          "H",
          "H",
          "H",
          "H",
          "H",
          "O",
          "O",
          "O"
        ],
        "Energy": -63.5651605,
        "Forces": [
          [
            1.485023,
            -1.06538,
            4.300977
          ],
          [
            2.829201,
            1.986134,
            0.983905
          ],
          [
            4.096827,
            -4.738208,
            -3.270679
          ],
          [
            -1.314294,
            4.726992,
            1.008305
          ],
          [
            -0.168025,
            -0.48069,
            3.252852
          ],
          [
            1.429662,
            1.839822,
            0.922269
          ],
          [
            0.043698,
            0.120749,
            -0.105621
          ],
          [
            -2.267554,
            2.312396,
            2.150773
          ],
          [
            -7.873335,
            -8.133744,
            1.249196
          ],
          [
            0.889272,
            -2.397625,
            -0.27435
          ],
          [
            0.684047,
            1.856644,
            -3.032965
          ],
          [
            -0.390412,
            1.111837,
            -2.612214
          ],
          [
            -0.561742,
            -0.928029,
            -0.09951
          ],
          [
            -0.01219,
            -0.217831,
            0.005187
          ],
          [
            1.129821,
            4.006933,
            -4.478125
          ]
        ],
        "Lattice": [
          [
            14.0,
            0.0,
            0.0
          ],
          [
            0.0,
            15.0,
            0.0
          ],
          [
            0.0,
            0.0,
            16.0
          ]
        ],
        "NumAtoms": 15,
        "Positions": [
          [
            2.1413,
            2.27863,
            2.95082
          ],
          [
            3.53736,
            2.41056,
            3.02461
          ],
          [
            1.43517,
            3.18305,
            2.13113
          ],
          [
            1.85211,
            2.93759,
            0.68476
          ],
          [
            1.62113,
            2.44697,
            3.83345
          ],
          [
            1.89047,
            1.16409,
            2.68533
          ],
          [
            5.06443,
            1.57283,
            3.8123
          ],
          [
            1.67774,
            4.21597,
            2.00653
          ],
          [
            0.38346,
            0.78678,
            1.72643
          ],
          [
            2.48791,
            2.70408,
            -0.121
          ],
          [
            2.1868,
            3.97741,
            0.8879
          ],
          [
            0.74006,
            3.02758,
            0.71343
          ],
          [
            4.23545,
            3.34275,
            2.5732
          ],
          [
            4.11136,
            1.37677,
            3.72309
          ],
          [
            0.93814,
            1.41495,
            1.63612
          ]
        ],
        "Stress": [
          [
            5.4148,
            4.14633,
            3.1274
          ],
          [
            4.14633,
            4.33438,
            -1.85613
          ],
          [
            3.1274,
            -1.85613,
            7.10326
          ]
        ],
        "computation_code": "VASP",
        "pseudopotential_information": [
          [
            "PAW_PBE",
            "C",
            "08Apr2002"
          ],
          [
            "PAW_PBE",
            "H",
            "15Jun2001"
          ],
          [
            "PAW_PBE",
            "O",
            "08Apr2002"
          ]
        ]
      }
    ],
    "EnergyStyle": "electronvolt",
    "ForcesStyle": "electronvoltperangstrom",
    "LatticeStyle": "angstrom",
    "PositionsStyle": "angstrom",
    "StressStyle": "kB"
  }
}