{
  "Dataset": {
    "AtomTypeStyle": "chemicalsymbol",
    "Data": [
      {
        "AtomTypes": [
          "C",
          "C",
          "C",
          "C",
          "H",
          "H",
          "H",
          "H",
          "H",
          "H",
          "H",
          "H",
          "O",
          "O",
          "O"
        ],
        "Energy": -75.32502179,
        "Forces": [
          [
            0.090576,
            -0.009667,
            -0.006873
          ],
          [
            -0.04449,
            0.067355,
            -0.085194
          ],
          [
            0.023197,
            0.020646,
            -0.112413
          ],
          [
            -0.002785,
            0.017789,
            -0.030621
          ],
          [
            -0.061123,
            -0.017198,
            0.054454
          ],
          [
            0.02154,
            0.004354,
            -0.000659
          ],
          [
            -0.004508,
            0.024614,
            -0.006245
          ],
          [
            -0.023241,
            0.02978,
            0.025333
          ],
          [
            0.059438,
            0.034534,
            -0.065864
          ],
          [
            -0.003482,
            -0.020109,
            -0.01685
          ],
          [
            -0.027616,
            -0.038368,
            0.030567
          ],
          [
            0.020818,
            0.008387,
            0.052777
          ],
          [
            -0.016899,
            0.010262,
            0.035289
          ],
          [
            0.068984,
            -0.094813,
            0.054858
          ],
          [
            -0.100409,
            -0.037566,
            0.071438
          ]
        ],
        "Lattice": [
          [
            14.0,
            0.0,
            0.0
          ],
          [
            0.0,
            15.0,
            0.0
          ],
          [
            0.0,
            0.0,
            16.0
          ]
        ],
        "NumAtoms": 15,
        "Positions": [
          [
            2.25641,
            1.86529,
            2.81849
          ],
          [
            3.5463,
            2.54979,
            3.19423
          ],
          [
            1.35911,
            2.70805,
            1.90846
          ],
          [
            1.99628,
            2.97933,
            0.55481
          ],
          [
            1.73795,
            1.64583,
            3.76516
          ],
          [
            2.4673,
            0.89639,
            2.34607
          ],
          [
            5.30971,
            2.16325,
            3.7839
          ],
          [
            1.13337,
            3.6645,
            2.40491
          ],
          [
            -0.34446,
            1.8455,
            2.47295
          ],
          [
            2.32558,
            2.03758,
            0.09492
          ],
          [
            2.85896,
            3.65011,
            0.65468
          ],
          [
            1.26378,
            3.44673,
            -0.11586
          ],
          [
            3.73569,
            3.75254,
            3.22459
          ],
          [
            4.51654,
            1.64866,
            3.52276
          ],
          [
            0.14038,
            1.98645,
            1.63803
          ]
        ],
        "Stress": [
          [
            -1.42194,
            -0.02581,
            0.03889
          ],
          [
            -0.02581,
            -1.42207,
            0.02007
          ],
          [
            0.03889,
            0.02007,
            -1.61234
          ]
        ],
        "computation_code": "VASP",
        "pseudopotential_information": [
          [
            "PAW_PBE",
            "C",
            "08Apr2002"
          ],
          [
            "PAW_PBE",
            "H",
            "15Jun2001"
          ],
          [
            "PAW_PBE",
            "O",
            "08Apr2002"
          ]
        ]
      }
    ],
    "EnergyStyle": "electronvolt",
    "ForcesStyle": "electronvoltperangstrom",
    "LatticeStyle": "angstrom",
    "PositionsStyle": "angstrom",
    "StressStyle": "kB"
  }
}