{
  "Dataset": {
    "AtomTypeStyle": "chemicalsymbol",
    "Data": [
      {
        "AtomTypes": [
          "C",
          "C",
          "C",
          "C",
          "H",
          "H",
          "H",
          "H",
          "H",
          "H",
          "H",
          "H",
          "O",
          "O",
          "O"
        ],
        "Energy": -75.32311206,
        "Forces": [
          [
            0.006967,
            0.011668,
            -0.014669
          ],
          [
            -0.049084,
            -0.057418,
            0.007025
          ],
          [
            0.012239,
            -0.029766,
            0.028556
          ],
          [
            0.002469,
            -0.015737,
            0.026251
          ],
          [
            0.019492,
            -0.000152,
            -0.023549
          ],
          [
            0.001524,
            0.00181,
            0.002934
          ],
          [
            0.008505,
            -0.001164,
            0.008812
          ],
          [
            -0.000452,
            0.000625,
            0.00262
          ],
          [
            -0.007458,
            0.009254,
            -0.012482
          ],
          [
            -0.034561,
            -0.008702,
            -0.01872
          ],
          [
            0.029174,
            0.001627,
            -0.00898
          ],
          [
            0.012429,
            0.021481,
            -0.008332
          ],
          [
            0.015357,
            0.04472,
            -0.000992
          ],
          [
            -0.003918,
            0.025172,
            4.1e-05
          ],
          [
            -0.012683,
            -0.003419,
            0.011484
          ]
        ],
        "Lattice": [
          [
            14.0,
            0.0,
            0.0
          ],
          [
            0.0,
            15.0,
            0.0
          ],
          [
            0.0,
            0.0,
            16.0
          ]
        ],
        "NumAtoms": 15,
        "Positions": [
          [
            2.25334,
            1.86933,
            2.82302
          ],
          [
            3.55014,
            2.54643,
            3.1879
          ],
          [
            1.35633,
            2.70847,
            1.9022
          ],
          [
            1.99676,
            2.98346,
            0.55344
          ],
          [
            1.72789,
            1.66451,
            3.77303
          ],
          [
            2.45855,
            0.89478,
            2.3598
          ],
          [
            5.31204,
            2.15231,
            3.77148
          ],
          [
            1.12212,
            3.66494,
            2.39801
          ],
          [
            -0.33116,
            1.83393,
            2.47709
          ],
          [
            2.36797,
            2.05174,
            0.1043
          ],
          [
            2.83211,
            3.68302,
            0.66657
          ],
          [
            1.25425,
            3.42363,
            -0.1219
          ],
          [
            3.74758,
            3.74702,
            3.21459
          ],
          [
            4.51605,
            1.63601,
            3.52193
          ],
          [
            0.13895,
            1.98042,
            1.63665
          ]
        ],
        "Stress": [
          [
            -1.47724,
            0.07592,
            0.01674
          ],
          [
            0.07592,
            -1.46504,
            0.02569
          ],
          [
            0.01674,
            0.02569,
            -1.60216
          ]
        ],
        "computation_code": "VASP",
        "pseudopotential_information": [
          [
            "PAW_PBE",
            "C",
            "08Apr2002"
          ],
          [
            "PAW_PBE",
            "H",
            "15Jun2001"
          ],
          [
            "PAW_PBE",
            "O",
            "08Apr2002"
          ]
        ]
      }
    ],
    "EnergyStyle": "electronvolt",
    "ForcesStyle": "electronvoltperangstrom",
    "LatticeStyle": "angstrom",
    "PositionsStyle": "angstrom",
    "StressStyle": "kB"
  }
}