{
  "Dataset": {
    "AtomTypeStyle": "chemicalsymbol",
    "Data": [
      {
        "AtomTypes": [
          "C",
          "C",
          "C",
          "C",
          "H",
          "H",
          "H",
          "H",
          "H",
          "H",
          "H",
          "H",
          "O",
          "O",
          "O"
        ],
        "Energy": -75.04250522,
        "Forces": [
          [
            -0.06954,
            -0.081403,
            0.00778
          ],
          [
            0.183986,
            0.489197,
            -0.194071
          ],
          [
            0.04445,
            0.039545,
            0.169632
          ],
          [
            -0.024012,
            -0.168188,
            0.103616
          ],
          [
            0.043108,
            -0.05043,
            -0.077842
          ],
          [
            0.070885,
            0.069995,
            0.001466
          ],
          [
            -0.01773,
            -0.019161,
            0.059168
          ],
          [
            0.074699,
            0.034157,
            -0.035195
          ],
          [
            -0.079201,
            0.058972,
            -0.002055
          ],
          [
            0.048279,
            -0.05452,
            -0.135019
          ],
          [
            -0.1051,
            -0.031681,
            -0.082119
          ],
          [
            -0.113852,
            0.04217,
            0.006332
          ],
          [
            -0.164835,
            -0.46415,
            0.361913
          ],
          [
            0.049014,
            0.071073,
            -0.075149
          ],
          [
            0.05985,
            0.064423,
            -0.108458
          ]
        ],
        "Lattice": [
          [
            14.0,
            0.0,
            0.0
          ],
          [
            0.0,
            15.0,
            0.0
          ],
          [
            0.0,
            0.0,
            16.0
          ]
        ],
        "NumAtoms": 15,
        "Positions": [
          [
            2.18891,
            2.03633,
            2.9359
          ],
          [
            3.63265,
            2.46213,
            3.00794
          ],
          [
            1.2704,
            2.72151,
            1.89839
          ],
          [
            1.98543,
            3.16585,
            0.63343
          ],
          [
            1.77008,
            2.15554,
            3.95545
          ],
          [
            2.17812,
            0.94972,
            2.73066
          ],
          [
            5.2984,
            1.87073,
            3.69145
          ],
          [
            0.77717,
            3.59372,
            2.37085
          ],
          [
            -0.06592,
            1.30249,
            2.31918
          ],
          [
            2.60612,
            2.34127,
            0.25579
          ],
          [
            2.6467,
            4.01487,
            0.8509
          ],
          [
            1.26088,
            3.43529,
            -0.14386
          ],
          [
            4.13471,
            3.47647,
            2.54307
          ],
          [
            4.37202,
            1.54117,
            3.69442
          ],
          [
            0.24723,
            1.77291,
            1.52454
          ]
        ],
        "Stress": [
          [
            -1.41377,
            -0.14886,
            0.24602
          ],
          [
            -0.14886,
            -1.70004,
            0.17527
          ],
          [
            0.24602,
            0.17527,
            -1.41006
          ]
        ],
        "computation_code": "VASP",
        "pseudopotential_information": [
          [
            "PAW_PBE",
            "C",
            "08Apr2002"
          ],
          [
            "PAW_PBE",
            "H",
            "15Jun2001"
          ],
          [
            "PAW_PBE",
            "O",
            "08Apr2002"
          ]
        ]
      }
    ],
    "EnergyStyle": "electronvolt",
    "ForcesStyle": "electronvoltperangstrom",
    "LatticeStyle": "angstrom",
    "PositionsStyle": "angstrom",
    "StressStyle": "kB"
  }
}