{
  "Dataset": {
    "AtomTypeStyle": "chemicalsymbol",
    "Data": [
      {
        "AtomTypes": [
          "C",
          "C",
          "C",
          "C",
          "H",
          "H",
          "H",
          "H",
          "H",
          "H",
          "H",
          "H",
          "O",
          "O",
          "O"
        ],
        "Energy": -75.23646987,
        "Forces": [
          [
            -0.017261,
            0.012537,
            0.017013
          ],
          [
            0.068577,
            0.034412,
            0.015176
          ],
          [
            0.007784,
            -0.011199,
            0.039545
          ],
          [
            -0.009778,
            0.02848,
            -0.013827
          ],
          [
            0.030342,
            0.002457,
            -0.035028
          ],
          [
            -0.002254,
            -0.015748,
            -0.001259
          ],
          [
            -0.026715,
            -0.008208,
            -0.014886
          ],
          [
            0.006118,
            -0.003501,
            -0.017134
          ],
          [
            -0.043819,
            -0.01432,
            0.060842
          ],
          [
            -0.03605,
            -0.005599,
            -0.036435
          ],
          [
            0.018973,
            -0.011078,
            0.027659
          ],
          [
            0.023568,
            -0.015284,
            -0.006024
          ],
          [
            -0.046979,
            -0.011352,
            0.004581
          ],
          [
            -0.006175,
            -0.002215,
            0.010888
          ],
          [
            0.033669,
            0.020617,
            -0.051112
          ]
        ],
        "Lattice": [
          [
            14.0,
            0.0,
            0.0
          ],
          [
            0.0,
            15.0,
            0.0
          ],
          [
            0.0,
            0.0,
            16.0
          ]
        ],
        "NumAtoms": 15,
        "Positions": [
          [
            2.267,
            1.86064,
            2.81888
          ],
          [
            3.55017,
            2.55679,
            3.18637
          ],
          [
            1.35656,
            2.69371,
            1.90683
          ],
          [
            1.98642,
            2.96471,
            0.55336
          ],
          [
            1.74379,
            1.636,
            3.76948
          ],
          [
            2.48906,
            0.89089,
            2.34782
          ],
          [
            5.32482,
            2.19737,
            3.77157
          ],
          [
            1.13094,
            3.65406,
            2.40692
          ],
          [
            -0.36426,
            1.88313,
            2.48582
          ],
          [
            2.32031,
            2.02251,
            0.09071
          ],
          [
            2.84853,
            3.63842,
            0.65219
          ],
          [
            1.24747,
            3.43894,
            -0.10834
          ],
          [
            3.72807,
            3.76097,
            3.2189
          ],
          [
            4.53584,
            1.6715,
            3.51106
          ],
          [
            0.13819,
            1.97036,
            1.65655
          ]
        ],
        "Stress": [
          [
            -1.36389,
            0.04409,
            0.00595
          ],
          [
            0.04409,
            -1.34012,
            0.01633
          ],
          [
            0.00595,
            0.01633,
            -1.4101
          ]
        ],
        "computation_code": "VASP",
        "pseudopotential_information": [
          [
            "PAW_PBE",
            "C",
            "08Apr2002"
          ],
          [
            "PAW_PBE",
            "H",
            "15Jun2001"
          ],
          [
            "PAW_PBE",
            "O",
            "08Apr2002"
          ]
        ]
      }
    ],
    "EnergyStyle": "electronvolt",
    "ForcesStyle": "electronvoltperangstrom",
    "LatticeStyle": "angstrom",
    "PositionsStyle": "angstrom",
    "StressStyle": "kB"
  }
}