{
  "Dataset": {
    "AtomTypeStyle": "chemicalsymbol",
    "Data": [
      {
        "AtomTypes": [
          "C",
          "C",
          "C",
          "C",
          "H",
          "H",
          "H",
          "H",
          "H",
          "H",
          "H",
          "H",
          "O",
          "O",
          "O"
        ],
        "Energy": -75.05025356,
        "Forces": [
          [
            0.154457,
            -0.033408,
            -0.008657
          ],
          [
            0.074498,
            0.00532,
            -0.076996
          ],
          [
            -0.13178,
            0.034559,
            -0.002337
          ],
          [
            0.119926,
            -0.203434,
            0.030756
          ],
          [
            -0.089887,
            -0.076929,
            0.04107
          ],
          [
            0.008482,
            -0.075421,
            -0.029619
          ],
          [
            -0.147792,
            0.049145,
            -0.113434
          ],
          [
            -0.123165,
            0.059693,
            0.080583
          ],
          [
            -0.054719,
            0.231414,
            -0.200882
          ],
          [
            -0.163055,
            0.112157,
            -0.040566
          ],
          [
            0.052046,
            -0.120622,
            0.10098
          ],
          [
            0.131114,
            -0.130302,
            0.034687
          ],
          [
            -0.059473,
            0.005805,
            0.032182
          ],
          [
            0.137865,
            0.108552,
            0.030368
          ],
          [
            0.091483,
            0.033469,
            0.121866
          ]
        ],
        "Lattice": [
          [
            14.0,
            0.0,
            0.0
          ],
          [
            0.0,
            15.0,
            0.0
          ],
          [
            0.0,
            0.0,
            16.0
          ]
        ],
        "NumAtoms": 15,
        "Positions": [
          [
            2.20463,
            2.09726,
            2.95165
          ],
          [
            3.67465,
            2.42824,
            3.02452
          ],
          [
            1.29804,
            2.7273,
            1.87466
          ],
          [
            1.92377,
            3.21392,
            0.5749
          ],
          [
            1.81686,
            2.35387,
            3.94995
          ],
          [
            2.14379,
            1.00444,
            2.87165
          ],
          [
            5.25718,
            1.69151,
            3.83705
          ],
          [
            0.78184,
            3.58719,
            2.32537
          ],
          [
            0.14173,
            1.14529,
            2.28493
          ],
          [
            2.62097,
            2.46575,
            0.16094
          ],
          [
            2.46585,
            4.15673,
            0.72123
          ],
          [
            1.10731,
            3.40265,
            -0.13943
          ],
          [
            4.25328,
            3.40341,
            2.58955
          ],
          [
            4.31558,
            1.43203,
            3.72548
          ],
          [
            0.29742,
            1.7304,
            1.51566
          ]
        ],
        "Stress": [
          [
            -1.59704,
            0.06163,
            -0.12352
          ],
          [
            0.06163,
            -1.79945,
            0.22106
          ],
          [
            -0.12352,
            0.22106,
            -1.77247
          ]
        ],
        "computation_code": "VASP",
        "pseudopotential_information": [
          [
            "PAW_PBE",
            "C",
            "08Apr2002"
          ],
          [
            "PAW_PBE",
            "H",
            "15Jun2001"
          ],
          [
            "PAW_PBE",
            "O",
            "08Apr2002"
          ]
        ]
      }
    ],
    "EnergyStyle": "electronvolt",
    "ForcesStyle": "electronvoltperangstrom",
    "LatticeStyle": "angstrom",
    "PositionsStyle": "angstrom",
    "StressStyle": "kB"
  }
}