{
  "Dataset": {
    "AtomTypeStyle": "chemicalsymbol",
    "Data": [
      {
        "AtomTypes": [
          "C",
          "C",
          "C",
          "C",
          "H",
          "H",
          "H",
          "H",
          "H",
          "H",
          "H",
          "H",
          "O",
          "O",
          "O"
        ],
        "Energy": -75.19577983,
        "Forces": [
          [
            -0.022184,
            0.066295,
            -0.119413
          ],
          [
            -0.063124,
            0.178711,
            -0.023959
          ],
          [
            -0.050405,
            0.014308,
            0.149005
          ],
          [
            0.038061,
            -0.021489,
            -0.117058
          ],
          [
            -0.001112,
            -0.044644,
            -0.006607
          ],
          [
            0.018011,
            -0.007176,
            -0.00121
          ],
          [
            0.020366,
            0.01314,
            0.00082
          ],
          [
            0.035529,
            0.030558,
            -0.008259
          ],
          [
            -0.120959,
            -0.017671,
            0.216043
          ],
          [
            0.010553,
            -0.056574,
            -0.033514
          ],
          [
            0.071917,
            0.002679,
            0.041434
          ],
          [
            -0.052535,
            0.003983,
            0.002663
          ],
          [
            -0.093468,
            -0.076306,
            0.027688
          ],
          [
            0.092489,
            -0.10825,
            0.054741
          ],
          [
            0.11686,
            0.022436,
            -0.182374
          ]
        ],
        "Lattice": [
          [
            14.0,
            0.0,
            0.0
          ],
          [
            0.0,
            15.0,
            0.0
          ],
          [
            0.0,
            0.0,
            16.0
          ]
        ],
        "NumAtoms": 15,
        "Positions": [
          [
            2.25702,
            1.90318,
            2.87531
          ],
          [
            3.6014,
            2.53559,
            3.12449
          ],
          [
            1.33346,
            2.67236,
            1.91317
          ],
          [
            1.98985,
            3.02233,
            0.5946
          ],
          [
            1.76788,
            1.80173,
            3.86193
          ],
          [
            2.40006,
            0.88124,
            2.49116
          ],
          [
            5.34753,
            2.09454,
            3.72619
          ],
          [
            0.98543,
            3.59979,
            2.40356
          ],
          [
            -0.42163,
            1.83316,
            2.3536
          ],
          [
            2.45782,
            2.13335,
            0.14536
          ],
          [
            2.75423,
            3.79563,
            0.7311
          ],
          [
            1.23555,
            3.39992,
            -0.10821
          ],
          [
            3.88831,
            3.71344,
            2.99627
          ],
          [
            4.50803,
            1.61574,
            3.55148
          ],
          [
            0.19797,
            1.83799,
            1.6081
          ]
        ],
        "Stress": [
          [
            -1.24225,
            -0.01356,
            -0.04752
          ],
          [
            -0.01356,
            -1.31378,
            0.0324
          ],
          [
            -0.04752,
            0.0324,
            -1.31739
          ]
        ],
        "computation_code": "VASP",
        "pseudopotential_information": [
          [
            "PAW_PBE",
            "C",
            "08Apr2002"
          ],
          [
            "PAW_PBE",
            "H",
            "15Jun2001"
          ],
          [
            "PAW_PBE",
            "O",
            "08Apr2002"
          ]
        ]
      }
    ],
    "EnergyStyle": "electronvolt",
    "ForcesStyle": "electronvoltperangstrom",
    "LatticeStyle": "angstrom",
    "PositionsStyle": "angstrom",
    "StressStyle": "kB"
  }
}