{
  "Dataset": {
    "AtomTypeStyle": "chemicalsymbol",
    "Data": [
      {
        "AtomTypes": [
          "C",
          "C",
          "C",
          "C",
          "H",
          "H",
          "H",
          "H",
          "H",
          "H",
          "H",
          "H",
          "O",
          "O",
          "O"
        ],
        "Energy": -74.90880213,
        "Forces": [
          [
            -0.129853,
            0.164929,
            -0.173369
          ],
          [
            -0.332835,
            -0.197139,
            0.102982
          ],
          [
            0.125954,
            -0.030254,
            -0.197377
          ],
          [
            0.073155,
            0.367523,
            0.370185
          ],
          [
            0.01902,
            -0.030726,
            0.010115
          ],
          [
            -0.04931,
            -0.207355,
            -0.099054
          ],
          [
            0.063012,
            0.000997,
            -0.042799
          ],
          [
            0.049694,
            0.002696,
            0.048107
          ],
          [
            -0.179897,
            -0.19796,
            0.234548
          ],
          [
            0.120237,
            -0.183357,
            0.107944
          ],
          [
            -0.048179,
            -0.292345,
            -0.035088
          ],
          [
            -0.005819,
            0.148409,
            -0.174712
          ],
          [
            0.050043,
            0.072269,
            -0.056696
          ],
          [
            0.146788,
            0.255778,
            -0.067065
          ],
          [
            0.09799,
            0.126534,
            -0.027721
          ]
        ],
        "Lattice": [
          [
            14.0,
            0.0,
            0.0
          ],
          [
            0.0,
            15.0,
            0.0
          ],
          [
            0.0,
            0.0,
            16.0
          ]
        ],
        "NumAtoms": 15,
        "Positions": [
          [
            2.2191,
            2.11695,
            2.96946
          ],
          [
            3.69795,
            2.42067,
            3.0398
          ],
          [
            1.3038,
            2.74507,
            1.88384
          ],
          [
            1.90718,
            3.21252,
            0.56111
          ],
          [
            1.81836,
            2.37894,
            3.96609
          ],
          [
            2.15258,
            1.02414,
            2.91218
          ],
          [
            5.24254,
            1.649,
            3.86855
          ],
          [
            0.7798,
            3.6124,
            2.3281
          ],
          [
            0.22477,
            1.102,
            2.20332
          ],
          [
            2.58985,
            2.49383,
            0.09527
          ],
          [
            2.42259,
            4.186,
            0.67815
          ],
          [
            1.0498,
            3.33697,
            -0.11021
          ],
          [
            4.29802,
            3.38387,
            2.61768
          ],
          [
            4.30064,
            1.40402,
            3.74431
          ],
          [
            0.29591,
            1.77365,
            1.51045
          ]
        ],
        "Stress": [
          [
            -1.36067,
            0.1642,
            -0.17735
          ],
          [
            0.1642,
            -1.26675,
            -0.05025
          ],
          [
            -0.17735,
            -0.05025,
            -1.72792
          ]
        ],
        "computation_code": "VASP",
        "pseudopotential_information": [
          [
            "PAW_PBE",
            "C",
            "08Apr2002"
          ],
          [
            "PAW_PBE",
            "H",
            "15Jun2001"
          ],
          [
            "PAW_PBE",
            "O",
            "08Apr2002"
          ]
        ]
      }
    ],
    "EnergyStyle": "electronvolt",
    "ForcesStyle": "electronvoltperangstrom",
    "LatticeStyle": "angstrom",
    "PositionsStyle": "angstrom",
    "StressStyle": "kB"
  }
}