{
  "Dataset": {
    "AtomTypeStyle": "chemicalsymbol",
    "Data": [
      {
        "AtomTypes": [
          "C",
          "C",
          "C",
          "C",
          "H",
          "H",
          "H",
          "H",
          "H",
          "H",
          "H",
          "H",
          "O",
          "O",
          "O"
        ],
        "Energy": -75.07536879,
        "Forces": [
          [
            -0.185178,
            -0.150512,
            0.124136
          ],
          [
            -0.025438,
            0.272932,
            -0.015013
          ],
          [
            0.398633,
            0.060018,
            0.188328
          ],
          [
            -0.241367,
            0.263829,
            0.254847
          ],
          [
            0.07133,
            -0.089716,
            -0.114609
          ],
          [
            0.031568,
            0.13116,
            -0.078191
          ],
          [
            0.15293,
            0.144718,
            -0.043951
          ],
          [
            0.040283,
            0.015436,
            -0.096296
          ],
          [
            -0.202357,
            -0.069272,
            0.058974
          ],
          [
            0.135365,
            -0.313334,
            -0.124373
          ],
          [
            -0.005062,
            -0.069606,
            0.047686
          ],
          [
            0.009037,
            -0.064017,
            0.023597
          ],
          [
            0.016876,
            -0.062243,
            0.032974
          ],
          [
            -0.148052,
            -0.120348,
            -0.044818
          ],
          [
            -0.048566,
            0.050954,
            -0.213289
          ]
        ],
        "Lattice": [
          [
            14.0,
            0.0,
            0.0
          ],
          [
            0.0,
            15.0,
            0.0
          ],
          [
            0.0,
            0.0,
            16.0
          ]
        ],
        "NumAtoms": 15,
        "Positions": [
          [
            2.20336,
            2.07874,
            2.94274
          ],
          [
            3.66696,
            2.42718,
            3.01332
          ],
          [
            1.27653,
            2.72533,
            1.87297
          ],
          [
            1.94167,
            3.19851,
            0.58475
          ],
          [
            1.79855,
            2.31256,
            3.94778
          ],
          [
            2.1439,
            0.97958,
            2.85211
          ],
          [
            5.26929,
            1.72925,
            3.79642
          ],
          [
            0.76149,
            3.58087,
            2.34713
          ],
          [
            0.10748,
            1.20134,
            2.30909
          ],
          [
            2.62388,
            2.45651,
            0.17759
          ],
          [
            2.51089,
            4.11928,
            0.76158
          ],
          [
            1.15993,
            3.4131,
            -0.15593
          ],
          [
            4.21704,
            3.41847,
            2.57324
          ],
          [
            4.33331,
            1.46213,
            3.72495
          ],
          [
            0.28863,
            1.73714,
            1.52038
          ]
        ],
        "Stress": [
          [
            -1.38813,
            0.22099,
            0.02369
          ],
          [
            0.22099,
            -1.49964,
            0.16588
          ],
          [
            0.02369,
            0.16588,
            -1.80252
          ]
        ],
        "computation_code": "VASP",
        "pseudopotential_information": [
          [
            "PAW_PBE",
            "C",
            "08Apr2002"
          ],
          [
            "PAW_PBE",
            "H",
            "15Jun2001"
          ],
          [
            "PAW_PBE",
            "O",
            "08Apr2002"
          ]
        ]
      }
    ],
    "EnergyStyle": "electronvolt",
    "ForcesStyle": "electronvoltperangstrom",
    "LatticeStyle": "angstrom",
    "PositionsStyle": "angstrom",
    "StressStyle": "kB"
  }
}