{
  "Dataset": {
    "AtomTypeStyle": "chemicalsymbol",
    "Data": [
      {
        "AtomTypes": [
          "C",
          "C",
          "C",
          "C",
          "H",
          "H",
          "H",
          "H",
          "H",
          "H",
          "H",
          "H",
          "O",
          "O",
          "O"
        ],
        "Energy": -75.1920862,
        "Forces": [
          [
            -0.12098,
            0.103874,
            -0.104333
          ],
          [
            0.087413,
            -0.000926,
            0.048065
          ],
          [
            0.004938,
            0.115067,
            -0.021779
          ],
          [
            -0.032833,
            0.091462,
            0.264802
          ],
          [
            -0.004956,
            -0.048414,
            -0.000769
          ],
          [
            0.039236,
            -0.084008,
            -0.031753
          ],
          [
            0.060199,
            0.049046,
            0.023228
          ],
          [
            0.054997,
            -0.024894,
            -0.066181
          ],
          [
            0.053826,
            -0.01847,
            0.010513
          ],
          [
            0.063377,
            -0.129509,
            -0.131647
          ],
          [
            0.034673,
            -0.057652,
            0.001718
          ],
          [
            -0.065159,
            -0.008941,
            -0.044701
          ],
          [
            -0.056359,
            -0.023222,
            0.025678
          ],
          [
            -0.082857,
            0.004936,
            -0.042697
          ],
          [
            -0.035512,
            0.031652,
            0.069855
          ]
        ],
        "Lattice": [
          [
            14.0,
            0.0,
            0.0
          ],
          [
            0.0,
            15.0,
            0.0
          ],
          [
            0.0,
            0.0,
            16.0
          ]
        ],
        "NumAtoms": 15,
        "Positions": [
          [
            2.25785,
            1.90698,
            2.87895
          ],
          [
            3.60221,
            2.53651,
            3.11989
          ],
          [
            1.3305,
            2.67136,
            1.9155
          ],
          [
            1.99168,
            3.02631,
            0.58984
          ],
          [
            1.77198,
            1.81381,
            3.868
          ],
          [
            2.39474,
            0.88394,
            2.50339
          ],
          [
            5.35156,
            2.08461,
            3.72001
          ],
          [
            0.97534,
            3.59703,
            2.40962
          ],
          [
            -0.42691,
            1.82044,
            2.34385
          ],
          [
            2.4639,
            2.13767,
            0.15537
          ],
          [
            2.75075,
            3.80617,
            0.73597
          ],
          [
            1.23512,
            3.40184,
            -0.10912
          ],
          [
            3.8959,
            3.70918,
            2.97636
          ],
          [
            4.50698,
            1.61179,
            3.56217
          ],
          [
            0.20132,
            1.83238,
            1.59827
          ]
        ],
        "Stress": [
          [
            -1.33624,
            0.0408,
            0.00871
          ],
          [
            0.0408,
            -1.30308,
            0.09049
          ],
          [
            0.00871,
            0.09049,
            -1.50116
          ]
        ],
        "computation_code": "VASP",
        "pseudopotential_information": [
          [
            "PAW_PBE",
            "C",
            "08Apr2002"
          ],
          [
            "PAW_PBE",
            "H",
            "15Jun2001"
          ],
          [
            "PAW_PBE",
            "O",
            "08Apr2002"
          ]
        ]
      }
    ],
    "EnergyStyle": "electronvolt",
    "ForcesStyle": "electronvoltperangstrom",
    "LatticeStyle": "angstrom",
    "PositionsStyle": "angstrom",
    "StressStyle": "kB"
  }
}