{
  "Dataset": {
    "AtomTypeStyle": "chemicalsymbol",
    "Data": [
      {
        "AtomTypes": [
          "C",
          "C",
          "C",
          "C",
          "H",
          "H",
          "H",
          "H",
          "H",
          "H",
          "H",
          "H",
          "O",
          "O",
          "O"
        ],
        "Energy": -74.60089559,
        "Forces": [
          [
            -0.064263,
            -0.271088,
            0.011095
          ],
          [
            0.867163,
            0.935424,
            -0.54834
          ],
          [
            0.201834,
            -0.393712,
            -0.070581
          ],
          [
            0.34885,
            0.057876,
            -0.083693
          ],
          [
            -0.125639,
            -0.079771,
            0.046931
          ],
          [
            0.105013,
            0.069489,
            -0.050825
          ],
          [
            -0.005187,
            0.277849,
            0.066106
          ],
          [
            -0.335686,
            0.282466,
            -0.069187
          ],
          [
            0.252643,
            0.583273,
            0.140519
          ],
          [
            0.210592,
            0.06866,
            -0.280999
          ],
          [
            0.041636,
            -0.292397,
            0.647118
          ],
          [
            0.080043,
            0.026275,
            -0.022646
          ],
          [
            -0.63837,
            -0.702263,
            0.132914
          ],
          [
            -0.562953,
            -0.167378,
            -0.322111
          ],
          [
            -0.375678,
            -0.394703,
            0.403699
          ]
        ],
        "Lattice": [
          [
            14.0,
            0.0,
            0.0
          ],
          [
            0.0,
            15.0,
            0.0
          ],
          [
            0.0,
            0.0,
            16.0
          ]
        ],
        "NumAtoms": 15,
        "Positions": [
          [
            2.24443,
            2.13272,
            2.99123
          ],
          [
            3.72597,
            2.39455,
            3.13133
          ],
          [
            1.32556,
            2.79245,
            1.90009
          ],
          [
            1.85185,
            3.26723,
            0.54567
          ],
          [
            1.84718,
            2.42788,
            3.97889
          ],
          [
            2.10927,
            1.03684,
            2.94857
          ],
          [
            5.3206,
            1.56461,
            3.83149
          ],
          [
            0.79598,
            3.59257,
            2.42515
          ],
          [
            0.18995,
            1.03921,
            2.01498
          ],
          [
            2.4992,
            2.46551,
            0.17154
          ],
          [
            2.35337,
            4.24694,
            0.42573
          ],
          [
            0.96226,
            3.29425,
            -0.10216
          ],
          [
            4.35344,
            3.35983,
            2.70403
          ],
          [
            4.35236,
            1.42318,
            3.87887
          ],
          [
            0.37148,
            1.80223,
            1.42269
          ]
        ],
        "Stress": [
          [
            -1.86641,
            -0.01454,
            -0.86476
          ],
          [
            -0.01454,
            -2.07619,
            0.4022
          ],
          [
            -0.86476,
            0.4022,
            -2.17242
          ]
        ],
        "computation_code": "VASP",
        "pseudopotential_information": [
          [
            "PAW_PBE",
            "C",
            "08Apr2002"
          ],
          [
            "PAW_PBE",
            "H",
            "15Jun2001"
          ],
          [
            "PAW_PBE",
            "O",
            "08Apr2002"
          ]
        ]
      }
    ],
    "EnergyStyle": "electronvolt",
    "ForcesStyle": "electronvoltperangstrom",
    "LatticeStyle": "angstrom",
    "PositionsStyle": "angstrom",
    "StressStyle": "kB"
  }
}