{
  "Dataset": {
    "AtomTypeStyle": "chemicalsymbol",
    "Data": [
      {
        "AtomTypes": [
          "C",
          "C",
          "C",
          "C",
          "H",
          "H",
          "H",
          "H",
          "H",
          "H",
          "H",
          "H",
          "O",
          "O",
          "O"
        ],
        "Energy": -75.29007673,
        "Forces": [
          [
            0.086137,
            0.00014,
            0.072876
          ],
          [
            -0.104033,
            0.029564,
            0.061037
          ],
          [
            -0.07444,
            0.244988,
            -0.145732
          ],
          [
            -0.069984,
            0.041045,
            0.072456
          ],
          [
            0.023719,
            -0.014539,
            -0.028248
          ],
          [
            0.022519,
            -0.085934,
            -0.057651
          ],
          [
            -0.007847,
            0.015676,
            -0.001393
          ],
          [
            0.099715,
            -0.115339,
            -0.032254
          ],
          [
            -0.095957,
            -0.048218,
            0.102546
          ],
          [
            -0.037635,
            -0.039743,
            0.00574
          ],
          [
            0.035762,
            -0.032964,
            -0.034642
          ],
          [
            0.038558,
            -0.037395,
            0.044421
          ],
          [
            0.01094,
            -0.052204,
            0.034297
          ],
          [
            0.008271,
            0.068979,
            -0.024241
          ],
          [
            0.064275,
            0.025946,
            -0.069212
          ]
        ],
        "Lattice": [
          [
            14.0,
            0.0,
            0.0
          ],
          [
            0.0,
            15.0,
            0.0
          ],
          [
            0.0,
            0.0,
            16.0
          ]
        ],
        "NumAtoms": 15,
        "Positions": [
          [
            2.2387,
            1.90928,
            2.8675
          ],
          [
            3.58914,
            2.53053,
            3.12997
          ],
          [
            1.33458,
            2.68696,
            1.90731
          ],
          [
            2.00408,
            3.02885,
            0.58256
          ],
          [
            1.74416,
            1.80601,
            3.85005
          ],
          [
            2.37934,
            0.892,
            2.48598
          ],
          [
            5.32891,
            2.05996,
            3.73702
          ],
          [
            0.99353,
            3.62625,
            2.38524
          ],
          [
            -0.35407,
            1.77194,
            2.39527
          ],
          [
            2.48646,
            2.14719,
            0.13865
          ],
          [
            2.75789,
            3.80741,
            0.74135
          ],
          [
            1.24994,
            3.40641,
            -0.12097
          ],
          [
            3.87767,
            3.70847,
            3.02016
          ],
          [
            4.48832,
            1.58834,
            3.55472
          ],
          [
            0.18424,
            1.8704,
            1.59331
          ]
        ],
        "Stress": [
          [
            -1.53543,
            0.08977,
            0.03217
          ],
          [
            0.08977,
            -1.50898,
            0.01888
          ],
          [
            0.03217,
            0.01888,
            -1.61788
          ]
        ],
        "computation_code": "VASP",
        "pseudopotential_information": [
          [
            "PAW_PBE",
            "C",
            "08Apr2002"
          ],
          [
            "PAW_PBE",
            "H",
            "15Jun2001"
          ],
          [
            "PAW_PBE",
            "O",
            "08Apr2002"
          ]
        ]
      }
    ],
    "EnergyStyle": "electronvolt",
    "ForcesStyle": "electronvoltperangstrom",
    "LatticeStyle": "angstrom",
    "PositionsStyle": "angstrom",
    "StressStyle": "kB"
  }
}