{
  "Dataset": {
    "AtomTypeStyle": "chemicalsymbol",
    "Data": [
      {
        "AtomTypes": [
          "C",
          "C",
          "C",
          "C",
          "H",
          "H",
          "H",
          "H",
          "H",
          "H",
          "H",
          "H",
          "O",
          "O",
          "O"
        ],
        "Energy": -75.02642123,
        "Forces": [
          [
            -0.271157,
            0.007591,
            -0.074923
          ],
          [
            -0.094389,
            0.0653,
            -0.031443
          ],
          [
            -0.014304,
            0.093459,
            -0.008878
          ],
          [
            -0.019164,
            0.115693,
            0.007596
          ],
          [
            0.027034,
            -0.113724,
            -0.011006
          ],
          [
            0.032018,
            -0.045226,
            0.009428
          ],
          [
            0.174553,
            0.073727,
            -0.06254
          ],
          [
            -0.057472,
            -0.060117,
            0.141743
          ],
          [
            -0.02472,
            0.145076,
            0.073276
          ],
          [
            0.077684,
            -0.106513,
            -0.024877
          ],
          [
            0.11685,
            -0.115197,
            0.095569
          ],
          [
            0.062269,
            -0.050627,
            -0.042404
          ],
          [
            -0.004753,
            0.012328,
            -0.015789
          ],
          [
            0.089516,
            -0.014725,
            0.062803
          ],
          [
            -0.093964,
            -0.007046,
            -0.118555
          ]
        ],
        "Lattice": [
          [
            14.0,
            0.0,
            0.0
          ],
          [
            0.0,
            15.0,
            0.0
          ],
          [
            0.0,
            0.0,
            16.0
          ]
        ],
        "NumAtoms": 15,
        "Positions": [
          [
            2.22277,
            2.1109,
            2.961
          ],
          [
            3.69124,
            2.42466,
            3.02878
          ],
          [
            1.30691,
            2.73267,
            1.88207
          ],
          [
            1.91445,
            3.21086,
            0.575
          ],
          [
            1.82321,
            2.38034,
            3.95465
          ],
          [
            2.14563,
            1.01798,
            2.88523
          ],
          [
            5.23779,
            1.66755,
            3.8602
          ],
          [
            0.78346,
            3.60192,
            2.31489
          ],
          [
            0.16275,
            1.1168,
            2.24489
          ],
          [
            2.60055,
            2.48218,
            0.13475
          ],
          [
            2.42951,
            4.17142,
            0.69775
          ],
          [
            1.0778,
            3.37206,
            -0.11826
          ],
          [
            4.28363,
            3.3965,
            2.60678
          ],
          [
            4.3037,
            1.41557,
            3.72747
          ],
          [
            0.3195,
            1.73859,
            1.51291
          ]
        ],
        "Stress": [
          [
            -1.1491,
            0.10739,
            -0.06625
          ],
          [
            0.10739,
            -1.61287,
            0.05144
          ],
          [
            -0.06625,
            0.05144,
            -1.57649
          ]
        ],
        "computation_code": "VASP",
        "pseudopotential_information": [
          [
            "PAW_PBE",
            "C",
            "08Apr2002"
          ],
          [
            "PAW_PBE",
            "H",
            "15Jun2001"
          ],
          [
            "PAW_PBE",
            "O",
            "08Apr2002"
          ]
        ]
      }
    ],
    "EnergyStyle": "electronvolt",
    "ForcesStyle": "electronvoltperangstrom",
    "LatticeStyle": "angstrom",
    "PositionsStyle": "angstrom",
    "StressStyle": "kB"
  }
}