{
  "Dataset": {
    "AtomTypeStyle": "chemicalsymbol",
    "Data": [
      {
        "AtomTypes": [
          "C",
          "C",
          "C",
          "C",
          "H",
          "H",
          "H",
          "H",
          "H",
          "H",
          "H",
          "H",
          "O",
          "O",
          "O"
        ],
        "Energy": -75.07900806,
        "Forces": [
          [
            -0.127058,
            -0.106709,
            -0.078414
          ],
          [
            -0.025907,
            -0.04672,
            0.06973
          ],
          [
            0.19338,
            0.181083,
            -0.0309
          ],
          [
            -0.035229,
            0.000622,
            -0.05335
          ],
          [
            0.022703,
            0.026181,
            0.012767
          ],
          [
            0.032407,
            -0.098133,
            -0.020117
          ],
          [
            0.119297,
            -0.035196,
            0.086568
          ],
          [
            0.018424,
            -0.143673,
            0.015711
          ],
          [
            0.034935,
            0.103966,
            -0.004344
          ],
          [
            -0.075764,
            -0.031487,
            -0.054605
          ],
          [
            0.127949,
            0.118311,
            0.013047
          ],
          [
            -0.154473,
            -0.058159,
            -0.164638
          ],
          [
            0.029246,
            0.10358,
            0.143794
          ],
          [
            -0.031254,
            0.055025,
            -0.044265
          ],
          [
            -0.128656,
            -0.068692,
            0.109017
          ]
        ],
        "Lattice": [
          [
            14.0,
            0.0,
            0.0
          ],
          [
            0.0,
            15.0,
            0.0
          ],
          [
            0.0,
            0.0,
            16.0
          ]
        ],
        "NumAtoms": 15,
        "Positions": [
          [
            2.19957,
            2.01172,
            2.93938
          ],
          [
            3.62372,
            2.49388,
            3.02594
          ],
          [
            1.27728,
            2.70636,
            1.9202
          ],
          [
            2.0001,
            3.11118,
            0.65075
          ],
          [
            1.76867,
            2.04212,
            3.9566
          ],
          [
            2.24165,
            0.94553,
            2.66902
          ],
          [
            5.31072,
            1.9445,
            3.66092
          ],
          [
            0.8242,
            3.61586,
            2.37022
          ],
          [
            -0.21799,
            1.42279,
            2.29324
          ],
          [
            2.59235,
            2.27482,
            0.2466
          ],
          [
            2.67624,
            3.94239,
            0.85057
          ],
          [
            1.26945,
            3.43401,
            -0.0955
          ],
          [
            4.08829,
            3.53436,
            2.60359
          ],
          [
            4.40469,
            1.56853,
            3.66082
          ],
          [
            0.24395,
            1.79195,
            1.51574
          ]
        ],
        "Stress": [
          [
            -1.1576,
            0.12883,
            0.25084
          ],
          [
            0.12883,
            -1.24187,
            -0.05675
          ],
          [
            0.25084,
            -0.05675,
            -1.12699
          ]
        ],
        "computation_code": "VASP",
        "pseudopotential_information": [
          [
            "PAW_PBE",
            "C",
            "08Apr2002"
          ],
          [
            "PAW_PBE",
            "H",
            "15Jun2001"
          ],
          [
            "PAW_PBE",
            "O",
            "08Apr2002"
          ]
        ]
      }
    ],
    "EnergyStyle": "electronvolt",
    "ForcesStyle": "electronvoltperangstrom",
    "LatticeStyle": "angstrom",
    "PositionsStyle": "angstrom",
    "StressStyle": "kB"
  }
}