{
  "Dataset": {
    "AtomTypeStyle": "chemicalsymbol",
    "Data": [
      {
        "AtomTypes": [
          "C",
          "C",
          "C",
          "C",
          "H",
          "H",
          "H",
          "H",
          "H",
          "H",
          "H",
          "H",
          "O",
          "O",
          "O"
        ],
        "Energy": -75.02005158,
        "Forces": [
          [
            0.057813,
            -0.015246,
            -0.03473
          ],
          [
            0.183356,
            0.104577,
            0.038229
          ],
          [
            0.168119,
            -0.094459,
            0.020901
          ],
          [
            -0.146956,
            -0.103831,
            -0.102634
          ],
          [
            -0.053637,
            -0.054046,
            0.155873
          ],
          [
            0.095738,
            -0.04681,
            -0.047352
          ],
          [
            -0.13011,
            0.055262,
            -0.020313
          ],
          [
            0.045866,
            0.230909,
            -0.040076
          ],
          [
            -0.20469,
            -0.023262,
            -0.058153
          ],
          [
            -0.007035,
            -0.035985,
            0.005666
          ],
          [
            0.104733,
            0.087433,
            0.000607
          ],
          [
            -0.068605,
            -0.027294,
            0.106225
          ],
          [
            -0.075609,
            0.007801,
            0.039773
          ],
          [
            0.00215,
            -0.041591,
            -0.043269
          ],
          [
            0.028864,
            -0.043457,
            -0.020745
          ]
        ],
        "Lattice": [
          [
            14.0,
            0.0,
            0.0
          ],
          [
            0.0,
            15.0,
            0.0
          ],
          [
            0.0,
            0.0,
            16.0
          ]
        ],
        "NumAtoms": 15,
        "Positions": [
          [
            2.18838,
            2.05575,
            2.93304
          ],
          [
            3.64269,
            2.44764,
            3.00436
          ],
          [
            1.26952,
            2.72839,
            1.88969
          ],
          [
            1.96666,
            3.17938,
            0.61912
          ],
          [
            1.78365,
            2.23128,
            3.94182
          ],
          [
            2.14798,
            0.96551,
            2.77953
          ],
          [
            5.29162,
            1.80448,
            3.74093
          ],
          [
            0.7647,
            3.58185,
            2.37084
          ],
          [
            0.04406,
            1.24225,
            2.31807
          ],
          [
            2.61636,
            2.38505,
            0.21984
          ],
          [
            2.58235,
            4.05931,
            0.81876
          ],
          [
            1.22729,
            3.43022,
            -0.15674
          ],
          [
            4.17292,
            3.44299,
            2.55053
          ],
          [
            4.35198,
            1.51381,
            3.71142
          ],
          [
            0.25276,
            1.7721,
            1.52689
          ]
        ],
        "Stress": [
          [
            -1.3788,
            0.15246,
            0.06451
          ],
          [
            0.15246,
            -1.12388,
            0.04589
          ],
          [
            0.06451,
            0.04589,
            -1.38629
          ]
        ],
        "computation_code": "VASP",
        "pseudopotential_information": [
          [
            "PAW_PBE",
            "C",
            "08Apr2002"
          ],
          [
            "PAW_PBE",
            "H",
            "15Jun2001"
          ],
          [
            "PAW_PBE",
            "O",
            "08Apr2002"
          ]
        ]
      }
    ],
    "EnergyStyle": "electronvolt",
    "ForcesStyle": "electronvoltperangstrom",
    "LatticeStyle": "angstrom",
    "PositionsStyle": "angstrom",
    "StressStyle": "kB"
  }
}