{
  "Dataset": {
    "AtomTypeStyle": "chemicalsymbol",
    "Data": [
      {
        "AtomTypes": [
          "C",
          "C",
          "C",
          "C",
          "H",
          "H",
          "H",
          "H",
          "H",
          "H",
          "H",
          "H",
          "O",
          "O",
          "O"
        ],
        "Energy": -71.02216166,
        "Forces": [
          [
            -2.6611,
            -0.78119,
            -2.101888
          ],
          [
            -0.275408,
            -0.077087,
            0.342869
          ],
          [
            2.130346,
            -2.216358,
            -0.143914
          ],
          [
            1.206801,
            -0.997868,
            -2.433418
          ],
          [
            0.244932,
            -0.39019,
            1.974023
          ],
          [
            0.822495,
            0.199763,
            1.110055
          ],
          [
            0.319925,
            -0.299506,
            -0.014539
          ],
          [
            -0.664054,
            0.753673,
            1.930967
          ],
          [
            -0.129453,
            0.233002,
            2.227911
          ],
          [
            -1.808796,
            -0.620068,
            2.907774
          ],
          [
            0.877028,
            3.162642,
            -2.474688
          ],
          [
            -0.314402,
            0.213018,
            -3.230978
          ],
          [
            -0.05879,
            -0.169756,
            0.216253
          ],
          [
            0.789745,
            0.234213,
            0.122379
          ],
          [
            -0.479271,
            0.755713,
            -0.432807
          ]
        ],
        "Lattice": [
          [
            14.0,
            0.0,
            0.0
          ],
          [
            0.0,
            15.0,
            0.0
          ],
          [
            0.0,
            0.0,
            16.0
          ]
        ],
        "NumAtoms": 15,
        "Positions": [
          [
            2.12764,
            2.32346,
            3.07555
          ],
          [
            3.60635,
            2.46757,
            3.05313
          ],
          [
            1.36366,
            3.25604,
            2.14165
          ],
          [
            1.80284,
            3.03381,
            0.64633
          ],
          [
            1.61473,
            2.4946,
            3.98986
          ],
          [
            1.90508,
            0.13735,
            2.7022
          ],
          [
            5.06236,
            1.56912,
            3.80791
          ],
          [
            1.65806,
            4.28787,
            2.12494
          ],
          [
            0.30972,
            3.03447,
            1.93386
          ],
          [
            2.58623,
            2.61783,
            -0.21528
          ],
          [
            2.21615,
            3.9616,
            0.73313
          ],
          [
            0.7578,
            3.00046,
            0.45441
          ],
          [
            4.26954,
            3.36183,
            2.56554
          ],
          [
            4.1045,
            1.39011,
            3.71156
          ],
          [
            1.68961,
            1.0485,
            2.46489
          ]
        ],
        "Stress": [
          [
            -1.4082,
            -0.03112,
            0.77048
          ],
          [
            -0.03112,
            -0.18608,
            -1.59215
          ],
          [
            0.77048,
            -1.59215,
            2.31865
          ]
        ],
        "computation_code": "VASP",
        "pseudopotential_information": [
          [
            "PAW_PBE",
            "C",
            "08Apr2002"
          ],
          [
            "PAW_PBE",
            "H",
            "15Jun2001"
          ],
          [
            "PAW_PBE",
            "O",
            "08Apr2002"
          ]
        ]
      }
    ],
    "EnergyStyle": "electronvolt",
    "ForcesStyle": "electronvoltperangstrom",
    "LatticeStyle": "angstrom",
    "PositionsStyle": "angstrom",
    "StressStyle": "kB"
  }
}