{
  "Dataset": {
    "AtomTypeStyle": "chemicalsymbol",
    "Data": [
      {
        "AtomTypes": [
          "C",
          "C",
          "C",
          "C",
          "H",
          "H",
          "H",
          "H",
          "H",
          "H",
          "H",
          "H",
          "O",
          "O"
        ],
        "Energy": -70.64641704,
        "Forces": [
          [
            -0.004571,
            -0.004378,
            -0.003636
          ],
          [
            -0.018148,
            -0.028777,
            0.002327
          ],
          [
            -0.006466,
            -0.012935,
            0.029509
          ],
          [
            -0.016792,
            0.011358,
            -0.006913
          ],
          [
            0.010016,
            0.009001,
            -0.010088
          ],
          [
            0.004015,
            -0.002255,
            -0.019896
          ],
          [
            0.025905,
            -0.013241,
            -0.002256
          ],
          [
            -0.015946,
            0.007294,
            -0.000994
          ],
          [
            -0.00744,
            -0.009952,
            -0.030366
          ],
          [
            -0.015927,
            0.008021,
            0.012525
          ],
          [
            -0.008256,
            -0.009165,
            0.015968
          ],
          [
            0.017028,
            -0.012393,
            0.006174
          ],
          [
            0.049216,
            0.05635,
            -0.00167
          ],
          [
            -0.012635,
            0.001073,
            0.009316
          ]
        ],
        "Lattice": [
          [
            14.0,
            0.0,
            0.0
          ],
          [
            0.0,
            15.0,
            0.0
          ],
          [
            0.0,
            0.0,
            16.0
          ]
        ],
        "NumAtoms": 14,
        "Positions": [
          [
            2.06518,
            2.19588,
            2.97385
          ],
          [
            3.52519,
            2.54234,
            3.12568
          ],
          [
            1.3278,
            3.17776,
            2.05956
          ],
          [
            1.77181,
            3.07404,
            0.59964
          ],
          [
            1.63692,
            2.21744,
            3.99034
          ],
          [
            1.97231,
            1.15936,
            2.62206
          ],
          [
            5.21253,
            1.76481,
            3.49267
          ],
          [
            1.50147,
            4.19755,
            2.42938
          ],
          [
            0.24903,
            2.983,
            2.14433
          ],
          [
            1.64724,
            2.05059,
            0.21603
          ],
          [
            2.82875,
            3.35203,
            0.4874
          ],
          [
            1.18213,
            3.74589,
            -0.03822
          ],
          [
            3.99834,
            3.66238,
            3.07331
          ],
          [
            4.29738,
            1.43743,
            3.36248
          ]
        ],
        "Stress": [
          [
            -1.14031,
            0.00372,
            0.04912
          ],
          [
            0.00372,
            -1.08345,
            -0.00498
          ],
          [
            0.04912,
            -0.00498,
            -1.29597
          ]
        ],
        "computation_code": "VASP",
        "pseudopotential_information": [
          [
            "PAW_PBE",
            "C",
            "08Apr2002"
          ],
          [
            "PAW_PBE",
            "H",
            "15Jun2001"
          ],
          [
            "PAW_PBE",
            "O",
            "08Apr2002"
          ]
        ]
      }
    ],
    "EnergyStyle": "electronvolt",
    "ForcesStyle": "electronvoltperangstrom",
    "LatticeStyle": "angstrom",
    "PositionsStyle": "angstrom",
    "StressStyle": "kB"
  }
}