{
  "Dataset": {
    "AtomTypeStyle": "chemicalsymbol",
    "Data": [
      {
        "AtomTypes": [
          "C",
          "C",
          "C",
          "C",
          "H",
          "H",
          "H",
          "H",
          "H",
          "H",
          "H",
          "H",
          "O",
          "O"
        ],
        "Energy": -70.57372691,
        "Forces": [
          [
            -0.003104,
            -0.004095,
            -0.008115
          ],
          [
            -0.014897,
            -0.000452,
            0.002778
          ],
          [
            0.005852,
            0.000859,
            0.001599
          ],
          [
            -0.009942,
            0.00362,
            -0.003169
          ],
          [
            -0.000185,
            0.000279,
            0.007221
          ],
          [
            -0.000691,
            -0.005256,
            -0.002104
          ],
          [
            0.011307,
            0.002991,
            0.002159
          ],
          [
            0.002439,
            -0.004338,
            -0.000668
          ],
          [
            0.005942,
            0.004941,
            0.002038
          ],
          [
            -0.001191,
            0.001469,
            0.002706
          ],
          [
            -0.006098,
            -0.000466,
            -0.005132
          ],
          [
            0.003689,
            -0.001278,
            0.004219
          ],
          [
            0.004806,
            -0.004833,
            -0.002961
          ],
          [
            0.002072,
            0.006558,
            -0.000571
          ]
        ],
        "Lattice": [
          [
            14.0,
            0.0,
            0.0
          ],
          [
            0.0,
            15.0,
            0.0
          ],
          [
            0.0,
            0.0,
            16.0
          ]
        ],
        "NumAtoms": 14,
        "Positions": [
          [
            2.08154,
            2.19977,
            2.95661
          ],
          [
            3.54829,
            2.52396,
            3.09239
          ],
          [
            1.3249,
            3.18242,
            2.06343
          ],
          [
            1.75318,
            3.09808,
            0.59873
          ],
          [
            1.66915,
            2.20191,
            3.98235
          ],
          [
            1.98126,
            1.16307,
            2.59534
          ],
          [
            5.20224,
            1.73584,
            3.60189
          ],
          [
            1.48303,
            4.20537,
            2.44124
          ],
          [
            0.2461,
            2.97114,
            2.15196
          ],
          [
            1.59731,
            2.0829,
            0.19749
          ],
          [
            2.8181,
            3.35124,
            0.48485
          ],
          [
            1.17505,
            3.79617,
            -0.02518
          ],
          [
            4.06414,
            3.60922,
            2.89974
          ],
          [
            4.2718,
            1.43941,
            3.49766
          ]
        ],
        "Stress": [
          [
            -1.08564,
            0.00065,
            0.01643
          ],
          [
            0.00065,
            -1.0044,
            -0.03467
          ],
          [
            0.01643,
            -0.03467,
            -1.12286
          ]
        ],
        "computation_code": "VASP",
        "pseudopotential_information": [
          [
            "PAW_PBE",
            "C",
            "08Apr2002"
          ],
          [
            "PAW_PBE",
            "H",
            "15Jun2001"
          ],
          [
            "PAW_PBE",
            "O",
            "08Apr2002"
          ]
        ]
      }
    ],
    "EnergyStyle": "electronvolt",
    "ForcesStyle": "electronvoltperangstrom",
    "LatticeStyle": "angstrom",
    "PositionsStyle": "angstrom",
    "StressStyle": "kB"
  }
}