{
  "Dataset": {
    "AtomTypeStyle": "chemicalsymbol",
    "Data": [
      {
        "AtomTypes": [
          "C",
          "C",
          "C",
          "C",
          "H",
          "H",
          "H",
          "H",
          "H",
          "H",
          "H",
          "H",
          "O",
          "O"
        ],
        "Energy": -70.49224471,
        "Forces": [
          [
            0.139232,
            -0.030943,
            -0.085731
          ],
          [
            0.063343,
            -0.040316,
            0.019565
          ],
          [
            0.061397,
            -0.067119,
            -0.081953
          ],
          [
            0.128395,
            -0.265908,
            0.177279
          ],
          [
            -0.043277,
            -0.052621,
            0.108852
          ],
          [
            0.00518,
            0.156555,
            -0.136849
          ],
          [
            -0.047941,
            0.033154,
            0.002019
          ],
          [
            -0.041956,
            0.14404,
            0.071818
          ],
          [
            -0.125593,
            0.02973,
            0.045994
          ],
          [
            -0.134193,
            0.056167,
            0.035613
          ],
          [
            0.109707,
            0.066915,
            0.001695
          ],
          [
            0.015741,
            -0.085272,
            -0.00773
          ],
          [
            -0.013078,
            0.077718,
            -0.088921
          ],
          [
            -0.116958,
            -0.022099,
            -0.061651
          ]
        ],
        "Lattice": [
          [
            14.0,
            0.0,
            0.0
          ],
          [
            0.0,
            15.0,
            0.0
          ],
          [
            0.0,
            0.0,
            16.0
          ]
        ],
        "NumAtoms": 14,
        "Positions": [
          [
            2.07198,
            2.18837,
            2.95977
          ],
          [
            3.56707,
            2.37894,
            3.0596
          ],
          [
            1.37381,
            3.20443,
            2.0463
          ],
          [
            1.7451,
            3.20921,
            0.5418
          ],
          [
            1.68947,
            2.31734,
            3.98292
          ],
          [
            1.86666,
            1.13252,
            2.71072
          ],
          [
            5.12809,
            1.57152,
            3.78917
          ],
          [
            1.57612,
            4.1961,
            2.46053
          ],
          [
            0.298,
            3.03013,
            2.15145
          ],
          [
            2.44962,
            2.40184,
            0.28118
          ],
          [
            2.2235,
            4.14949,
            0.25879
          ],
          [
            0.85106,
            3.10124,
            -0.08403
          ],
          [
            4.20644,
            3.31315,
            2.61454
          ],
          [
            4.16916,
            1.36621,
            3.76576
          ]
        ],
        "Stress": [
          [
            -1.29942,
            0.15415,
            -0.18302
          ],
          [
            0.15415,
            -1.16742,
            0.13872
          ],
          [
            -0.18302,
            0.13872,
            -1.4223
          ]
        ],
        "computation_code": "VASP",
        "pseudopotential_information": [
          [
            "PAW_PBE",
            "C",
            "08Apr2002"
          ],
          [
            "PAW_PBE",
            "H",
            "15Jun2001"
          ],
          [
            "PAW_PBE",
            "O",
            "08Apr2002"
          ]
        ]
      }
    ],
    "EnergyStyle": "electronvolt",
    "ForcesStyle": "electronvoltperangstrom",
    "LatticeStyle": "angstrom",
    "PositionsStyle": "angstrom",
    "StressStyle": "kB"
  }
}