{
  "Dataset": {
    "AtomTypeStyle": "chemicalsymbol",
    "Data": [
      {
        "AtomTypes": [
          "C",
          "C",
          "C",
          "C",
          "H",
          "H",
          "H",
          "H",
          "H",
          "H",
          "H",
          "H",
          "O",
          "O"
        ],
        "Energy": -70.64771862,
        "Forces": [
          [
            -0.014674,
            0.013513,
            0.014075
          ],
          [
            0.003094,
            -0.009175,
            0.000905
          ],
          [
            0.023088,
            0.00578,
            0.005376
          ],
          [
            -0.013906,
            -0.013738,
            0.010659
          ],
          [
            0.007569,
            -0.00444,
            -0.009842
          ],
          [
            -0.00286,
            -0.00776,
            -0.003009
          ],
          [
            0.020774,
            0.008843,
            0.008207
          ],
          [
            -0.001874,
            -0.010582,
            -0.000199
          ],
          [
            -0.019177,
            -0.00948,
            0.002408
          ],
          [
            -0.004715,
            0.004751,
            -0.004931
          ],
          [
            0.011657,
            0.00362,
            -0.000926
          ],
          [
            0.002381,
            0.008165,
            -0.002673
          ],
          [
            0.008473,
            0.009842,
            -0.012855
          ],
          [
            -0.019831,
            0.000662,
            -0.007194
          ]
        ],
        "Lattice": [
          [
            14.0,
            0.0,
            0.0
          ],
          [
            0.0,
            15.0,
            0.0
          ],
          [
            0.0,
            0.0,
            16.0
          ]
        ],
        "NumAtoms": 14,
        "Positions": [
          [
            2.06948,
            2.20043,
            2.97154
          ],
          [
            3.52993,
            2.54804,
            3.125
          ],
          [
            1.3224,
            3.17819,
            2.06088
          ],
          [
            1.76921,
            3.07471,
            0.60219
          ],
          [
            1.64316,
            2.21678,
            3.9889
          ],
          [
            1.98187,
            1.16551,
            2.6139
          ],
          [
            5.2158,
            1.75716,
            3.48983
          ],
          [
            1.48158,
            4.20087,
            2.43051
          ],
          [
            0.246,
            2.9704,
            2.13882
          ],
          [
            1.63093,
            2.05259,
            0.22026
          ],
          [
            2.82998,
            3.33706,
            0.49597
          ],
          [
            1.19119,
            3.75302,
            -0.03792
          ],
          [
            4.00792,
            3.66647,
            3.07247
          ],
          [
            4.29664,
            1.43927,
            3.36614
          ]
        ],
        "Stress": [
          [
            -1.17021,
            0.01113,
            0.01186
          ],
          [
            0.01113,
            -1.1097,
            -0.02074
          ],
          [
            0.01186,
            -0.02074,
            -1.26804
          ]
        ],
        "computation_code": "VASP",
        "pseudopotential_information": [
          [
            "PAW_PBE",
            "C",
            "08Apr2002"
          ],
          [
            "PAW_PBE",
            "H",
            "15Jun2001"
          ],
          [
            "PAW_PBE",
            "O",
            "08Apr2002"
          ]
        ]
      }
    ],
    "EnergyStyle": "electronvolt",
    "ForcesStyle": "electronvoltperangstrom",
    "LatticeStyle": "angstrom",
    "PositionsStyle": "angstrom",
    "StressStyle": "kB"
  }
}