{
  "Dataset": {
    "AtomTypeStyle": "chemicalsymbol",
    "Data": [
      {
        "AtomTypes": [
          "C",
          "C",
          "C",
          "C",
          "H",
          "H",
          "H",
          "H",
          "H",
          "H",
          "H",
          "H",
          "O",
          "O"
        ],
        "Energy": -70.64131712,
        "Forces": [
          [
            -0.010568,
            0.071952,
            0.033381
          ],
          [
            0.063548,
            0.134341,
            0.013174
          ],
          [
            0.050259,
            -0.01618,
            -0.020809
          ],
          [
            -0.063055,
            0.031563,
            -0.128484
          ],
          [
            -0.003168,
            -0.054022,
            -0.011864
          ],
          [
            0.038392,
            0.095927,
            0.008119
          ],
          [
            -0.01286,
            -0.031386,
            -0.019397
          ],
          [
            -0.057764,
            -0.013405,
            0.018157
          ],
          [
            -0.053149,
            -0.027371,
            0.016012
          ],
          [
            -0.034388,
            -0.02929,
            0.024439
          ],
          [
            0.074489,
            0.003881,
            0.013032
          ],
          [
            0.028872,
            -0.01627,
            0.049661
          ],
          [
            -0.051119,
            -0.090365,
            -0.019469
          ],
          [
            0.030512,
            -0.059376,
            0.024049
          ]
        ],
        "Lattice": [
          [
            14.0,
            0.0,
            0.0
          ],
          [
            0.0,
            15.0,
            0.0
          ],
          [
            0.0,
            0.0,
            16.0
          ]
        ],
        "NumAtoms": 14,
        "Positions": [
          [
            2.06153,
            2.18364,
            2.96818
          ],
          [
            3.52223,
            2.5324,
            3.11742
          ],
          [
            1.32961,
            3.17759,
            2.06168
          ],
          [
            1.77113,
            3.07693,
            0.60317
          ],
          [
            1.64307,
            2.22688,
            3.98844
          ],
          [
            1.95363,
            1.14314,
            2.62422
          ],
          [
            5.2105,
            1.77329,
            3.5053
          ],
          [
            1.52475,
            4.1937,
            2.43236
          ],
          [
            0.24972,
            2.99903,
            2.1425
          ],
          [
            1.6764,
            2.05061,
            0.22088
          ],
          [
            2.81701,
            3.38309,
            0.48623
          ],
          [
            1.16367,
            3.72734,
            -0.04255
          ],
          [
            3.99386,
            3.65618,
            3.06507
          ],
          [
            4.29898,
            1.43669,
            3.3656
          ]
        ],
        "Stress": [
          [
            -1.12216,
            -0.07286,
            0.00252
          ],
          [
            -0.07286,
            -1.19722,
            -0.03455
          ],
          [
            0.00252,
            -0.03455,
            -1.23909
          ]
        ],
        "computation_code": "VASP",
        "pseudopotential_information": [
          [
            "PAW_PBE",
            "C",
            "08Apr2002"
          ],
          [
            "PAW_PBE",
            "H",
            "15Jun2001"
          ],
          [
            "PAW_PBE",
            "O",
            "08Apr2002"
          ]
        ]
      }
    ],
    "EnergyStyle": "electronvolt",
    "ForcesStyle": "electronvoltperangstrom",
    "LatticeStyle": "angstrom",
    "PositionsStyle": "angstrom",
    "StressStyle": "kB"
  }
}