{
  "Dataset": {
    "AtomTypeStyle": "chemicalsymbol",
    "Data": [
      {
        "AtomTypes": [
          "Pt",
          "Pt",
          "Pt",
          "Pt",
          "Pt",
          "Pt",
          "Pt",
          "Pt",
          "Pt",
          "Pt",
          "Pt",
          "Pt",
          "Pt",
          "Pt",
          "Pt",
          "Pt",
          "Pt",
          "Pt",
          "Pt",
          "Pt",
          "Pt",
          "Pt",
          "Pt",
          "Pt",
          "Pt",
          "Pt",
          "Pt",
          "Pt",
          "Pt",
          "Pt",
          "Pt",
          "Pt",
          "Pt",
          "Pt",
          "Pt",
          "Pt",
          "Pt",
          "Pt",
          "Pt",
          "Pt",
          "Pt",
          "Pt",
          "Pt",
          "Pt",
          "Pt",
          "Pt",
          "Pt",
          "Pt",
          "Pt",
          "Pt",
          "Pt",
          "Pt",
          "Pt",
          "Pt",
          "Pt",
          "Pt",
          "Pt",
          "Pt",
          "Pt",
          "Pt",
          "Pt",
          "Pt",
          "Pt",
          "Pt",
          "Pt",
          "Pt",
          "Pt",
          "Pt",
          "Pt",
          "Pt",
          "Pt",
          "Pt",
          "C",
          "C",
          "C",
          "C",
          "C",
          "C",
          "O",
          "O",
          "O",
          "O",
          "H",
          "H",
          "H",
          "H",
          "H",
          "H",
          "H",
          "H",
          "H",
          "H",
          "H",
          "H"
        ],
        "Energy": -337.42886734,
        "Forces": [
          [
            -0.00287,
            0.012781,
            -0.042806
          ],
          [
            0.000607,
            0.018303,
            -0.029893
          ],
          [
            -0.008728,
            0.016303,
            -0.031483
          ],
          [
            0.001016,
            0.017266,
            -0.042717
          ],
          [
            0.003048,
            0.012263,
            -0.027006
          ],
          [
            -0.001117,
            0.007309,
            -0.037799
          ],
          [
            0.00149,
            0.001448,
            -0.063656
          ],
          [
            -0.005765,
            0.017379,
            -0.027354
          ],
          [
            0.009151,
            0.009964,
            -0.03953
          ],
          [
            0.004189,
            0.018977,
            -0.032686
          ],
          [
            -0.006311,
            0.017569,
            -0.027136
          ],
          [
            0.000741,
            0.009048,
            -0.03609
          ],
          [
            -0.001873,
            0.020306,
            -0.035415
          ],
          [
            0.009222,
            0.012407,
            -0.025543
          ],
          [
            0.004776,
            0.006042,
            -0.041375
          ],
          [
            -0.003214,
            0.023944,
            -0.032413
          ],
          [
            0.002164,
            0.029534,
            -0.085004
          ],
          [
            0.000347,
            -0.00309,
            -0.044565
          ],
          [
            -0.006046,
            -0.007881,
            0.001502
          ],
          [
            -0.000963,
            -0.023653,
            0.047065
          ],
          [
            0.004678,
            -0.051083,
            0.079464
          ],
          [
            0.002075,
            0.032163,
            0.020248
          ],
          [
            -0.002811,
            -0.036652,
            0.025563
          ],
          [
            -0.050164,
            -0.03467,
            0.07468
          ],
          [
            -0.000974,
            -0.006708,
            0.029486
          ],
          [
            0.003488,
            -0.023082,
            0.041162
          ],
          [
            0.026693,
            -0.036354,
            0.040288
          ],
          [
            -0.005085,
            -0.013489,
            0.024143
          ],
          [
            -0.006309,
            -0.012557,
            0.037754
          ],
          [
            0.024504,
            0.002604,
            0.042331
          ],
          [
            0.014318,
            -0.025192,
            0.006394
          ],
          [
            -0.004267,
            -0.033182,
            0.029594
          ],
          [
            -0.026889,
            0.021257,
            0.066399
          ],
          [
            -0.006001,
            -0.010277,
            0.036273
          ],
          [
            0.009257,
            -0.022104,
            0.024218
          ],
          [
            0.006031,
            -0.017399,
            0.04252
          ],
          [
            -0.005327,
            -0.00128,
            -0.005301
          ],
          [
            -0.002573,
            0.007567,
            -0.005498
          ],
          [
            0.00072,
            0.009518,
            0.004666
          ],
          [
            -0.002526,
            -0.001803,
            0.000711
          ],
          [
            -0.003504,
            0.003248,
            -0.003916
          ],
          [
            -0.002316,
            0.000789,
            -0.004342
          ],
          [
            0.001408,
            -0.002483,
            0.005257
          ],
          [
            0.005136,
            0.000397,
            0.006803
          ],
          [
            -0.002453,
            -0.002954,
            0.001164
          ],
          [
            0.005181,
            -0.007061,
            0.00222
          ],
          [
            0.000752,
            -0.005611,
            0.011684
          ],
          [
            0.004044,
            -0.003846,
            0.004424
          ],
          [
            -0.005452,
            0.000549,
            0.001086
          ],
          [
            0.000306,
            0.001592,
            -0.005484
          ],
          [
            -0.00027,
            0.004586,
            0.009075
          ],
          [
            0.00081,
            0.003521,
            0.003054
          ],
          [
            -0.005677,
            0.000182,
            -0.000963
          ],
          [
            -0.00214,
            -0.003237,
            -0.009082
          ],
          [
            -0.003172,
            0.001794,
            0.002622
          ],
          [
            0.000846,
            0.001428,
            0.003715
          ],
          [
            0.002767,
            -0.00642,
            0.002187
          ],
          [
            -0.001479,
            0.000496,
            0.006816
          ],
          [
            -0.003231,
            -0.003696,
            0.003562
          ],
          [
            0.004171,
            -0.007358,
            -0.00084
          ],
          [
            -0.003541,
            -0.000653,
            -0.001496
          ],
          [
            -0.001448,
            -0.003311,
            0.001788
          ],
          [
            -0.005791,
            -0.000277,
            -0.000985
          ],
          [
            -0.002679,
            0.000311,
            -7e-06
          ],
          [
            0.003635,
            -0.000457,
            0.00456
          ],
          [
            -0.00286,
            0.003261,
            0.001067
          ],
          [
            0.00058,
            0.003965,
            0.000271
          ],
          [
            0.000973,
            -0.00745,
            0.003392
          ],
          [
            -0.003527,
            -0.001912,
            0.000448
          ],
          [
            0.003406,
            0.007711,
            -0.003053
          ],
          [
            -0.002087,
            -0.004248,
            -0.001516
          ],
          [
            -0.007339,
            -0.000772,
            0.00276
          ],
          [
            0.015889,
            0.01454,
            0.003137
          ],
          [
            0.017059,
            0.000741,
            0.013311
          ],
          [
            -0.012675,
            0.011026,
            -0.022657
          ],
          [
            0.008715,
            -0.067659,
            0.022901
          ],
          [
            -0.002215,
            0.025717,
            -0.008653
          ],
          [
            0.027206,
            0.003224,
            0.01405
          ],
          [
            0.016692,
            -0.00904,
            0.019538
          ],
          [
            -0.036303,
            -0.014888,
            0.003797
          ],
          [
            -0.025017,
            0.051201,
            0.008331
          ],
          [
            0.007633,
            -0.023054,
            -0.010513
          ],
          [
            0.006397,
            0.02527,
            0.005029
          ],
          [
            0.000457,
            0.007508,
            -0.01548
          ],
          [
            -0.017162,
            0.008193,
            0.003108
          ],
          [
            -0.002336,
            0.003368,
            -0.008244
          ],
          [
            0.020603,
            0.004917,
            -0.014743
          ],
          [
            0.011853,
            -0.005132,
            0.007408
          ],
          [
            0.01644,
            0.028835,
            -0.002041
          ],
          [
            -0.002301,
            -0.008103,
            0.003758
          ],
          [
            0.006057,
            0.003505,
            -0.00445
          ],
          [
            -0.008609,
            0.008941,
            -0.027865
          ],
          [
            -0.001233,
            -0.00782,
            0.002693
          ],
          [
            -0.0009,
            0.003129,
            0.000129
          ]
        ],
        "Lattice": [
          [
            8.440733911,
            0.0,
            0.0
          ],
          [
            8.440733911,
            14.619780548,
            0.0
          ],
          [
            0.0,
            0.0,
            21.483230591
          ]
        ],
        "NumAtoms": 94,
        "Positions": [
          [
            4.22079,
            2.43687,
            0.0
          ],
          [
            9.84794,
            12.18339,
            0.0
          ],
          [
            7.03437,
            7.31013,
            0.0
          ],
          [
            7.03437,
            2.43687,
            0.0
          ],
          [
            12.66152,
            12.18339,
            0.0
          ],
          [
            9.84795,
            7.31013,
            0.0
          ],
          [
            1.40721,
            2.43687,
            0.0
          ],
          [
            7.03437,
            12.18339,
            0.0
          ],
          [
            4.22079,
            7.31013,
            0.0
          ],
          [
            2.81385,
            0.0,
            0.0
          ],
          [
            8.44101,
            9.74652,
            0.0
          ],
          [
            5.62743,
            4.87326,
            0.0
          ],
          [
            5.62743,
            0.0,
            0.0
          ],
          [
            11.25459,
            9.74652,
            0.0
          ],
          [
            8.44101,
            4.87326,
            0.0
          ],
          [
            0.00028,
            0.0,
            0.0
          ],
          [
            5.62743,
            9.74652,
            0.0
          ],
          [
            2.81385,
            4.87326,
            0.0
          ],
          [
            7.03462,
            4.06144,
            2.2975
          ],
          [
            12.66177,
            13.80796,
            2.2975
          ],
          [
            9.8482,
            8.9347,
            2.2975
          ],
          [
            9.8482,
            4.06144,
            2.2975
          ],
          [
            15.47535,
            13.80796,
            2.2975
          ],
          [
            12.66177,
            8.9347,
            2.2975
          ],
          [
            4.22104,
            4.06144,
            2.2975
          ],
          [
            9.8482,
            13.80796,
            2.2975
          ],
          [
            7.03462,
            8.9347,
            2.2975
          ],
          [
            5.62769,
            1.62456,
            2.2975
          ],
          [
            11.25484,
            11.37109,
            2.2975
          ],
          [
            8.44127,
            6.49782,
            2.2975
          ],
          [
            8.44127,
            1.62456,
            2.2975
          ],
          [
            14.06842,
            11.37109,
            2.2975
          ],
          [
            11.25484,
            6.49782,
            2.2975
          ],
          [
            2.81411,
            1.62456,
            2.2975
          ],
          [
            8.44127,
            11.37109,
            2.2975
          ],
          [
            5.62769,
            6.49782,
            2.2975
          ],
          [
            1.40911,
            0.78178,
            4.56623
          ],
          [
            7.03235,
            10.5343,
            4.56334
          ],
          [
            4.22148,
            5.6678,
            4.56339
          ],
          [
            4.22126,
            0.78768,
            4.56743
          ],
          [
            9.85012,
            10.53609,
            4.56665
          ],
          [
            7.03191,
            5.6632,
            4.56188
          ],
          [
            7.03423,
            0.7809,
            4.56196
          ],
          [
            12.66138,
            10.53752,
            4.5655
          ],
          [
            9.85111,
            5.67144,
            4.56956
          ],
          [
            2.81374,
            3.22499,
            4.56133
          ],
          [
            8.44167,
            12.96694,
            4.56681
          ],
          [
            5.62374,
            8.10655,
            4.56088
          ],
          [
            5.62486,
            3.2249,
            4.56255
          ],
          [
            11.25701,
            12.97099,
            4.56918
          ],
          [
            8.44698,
            8.09476,
            4.57409
          ],
          [
            8.4436,
            3.21795,
            4.55234
          ],
          [
            14.06895,
            12.96999,
            4.56789
          ],
          [
            11.24774,
            8.09789,
            4.58307
          ],
          [
            14.06823,
            14.57552,
            6.8753
          ],
          [
            11.26114,
            9.71751,
            6.87252
          ],
          [
            8.43364,
            4.81618,
            6.83687
          ],
          [
            11.256,
            14.57712,
            6.87735
          ],
          [
            8.43592,
            9.71844,
            6.85915
          ],
          [
            5.62158,
            4.82997,
            6.8708
          ],
          [
            2.82431,
            4.82016,
            6.86196
          ],
          [
            8.44201,
            14.57601,
            6.87451
          ],
          [
            5.62899,
            9.70775,
            6.87775
          ],
          [
            1.40962,
            2.38803,
            6.86589
          ],
          [
            7.03445,
            12.14461,
            6.87762
          ],
          [
            4.22921,
            7.26734,
            6.87785
          ],
          [
            7.02733,
            2.38435,
            6.85401
          ],
          [
            12.66352,
            12.14541,
            6.87863
          ],
          [
            9.8534,
            7.2659,
            6.91114
          ],
          [
            7.02145,
            7.26691,
            6.86242
          ],
          [
            4.2193,
            2.39041,
            6.87654
          ],
          [
            9.84962,
            12.14743,
            6.87775
          ],
          [
            9.01097,
            7.97626,
            10.07693
          ],
          [
            9.67654,
            9.30791,
            10.25458
          ],
          [
            10.13918,
            9.49039,
            11.71163
          ],
          [
            7.49542,
            4.47611,
            10.2694
          ],
          [
            6.91654,
            3.09263,
            10.34942
          ],
          [
            7.91239,
            1.95969,
            10.58627
          ],
          [
            9.54048,
            7.03254,
            9.43334
          ],
          [
            7.86131,
            7.84473,
            10.68949
          ],
          [
            6.83084,
            5.48831,
            10.54476
          ],
          [
            8.75205,
            4.53563,
            9.84058
          ],
          [
            7.44794,
            6.89193,
            10.57782
          ],
          [
            8.95679,
            10.1004,
            9.98462
          ],
          [
            10.53248,
            9.3637,
            9.56143
          ],
          [
            10.63966,
            10.46269,
            11.82525
          ],
          [
            9.28414,
            9.45313,
            12.40252
          ],
          [
            10.85446,
            8.70339,
            11.99501
          ],
          [
            9.05236,
            5.50292,
            9.70214
          ],
          [
            6.40996,
            2.94408,
            9.36704
          ],
          [
            6.10914,
            3.11285,
            11.09791
          ],
          [
            8.40774,
            2.05524,
            11.56603
          ],
          [
            7.38978,
            0.99147,
            10.55706
          ],
          [
            8.69188,
            1.94562,
            9.80868
          ]
        ],
        "Stress": [
          [
            -52.25461,
            -0.14239,
            0.00861
          ],
          [
            -0.14239,
            -50.68573,
            -0.0195
          ],
          [
            0.00861,
            -0.0195,
            -2.01579
          ]
        ],
        "computation_code": "VASP",
        "pseudopotential_information": [
          [
            "PAW_PBE",
            "Pt",
            "04Feb2005"
          ],
          [
            "PAW_PBE",
            "C",
            "08Apr2002"
          ],
          [
            "PAW_PBE",
            "O",
            "08Apr2002"
          ],
          [
            "PAW_PBE",
            "H",
            "15Jun2001"
          ]
        ]
      }
    ],
    "EnergyStyle": "electronvolt",
    "ForcesStyle": "electronvoltperangstrom",
    "LatticeStyle": "angstrom",
    "PositionsStyle": "angstrom",
    "StressStyle": "kB"
  }
}