{
  "Dataset": {
    "AtomTypeStyle": "chemicalsymbol",
    "Data": [
      {
        "AtomTypes": [
          "Pt",
          "Pt",
          "Pt",
          "Pt",
          "Pt",
          "Pt",
          "Pt",
          "Pt",
          "Pt",
          "Pt",
          "Pt",
          "Pt",
          "Pt",
          "Pt",
          "Pt",
          "Pt",
          "Pt",
          "Pt",
          "Pt",
          "Pt",
          "Pt",
          "Pt",
          "Pt",
          "Pt",
          "Pt",
          "Pt",
          "Pt",
          "Pt",
          "Pt",
          "Pt",
          "Pt",
          "Pt",
          "Pt",
          "Pt",
          "Pt",
          "Pt",
          "Pt",
          "Pt",
          "Pt",
          "Pt",
          "Pt",
          "Pt",
          "Pt",
          "Pt",
          "Pt",
          "Pt",
          "Pt",
          "Pt",
          "Pt",
          "Pt",
          "Pt",
          "Pt",
          "Pt",
          "Pt",
          "Pt",
          "Pt",
          "Pt",
          "Pt",
          "Pt",
          "Pt",
          "Pt",
          "Pt",
          "Pt",
          "Pt",
          "Pt",
          "Pt",
          "Pt",
          "Pt",
          "Pt",
          "Pt",
          "Pt",
          "Pt",
          "C",
          "C",
          "C",
          "C",
          "C",
          "C",
          "O",
          "O",
          "O",
          "O",
          "H",
          "H",
          "H",
          "H",
          "H",
          "H",
          "H",
          "H",
          "H",
          "H",
          "H",
          "H"
        ],
        "Energy": -337.4344332,
        "Forces": [
          [
            -0.000477,
            0.013422,
            -0.042522
          ],
          [
            0.002246,
            0.019234,
            -0.030026
          ],
          [
            -0.00761,
            0.016327,
            -0.030874
          ],
          [
            0.002801,
            0.017451,
            -0.04284
          ],
          [
            0.004392,
            0.012731,
            -0.026375
          ],
          [
            -0.000601,
            0.008721,
            -0.037008
          ],
          [
            0.003533,
            0.004256,
            -0.061327
          ],
          [
            -0.003647,
            0.017977,
            -0.028383
          ],
          [
            0.009008,
            0.011481,
            -0.041774
          ],
          [
            0.005529,
            0.020026,
            -0.033791
          ],
          [
            -0.004655,
            0.018282,
            -0.027351
          ],
          [
            0.001572,
            0.010505,
            -0.036228
          ],
          [
            0.000886,
            0.021293,
            -0.035647
          ],
          [
            0.008977,
            0.014454,
            -0.027029
          ],
          [
            0.005059,
            0.008137,
            -0.041756
          ],
          [
            -0.00068,
            0.02366,
            -0.034181
          ],
          [
            0.002341,
            0.027615,
            -0.079586
          ],
          [
            0.002002,
            -0.000879,
            -0.042501
          ],
          [
            -0.007852,
            -0.009003,
            0.004798
          ],
          [
            -0.00539,
            -0.026492,
            0.04708
          ],
          [
            -0.000437,
            -0.049426,
            0.068105
          ],
          [
            0.00031,
            0.02569,
            0.026136
          ],
          [
            -0.005857,
            -0.037861,
            0.032303
          ],
          [
            -0.043687,
            -0.035902,
            0.06995
          ],
          [
            -0.004875,
            -0.007441,
            0.033493
          ],
          [
            -0.000645,
            -0.025483,
            0.044077
          ],
          [
            0.024276,
            -0.037386,
            0.043293
          ],
          [
            -0.007904,
            -0.017312,
            0.026996
          ],
          [
            -0.005462,
            -0.013101,
            0.039061
          ],
          [
            0.020506,
            -0.00261,
            0.045244
          ],
          [
            0.007354,
            -0.02616,
            0.008282
          ],
          [
            -0.009061,
            -0.029394,
            0.03156
          ],
          [
            -0.027444,
            0.013254,
            0.060929
          ],
          [
            -0.009538,
            -0.013219,
            0.037196
          ],
          [
            0.006702,
            -0.021934,
            0.021202
          ],
          [
            0.006626,
            -0.020918,
            0.048396
          ],
          [
            0.003244,
            -0.006557,
            -0.00378
          ],
          [
            0.003121,
            -0.002547,
            0.000608
          ],
          [
            0.003263,
            0.001328,
            -0.000635
          ],
          [
            0.001377,
            0.002545,
            0.004308
          ],
          [
            -0.004352,
            0.002347,
            -0.001992
          ],
          [
            -0.004583,
            0.000637,
            -0.001722
          ],
          [
            0.002065,
            -0.002241,
            -0.000592
          ],
          [
            0.003966,
            0.007274,
            0.003807
          ],
          [
            -0.001858,
            0.001083,
            0.001993
          ],
          [
            -0.002316,
            0.001506,
            -0.000165
          ],
          [
            -0.003361,
            0.006027,
            0.007989
          ],
          [
            -0.00192,
            0.000843,
            0.00179
          ],
          [
            -0.001971,
            0.003183,
            0.00429
          ],
          [
            -0.00039,
            0.001721,
            -0.005469
          ],
          [
            -0.001017,
            0.004944,
            0.003984
          ],
          [
            0.001014,
            0.00404,
            0.007015
          ],
          [
            0.000845,
            -0.001393,
            -0.004011
          ],
          [
            0.005819,
            -0.007229,
            -0.002308
          ],
          [
            0.002854,
            0.002061,
            0.003248
          ],
          [
            0.002449,
            -0.001207,
            0.004684
          ],
          [
            0.00474,
            -0.000406,
            -0.002671
          ],
          [
            0.001278,
            0.003344,
            0.001315
          ],
          [
            0.001032,
            -0.000768,
            -0.000985
          ],
          [
            -0.004432,
            -0.003944,
            -0.002254
          ],
          [
            -0.002773,
            -0.01029,
            0.00086
          ],
          [
            -0.001494,
            -0.009177,
            0.003173
          ],
          [
            -0.002529,
            -0.001681,
            -0.000451
          ],
          [
            -0.001463,
            0.00549,
            -0.001191
          ],
          [
            0.002801,
            0.006444,
            0.001857
          ],
          [
            0.003833,
            0.004084,
            -0.001151
          ],
          [
            -0.00271,
            0.000155,
            -0.001871
          ],
          [
            -0.004359,
            -0.002282,
            -7.5e-05
          ],
          [
            -0.00744,
            -0.00278,
            0.00241
          ],
          [
            0.000495,
            -0.00037,
            -0.003175
          ],
          [
            0.003031,
            -0.001009,
            -0.001425
          ],
          [
            -0.003063,
            0.003143,
            0.003537
          ],
          [
            0.022015,
            -0.042737,
            -0.029373
          ],
          [
            0.023701,
            0.010639,
            0.010879
          ],
          [
            -0.008336,
            0.013444,
            -0.005025
          ],
          [
            -0.025579,
            0.041152,
            -0.008463
          ],
          [
            0.026409,
            0.029867,
            0.004374
          ],
          [
            0.016836,
            -0.011563,
            0.009513
          ],
          [
            -0.003333,
            0.02147,
            0.016331
          ],
          [
            -0.009333,
            0.020527,
            0.011894
          ],
          [
            0.033033,
            -0.047695,
            -0.018915
          ],
          [
            -0.011831,
            0.009801,
            0.00925
          ],
          [
            -0.002598,
            -0.001719,
            -0.00443
          ],
          [
            -0.002393,
            0.007195,
            -0.001082
          ],
          [
            -0.020741,
            0.002706,
            0.005336
          ],
          [
            0.002196,
            0.007276,
            -0.006607
          ],
          [
            0.008218,
            0.007745,
            -0.007505
          ],
          [
            0.010687,
            -0.000309,
            -0.002039
          ],
          [
            -0.001749,
            -0.000171,
            0.007758
          ],
          [
            -0.003118,
            -0.00427,
            0.000234
          ],
          [
            -0.007788,
            0.000838,
            0.010277
          ],
          [
            -0.009195,
            -0.001503,
            -0.012502
          ],
          [
            -0.001408,
            -0.002579,
            0.001574
          ],
          [
            0.000814,
            0.001576,
            -0.001329
          ]
        ],
        "Lattice": [
          [
            8.440733911,
            0.0,
            0.0
          ],
          [
            8.440733911,
            14.619780548,
            0.0
          ],
          [
            0.0,
            0.0,
            21.483230591
          ]
        ],
        "NumAtoms": 94,
        "Positions": [
          [
            4.22079,
            2.43687,
            0.0
          ],
          [
            9.84794,
            12.18339,
            0.0
          ],
          [
            7.03437,
            7.31013,
            0.0
          ],
          [
            7.03437,
            2.43687,
            0.0
          ],
          [
            12.66152,
            12.18339,
            0.0
          ],
          [
            9.84795,
            7.31013,
            0.0
          ],
          [
            1.40721,
            2.43687,
            0.0
          ],
          [
            7.03437,
            12.18339,
            0.0
          ],
          [
            4.22079,
            7.31013,
            0.0
          ],
          [
            2.81385,
            0.0,
            0.0
          ],
          [
            8.44101,
            9.74652,
            0.0
          ],
          [
            5.62743,
            4.87326,
            0.0
          ],
          [
            5.62743,
            0.0,
            0.0
          ],
          [
            11.25459,
            9.74652,
            0.0
          ],
          [
            8.44101,
            4.87326,
            0.0
          ],
          [
            0.00028,
            0.0,
            0.0
          ],
          [
            5.62743,
            9.74652,
            0.0
          ],
          [
            2.81385,
            4.87326,
            0.0
          ],
          [
            7.03462,
            4.06144,
            2.2975
          ],
          [
            12.66177,
            13.80796,
            2.2975
          ],
          [
            9.8482,
            8.9347,
            2.2975
          ],
          [
            9.8482,
            4.06144,
            2.2975
          ],
          [
            15.47535,
            13.80796,
            2.2975
          ],
          [
            12.66177,
            8.9347,
            2.2975
          ],
          [
            4.22104,
            4.06144,
            2.2975
          ],
          [
            9.8482,
            13.80796,
            2.2975
          ],
          [
            7.03462,
            8.9347,
            2.2975
          ],
          [
            5.62769,
            1.62456,
            2.2975
          ],
          [
            11.25484,
            11.37109,
            2.2975
          ],
          [
            8.44127,
            6.49782,
            2.2975
          ],
          [
            8.44127,
            1.62456,
            2.2975
          ],
          [
            14.06842,
            11.37109,
            2.2975
          ],
          [
            11.25484,
            6.49782,
            2.2975
          ],
          [
            2.81411,
            1.62456,
            2.2975
          ],
          [
            8.44127,
            11.37109,
            2.2975
          ],
          [
            5.62769,
            6.49782,
            2.2975
          ],
          [
            1.40474,
            0.78067,
            4.56603
          ],
          [
            7.02876,
            10.5337,
            4.56285
          ],
          [
            4.21985,
            5.66685,
            4.564
          ],
          [
            4.21725,
            0.78514,
            4.56741
          ],
          [
            9.84739,
            10.53413,
            4.56586
          ],
          [
            7.03166,
            5.66111,
            4.56346
          ],
          [
            7.03062,
            0.77937,
            4.56268
          ],
          [
            12.65926,
            10.53479,
            4.56602
          ],
          [
            9.84911,
            5.66806,
            4.5697
          ],
          [
            2.81251,
            3.22257,
            4.56231
          ],
          [
            8.43822,
            12.96422,
            4.56725
          ],
          [
            5.62376,
            8.10365,
            4.56199
          ],
          [
            5.62202,
            3.22336,
            4.56233
          ],
          [
            11.25357,
            12.96884,
            4.56961
          ],
          [
            8.4449,
            8.09298,
            4.57378
          ],
          [
            8.44129,
            3.21739,
            4.55329
          ],
          [
            14.06475,
            12.96869,
            4.5688
          ],
          [
            11.24627,
            8.09669,
            4.57979
          ],
          [
            14.06068,
            14.5711,
            6.87579
          ],
          [
            11.25453,
            9.71241,
            6.87143
          ],
          [
            8.43158,
            4.81287,
            6.84296
          ],
          [
            11.24867,
            14.57195,
            6.87781
          ],
          [
            8.42944,
            9.71289,
            6.85919
          ],
          [
            5.61973,
            4.82614,
            6.87143
          ],
          [
            2.821,
            4.81847,
            6.8627
          ],
          [
            8.43496,
            14.57269,
            6.87401
          ],
          [
            5.62289,
            9.70307,
            6.87843
          ],
          [
            1.40524,
            2.38398,
            6.86623
          ],
          [
            7.02794,
            12.13917,
            6.8784
          ],
          [
            4.22423,
            7.26363,
            6.87743
          ],
          [
            7.02258,
            2.38166,
            6.85412
          ],
          [
            12.65746,
            12.13975,
            6.87927
          ],
          [
            9.8501,
            7.26187,
            6.90718
          ],
          [
            7.0196,
            7.26434,
            6.86516
          ],
          [
            4.2139,
            2.38619,
            6.87689
          ],
          [
            9.84218,
            12.14201,
            6.8772
          ],
          [
            9.00782,
            7.99726,
            10.08987
          ],
          [
            9.66691,
            9.33414,
            10.24469
          ],
          [
            10.15465,
            9.52539,
            11.69189
          ],
          [
            7.50509,
            4.49028,
            10.28793
          ],
          [
            6.93039,
            3.10433,
            10.35315
          ],
          [
            7.94151,
            1.97988,
            10.56634
          ],
          [
            9.55482,
            7.04265,
            9.47848
          ],
          [
            7.84775,
            7.8756,
            10.68641
          ],
          [
            6.84992,
            5.49782,
            10.60626
          ],
          [
            8.74802,
            4.55838,
            9.82067
          ],
          [
            7.44901,
            6.91608,
            10.60474
          ],
          [
            8.94039,
            10.12186,
            9.97981
          ],
          [
            10.51269,
            9.38844,
            9.53851
          ],
          [
            10.65201,
            10.50052,
            11.79283
          ],
          [
            9.31263,
            9.48712,
            12.39814
          ],
          [
            10.87814,
            8.74271,
            11.967
          ],
          [
            9.05403,
            5.53116,
            9.70765
          ],
          [
            6.41497,
            2.96303,
            9.37486
          ],
          [
            6.13321,
            3.1098,
            11.11166
          ],
          [
            8.46534,
            2.08744,
            11.52949
          ],
          [
            7.42818,
            1.00619,
            10.55789
          ],
          [
            8.6985,
            1.96935,
            9.7667
          ]
        ],
        "Stress": [
          [
            -52.3817,
            -0.07342,
            0.00706
          ],
          [
            -0.07342,
            -50.8038,
            -0.02468
          ],
          [
            0.00706,
            -0.02468,
            -2.07855
          ]
        ],
        "computation_code": "VASP",
        "pseudopotential_information": [
          [
            "PAW_PBE",
            "Pt",
            "04Feb2005"
          ],
          [
            "PAW_PBE",
            "C",
            "08Apr2002"
          ],
          [
            "PAW_PBE",
            "O",
            "08Apr2002"
          ],
          [
            "PAW_PBE",
            "H",
            "15Jun2001"
          ]
        ]
      }
    ],
    "EnergyStyle": "electronvolt",
    "ForcesStyle": "electronvoltperangstrom",
    "LatticeStyle": "angstrom",
    "PositionsStyle": "angstrom",
    "StressStyle": "kB"
  }
}