{
  "Dataset": {
    "AtomTypeStyle": "chemicalsymbol",
    "Data": [
      {
        "AtomTypes": [
          "Pt",
          "Pt",
          "Pt",
          "Pt",
          "Pt",
          "Pt",
          "Pt",
          "Pt",
          "Pt",
          "Pt",
          "Pt",
          "Pt",
          "Pt",
          "Pt",
          "Pt",
          "Pt",
          "Pt",
          "Pt",
          "Pt",
          "Pt",
          "Pt",
          "Pt",
          "Pt",
          "Pt",
          "Pt",
          "Pt",
          "Pt",
          "Pt",
          "Pt",
          "Pt",
          "Pt",
          "Pt",
          "Pt",
          "Pt",
          "Pt",
          "Pt",
          "Pt",
          "Pt",
          "Pt",
          "Pt",
          "Pt",
          "Pt",
          "Pt",
          "Pt",
          "Pt",
          "Pt",
          "Pt",
          "Pt",
          "Pt",
          "Pt",
          "Pt",
          "Pt",
          "Pt",
          "Pt",
          "Pt",
          "Pt",
          "Pt",
          "Pt",
          "Pt",
          "Pt",
          "Pt",
          "Pt",
          "Pt",
          "Pt",
          "Pt",
          "Pt",
          "Pt",
          "Pt",
          "Pt",
          "Pt",
          "Pt",
          "Pt",
          "C",
          "C",
          "C",
          "C",
          "C",
          "C",
          "O",
          "O",
          "O",
          "O",
          "H",
          "H",
          "H",
          "H",
          "H",
          "H",
          "H",
          "H",
          "H",
          "H",
          "H",
          "H"
        ],
        "Energy": -337.4263552,
        "Forces": [
          [
            -0.002292,
            0.011689,
            -0.043624
          ],
          [
            0.000713,
            0.017654,
            -0.029142
          ],
          [
            -0.009535,
            0.013322,
            -0.032344
          ],
          [
            0.000739,
            0.015656,
            -0.043331
          ],
          [
            0.002342,
            0.012323,
            -0.027477
          ],
          [
            -0.003203,
            0.004387,
            -0.037146
          ],
          [
            0.001659,
            0.003074,
            -0.062146
          ],
          [
            -0.00561,
            0.016215,
            -0.027833
          ],
          [
            0.007412,
            0.006488,
            -0.037864
          ],
          [
            0.004937,
            0.019614,
            -0.03415
          ],
          [
            -0.007479,
            0.014634,
            -0.027788
          ],
          [
            0.000401,
            0.006236,
            -0.037565
          ],
          [
            -0.001356,
            0.020358,
            -0.03624
          ],
          [
            0.006649,
            0.01143,
            -0.025929
          ],
          [
            0.00356,
            0.004654,
            -0.043908
          ],
          [
            -0.001905,
            0.023408,
            -0.032459
          ],
          [
            0.000823,
            0.025425,
            -0.080424
          ],
          [
            -0.000893,
            -0.004148,
            -0.045478
          ],
          [
            -0.008052,
            -0.004369,
            0.003418
          ],
          [
            6e-06,
            -0.022789,
            0.049917
          ],
          [
            0.007996,
            -0.042489,
            0.083112
          ],
          [
            0.00493,
            0.030061,
            0.019451
          ],
          [
            -0.00317,
            -0.034553,
            0.039477
          ],
          [
            -0.043026,
            -0.028019,
            0.079569
          ],
          [
            -0.001047,
            -0.004745,
            0.032406
          ],
          [
            -0.000361,
            -0.023404,
            0.046676
          ],
          [
            0.029187,
            -0.029173,
            0.052846
          ],
          [
            -0.004561,
            -0.011023,
            0.035043
          ],
          [
            -0.004193,
            -0.011832,
            0.042606
          ],
          [
            0.025425,
            0.010724,
            0.040707
          ],
          [
            0.009902,
            -0.024074,
            0.011417
          ],
          [
            -0.000256,
            -0.028263,
            0.036123
          ],
          [
            -0.021192,
            0.025702,
            0.064732
          ],
          [
            -0.004274,
            -0.00969,
            0.037767
          ],
          [
            0.008735,
            -0.016086,
            0.032825
          ],
          [
            0.006276,
            -0.006654,
            0.040443
          ],
          [
            -0.005307,
            -0.003984,
            0.001997
          ],
          [
            -0.008886,
            0.002107,
            -0.009123
          ],
          [
            -0.004222,
            0.002764,
            0.011197
          ],
          [
            0.001431,
            -0.003212,
            0.004165
          ],
          [
            0.007446,
            -0.005648,
            0.000116
          ],
          [
            -0.000433,
            -0.008715,
            0.001972
          ],
          [
            -0.000795,
            -0.005056,
            -0.002518
          ],
          [
            -0.00237,
            -0.010062,
            0.001204
          ],
          [
            0.001261,
            -0.005548,
            -0.003799
          ],
          [
            0.003053,
            -0.001348,
            -0.003588
          ],
          [
            7.7e-05,
            -0.004979,
            0.000861
          ],
          [
            0.001698,
            -0.002167,
            -0.005538
          ],
          [
            -0.00025,
            -0.003056,
            -0.006259
          ],
          [
            0.002493,
            -0.000662,
            0.003831
          ],
          [
            -0.003029,
            0.000242,
            0.00759
          ],
          [
            0.000577,
            -0.003316,
            0.002237
          ],
          [
            -0.000464,
            0.003376,
            0.001183
          ],
          [
            -0.005038,
            0.004886,
            -0.015918
          ],
          [
            -0.011081,
            -0.004278,
            -0.006802
          ],
          [
            -0.00412,
            0.004118,
            -0.00762
          ],
          [
            -0.001762,
            -0.00306,
            0.003523
          ],
          [
            0.00294,
            -0.002221,
            -0.002072
          ],
          [
            0.003972,
            -0.004927,
            -0.001153
          ],
          [
            -0.000274,
            -0.000131,
            -0.001881
          ],
          [
            -0.002421,
            0.009793,
            -0.010458
          ],
          [
            0.003067,
            -0.001786,
            -0.003208
          ],
          [
            0.002975,
            -0.001875,
            0.001821
          ],
          [
            -0.00566,
            -0.007429,
            0.005887
          ],
          [
            0.002457,
            -0.004678,
            -0.005138
          ],
          [
            -0.004039,
            -0.003731,
            -0.003025
          ],
          [
            0.002123,
            0.004904,
            -0.001933
          ],
          [
            0.00264,
            -0.004476,
            0.001818
          ],
          [
            -0.007409,
            0.005135,
            -0.004777
          ],
          [
            -0.000689,
            -0.00157,
            -0.003774
          ],
          [
            -0.00335,
            -0.005025,
            -0.005621
          ],
          [
            0.004151,
            -0.003264,
            -0.004029
          ],
          [
            0.051044,
            0.032726,
            0.023636
          ],
          [
            -0.020851,
            0.00375,
            0.01251
          ],
          [
            0.028897,
            -0.0004,
            0.025916
          ],
          [
            0.020048,
            -0.009747,
            0.042964
          ],
          [
            0.007329,
            0.015041,
            0.004157
          ],
          [
            0.031452,
            0.012964,
            0.00316
          ],
          [
            -0.034984,
            -0.000221,
            0.018176
          ],
          [
            0.008099,
            -4.8e-05,
            -0.011742
          ],
          [
            -0.005019,
            0.009644,
            0.010268
          ],
          [
            -0.01824,
            -0.006483,
            0.007475
          ],
          [
            -0.022576,
            -0.026033,
            0.008122
          ],
          [
            -0.008825,
            0.007025,
            -0.022763
          ],
          [
            0.012593,
            -0.005216,
            -0.027119
          ],
          [
            -0.017974,
            -0.021794,
            -0.022167
          ],
          [
            -0.000735,
            -0.000515,
            -0.006514
          ],
          [
            -0.00564,
            0.009702,
            -0.011221
          ],
          [
            0.013461,
            0.032745,
            0.005886
          ],
          [
            0.008381,
            0.013996,
            -0.017267
          ],
          [
            -0.008498,
            -0.000489,
            -0.00164
          ],
          [
            0.00511,
            0.014161,
            -0.024198
          ],
          [
            -0.011016,
            -0.004657,
            0.006246
          ],
          [
            -0.002104,
            0.00099,
            -0.008739
          ]
        ],
        "Lattice": [
          [
            8.440733911,
            0.0,
            0.0
          ],
          [
            8.440733911,
            14.619780548,
            0.0
          ],
          [
            0.0,
            0.0,
            21.483230591
          ]
        ],
        "NumAtoms": 94,
        "Positions": [
          [
            4.22079,
            2.43687,
            0.0
          ],
          [
            9.84794,
            12.18339,
            0.0
          ],
          [
            7.03437,
            7.31013,
            0.0
          ],
          [
            7.03437,
            2.43687,
            0.0
          ],
          [
            12.66152,
            12.18339,
            0.0
          ],
          [
            9.84795,
            7.31013,
            0.0
          ],
          [
            1.40721,
            2.43687,
            0.0
          ],
          [
            7.03437,
            12.18339,
            0.0
          ],
          [
            4.22079,
            7.31013,
            0.0
          ],
          [
            2.81385,
            0.0,
            0.0
          ],
          [
            8.44101,
            9.74652,
            0.0
          ],
          [
            5.62743,
            4.87326,
            0.0
          ],
          [
            5.62743,
            0.0,
            0.0
          ],
          [
            11.25459,
            9.74652,
            0.0
          ],
          [
            8.44101,
            4.87326,
            0.0
          ],
          [
            0.00028,
            0.0,
            0.0
          ],
          [
            5.62743,
            9.74652,
            0.0
          ],
          [
            2.81385,
            4.87326,
            0.0
          ],
          [
            7.03462,
            4.06144,
            2.2975
          ],
          [
            12.66177,
            13.80796,
            2.2975
          ],
          [
            9.8482,
            8.9347,
            2.2975
          ],
          [
            9.8482,
            4.06144,
            2.2975
          ],
          [
            15.47535,
            13.80796,
            2.2975
          ],
          [
            12.66177,
            8.9347,
            2.2975
          ],
          [
            4.22104,
            4.06144,
            2.2975
          ],
          [
            9.8482,
            13.80796,
            2.2975
          ],
          [
            7.03462,
            8.9347,
            2.2975
          ],
          [
            5.62769,
            1.62456,
            2.2975
          ],
          [
            11.25484,
            11.37109,
            2.2975
          ],
          [
            8.44127,
            6.49782,
            2.2975
          ],
          [
            8.44127,
            1.62456,
            2.2975
          ],
          [
            14.06842,
            11.37109,
            2.2975
          ],
          [
            11.25484,
            6.49782,
            2.2975
          ],
          [
            2.81411,
            1.62456,
            2.2975
          ],
          [
            8.44127,
            11.37109,
            2.2975
          ],
          [
            5.62769,
            6.49782,
            2.2975
          ],
          [
            1.40857,
            0.78361,
            4.56637
          ],
          [
            7.0342,
            10.53804,
            4.56568
          ],
          [
            4.22402,
            5.67056,
            4.56316
          ],
          [
            4.22122,
            0.78852,
            4.56837
          ],
          [
            9.84991,
            10.53942,
            4.56807
          ],
          [
            7.03397,
            5.6683,
            4.56081
          ],
          [
            7.03424,
            0.78294,
            4.56399
          ],
          [
            12.66245,
            10.54062,
            4.56669
          ],
          [
            9.854,
            5.67299,
            4.56814
          ],
          [
            2.8156,
            3.22588,
            4.56209
          ],
          [
            8.44075,
            12.96954,
            4.56952
          ],
          [
            5.62686,
            8.10993,
            4.56292
          ],
          [
            5.62588,
            3.22705,
            4.56333
          ],
          [
            11.25562,
            12.97297,
            4.56956
          ],
          [
            8.45037,
            8.09904,
            4.57532
          ],
          [
            8.44405,
            3.22081,
            4.55235
          ],
          [
            14.06827,
            12.97202,
            4.56959
          ],
          [
            11.25134,
            8.1008,
            4.58284
          ],
          [
            14.06973,
            14.5803,
            6.87942
          ],
          [
            11.26152,
            9.72005,
            6.8747
          ],
          [
            8.43984,
            4.82212,
            6.83538
          ],
          [
            11.25563,
            14.58117,
            6.8793
          ],
          [
            8.43726,
            9.72162,
            6.86395
          ],
          [
            5.62737,
            4.83479,
            6.86906
          ],
          [
            2.82965,
            4.82277,
            6.86349
          ],
          [
            8.44219,
            14.58093,
            6.87834
          ],
          [
            5.62929,
            9.71326,
            6.87853
          ],
          [
            1.41265,
            2.39328,
            6.86509
          ],
          [
            7.0339,
            12.14981,
            6.88236
          ],
          [
            4.23351,
            7.27205,
            6.87857
          ],
          [
            7.03084,
            2.3891,
            6.85541
          ],
          [
            12.66215,
            12.14969,
            6.87978
          ],
          [
            9.85941,
            7.26588,
            6.90865
          ],
          [
            7.02827,
            7.27327,
            6.86435
          ],
          [
            4.22281,
            2.39371,
            6.87759
          ],
          [
            9.84737,
            12.15139,
            6.88107
          ],
          [
            9.0362,
            7.95006,
            10.07745
          ],
          [
            9.70186,
            9.28282,
            10.26152
          ],
          [
            10.14569,
            9.47829,
            11.72135
          ],
          [
            7.48358,
            4.44604,
            10.23494
          ],
          [
            6.88998,
            3.06922,
            10.34038
          ],
          [
            7.86557,
            1.92929,
            10.62322
          ],
          [
            9.58912,
            6.99448,
            9.47576
          ],
          [
            7.8551,
            7.83978,
            10.63889
          ],
          [
            6.81468,
            5.47155,
            10.44194
          ],
          [
            8.76193,
            4.48451,
            9.867
          ],
          [
            7.4443,
            6.89566,
            10.50983
          ],
          [
            8.98823,
            10.07548,
            9.97728
          ],
          [
            10.56733,
            9.33501,
            9.58212
          ],
          [
            10.65117,
            10.44949,
            11.8326
          ],
          [
            9.28263,
            9.45543,
            12.4021
          ],
          [
            10.85276,
            8.69066,
            12.02624
          ],
          [
            9.07419,
            5.44573,
            9.72491
          ],
          [
            6.38984,
            2.89742,
            9.35909
          ],
          [
            6.07358,
            3.1203,
            11.07749
          ],
          [
            8.31474,
            2.02195,
            11.62487
          ],
          [
            7.3392,
            0.96412,
            10.57073
          ],
          [
            8.68024,
            1.90907,
            9.88318
          ]
        ],
        "Stress": [
          [
            -52.49601,
            -0.17464,
            -0.02309
          ],
          [
            -0.17464,
            -51.1049,
            -0.07298
          ],
          [
            -0.02309,
            -0.07298,
            -2.24211
          ]
        ],
        "computation_code": "VASP",
        "pseudopotential_information": [
          [
            "PAW_PBE",
            "Pt",
            "04Feb2005"
          ],
          [
            "PAW_PBE",
            "C",
            "08Apr2002"
          ],
          [
            "PAW_PBE",
            "O",
            "08Apr2002"
          ],
          [
            "PAW_PBE",
            "H",
            "15Jun2001"
          ]
        ]
      }
    ],
    "EnergyStyle": "electronvolt",
    "ForcesStyle": "electronvoltperangstrom",
    "LatticeStyle": "angstrom",
    "PositionsStyle": "angstrom",
    "StressStyle": "kB"
  }
}