{
  "Dataset": {
    "AtomTypeStyle": "chemicalsymbol",
    "Data": [
      {
        "AtomTypes": [
          "Pt",
          "Pt",
          "Pt",
          "Pt",
          "Pt",
          "Pt",
          "Pt",
          "Pt",
          "Pt",
          "Pt",
          "Pt",
          "Pt",
          "Pt",
          "Pt",
          "Pt",
          "Pt",
          "Pt",
          "Pt",
          "Pt",
          "Pt",
          "Pt",
          "Pt",
          "Pt",
          "Pt",
          "Pt",
          "Pt",
          "Pt",
          "Pt",
          "Pt",
          "Pt",
          "Pt",
          "Pt",
          "Pt",
          "Pt",
          "Pt",
          "Pt",
          "Pt",
          "Pt",
          "Pt",
          "Pt",
          "Pt",
          "Pt",
          "Pt",
          "Pt",
          "Pt",
          "Pt",
          "Pt",
          "Pt",
          "Pt",
          "Pt",
          "Pt",
          "Pt",
          "Pt",
          "Pt",
          "Pt",
          "Pt",
          "Pt",
          "Pt",
          "Pt",
          "Pt",
          "Pt",
          "Pt",
          "Pt",
          "Pt",
          "C",
          "C",
          "C",
          "C",
          "C",
          "C",
          "O",
          "O",
          "O",
          "O",
          "H",
          "H",
          "H",
          "H",
          "H",
          "H",
          "H",
          "H",
          "H",
          "H",
          "H",
          "H"
        ],
        "Energy": -312.07854956,
        "Forces": [
          [
            -0.004704,
            2.4e-05,
            -0.036731
          ],
          [
            -0.002745,
            0.001667,
            -0.031239
          ],
          [
            -0.000559,
            0.003002,
            -0.02843
          ],
          [
            -0.004442,
            -0.000804,
            -0.028268
          ],
          [
            0.00232,
            -0.000307,
            -0.037705
          ],
          [
            0.001956,
            -0.001311,
            -0.032204
          ],
          [
            -0.005909,
            0.000318,
            -0.035555
          ],
          [
            -0.004527,
            0.004002,
            -0.03583
          ],
          [
            -0.00232,
            0.004988,
            -0.034453
          ],
          [
            -0.003059,
            0.000733,
            -0.035429
          ],
          [
            -0.006666,
            0.005056,
            -0.030412
          ],
          [
            -0.000207,
            0.000962,
            -0.033886
          ],
          [
            0.003006,
            0.00321,
            -0.034719
          ],
          [
            0.000503,
            -0.000402,
            -0.037152
          ],
          [
            -0.002363,
            0.006301,
            -0.035899
          ],
          [
            -0.00265,
            0.002854,
            -0.034659
          ],
          [
            -0.004497,
            0.002347,
            0.027392
          ],
          [
            -0.003954,
            -0.006504,
            0.031201
          ],
          [
            0.000205,
            -0.003501,
            0.038909
          ],
          [
            -0.000435,
            -0.001959,
            0.04322
          ],
          [
            0.000512,
            0.009144,
            0.035263
          ],
          [
            -0.004805,
            0.00473,
            0.019336
          ],
          [
            0.001481,
            0.001676,
            0.043233
          ],
          [
            -7.8e-05,
            -0.00529,
            0.039915
          ],
          [
            0.001515,
            0.004886,
            0.035132
          ],
          [
            0.005599,
            -0.003469,
            0.041741
          ],
          [
            0.010246,
            -0.008385,
            0.026543
          ],
          [
            0.017173,
            -0.001468,
            0.019006
          ],
          [
            -0.000309,
            -0.002374,
            0.036329
          ],
          [
            0.015675,
            -0.014276,
            0.051194
          ],
          [
            0.007159,
            -0.009483,
            0.0143
          ],
          [
            0.001942,
            -0.011815,
            0.043174
          ],
          [
            0.001317,
            -0.000317,
            -0.007899
          ],
          [
            0.002242,
            -0.001328,
            0.003958
          ],
          [
            0.00373,
            -0.003544,
            -0.004168
          ],
          [
            0.005836,
            -0.005639,
            0.007842
          ],
          [
            0.002742,
            -0.003475,
            0.001975
          ],
          [
            -0.003743,
            -0.006657,
            -0.002725
          ],
          [
            -0.004998,
            -0.004235,
            0.00468
          ],
          [
            -0.001779,
            -0.002316,
            -0.004384
          ],
          [
            0.000322,
            0.0018,
            0.004473
          ],
          [
            0.005952,
            0.003147,
            0.003123
          ],
          [
            0.001826,
            0.008862,
            0.004717
          ],
          [
            0.000354,
            0.00468,
            0.004814
          ],
          [
            -0.001297,
            0.002361,
            0.005069
          ],
          [
            -0.0038,
            0.00474,
            0.006548
          ],
          [
            0.00072,
            0.003003,
            -0.002213
          ],
          [
            -0.002721,
            0.004016,
            -0.000278
          ],
          [
            0.004822,
            0.003089,
            -0.00105
          ],
          [
            -0.006389,
            -0.004508,
            -0.002602
          ],
          [
            0.002746,
            0.004822,
            -0.002602
          ],
          [
            -0.005225,
            -0.00157,
            -0.002277
          ],
          [
            -0.003871,
            0.001546,
            7e-06
          ],
          [
            0.002653,
            -0.004766,
            -0.000751
          ],
          [
            -0.002736,
            0.0014,
            0.001138
          ],
          [
            0.005885,
            -0.005892,
            -0.002949
          ],
          [
            -0.001577,
            0.001276,
            0.00173
          ],
          [
            -0.002271,
            -0.003178,
            0.002367
          ],
          [
            -0.003344,
            0.000773,
            0.000536
          ],
          [
            0.000169,
            -0.005059,
            -0.002349
          ],
          [
            -0.000265,
            0.001705,
            -0.003958
          ],
          [
            0.001203,
            0.00451,
            -0.00209
          ],
          [
            0.000874,
            -4.3e-05,
            -0.001791
          ],
          [
            -0.002615,
            -0.000645,
            0.001553
          ],
          [
            -0.002762,
            0.026157,
            -0.026868
          ],
          [
            -0.005029,
            -0.008389,
            -0.016057
          ],
          [
            -0.008669,
            0.00166,
            -0.004456
          ],
          [
            0.032132,
            -0.027301,
            -0.001419
          ],
          [
            -0.004617,
            0.004269,
            -0.010722
          ],
          [
            0.023686,
            0.010553,
            0.005846
          ],
          [
            0.008529,
            -0.006466,
            0.013168
          ],
          [
            -0.019158,
            -0.003116,
            0.022464
          ],
          [
            -0.020058,
            0.016796,
            0.003968
          ],
          [
            0.001852,
            -0.006829,
            0.001656
          ],
          [
            0.001556,
            -0.000181,
            -0.005188
          ],
          [
            -0.004069,
            0.003165,
            0.002295
          ],
          [
            -0.002941,
            0.004836,
            -0.002294
          ],
          [
            0.006816,
            0.005104,
            0.002113
          ],
          [
            0.000897,
            -0.004575,
            0.009922
          ],
          [
            -0.005238,
            0.005961,
            0.007504
          ],
          [
            -0.000247,
            -0.006998,
            -0.008434
          ],
          [
            -0.011197,
            0.003202,
            0.001718
          ],
          [
            0.003391,
            0.001945,
            0.005748
          ],
          [
            0.005315,
            -0.005517,
            -0.013268
          ],
          [
            0.00027,
            -0.003002,
            -0.005497
          ],
          [
            -0.012279,
            0.005624,
            0.004037
          ]
        ],
        "Lattice": [
          [
            11.254311534,
            0.0,
            0.0
          ],
          [
            5.627155767,
            9.746519691,
            0.0
          ],
          [
            0.0,
            0.0,
            21.483230925
          ]
        ],
        "NumAtoms": 86,
        "Positions": [
          [
            4.22079,
            2.43687,
            0.0
          ],
          [
            7.03437,
            7.31013,
            0.0
          ],
          [
            9.84794,
            2.43687,
            0.0
          ],
          [
            12.66152,
            7.31013,
            0.0
          ],
          [
            1.40693,
            2.43687,
            0.0
          ],
          [
            4.22051,
            7.31013,
            0.0
          ],
          [
            7.03409,
            2.43687,
            0.0
          ],
          [
            9.84766,
            7.31013,
            0.0
          ],
          [
            2.81385,
            0.0,
            0.0
          ],
          [
            5.62743,
            4.87326,
            0.0
          ],
          [
            8.44101,
            0.0,
            0.0
          ],
          [
            11.25459,
            4.87326,
            0.0
          ],
          [
            0.0,
            0.0,
            0.0
          ],
          [
            2.81358,
            4.87326,
            0.0
          ],
          [
            5.62716,
            0.0,
            0.0
          ],
          [
            8.44073,
            4.87326,
            0.0
          ],
          [
            7.03462,
            4.06144,
            2.2975
          ],
          [
            9.8482,
            8.9347,
            2.2975
          ],
          [
            12.66177,
            4.06144,
            2.2975
          ],
          [
            15.47535,
            8.9347,
            2.2975
          ],
          [
            5.62769,
            1.62456,
            2.2975
          ],
          [
            8.44127,
            6.49782,
            2.2975
          ],
          [
            11.25484,
            1.62456,
            2.2975
          ],
          [
            14.06842,
            6.49782,
            2.2975
          ],
          [
            2.81383,
            1.62456,
            2.2975
          ],
          [
            5.62741,
            6.49782,
            2.2975
          ],
          [
            8.44098,
            1.62456,
            2.2975
          ],
          [
            11.25456,
            6.49782,
            2.2975
          ],
          [
            4.22076,
            4.06144,
            2.2975
          ],
          [
            7.03434,
            8.9347,
            2.2975
          ],
          [
            9.84791,
            4.06144,
            2.2975
          ],
          [
            12.66149,
            8.9347,
            2.2975
          ],
          [
            1.40797,
            0.81083,
            4.56827
          ],
          [
            4.22278,
            5.68578,
            4.56873
          ],
          [
            7.03933,
            0.80765,
            4.56733
          ],
          [
            9.85482,
            5.68222,
            4.56045
          ],
          [
            4.22493,
            0.81124,
            4.56675
          ],
          [
            7.03668,
            5.68568,
            4.56658
          ],
          [
            9.85158,
            0.80818,
            4.57143
          ],
          [
            12.66751,
            5.68417,
            4.5704
          ],
          [
            2.81621,
            3.24725,
            4.56874
          ],
          [
            5.62975,
            8.12199,
            4.56924
          ],
          [
            8.44516,
            3.24191,
            4.5641
          ],
          [
            11.2609,
            8.11909,
            4.56678
          ],
          [
            5.63005,
            3.24868,
            4.56663
          ],
          [
            8.44666,
            8.11869,
            4.56823
          ],
          [
            11.25795,
            3.24479,
            4.56876
          ],
          [
            14.07327,
            8.12039,
            4.57008
          ],
          [
            2.8165,
            -0.00132,
            6.8668
          ],
          [
            5.63253,
            4.87684,
            6.87406
          ],
          [
            14.07757,
            9.73945,
            6.88214
          ],
          [
            11.2666,
            4.86437,
            6.87242
          ],
          [
            0.00866,
            -0.00388,
            6.88121
          ],
          [
            2.82293,
            4.86879,
            6.87782
          ],
          [
            11.26214,
            9.73983,
            6.87306
          ],
          [
            8.45135,
            4.86935,
            6.85694
          ],
          [
            1.41514,
            2.43252,
            6.87916
          ],
          [
            4.22872,
            7.30825,
            6.88004
          ],
          [
            7.03672,
            2.42755,
            6.86593
          ],
          [
            9.86274,
            7.30006,
            6.86874
          ],
          [
            4.22496,
            2.43238,
            6.87571
          ],
          [
            7.03946,
            7.30585,
            6.87438
          ],
          [
            9.85528,
            2.43021,
            6.87718
          ],
          [
            12.67328,
            7.30533,
            6.8783
          ],
          [
            9.06213,
            7.78614,
            10.15555
          ],
          [
            9.66361,
            9.15951,
            10.28014
          ],
          [
            9.88173,
            9.52631,
            11.75697
          ],
          [
            7.51875,
            4.29174,
            10.26304
          ],
          [
            6.92008,
            2.91195,
            10.29075
          ],
          [
            7.81513,
            1.79014,
            10.80552
          ],
          [
            9.76359,
            6.77068,
            9.97847
          ],
          [
            7.74902,
            7.74759,
            10.28548
          ],
          [
            6.80643,
            5.31149,
            10.27042
          ],
          [
            8.8389,
            4.32888,
            10.17845
          ],
          [
            7.38781,
            6.7789,
            10.25631
          ],
          [
            3.36125,
            0.14354,
            9.80118
          ],
          [
            10.62291,
            9.15958,
            9.73588
          ],
          [
            4.69585,
            0.78437,
            11.83448
          ],
          [
            8.92813,
            9.52862,
            12.30516
          ],
          [
            10.56557,
            8.81167,
            12.24037
          ],
          [
            9.18621,
            5.29658,
            10.09571
          ],
          [
            6.64586,
            2.70573,
            9.22371
          ],
          [
            5.9581,
            2.97749,
            10.82412
          ],
          [
            8.09889,
            1.95453,
            11.85714
          ],
          [
            7.28835,
            0.82519,
            10.7397
          ],
          [
            8.73881,
            1.71452,
            10.21155
          ]
        ],
        "Stress": [
          [
            -51.47519,
            -0.28603,
            -0.07319
          ],
          [
            -0.28603,
            -51.82798,
            0.07042
          ],
          [
            -0.07319,
            0.07042,
            -2.86136
          ]
        ],
        "computation_code": "VASP",
        "pseudopotential_information": [
          [
            "PAW_PBE",
            "Pt",
            "04Feb2005"
          ],
          [
            "PAW_PBE",
            "C",
            "08Apr2002"
          ],
          [
            "PAW_PBE",
            "O",
            "08Apr2002"
          ],
          [
            "PAW_PBE",
            "H",
            "15Jun2001"
          ]
        ]
      }
    ],
    "EnergyStyle": "electronvolt",
    "ForcesStyle": "electronvoltperangstrom",
    "LatticeStyle": "angstrom",
    "PositionsStyle": "angstrom",
    "StressStyle": "kB"
  }
}