{
  "Dataset": {
    "AtomTypeStyle": "chemicalsymbol",
    "Data": [
      {
        "AtomTypes": [
          "Pt",
          "Pt",
          "Pt",
          "Pt",
          "Pt",
          "Pt",
          "Pt",
          "Pt",
          "Pt",
          "Pt",
          "Pt",
          "Pt",
          "Pt",
          "Pt",
          "Pt",
          "Pt",
          "Pt",
          "Pt",
          "Pt",
          "Pt",
          "Pt",
          "Pt",
          "Pt",
          "Pt",
          "Pt",
          "Pt",
          "Pt",
          "Pt",
          "Pt",
          "Pt",
          "Pt",
          "Pt",
          "Pt",
          "Pt",
          "Pt",
          "Pt",
          "Pt",
          "Pt",
          "Pt",
          "Pt",
          "Pt",
          "Pt",
          "Pt",
          "Pt",
          "Pt",
          "Pt",
          "Pt",
          "Pt",
          "Pt",
          "Pt",
          "Pt",
          "Pt",
          "Pt",
          "Pt",
          "Pt",
          "Pt",
          "Pt",
          "Pt",
          "Pt",
          "Pt",
          "Pt",
          "Pt",
          "Pt",
          "Pt",
          "Pt",
          "Pt",
          "Pt",
          "Pt",
          "Pt",
          "Pt",
          "Pt",
          "Pt",
          "C",
          "C",
          "C",
          "C",
          "C",
          "C",
          "O",
          "O",
          "O",
          "O",
          "H",
          "H",
          "H",
          "H",
          "H",
          "H",
          "H",
          "H",
          "H",
          "H",
          "H",
          "H"
        ],
        "Energy": -337.39727073,
        "Forces": [
          [
            0.002218,
            0.014705,
            -0.042188
          ],
          [
            0.001018,
            0.01674,
            -0.030019
          ],
          [
            -0.0018,
            0.009418,
            -0.034207
          ],
          [
            -0.0016,
            0.017617,
            -0.042806
          ],
          [
            0.000823,
            0.014543,
            -0.029699
          ],
          [
            -0.001928,
            0.008463,
            -0.039304
          ],
          [
            0.002487,
            0.01719,
            -0.042806
          ],
          [
            -0.003212,
            0.015509,
            -0.033432
          ],
          [
            0.001626,
            0.004487,
            -0.036002
          ],
          [
            0.003828,
            0.022665,
            -0.035496
          ],
          [
            -0.001474,
            0.011816,
            -0.030853
          ],
          [
            0.002714,
            0.011106,
            -0.042176
          ],
          [
            0.000157,
            0.021818,
            -0.037501
          ],
          [
            0.000549,
            0.014531,
            -0.033815
          ],
          [
            0.002275,
            0.012249,
            -0.042923
          ],
          [
            0.000246,
            0.023785,
            -0.034828
          ],
          [
            0.001081,
            0.01295,
            -0.044658
          ],
          [
            0.001281,
            0.008398,
            -0.046057
          ],
          [
            -0.003444,
            -0.01319,
            0.022814
          ],
          [
            -0.003444,
            -0.028252,
            0.051246
          ],
          [
            -0.00061,
            -0.018819,
            0.028637
          ],
          [
            -0.002691,
            -0.019468,
            0.013002
          ],
          [
            -0.002223,
            -0.034261,
            0.043556
          ],
          [
            -0.01041,
            -0.013786,
            0.044806
          ],
          [
            -0.004658,
            -0.012915,
            0.028669
          ],
          [
            -0.002084,
            -0.026664,
            0.054162
          ],
          [
            0.009734,
            -0.021227,
            0.048035
          ],
          [
            -0.003258,
            -0.017227,
            0.038378
          ],
          [
            -0.000791,
            -0.01143,
            0.042012
          ],
          [
            -0.002126,
            -0.006273,
            0.014859
          ],
          [
            0.003827,
            -0.028422,
            0.029984
          ],
          [
            -0.000656,
            -0.011745,
            0.04218
          ],
          [
            0.0031,
            -0.00253,
            0.019832
          ],
          [
            -0.004531,
            -0.022213,
            0.04454
          ],
          [
            0.001804,
            -0.009664,
            0.033831
          ],
          [
            0.00325,
            -0.009258,
            0.041436
          ],
          [
            -0.00371,
            0.003568,
            -0.001356
          ],
          [
            -0.001671,
            0.001553,
            -0.000685
          ],
          [
            -0.002792,
            0.003994,
            0.000655
          ],
          [
            0.002059,
            0.002186,
            -0.000688
          ],
          [
            0.000657,
            -0.002629,
            -0.001352
          ],
          [
            -0.001272,
            -0.005625,
            0.001693
          ],
          [
            0.001665,
            0.000522,
            0.007137
          ],
          [
            0.000133,
            -0.004138,
            0.004508
          ],
          [
            0.000127,
            -0.001644,
            0.005452
          ],
          [
            0.003686,
            -0.002866,
            0.006693
          ],
          [
            0.006059,
            -0.00272,
            -0.001582
          ],
          [
            0.002585,
            -0.005862,
            0.004108
          ],
          [
            0.000257,
            0.003658,
            0.003737
          ],
          [
            0.000759,
            0.005007,
            -0.000308
          ],
          [
            -0.000606,
            -0.000932,
            0.001551
          ],
          [
            -0.001371,
            0.006463,
            -0.000213
          ],
          [
            -0.002374,
            0.002996,
            -0.003819
          ],
          [
            -0.000912,
            -0.00212,
            0.001455
          ],
          [
            0.000181,
            0.000811,
            -0.002827
          ],
          [
            0.000192,
            -0.001746,
            -0.003186
          ],
          [
            -0.002012,
            -0.00016,
            0.002099
          ],
          [
            0.001434,
            -0.002294,
            0.002101
          ],
          [
            0.001197,
            -0.000238,
            0.000376
          ],
          [
            0.002351,
            -0.00165,
            0.006446
          ],
          [
            -0.002091,
            0.003865,
            0.002636
          ],
          [
            -0.000307,
            0.003354,
            -0.004556
          ],
          [
            0.000987,
            0.000189,
            -0.000612
          ],
          [
            -0.000642,
            0.00015,
            0.002797
          ],
          [
            0.001645,
            -0.003511,
            -0.002184
          ],
          [
            -0.001918,
            0.00111,
            0.002231
          ],
          [
            0.001441,
            0.00324,
            0.00169
          ],
          [
            0.004468,
            0.000267,
            0.000102
          ],
          [
            0.002169,
            -0.000202,
            0.004263
          ],
          [
            -0.002552,
            0.00254,
            0.002063
          ],
          [
            -0.00182,
            0.005582,
            0.001533
          ],
          [
            -0.000842,
            0.002198,
            -0.002912
          ],
          [
            0.014897,
            -0.041932,
            -0.001014
          ],
          [
            -0.018665,
            0.010455,
            -0.002393
          ],
          [
            -0.001581,
            0.000386,
            0.00398
          ],
          [
            -0.020263,
            0.02772,
            0.006891
          ],
          [
            0.009346,
            0.007438,
            -0.004697
          ],
          [
            -0.004198,
            0.019056,
            -0.025394
          ],
          [
            -0.027464,
            0.031754,
            -0.010401
          ],
          [
            0.002752,
            0.012034,
            -0.000392
          ],
          [
            0.029813,
            -0.04398,
            -0.004587
          ],
          [
            -0.013102,
            -0.009184,
            -0.005366
          ],
          [
            -0.007393,
            -0.003423,
            0.003307
          ],
          [
            -7.1e-05,
            0.002763,
            0.007787
          ],
          [
            -0.0005,
            -0.004133,
            -0.000733
          ],
          [
            0.001253,
            0.004377,
            -0.000504
          ],
          [
            -0.001424,
            0.004182,
            0.008889
          ],
          [
            0.006008,
            0.003713,
            0.00323
          ],
          [
            0.008916,
            0.018869,
            -0.009061
          ],
          [
            0.001011,
            0.006247,
            0.013437
          ],
          [
            0.003206,
            -0.000228,
            0.008275
          ],
          [
            0.020123,
            0.006439,
            0.021988
          ],
          [
            -0.007158,
            -0.020594,
            -0.012823
          ],
          [
            0.006257,
            0.002481,
            -0.002675
          ]
        ],
        "Lattice": [
          [
            8.440733911,
            0.0,
            0.0
          ],
          [
            8.440733911,
            14.619780548,
            0.0
          ],
          [
            0.0,
            0.0,
            21.483230591
          ]
        ],
        "NumAtoms": 94,
        "Positions": [
          [
            4.22079,
            2.43687,
            0.0
          ],
          [
            9.84794,
            12.18339,
            0.0
          ],
          [
            7.03437,
            7.31013,
            0.0
          ],
          [
            7.03437,
            2.43687,
            0.0
          ],
          [
            12.66152,
            12.18339,
            0.0
          ],
          [
            9.84795,
            7.31013,
            0.0
          ],
          [
            1.40721,
            2.43687,
            0.0
          ],
          [
            7.03437,
            12.18339,
            0.0
          ],
          [
            4.22079,
            7.31013,
            0.0
          ],
          [
            2.81385,
            0.0,
            0.0
          ],
          [
            8.44101,
            9.74652,
            0.0
          ],
          [
            5.62743,
            4.87326,
            0.0
          ],
          [
            5.62743,
            0.0,
            0.0
          ],
          [
            11.25459,
            9.74652,
            0.0
          ],
          [
            8.44101,
            4.87326,
            0.0
          ],
          [
            0.00028,
            0.0,
            0.0
          ],
          [
            5.62743,
            9.74652,
            0.0
          ],
          [
            2.81385,
            4.87326,
            0.0
          ],
          [
            7.03462,
            4.06144,
            2.2975
          ],
          [
            12.66177,
            13.80796,
            2.2975
          ],
          [
            9.8482,
            8.9347,
            2.2975
          ],
          [
            9.8482,
            4.06144,
            2.2975
          ],
          [
            15.47535,
            13.80796,
            2.2975
          ],
          [
            12.66177,
            8.9347,
            2.2975
          ],
          [
            4.22104,
            4.06144,
            2.2975
          ],
          [
            9.8482,
            13.80796,
            2.2975
          ],
          [
            7.03462,
            8.9347,
            2.2975
          ],
          [
            5.62769,
            1.62456,
            2.2975
          ],
          [
            11.25484,
            11.37109,
            2.2975
          ],
          [
            8.44127,
            6.49782,
            2.2975
          ],
          [
            8.44127,
            1.62456,
            2.2975
          ],
          [
            14.06842,
            11.37109,
            2.2975
          ],
          [
            11.25484,
            6.49782,
            2.2975
          ],
          [
            2.81411,
            1.62456,
            2.2975
          ],
          [
            8.44127,
            11.37109,
            2.2975
          ],
          [
            5.62769,
            6.49782,
            2.2975
          ],
          [
            1.40627,
            0.78121,
            4.56885
          ],
          [
            7.03281,
            10.53657,
            4.56638
          ],
          [
            4.22133,
            5.66432,
            4.56362
          ],
          [
            4.21908,
            0.78393,
            4.56795
          ],
          [
            9.84827,
            10.53642,
            4.56605
          ],
          [
            7.03379,
            5.6634,
            4.56261
          ],
          [
            7.03241,
            0.7811,
            4.56522
          ],
          [
            12.66265,
            10.53812,
            4.56705
          ],
          [
            9.85081,
            5.66153,
            4.55744
          ],
          [
            2.81271,
            3.22099,
            4.56354
          ],
          [
            8.43932,
            12.96816,
            4.57018
          ],
          [
            5.62788,
            8.10406,
            4.56559
          ],
          [
            5.62472,
            3.22297,
            4.56253
          ],
          [
            11.25413,
            12.96909,
            4.56983
          ],
          [
            8.44373,
            8.09816,
            4.56627
          ],
          [
            8.44112,
            3.21769,
            4.55968
          ],
          [
            14.06732,
            12.96976,
            4.56993
          ],
          [
            11.25558,
            8.10063,
            4.56619
          ],
          [
            14.0641,
            14.57265,
            6.87839
          ],
          [
            11.25743,
            9.70533,
            6.86884
          ],
          [
            8.44357,
            4.82452,
            6.85008
          ],
          [
            11.25099,
            14.5742,
            6.8785
          ],
          [
            8.43772,
            9.70749,
            6.86388
          ],
          [
            5.62459,
            4.83209,
            6.86543
          ],
          [
            2.81873,
            4.82219,
            6.86532
          ],
          [
            8.43828,
            14.57338,
            6.88015
          ],
          [
            5.62813,
            9.70375,
            6.87768
          ],
          [
            1.40568,
            2.38811,
            6.87189
          ],
          [
            7.03218,
            12.14088,
            6.88062
          ],
          [
            4.22554,
            7.26503,
            6.87349
          ],
          [
            7.02782,
            2.3864,
            6.85963
          ],
          [
            12.65918,
            12.14005,
            6.8791
          ],
          [
            9.85458,
            7.25771,
            6.86708
          ],
          [
            7.03291,
            7.26578,
            6.86887
          ],
          [
            4.21591,
            2.38816,
            6.87223
          ],
          [
            9.84577,
            12.14059,
            6.87937
          ],
          [
            9.14242,
            7.82238,
            10.10573
          ],
          [
            9.8099,
            9.16221,
            10.23255
          ],
          [
            10.18765,
            9.43549,
            11.69761
          ],
          [
            7.46596,
            4.38844,
            10.2353
          ],
          [
            6.81088,
            3.03589,
            10.28696
          ],
          [
            7.68703,
            1.8767,
            10.7515
          ],
          [
            9.7916,
            6.78233,
            9.86462
          ],
          [
            7.84017,
            7.82842,
            10.31581
          ],
          [
            6.79979,
            5.43904,
            10.27799
          ],
          [
            8.78351,
            4.37093,
            10.09612
          ],
          [
            7.4401,
            6.87459,
            10.27416
          ],
          [
            9.12709,
            9.9435,
            9.85781
          ],
          [
            10.71544,
            9.15417,
            9.60202
          ],
          [
            10.69616,
            10.40694,
            11.77923
          ],
          [
            9.29202,
            9.45842,
            12.33585
          ],
          [
            10.86847,
            8.65742,
            12.07454
          ],
          [
            9.16475,
            5.32323,
            10.00468
          ],
          [
            6.46795,
            2.84634,
            9.2394
          ],
          [
            5.88536,
            3.13728,
            10.87543
          ],
          [
            8.04546,
            2.03302,
            11.77964
          ],
          [
            7.11102,
            0.93958,
            10.72821
          ],
          [
            8.56448,
            1.75572,
            10.0985
          ]
        ],
        "Stress": [
          [
            -52.47665,
            -0.1234,
            -0.02993
          ],
          [
            -0.1234,
            -51.07399,
            -0.14678
          ],
          [
            -0.02993,
            -0.14678,
            -2.12313
          ]
        ],
        "computation_code": "VASP",
        "pseudopotential_information": [
          [
            "PAW_PBE",
            "Pt",
            "04Feb2005"
          ],
          [
            "PAW_PBE",
            "C",
            "08Apr2002"
          ],
          [
            "PAW_PBE",
            "O",
            "08Apr2002"
          ],
          [
            "PAW_PBE",
            "H",
            "15Jun2001"
          ]
        ]
      }
    ],
    "EnergyStyle": "electronvolt",
    "ForcesStyle": "electronvoltperangstrom",
    "LatticeStyle": "angstrom",
    "PositionsStyle": "angstrom",
    "StressStyle": "kB"
  }
}