{
  "Dataset": {
    "AtomTypeStyle": "chemicalsymbol",
    "Data": [
      {
        "AtomTypes": [
          "Pt",
          "Pt",
          "Pt",
          "Pt",
          "Pt",
          "Pt",
          "Pt",
          "Pt",
          "Pt",
          "Pt",
          "Pt",
          "Pt",
          "Pt",
          "Pt",
          "Pt",
          "Pt",
          "Pt",
          "Pt",
          "Pt",
          "Pt",
          "Pt",
          "Pt",
          "Pt",
          "Pt",
          "Pt",
          "Pt",
          "Pt",
          "Pt",
          "Pt",
          "Pt",
          "Pt",
          "Pt",
          "Pt",
          "Pt",
          "Pt",
          "Pt",
          "Pt",
          "Pt",
          "Pt",
          "Pt",
          "Pt",
          "Pt",
          "Pt",
          "Pt",
          "Pt",
          "Pt",
          "Pt",
          "Pt",
          "Pt",
          "Pt",
          "Pt",
          "Pt",
          "Pt",
          "Pt",
          "Pt",
          "Pt",
          "Pt",
          "Pt",
          "Pt",
          "Pt",
          "Pt",
          "Pt",
          "Pt",
          "Pt",
          "C",
          "C",
          "C",
          "C",
          "C",
          "C",
          "O",
          "O",
          "O",
          "O",
          "H",
          "H",
          "H",
          "H",
          "H",
          "H",
          "H",
          "H",
          "H",
          "H",
          "H",
          "H"
        ],
        "Energy": -312.00897409,
        "Forces": [
          [
            -0.004805,
            0.000217,
            -0.035194
          ],
          [
            -0.000791,
            0.001181,
            -0.030362
          ],
          [
            -0.003308,
            0.006,
            -0.031501
          ],
          [
            -0.007655,
            -0.001185,
            -0.027947
          ],
          [
            0.000231,
            0.000954,
            -0.039138
          ],
          [
            0.000809,
            -0.000755,
            -0.029371
          ],
          [
            -0.004393,
            0.002106,
            -0.037217
          ],
          [
            -0.00543,
            0.003604,
            -0.035785
          ],
          [
            -0.003149,
            0.00648,
            -0.035288
          ],
          [
            -0.002739,
            -3.2e-05,
            -0.034982
          ],
          [
            -0.00729,
            0.008667,
            -0.030418
          ],
          [
            -0.001976,
            -8.4e-05,
            -0.035746
          ],
          [
            0.002336,
            0.006836,
            -0.032951
          ],
          [
            -0.002495,
            -0.000197,
            -0.037185
          ],
          [
            -0.00288,
            0.007422,
            -0.036158
          ],
          [
            -0.001089,
            0.00106,
            -0.038134
          ],
          [
            -0.006168,
            0.000243,
            0.02886
          ],
          [
            -0.004182,
            -0.006812,
            0.04808
          ],
          [
            0.0049,
            -0.005156,
            0.035976
          ],
          [
            0.007454,
            -0.005617,
            0.049069
          ],
          [
            -0.004382,
            0.006976,
            0.045842
          ],
          [
            -0.006554,
            0.010756,
            0.020855
          ],
          [
            0.003781,
            -0.005381,
            0.040588
          ],
          [
            0.00796,
            -0.00636,
            0.038268
          ],
          [
            0.006743,
            -0.002848,
            0.043526
          ],
          [
            0.008527,
            -0.00061,
            0.049676
          ],
          [
            0.013958,
            -0.008523,
            0.027175
          ],
          [
            0.019005,
            0.002938,
            0.01663
          ],
          [
            0.005021,
            -0.00411,
            0.043145
          ],
          [
            0.016801,
            -0.015257,
            0.061081
          ],
          [
            0.006105,
            -0.014925,
            0.008352
          ],
          [
            0.006273,
            -0.010691,
            0.03525
          ],
          [
            -0.00523,
            0.000127,
            0.007691
          ],
          [
            0.004036,
            -0.005943,
            -0.002375
          ],
          [
            -0.001,
            -0.004928,
            0.012671
          ],
          [
            0.011416,
            -0.006658,
            0.017821
          ],
          [
            0.00468,
            -0.005749,
            -0.011368
          ],
          [
            -0.013834,
            -0.002907,
            0.000947
          ],
          [
            0.003017,
            -0.002363,
            0.0007
          ],
          [
            -0.00769,
            -0.012029,
            0.002715
          ],
          [
            0.000753,
            0.010225,
            -0.000542
          ],
          [
            -0.00877,
            -0.003776,
            -0.00533
          ],
          [
            0.006678,
            0.00482,
            0.006668
          ],
          [
            -0.019798,
            -0.000559,
            0.00525
          ],
          [
            -0.002791,
            0.010443,
            -0.003991
          ],
          [
            0.008306,
            -0.000979,
            -0.002316
          ],
          [
            -0.006186,
            0.0089,
            0.014882
          ],
          [
            0.010355,
            0.007098,
            0.007261
          ],
          [
            -0.008361,
            -0.016439,
            -0.001436
          ],
          [
            0.002804,
            0.007593,
            0.000336
          ],
          [
            -0.002926,
            -8e-05,
            -0.005386
          ],
          [
            -0.005475,
            0.004162,
            -0.008301
          ],
          [
            0.009771,
            -0.009374,
            -0.000155
          ],
          [
            0.002366,
            0.007977,
            0.000546
          ],
          [
            0.005655,
            -0.006482,
            0.002827
          ],
          [
            0.001192,
            0.009795,
            -0.00056
          ],
          [
            -0.00672,
            -0.002205,
            -0.002252
          ],
          [
            0.000644,
            -0.002316,
            -0.001406
          ],
          [
            0.003305,
            -0.007916,
            0.007883
          ],
          [
            -0.00113,
            0.000385,
            -0.010848
          ],
          [
            0.011421,
            0.009188,
            0.013197
          ],
          [
            -0.000164,
            0.001794,
            -0.005993
          ],
          [
            -0.003167,
            0.005463,
            -0.0009
          ],
          [
            -0.000418,
            0.006883,
            0.00018
          ],
          [
            -0.392928,
            0.332507,
            0.073052
          ],
          [
            -0.034032,
            -0.108347,
            -0.059546
          ],
          [
            -0.026029,
            -0.031894,
            -0.06111
          ],
          [
            -0.135207,
            0.006183,
            0.023259
          ],
          [
            0.010575,
            0.004845,
            -0.117272
          ],
          [
            0.053221,
            -0.042967,
            -0.02113
          ],
          [
            0.197963,
            -0.237879,
            -0.039292
          ],
          [
            0.151928,
            -0.018497,
            -0.030646
          ],
          [
            0.06899,
            -0.062343,
            -0.007774
          ],
          [
            0.061883,
            0.064154,
            -0.010909
          ],
          [
            0.013249,
            0.050838,
            0.036972
          ],
          [
            0.065638,
            -0.061919,
            0.042333
          ],
          [
            -0.093271,
            0.058209,
            0.025095
          ],
          [
            0.005498,
            0.067574,
            0.060975
          ],
          [
            0.086099,
            -0.028515,
            -0.046925
          ],
          [
            -0.040507,
            0.039849,
            -0.037604
          ],
          [
            0.015451,
            -0.016546,
            0.001797
          ],
          [
            -0.031932,
            0.006759,
            0.040248
          ],
          [
            -0.011313,
            -0.001643,
            0.014288
          ],
          [
            0.007756,
            0.009762,
            0.058833
          ],
          [
            0.003461,
            -0.009675,
            -0.01976
          ],
          [
            -0.009853,
            -0.001502,
            -0.008297
          ]
        ],
        "Lattice": [
          [
            11.254311534,
            0.0,
            0.0
          ],
          [
            5.627155767,
            9.746519691,
            0.0
          ],
          [
            0.0,
            0.0,
            21.483230925
          ]
        ],
        "NumAtoms": 86,
        "Positions": [
          [
            4.22079,
            2.43687,
            0.0
          ],
          [
            7.03437,
            7.31013,
            0.0
          ],
          [
            9.84794,
            2.43687,
            0.0
          ],
          [
            12.66152,
            7.31013,
            0.0
          ],
          [
            1.40693,
            2.43687,
            0.0
          ],
          [
            4.22051,
            7.31013,
            0.0
          ],
          [
            7.03409,
            2.43687,
            0.0
          ],
          [
            9.84766,
            7.31013,
            0.0
          ],
          [
            2.81385,
            0.0,
            0.0
          ],
          [
            5.62743,
            4.87326,
            0.0
          ],
          [
            8.44101,
            0.0,
            0.0
          ],
          [
            11.25459,
            4.87326,
            0.0
          ],
          [
            0.0,
            0.0,
            0.0
          ],
          [
            2.81358,
            4.87326,
            0.0
          ],
          [
            5.62716,
            0.0,
            0.0
          ],
          [
            8.44073,
            4.87326,
            0.0
          ],
          [
            7.03462,
            4.06144,
            2.2975
          ],
          [
            9.8482,
            8.9347,
            2.2975
          ],
          [
            12.66177,
            4.06144,
            2.2975
          ],
          [
            15.47535,
            8.9347,
            2.2975
          ],
          [
            5.62769,
            1.62456,
            2.2975
          ],
          [
            8.44127,
            6.49782,
            2.2975
          ],
          [
            11.25484,
            1.62456,
            2.2975
          ],
          [
            14.06842,
            6.49782,
            2.2975
          ],
          [
            2.81383,
            1.62456,
            2.2975
          ],
          [
            5.62741,
            6.49782,
            2.2975
          ],
          [
            8.44098,
            1.62456,
            2.2975
          ],
          [
            11.25456,
            6.49782,
            2.2975
          ],
          [
            4.22076,
            4.06144,
            2.2975
          ],
          [
            7.03434,
            8.9347,
            2.2975
          ],
          [
            9.84791,
            4.06144,
            2.2975
          ],
          [
            12.66149,
            8.9347,
            2.2975
          ],
          [
            1.41222,
            0.8082,
            4.57002
          ],
          [
            4.22454,
            5.68433,
            4.56941
          ],
          [
            7.04003,
            0.80633,
            4.56723
          ],
          [
            9.85657,
            5.68301,
            4.55841
          ],
          [
            4.22559,
            0.80814,
            4.57072
          ],
          [
            7.03854,
            5.68507,
            4.56619
          ],
          [
            9.85256,
            0.80558,
            4.57142
          ],
          [
            12.66991,
            5.68396,
            4.569
          ],
          [
            2.81803,
            3.24452,
            4.56886
          ],
          [
            5.63295,
            8.12097,
            4.57175
          ],
          [
            8.44567,
            3.23993,
            4.56333
          ],
          [
            11.26466,
            8.11974,
            4.56779
          ],
          [
            5.631,
            3.24501,
            4.56849
          ],
          [
            8.44738,
            8.12028,
            4.57146
          ],
          [
            11.26081,
            3.24238,
            4.56657
          ],
          [
            14.07415,
            8.11895,
            4.5699
          ],
          [
            2.82414,
            -0.00381,
            6.88034
          ],
          [
            5.63414,
            4.87049,
            6.87222
          ],
          [
            14.07881,
            9.73651,
            6.88257
          ],
          [
            11.26895,
            4.86212,
            6.87076
          ],
          [
            0.01081,
            -0.00494,
            6.88081
          ],
          [
            2.82414,
            4.86365,
            6.87714
          ],
          [
            11.26302,
            9.7376,
            6.87807
          ],
          [
            8.45596,
            4.8654,
            6.85146
          ],
          [
            1.4178,
            2.42875,
            6.87998
          ],
          [
            4.23108,
            7.30462,
            6.87918
          ],
          [
            7.03971,
            2.42379,
            6.8688
          ],
          [
            9.86431,
            7.29898,
            6.86942
          ],
          [
            4.22449,
            2.42685,
            6.87694
          ],
          [
            7.04466,
            7.30498,
            6.87684
          ],
          [
            9.8598,
            2.42688,
            6.87529
          ],
          [
            12.67436,
            7.30125,
            6.87918
          ],
          [
            9.35977,
            7.65678,
            10.24704
          ],
          [
            10.0656,
            8.95978,
            10.52243
          ],
          [
            10.04114,
            9.26921,
            12.03199
          ],
          [
            7.51896,
            4.3224,
            10.22175
          ],
          [
            6.83408,
            2.98678,
            10.29851
          ],
          [
            7.5091,
            1.96927,
            11.21255
          ],
          [
            9.96833,
            6.59818,
            10.02806
          ],
          [
            8.0367,
            7.73397,
            10.31069
          ],
          [
            6.88285,
            5.3924,
            10.1873
          ],
          [
            8.83695,
            4.25207,
            10.15189
          ],
          [
            7.59446,
            6.80589,
            10.20326
          ],
          [
            3.92729,
            0.01788,
            9.95941
          ],
          [
            11.10178,
            8.86123,
            10.15266
          ],
          [
            4.95564,
            0.45773,
            12.22315
          ],
          [
            9.0073,
            9.38533,
            12.39668
          ],
          [
            10.53315,
            8.46732,
            12.60773
          ],
          [
            9.26466,
            5.18797,
            10.0704
          ],
          [
            6.84959,
            2.59747,
            9.24541
          ],
          [
            5.7759,
            3.15739,
            10.54601
          ],
          [
            7.49531,
            2.30855,
            12.25877
          ],
          [
            6.98665,
            1.0031,
            11.16163
          ],
          [
            8.5566,
            1.80867,
            10.91925
          ]
        ],
        "Stress": [
          [
            -51.73269,
            -0.16652,
            -0.07265
          ],
          [
            -0.16652,
            -51.69743,
            0.16274
          ],
          [
            -0.07265,
            0.16274,
            -3.27942
          ]
        ],
        "computation_code": "VASP",
        "pseudopotential_information": [
          [
            "PAW_PBE",
            "Pt",
            "04Feb2005"
          ],
          [
            "PAW_PBE",
            "C",
            "08Apr2002"
          ],
          [
            "PAW_PBE",
            "O",
            "08Apr2002"
          ],
          [
            "PAW_PBE",
            "H",
            "15Jun2001"
          ]
        ]
      }
    ],
    "EnergyStyle": "electronvolt",
    "ForcesStyle": "electronvoltperangstrom",
    "LatticeStyle": "angstrom",
    "PositionsStyle": "angstrom",
    "StressStyle": "kB"
  }
}