{
  "Dataset": {
    "AtomTypeStyle": "chemicalsymbol",
    "Data": [
      {
        "AtomTypes": [
          "Pt",
          "Pt",
          "Pt",
          "Pt",
          "Pt",
          "Pt",
          "Pt",
          "Pt",
          "Pt",
          "Pt",
          "Pt",
          "Pt",
          "Pt",
          "Pt",
          "Pt",
          "Pt",
          "Pt",
          "Pt",
          "Pt",
          "Pt",
          "Pt",
          "Pt",
          "Pt",
          "Pt",
          "Pt",
          "Pt",
          "Pt",
          "Pt",
          "Pt",
          "Pt",
          "Pt",
          "Pt",
          "Pt",
          "Pt",
          "Pt",
          "Pt",
          "Pt",
          "Pt",
          "Pt",
          "Pt",
          "Pt",
          "Pt",
          "Pt",
          "Pt",
          "Pt",
          "Pt",
          "Pt",
          "Pt",
          "Pt",
          "Pt",
          "Pt",
          "Pt",
          "Pt",
          "Pt",
          "Pt",
          "Pt",
          "Pt",
          "Pt",
          "Pt",
          "Pt",
          "Pt",
          "Pt",
          "Pt",
          "Pt",
          "Pt",
          "Pt",
          "Pt",
          "Pt",
          "Pt",
          "Pt",
          "Pt",
          "Pt",
          "C",
          "C",
          "C",
          "C",
          "C",
          "C",
          "O",
          "O",
          "O",
          "O",
          "H",
          "H",
          "H",
          "H",
          "H",
          "H",
          "H",
          "H",
          "H",
          "H",
          "H",
          "H"
        ],
        "Energy": -337.43193989,
        "Forces": [
          [
            -0.00247,
            0.013965,
            -0.044209
          ],
          [
            0.001115,
            0.020006,
            -0.028539
          ],
          [
            -0.007319,
            0.013758,
            -0.031534
          ],
          [
            0.001566,
            0.018086,
            -0.043726
          ],
          [
            0.003496,
            0.013874,
            -0.02549
          ],
          [
            -0.000895,
            0.005026,
            -0.037325
          ],
          [
            0.002117,
            0.003996,
            -0.063978
          ],
          [
            -0.005339,
            0.018692,
            -0.026982
          ],
          [
            0.009966,
            0.008428,
            -0.040053
          ],
          [
            0.004617,
            0.022477,
            -0.03382
          ],
          [
            -0.005501,
            0.016322,
            -0.026504
          ],
          [
            0.001481,
            0.007874,
            -0.036719
          ],
          [
            -0.001064,
            0.023361,
            -0.035612
          ],
          [
            0.009014,
            0.011989,
            -0.024757
          ],
          [
            0.004888,
            0.005434,
            -0.042954
          ],
          [
            -0.00214,
            0.025545,
            -0.033265
          ],
          [
            0.002272,
            0.02707,
            -0.081314
          ],
          [
            0.001142,
            -0.003412,
            -0.043663
          ],
          [
            -0.007457,
            -0.00595,
            0.000388
          ],
          [
            -0.001432,
            -0.028905,
            0.050769
          ],
          [
            0.002251,
            -0.045072,
            0.075643
          ],
          [
            0.002511,
            0.030941,
            0.021719
          ],
          [
            -0.00269,
            -0.040393,
            0.038762
          ],
          [
            -0.046638,
            -0.031548,
            0.073676
          ],
          [
            -0.003191,
            -0.003697,
            0.030893
          ],
          [
            2.3e-05,
            -0.029028,
            0.048437
          ],
          [
            0.025646,
            -0.032028,
            0.04411
          ],
          [
            -0.004033,
            -0.018993,
            0.028632
          ],
          [
            -0.005073,
            -0.012366,
            0.04324
          ],
          [
            0.022149,
            0.006779,
            0.04441
          ],
          [
            0.010705,
            -0.02818,
            0.009156
          ],
          [
            -0.005192,
            -0.029345,
            0.036652
          ],
          [
            -0.028295,
            0.020432,
            0.064869
          ],
          [
            -0.005733,
            -0.015259,
            0.036962
          ],
          [
            0.00936,
            -0.020041,
            0.031403
          ],
          [
            0.002668,
            -0.013355,
            0.045163
          ],
          [
            -0.000227,
            -0.000599,
            -0.001144
          ],
          [
            -0.001982,
            -0.000253,
            -0.00299
          ],
          [
            0.003447,
            0.002678,
            -0.001026
          ],
          [
            -0.003776,
            0.004352,
            0.003312
          ],
          [
            -0.007939,
            0.000964,
            -0.005512
          ],
          [
            -0.000387,
            -0.002353,
            0.000578
          ],
          [
            -0.001675,
            0.00055,
            -0.001891
          ],
          [
            0.002803,
            0.002951,
            6.7e-05
          ],
          [
            0.003528,
            0.001698,
            0.00118
          ],
          [
            -0.001398,
            -0.00035,
            0.002821
          ],
          [
            -0.000729,
            -0.001347,
            0.003711
          ],
          [
            -0.001291,
            -0.008538,
            0.000676
          ],
          [
            -0.001876,
            -0.000364,
            0.004629
          ],
          [
            0.000103,
            -0.001413,
            -0.004721
          ],
          [
            -0.004309,
            -0.005305,
            0.003787
          ],
          [
            0.000985,
            -0.000765,
            0.00746
          ],
          [
            -0.002067,
            -0.004873,
            -0.005415
          ],
          [
            0.001873,
            -0.010585,
            -0.006138
          ],
          [
            -0.003366,
            -0.000272,
            7.2e-05
          ],
          [
            0.000373,
            0.002034,
            0.001522
          ],
          [
            0.005894,
            -0.000255,
            0.00307
          ],
          [
            -0.00054,
            -0.001335,
            -6.5e-05
          ],
          [
            -0.002275,
            -0.003595,
            -0.002612
          ],
          [
            -0.00185,
            0.002482,
            0.001491
          ],
          [
            0.001388,
            0.003099,
            0.000967
          ],
          [
            -0.00427,
            -0.005616,
            -0.004014
          ],
          [
            -0.000161,
            -0.004507,
            -0.000702
          ],
          [
            0.001248,
            0.005317,
            0.001111
          ],
          [
            0.002161,
            0.003522,
            -0.005981
          ],
          [
            0.002262,
            0.002291,
            -0.000669
          ],
          [
            -0.002254,
            0.003087,
            -0.001408
          ],
          [
            0.000301,
            -0.006347,
            -0.001319
          ],
          [
            -0.005144,
            0.004634,
            0.002157
          ],
          [
            -0.000587,
            -0.000336,
            0.000875
          ],
          [
            5.7e-05,
            0.002609,
            -0.004787
          ],
          [
            -0.00359,
            -0.000166,
            -0.003732
          ],
          [
            0.035631,
            -0.014608,
            -0.030176
          ],
          [
            0.006599,
            -0.005912,
            0.010175
          ],
          [
            -0.00044,
            0.015733,
            0.008115
          ],
          [
            0.043498,
            -0.020831,
            0.034223
          ],
          [
            -0.007574,
            -0.000822,
            -0.003758
          ],
          [
            0.002818,
            0.007622,
            0.010099
          ],
          [
            -0.007046,
            0.023829,
            0.020661
          ],
          [
            -0.024033,
            -0.003611,
            0.000987
          ],
          [
            -0.022449,
            0.027697,
            -0.006994
          ],
          [
            -0.005145,
            0.011123,
            -0.020661
          ],
          [
            0.008286,
            0.006527,
            -0.004354
          ],
          [
            -0.000184,
            0.008077,
            -0.000623
          ],
          [
            -0.012232,
            0.00154,
            0.005691
          ],
          [
            -0.00018,
            0.000994,
            -0.004136
          ],
          [
            0.021319,
            0.015369,
            -0.010965
          ],
          [
            0.003206,
            0.012865,
            -0.009335
          ],
          [
            -0.001865,
            -0.018847,
            0.005543
          ],
          [
            -0.008689,
            -0.003129,
            -0.005978
          ],
          [
            0.000255,
            -0.002167,
            0.003618
          ],
          [
            0.000506,
            0.002319,
            -0.004532
          ],
          [
            -0.001223,
            -0.007815,
            0.002734
          ],
          [
            0.011687,
            0.004472,
            -0.010137
          ]
        ],
        "Lattice": [
          [
            8.440733911,
            0.0,
            0.0
          ],
          [
            8.440733911,
            14.619780548,
            0.0
          ],
          [
            0.0,
            0.0,
            21.483230591
          ]
        ],
        "NumAtoms": 94,
        "Positions": [
          [
            4.22079,
            2.43687,
            0.0
          ],
          [
            9.84794,
            12.18339,
            0.0
          ],
          [
            7.03437,
            7.31013,
            0.0
          ],
          [
            7.03437,
            2.43687,
            0.0
          ],
          [
            12.66152,
            12.18339,
            0.0
          ],
          [
            9.84795,
            7.31013,
            0.0
          ],
          [
            1.40721,
            2.43687,
            0.0
          ],
          [
            7.03437,
            12.18339,
            0.0
          ],
          [
            4.22079,
            7.31013,
            0.0
          ],
          [
            2.81385,
            0.0,
            0.0
          ],
          [
            8.44101,
            9.74652,
            0.0
          ],
          [
            5.62743,
            4.87326,
            0.0
          ],
          [
            5.62743,
            0.0,
            0.0
          ],
          [
            11.25459,
            9.74652,
            0.0
          ],
          [
            8.44101,
            4.87326,
            0.0
          ],
          [
            0.00028,
            0.0,
            0.0
          ],
          [
            5.62743,
            9.74652,
            0.0
          ],
          [
            2.81385,
            4.87326,
            0.0
          ],
          [
            7.03462,
            4.06144,
            2.2975
          ],
          [
            12.66177,
            13.80796,
            2.2975
          ],
          [
            9.8482,
            8.9347,
            2.2975
          ],
          [
            9.8482,
            4.06144,
            2.2975
          ],
          [
            15.47535,
            13.80796,
            2.2975
          ],
          [
            12.66177,
            8.9347,
            2.2975
          ],
          [
            4.22104,
            4.06144,
            2.2975
          ],
          [
            9.8482,
            13.80796,
            2.2975
          ],
          [
            7.03462,
            8.9347,
            2.2975
          ],
          [
            5.62769,
            1.62456,
            2.2975
          ],
          [
            11.25484,
            11.37109,
            2.2975
          ],
          [
            8.44127,
            6.49782,
            2.2975
          ],
          [
            8.44127,
            1.62456,
            2.2975
          ],
          [
            14.06842,
            11.37109,
            2.2975
          ],
          [
            11.25484,
            6.49782,
            2.2975
          ],
          [
            2.81411,
            1.62456,
            2.2975
          ],
          [
            8.44127,
            11.37109,
            2.2975
          ],
          [
            5.62769,
            6.49782,
            2.2975
          ],
          [
            1.40743,
            0.77964,
            4.56628
          ],
          [
            7.03133,
            10.53598,
            4.56449
          ],
          [
            4.21952,
            5.66813,
            4.56359
          ],
          [
            4.22062,
            0.78468,
            4.56795
          ],
          [
            9.84976,
            10.5367,
            4.56786
          ],
          [
            7.03054,
            5.66387,
            4.5614
          ],
          [
            7.03387,
            0.77873,
            4.56355
          ],
          [
            12.66086,
            10.53746,
            4.56677
          ],
          [
            9.84882,
            5.67024,
            4.56912
          ],
          [
            2.81351,
            3.22233,
            4.56104
          ],
          [
            8.4404,
            12.96528,
            4.56974
          ],
          [
            5.6237,
            8.10765,
            4.56163
          ],
          [
            5.6232,
            3.22338,
            4.56157
          ],
          [
            11.25562,
            12.96999,
            4.57072
          ],
          [
            8.44646,
            8.09707,
            4.57425
          ],
          [
            8.44219,
            3.21765,
            4.55181
          ],
          [
            14.06774,
            12.96943,
            4.57037
          ],
          [
            11.24686,
            8.09901,
            4.58136
          ],
          [
            14.06594,
            14.57301,
            6.87842
          ],
          [
            11.25814,
            9.71473,
            6.87329
          ],
          [
            8.43117,
            4.81332,
            6.83811
          ],
          [
            11.25331,
            14.57457,
            6.87992
          ],
          [
            8.4332,
            9.71637,
            6.86124
          ],
          [
            5.62007,
            4.82575,
            6.86861
          ],
          [
            2.8212,
            4.8163,
            6.8607
          ],
          [
            8.43993,
            14.57374,
            6.87796
          ],
          [
            5.62544,
            9.70657,
            6.87906
          ],
          [
            1.40677,
            2.38451,
            6.86514
          ],
          [
            7.03206,
            12.14205,
            6.88291
          ],
          [
            4.22597,
            7.26466,
            6.87658
          ],
          [
            7.0253,
            2.38178,
            6.8538
          ],
          [
            12.6607,
            12.1434,
            6.88143
          ],
          [
            9.85131,
            7.26215,
            6.90818
          ],
          [
            7.02033,
            7.26631,
            6.86193
          ],
          [
            4.21678,
            2.38605,
            6.87714
          ],
          [
            9.84645,
            12.14502,
            6.88167
          ],
          [
            9.00581,
            7.98519,
            10.08459
          ],
          [
            9.66978,
            9.31892,
            10.24771
          ],
          [
            10.14266,
            9.50147,
            11.70061
          ],
          [
            7.50058,
            4.48613,
            10.27986
          ],
          [
            6.92587,
            3.10155,
            10.3496
          ],
          [
            7.92947,
            1.97212,
            10.57323
          ],
          [
            9.54218,
            7.0359,
            9.45437
          ],
          [
            7.85511,
            7.85919,
            10.69642
          ],
          [
            6.84204,
            5.49368,
            10.58734
          ],
          [
            8.74954,
            4.55287,
            9.83024
          ],
          [
            7.44691,
            6.90268,
            10.60313
          ],
          [
            8.94737,
            10.10961,
            9.97963
          ],
          [
            10.52016,
            9.3733,
            9.54765
          ],
          [
            10.64061,
            10.47528,
            11.81259
          ],
          [
            9.2918,
            9.4596,
            12.39647
          ],
          [
            10.86135,
            8.71519,
            11.98021
          ],
          [
            9.05158,
            5.52558,
            9.70533
          ],
          [
            6.41561,
            2.95606,
            9.36927
          ],
          [
            6.12302,
            3.11304,
            11.10263
          ],
          [
            8.44154,
            2.07484,
            11.54273
          ],
          [
            7.40988,
            1.002,
            10.55716
          ],
          [
            8.6949,
            1.95783,
            9.78241
          ]
        ],
        "Stress": [
          [
            -52.38318,
            -0.08145,
            0.02591
          ],
          [
            -0.08145,
            -50.79651,
            0.00622
          ],
          [
            0.02591,
            0.00622,
            -2.13583
          ]
        ],
        "computation_code": "VASP",
        "pseudopotential_information": [
          [
            "PAW_PBE",
            "Pt",
            "04Feb2005"
          ],
          [
            "PAW_PBE",
            "C",
            "08Apr2002"
          ],
          [
            "PAW_PBE",
            "O",
            "08Apr2002"
          ],
          [
            "PAW_PBE",
            "H",
            "15Jun2001"
          ]
        ]
      }
    ],
    "EnergyStyle": "electronvolt",
    "ForcesStyle": "electronvoltperangstrom",
    "LatticeStyle": "angstrom",
    "PositionsStyle": "angstrom",
    "StressStyle": "kB"
  }
}