{
  "Dataset": {
    "AtomTypeStyle": "chemicalsymbol",
    "Data": [
      {
        "AtomTypes": [
          "Pt",
          "Pt",
          "Pt",
          "Pt",
          "Pt",
          "Pt",
          "Pt",
          "Pt",
          "Pt",
          "Pt",
          "Pt",
          "Pt",
          "Pt",
          "Pt",
          "Pt",
          "Pt",
          "Pt",
          "Pt",
          "Pt",
          "Pt",
          "Pt",
          "Pt",
          "Pt",
          "Pt",
          "Pt",
          "Pt",
          "Pt",
          "Pt",
          "Pt",
          "Pt",
          "Pt",
          "Pt",
          "Pt",
          "Pt",
          "Pt",
          "Pt",
          "Pt",
          "Pt",
          "Pt",
          "Pt",
          "Pt",
          "Pt",
          "Pt",
          "Pt",
          "Pt",
          "Pt",
          "Pt",
          "Pt",
          "Pt",
          "Pt",
          "Pt",
          "Pt",
          "Pt",
          "Pt",
          "Pt",
          "Pt",
          "Pt",
          "Pt",
          "Pt",
          "Pt",
          "Pt",
          "Pt",
          "Pt",
          "Pt",
          "Pt",
          "Pt",
          "Pt",
          "Pt",
          "Pt",
          "Pt",
          "Pt",
          "Pt",
          "C",
          "C",
          "C",
          "C",
          "C",
          "C",
          "O",
          "O",
          "O",
          "O",
          "H",
          "H",
          "H",
          "H",
          "H",
          "H",
          "H",
          "H",
          "H",
          "H",
          "H",
          "H"
        ],
        "Energy": -337.43822178,
        "Forces": [
          [
            0.000668,
            0.013905,
            -0.042176
          ],
          [
            0.00298,
            0.019441,
            -0.030034
          ],
          [
            -0.006496,
            0.015859,
            -0.031374
          ],
          [
            0.002968,
            0.017462,
            -0.042501
          ],
          [
            0.004832,
            0.012962,
            -0.026926
          ],
          [
            0.000341,
            0.009436,
            -0.036915
          ],
          [
            0.003985,
            0.005791,
            -0.059683
          ],
          [
            -0.00279,
            0.017912,
            -0.028642
          ],
          [
            0.008926,
            0.011686,
            -0.043581
          ],
          [
            0.00643,
            0.020601,
            -0.034013
          ],
          [
            -0.003836,
            0.01811,
            -0.027613
          ],
          [
            0.002533,
            0.011341,
            -0.037015
          ],
          [
            0.001408,
            0.021556,
            -0.035696
          ],
          [
            0.00907,
            0.015243,
            -0.028093
          ],
          [
            0.005712,
            0.008961,
            -0.042228
          ],
          [
            0.000943,
            0.022972,
            -0.034471
          ],
          [
            0.002643,
            0.026198,
            -0.075812
          ],
          [
            0.003191,
            0.00058,
            -0.041989
          ],
          [
            -0.008246,
            -0.009358,
            0.010034
          ],
          [
            -0.005217,
            -0.024378,
            0.046983
          ],
          [
            -0.003233,
            -0.047678,
            0.066254
          ],
          [
            -0.003087,
            0.02362,
            0.031702
          ],
          [
            -0.005824,
            -0.037633,
            0.035088
          ],
          [
            -0.038508,
            -0.033824,
            0.066715
          ],
          [
            -0.007221,
            -0.008878,
            0.036855
          ],
          [
            -0.003975,
            -0.025299,
            0.043178
          ],
          [
            0.024156,
            -0.03643,
            0.048392
          ],
          [
            -0.007728,
            -0.017323,
            0.031001
          ],
          [
            -0.005658,
            -0.014531,
            0.039332
          ],
          [
            0.017007,
            -0.003423,
            0.050053
          ],
          [
            0.005753,
            -0.023557,
            0.012004
          ],
          [
            -0.009116,
            -0.027112,
            0.033267
          ],
          [
            -0.027406,
            0.009882,
            0.057943
          ],
          [
            -0.009417,
            -0.013849,
            0.038869
          ],
          [
            0.004991,
            -0.020644,
            0.022765
          ],
          [
            0.007157,
            -0.021587,
            0.052748
          ],
          [
            0.002244,
            -0.002038,
            -0.004482
          ],
          [
            0.001617,
            -0.008481,
            -0.001509
          ],
          [
            0.005087,
            -0.001358,
            -0.000487
          ],
          [
            0.000161,
            0.000472,
            0.000517
          ],
          [
            0.000165,
            -0.000931,
            -0.000771
          ],
          [
            -0.004366,
            0.00377,
            -0.001183
          ],
          [
            -0.002375,
            -0.000687,
            0.000794
          ],
          [
            0.001294,
            0.004843,
            0.003515
          ],
          [
            -0.00677,
            -0.001384,
            0.000528
          ],
          [
            0.001649,
            0.002242,
            -0.000382
          ],
          [
            -0.004995,
            0.007427,
            0.002016
          ],
          [
            -0.004255,
            2.5e-05,
            0.001906
          ],
          [
            0.001271,
            0.000823,
            0.002926
          ],
          [
            0.000864,
            -0.003249,
            -0.001569
          ],
          [
            -0.000303,
            0.001396,
            -0.001917
          ],
          [
            0.001617,
            2.3e-05,
            0.002915
          ],
          [
            0.0028,
            -0.002708,
            -0.0034
          ],
          [
            0.001419,
            -0.00275,
            2.6e-05
          ],
          [
            0.003765,
            0.006602,
            -0.002214
          ],
          [
            0.00276,
            0.001631,
            0.003388
          ],
          [
            -0.000289,
            -0.000368,
            -0.001137
          ],
          [
            -0.001248,
            0.003969,
            -0.000269
          ],
          [
            -0.001157,
            -0.000761,
            -0.003219
          ],
          [
            -3.7e-05,
            -0.003205,
            -0.003382
          ],
          [
            -0.00307,
            -0.007763,
            -0.002089
          ],
          [
            0.000869,
            -0.003413,
            -0.000404
          ],
          [
            -0.006093,
            -0.002962,
            -0.00227
          ],
          [
            -0.000936,
            0.010126,
            0.001057
          ],
          [
            0.004243,
            -4.1e-05,
            0.001661
          ],
          [
            0.003463,
            0.005776,
            -0.003089
          ],
          [
            -0.00148,
            -0.001926,
            -0.001505
          ],
          [
            0.006651,
            -0.003612,
            0.004401
          ],
          [
            -0.004402,
            -0.000543,
            -0.00292
          ],
          [
            0.004829,
            -0.000398,
            0.003135
          ],
          [
            0.001735,
            0.00081,
            -0.000226
          ],
          [
            -0.002959,
            0.001109,
            0.000194
          ],
          [
            0.009194,
            0.003866,
            0.003908
          ],
          [
            -0.00204,
            -0.001017,
            -0.01448
          ],
          [
            -0.001242,
            0.006487,
            0.005896
          ],
          [
            -0.013577,
            0.036289,
            0.012339
          ],
          [
            0.014246,
            -0.011537,
            -0.000133
          ],
          [
            -0.01291,
            0.010263,
            -0.009084
          ],
          [
            0.003724,
            -0.011743,
            -0.012295
          ],
          [
            0.006989,
            0.034267,
            0.006772
          ],
          [
            0.026278,
            -0.027492,
            -0.016374
          ],
          [
            0.005166,
            0.011707,
            0.009109
          ],
          [
            -0.012536,
            -0.026332,
            0.002354
          ],
          [
            0.002228,
            0.00801,
            -0.007863
          ],
          [
            -0.015211,
            0.005125,
            0.006016
          ],
          [
            0.007041,
            0.010802,
            -0.007054
          ],
          [
            -0.002649,
            -0.002735,
            0.005113
          ],
          [
            0.007763,
            -0.002066,
            -0.002567
          ],
          [
            -0.002211,
            -0.004134,
            -0.002307
          ],
          [
            0.001173,
            0.000856,
            0.006796
          ],
          [
            -0.000276,
            0.008472,
            -0.001538
          ],
          [
            0.000307,
            0.002533,
            0.005607
          ],
          [
            0.002604,
            0.006684,
            0.000549
          ],
          [
            0.004237,
            0.001215,
            -0.005739
          ]
        ],
        "Lattice": [
          [
            8.440733911,
            0.0,
            0.0
          ],
          [
            8.440733911,
            14.619780548,
            0.0
          ],
          [
            0.0,
            0.0,
            21.483230591
          ]
        ],
        "NumAtoms": 94,
        "Positions": [
          [
            4.22079,
            2.43687,
            0.0
          ],
          [
            9.84794,
            12.18339,
            0.0
          ],
          [
            7.03437,
            7.31013,
            0.0
          ],
          [
            7.03437,
            2.43687,
            0.0
          ],
          [
            12.66152,
            12.18339,
            0.0
          ],
          [
            9.84795,
            7.31013,
            0.0
          ],
          [
            1.40721,
            2.43687,
            0.0
          ],
          [
            7.03437,
            12.18339,
            0.0
          ],
          [
            4.22079,
            7.31013,
            0.0
          ],
          [
            2.81385,
            0.0,
            0.0
          ],
          [
            8.44101,
            9.74652,
            0.0
          ],
          [
            5.62743,
            4.87326,
            0.0
          ],
          [
            5.62743,
            0.0,
            0.0
          ],
          [
            11.25459,
            9.74652,
            0.0
          ],
          [
            8.44101,
            4.87326,
            0.0
          ],
          [
            0.00028,
            0.0,
            0.0
          ],
          [
            5.62743,
            9.74652,
            0.0
          ],
          [
            2.81385,
            4.87326,
            0.0
          ],
          [
            7.03462,
            4.06144,
            2.2975
          ],
          [
            12.66177,
            13.80796,
            2.2975
          ],
          [
            9.8482,
            8.9347,
            2.2975
          ],
          [
            9.8482,
            4.06144,
            2.2975
          ],
          [
            15.47535,
            13.80796,
            2.2975
          ],
          [
            12.66177,
            8.9347,
            2.2975
          ],
          [
            4.22104,
            4.06144,
            2.2975
          ],
          [
            9.8482,
            13.80796,
            2.2975
          ],
          [
            7.03462,
            8.9347,
            2.2975
          ],
          [
            5.62769,
            1.62456,
            2.2975
          ],
          [
            11.25484,
            11.37109,
            2.2975
          ],
          [
            8.44127,
            6.49782,
            2.2975
          ],
          [
            8.44127,
            1.62456,
            2.2975
          ],
          [
            14.06842,
            11.37109,
            2.2975
          ],
          [
            11.25484,
            6.49782,
            2.2975
          ],
          [
            2.81411,
            1.62456,
            2.2975
          ],
          [
            8.44127,
            11.37109,
            2.2975
          ],
          [
            5.62769,
            6.49782,
            2.2975
          ],
          [
            1.40331,
            0.77982,
            4.56609
          ],
          [
            7.02771,
            10.5341,
            4.56336
          ],
          [
            4.21814,
            5.66612,
            4.56431
          ],
          [
            4.21658,
            0.78505,
            4.56803
          ],
          [
            9.84593,
            10.53384,
            4.5658
          ],
          [
            7.0307,
            5.65995,
            4.56458
          ],
          [
            7.02989,
            0.77899,
            4.56307
          ],
          [
            12.65844,
            10.53459,
            4.56624
          ],
          [
            9.84795,
            5.66711,
            4.57
          ],
          [
            2.81046,
            3.22168,
            4.56288
          ],
          [
            8.4371,
            12.96373,
            4.56786
          ],
          [
            5.62344,
            8.10284,
            4.56263
          ],
          [
            5.62014,
            3.22317,
            4.56281
          ],
          [
            11.2518,
            12.96905,
            4.56885
          ],
          [
            8.44363,
            8.09276,
            4.57431
          ],
          [
            8.43941,
            3.2176,
            4.55476
          ],
          [
            14.06315,
            12.96892,
            4.56899
          ],
          [
            11.24646,
            8.09614,
            4.57796
          ],
          [
            14.05734,
            14.56895,
            6.87766
          ],
          [
            11.25077,
            9.70896,
            6.87075
          ],
          [
            8.42971,
            4.81195,
            6.84648
          ],
          [
            11.24582,
            14.57021,
            6.87786
          ],
          [
            8.42669,
            9.71063,
            6.85989
          ],
          [
            5.61569,
            4.82454,
            6.87215
          ],
          [
            2.81739,
            4.8161,
            6.8644
          ],
          [
            8.43094,
            14.57004,
            6.87488
          ],
          [
            5.62026,
            9.70182,
            6.8786
          ],
          [
            1.40136,
            2.38105,
            6.86602
          ],
          [
            7.0241,
            12.13807,
            6.87845
          ],
          [
            4.22029,
            7.26144,
            6.87774
          ],
          [
            7.01907,
            2.38052,
            6.85496
          ],
          [
            12.65196,
            12.1381,
            6.87846
          ],
          [
            9.84649,
            7.25888,
            6.90507
          ],
          [
            7.01677,
            7.26277,
            6.86616
          ],
          [
            4.21072,
            2.3841,
            6.87728
          ],
          [
            9.83879,
            12.14027,
            6.87786
          ],
          [
            9.0154,
            8.01554,
            10.09904
          ],
          [
            9.66633,
            9.35923,
            10.24025
          ],
          [
            10.17693,
            9.56621,
            11.67616
          ],
          [
            7.51116,
            4.50049,
            10.28641
          ],
          [
            6.94274,
            3.11208,
            10.359
          ],
          [
            7.95895,
            1.98818,
            10.55986
          ],
          [
            9.57699,
            7.05509,
            9.51493
          ],
          [
            7.84268,
            7.90137,
            10.67596
          ],
          [
            6.85454,
            5.50619,
            10.60492
          ],
          [
            8.75306,
            4.57186,
            9.81633
          ],
          [
            7.45061,
            6.94271,
            10.59928
          ],
          [
            8.92911,
            10.13936,
            9.9831
          ],
          [
            10.50051,
            9.41537,
            9.52032
          ],
          [
            10.671,
            10.54468,
            11.75832
          ],
          [
            9.347,
            9.53419,
            12.39637
          ],
          [
            10.90854,
            8.7901,
            11.94818
          ],
          [
            9.06209,
            5.54592,
            9.71895
          ],
          [
            6.41332,
            2.96742,
            9.38865
          ],
          [
            6.15609,
            3.11421,
            11.12913
          ],
          [
            8.49357,
            2.09585,
            11.51624
          ],
          [
            7.44659,
            1.01357,
            10.55684
          ],
          [
            8.70659,
            1.97934,
            9.75158
          ]
        ],
        "Stress": [
          [
            -52.45093,
            -0.08594,
            -0.02533
          ],
          [
            -0.08594,
            -50.94592,
            -0.02932
          ],
          [
            -0.02533,
            -0.02932,
            -2.13691
          ]
        ],
        "computation_code": "VASP",
        "pseudopotential_information": [
          [
            "PAW_PBE",
            "Pt",
            "04Feb2005"
          ],
          [
            "PAW_PBE",
            "C",
            "08Apr2002"
          ],
          [
            "PAW_PBE",
            "O",
            "08Apr2002"
          ],
          [
            "PAW_PBE",
            "H",
            "15Jun2001"
          ]
        ]
      }
    ],
    "EnergyStyle": "electronvolt",
    "ForcesStyle": "electronvoltperangstrom",
    "LatticeStyle": "angstrom",
    "PositionsStyle": "angstrom",
    "StressStyle": "kB"
  }
}