{
  "Dataset": {
    "AtomTypeStyle": "chemicalsymbol",
    "Data": [
      {
        "AtomTypes": [
          "Pt",
          "Pt",
          "Pt",
          "Pt",
          "Pt",
          "Pt",
          "Pt",
          "Pt",
          "Pt",
          "Pt",
          "Pt",
          "Pt",
          "Pt",
          "Pt",
          "Pt",
          "Pt",
          "Pt",
          "Pt",
          "Pt",
          "Pt",
          "Pt",
          "Pt",
          "Pt",
          "Pt",
          "Pt",
          "Pt",
          "Pt",
          "Pt",
          "Pt",
          "Pt",
          "Pt",
          "Pt",
          "Pt",
          "Pt",
          "Pt",
          "Pt",
          "Pt",
          "Pt",
          "Pt",
          "Pt",
          "Pt",
          "Pt",
          "Pt",
          "Pt",
          "Pt",
          "Pt",
          "Pt",
          "Pt",
          "Pt",
          "Pt",
          "Pt",
          "Pt",
          "Pt",
          "Pt",
          "Pt",
          "Pt",
          "Pt",
          "Pt",
          "Pt",
          "Pt",
          "Pt",
          "Pt",
          "Pt",
          "Pt",
          "C",
          "C",
          "C",
          "C",
          "C",
          "C",
          "O",
          "O",
          "O",
          "O",
          "H",
          "H",
          "H",
          "H",
          "H",
          "H",
          "H",
          "H",
          "H",
          "H",
          "H",
          "H"
        ],
        "Energy": -312.04888085,
        "Forces": [
          [
            -0.005765,
            0.002556,
            -0.036997
          ],
          [
            -0.002067,
            0.003957,
            -0.031615
          ],
          [
            -0.000499,
            0.006292,
            -0.029101
          ],
          [
            -0.00485,
            -0.000364,
            -0.029854
          ],
          [
            0.00244,
            0.002442,
            -0.039333
          ],
          [
            0.002273,
            0.000827,
            -0.03279
          ],
          [
            -0.005711,
            0.003555,
            -0.035379
          ],
          [
            -0.004408,
            0.006037,
            -0.03592
          ],
          [
            -0.001688,
            0.007621,
            -0.035602
          ],
          [
            -0.003463,
            0.003349,
            -0.036148
          ],
          [
            -0.006559,
            0.006901,
            -0.031014
          ],
          [
            0.000536,
            0.003332,
            -0.03616
          ],
          [
            0.003015,
            0.006031,
            -0.034205
          ],
          [
            -0.001074,
            0.002256,
            -0.038252
          ],
          [
            -0.001913,
            0.00795,
            -0.036136
          ],
          [
            -0.001,
            0.004583,
            -0.036326
          ],
          [
            -0.001843,
            -0.005613,
            0.036623
          ],
          [
            -0.005489,
            -0.013347,
            0.036614
          ],
          [
            0.002322,
            -0.006059,
            0.043125
          ],
          [
            0.002936,
            -0.006432,
            0.049251
          ],
          [
            0.002455,
            0.006307,
            0.042114
          ],
          [
            -0.005654,
            0.000376,
            0.02397
          ],
          [
            0.000213,
            -0.002498,
            0.043881
          ],
          [
            0.001769,
            -0.012466,
            0.047482
          ],
          [
            0.003396,
            -0.001394,
            0.038412
          ],
          [
            0.007088,
            -0.006045,
            0.049307
          ],
          [
            0.010076,
            -0.009627,
            0.035349
          ],
          [
            0.017484,
            -0.003988,
            0.024908
          ],
          [
            0.003672,
            -0.005249,
            0.039623
          ],
          [
            0.013106,
            -0.020953,
            0.057835
          ],
          [
            0.003912,
            -0.016531,
            0.018722
          ],
          [
            0.005069,
            -0.010889,
            0.044896
          ],
          [
            0.002823,
            0.001316,
            -0.000546
          ],
          [
            -0.007913,
            -0.000751,
            -0.004774
          ],
          [
            0.004674,
            -0.007548,
            -0.007118
          ],
          [
            0.005537,
            -0.003182,
            -0.00897
          ],
          [
            -0.005589,
            0.003466,
            0.009197
          ],
          [
            -0.006196,
            -0.000454,
            -0.003404
          ],
          [
            -0.003082,
            -0.006344,
            0.001795
          ],
          [
            0.007079,
            0.000486,
            -0.010073
          ],
          [
            -0.006599,
            0.003246,
            0.007292
          ],
          [
            0.004097,
            0.000867,
            -0.005473
          ],
          [
            -0.006468,
            0.012963,
            -0.008608
          ],
          [
            -0.003411,
            -0.003087,
            -0.005978
          ],
          [
            0.005126,
            0.002639,
            0.003023
          ],
          [
            -0.001273,
            0.006968,
            -0.007732
          ],
          [
            0.003508,
            -0.000239,
            -0.004213
          ],
          [
            0.000184,
            0.006534,
            0.000803
          ],
          [
            0.008408,
            -0.008863,
            0.003213
          ],
          [
            0.003985,
            0.002518,
            -0.001492
          ],
          [
            0.004495,
            0.002014,
            -0.005163
          ],
          [
            0.002576,
            0.007399,
            0.001639
          ],
          [
            -0.004897,
            -0.00553,
            -0.000423
          ],
          [
            -0.000358,
            0.002449,
            -0.005766
          ],
          [
            -0.013239,
            0.000434,
            -0.006938
          ],
          [
            -0.006677,
            0.000864,
            0.001067
          ],
          [
            0.007785,
            -0.000293,
            -0.001956
          ],
          [
            0.007868,
            0.000112,
            0.003518
          ],
          [
            -0.003125,
            0.004582,
            0.000992
          ],
          [
            0.004457,
            0.009565,
            0.00912
          ],
          [
            0.002842,
            -0.001513,
            -0.006667
          ],
          [
            -0.006658,
            0.003235,
            0.003835
          ],
          [
            -0.008429,
            -0.004921,
            0.003525
          ],
          [
            -0.000835,
            -0.001454,
            0.006507
          ],
          [
            0.036784,
            0.048208,
            -0.011383
          ],
          [
            -0.021262,
            -0.015404,
            -0.006762
          ],
          [
            -0.012824,
            -0.039121,
            -0.038103
          ],
          [
            -0.008194,
            0.0124,
            -0.015661
          ],
          [
            -0.03716,
            0.003331,
            0.02224
          ],
          [
            -0.028054,
            0.007345,
            -0.012983
          ],
          [
            -0.003396,
            0.023089,
            -0.000159
          ],
          [
            -0.046884,
            -0.032316,
            -0.014475
          ],
          [
            0.033315,
            -0.003894,
            -0.003426
          ],
          [
            -0.027982,
            -0.017128,
            0.008281
          ],
          [
            0.014389,
            -0.014254,
            0.00289
          ],
          [
            0.014689,
            -0.016661,
            0.067379
          ],
          [
            -0.014941,
            0.001897,
            -0.024348
          ],
          [
            -0.027138,
            0.002728,
            0.015041
          ],
          [
            0.033179,
            0.048949,
            0.013009
          ],
          [
            -0.017003,
            0.049358,
            -0.004243
          ],
          [
            0.014082,
            -0.011242,
            -0.017343
          ],
          [
            0.010445,
            -0.00276,
            0.000197
          ],
          [
            0.012604,
            0.013533,
            0.007271
          ],
          [
            0.015824,
            0.006965,
            0.01826
          ],
          [
            0.007227,
            -0.02445,
            -0.020344
          ],
          [
            0.031826,
            -0.020969,
            -0.022846
          ]
        ],
        "Lattice": [
          [
            11.254311534,
            0.0,
            0.0
          ],
          [
            5.627155767,
            9.746519691,
            0.0
          ],
          [
            0.0,
            0.0,
            21.483230925
          ]
        ],
        "NumAtoms": 86,
        "Positions": [
          [
            4.22079,
            2.43687,
            0.0
          ],
          [
            7.03437,
            7.31013,
            0.0
          ],
          [
            9.84794,
            2.43687,
            0.0
          ],
          [
            12.66152,
            7.31013,
            0.0
          ],
          [
            1.40693,
            2.43687,
            0.0
          ],
          [
            4.22051,
            7.31013,
            0.0
          ],
          [
            7.03409,
            2.43687,
            0.0
          ],
          [
            9.84766,
            7.31013,
            0.0
          ],
          [
            2.81385,
            0.0,
            0.0
          ],
          [
            5.62743,
            4.87326,
            0.0
          ],
          [
            8.44101,
            0.0,
            0.0
          ],
          [
            11.25459,
            4.87326,
            0.0
          ],
          [
            0.0,
            0.0,
            0.0
          ],
          [
            2.81358,
            4.87326,
            0.0
          ],
          [
            5.62716,
            0.0,
            0.0
          ],
          [
            8.44073,
            4.87326,
            0.0
          ],
          [
            7.03462,
            4.06144,
            2.2975
          ],
          [
            9.8482,
            8.9347,
            2.2975
          ],
          [
            12.66177,
            4.06144,
            2.2975
          ],
          [
            15.47535,
            8.9347,
            2.2975
          ],
          [
            5.62769,
            1.62456,
            2.2975
          ],
          [
            8.44127,
            6.49782,
            2.2975
          ],
          [
            11.25484,
            1.62456,
            2.2975
          ],
          [
            14.06842,
            6.49782,
            2.2975
          ],
          [
            2.81383,
            1.62456,
            2.2975
          ],
          [
            5.62741,
            6.49782,
            2.2975
          ],
          [
            8.44098,
            1.62456,
            2.2975
          ],
          [
            11.25456,
            6.49782,
            2.2975
          ],
          [
            4.22076,
            4.06144,
            2.2975
          ],
          [
            7.03434,
            8.9347,
            2.2975
          ],
          [
            9.84791,
            4.06144,
            2.2975
          ],
          [
            12.66149,
            8.9347,
            2.2975
          ],
          [
            1.4088,
            0.80675,
            4.56846
          ],
          [
            4.22343,
            5.6812,
            4.56989
          ],
          [
            7.03996,
            0.8053,
            4.56906
          ],
          [
            9.8552,
            5.67824,
            4.5608
          ],
          [
            4.22623,
            0.80619,
            4.56758
          ],
          [
            7.03716,
            5.68062,
            4.56707
          ],
          [
            9.85167,
            0.80445,
            4.57229
          ],
          [
            12.66669,
            5.68008,
            4.57142
          ],
          [
            2.81748,
            3.24285,
            4.56892
          ],
          [
            5.62953,
            8.11781,
            4.57109
          ],
          [
            8.44598,
            3.23738,
            4.56649
          ],
          [
            11.26235,
            8.11751,
            4.56739
          ],
          [
            5.63014,
            3.24364,
            4.56829
          ],
          [
            8.44608,
            8.11565,
            4.56948
          ],
          [
            11.25867,
            3.24115,
            4.56873
          ],
          [
            14.07303,
            8.11668,
            4.57006
          ],
          [
            2.81862,
            -0.00652,
            6.87097
          ],
          [
            5.63149,
            4.8678,
            6.8739
          ],
          [
            14.07818,
            9.73295,
            6.88415
          ],
          [
            11.26589,
            4.857,
            6.87362
          ],
          [
            0.0095,
            -0.00991,
            6.88119
          ],
          [
            2.82227,
            4.86056,
            6.87943
          ],
          [
            11.26372,
            9.73369,
            6.87614
          ],
          [
            8.45368,
            4.86273,
            6.857
          ],
          [
            1.41429,
            2.42567,
            6.88021
          ],
          [
            4.2267,
            7.3006,
            6.87953
          ],
          [
            7.0388,
            2.41987,
            6.87034
          ],
          [
            9.86228,
            7.29305,
            6.86493
          ],
          [
            4.22396,
            2.42489,
            6.87785
          ],
          [
            7.0414,
            7.29981,
            6.87396
          ],
          [
            9.85817,
            2.42423,
            6.87821
          ],
          [
            12.67202,
            7.29878,
            6.87823
          ],
          [
            9.21251,
            7.71357,
            10.18296
          ],
          [
            9.8835,
            9.05027,
            10.34454
          ],
          [
            9.98388,
            9.39943,
            11.84052
          ],
          [
            7.50331,
            4.30649,
            10.25551
          ],
          [
            6.8663,
            2.94495,
            10.28333
          ],
          [
            7.64849,
            1.86659,
            11.02702
          ],
          [
            9.86366,
            6.66296,
            10.02263
          ],
          [
            7.89648,
            7.74823,
            10.28325
          ],
          [
            6.82685,
            5.3517,
            10.24327
          ],
          [
            8.82443,
            4.29326,
            10.19334
          ],
          [
            7.48057,
            6.80377,
            10.23881
          ],
          [
            3.67085,
            0.06733,
            9.79961
          ],
          [
            10.88674,
            8.98706,
            9.8925
          ],
          [
            4.83827,
            0.63275,
            11.97285
          ],
          [
            8.98308,
            9.43037,
            12.29712
          ],
          [
            10.58662,
            8.6439,
            12.3709
          ],
          [
            9.21401,
            5.24802,
            10.11814
          ],
          [
            6.76853,
            2.65338,
            9.20402
          ],
          [
            5.83309,
            3.05804,
            10.64814
          ],
          [
            7.73121,
            2.10517,
            12.09865
          ],
          [
            7.13921,
            0.89586,
            10.93481
          ],
          [
            8.66367,
            1.76527,
            10.62062
          ]
        ],
        "Stress": [
          [
            -51.60581,
            -0.2133,
            -0.12251
          ],
          [
            -0.2133,
            -51.84465,
            0.19295
          ],
          [
            -0.12251,
            0.19295,
            -3.0759
          ]
        ],
        "computation_code": "VASP",
        "pseudopotential_information": [
          [
            "PAW_PBE",
            "Pt",
            "04Feb2005"
          ],
          [
            "PAW_PBE",
            "C",
            "08Apr2002"
          ],
          [
            "PAW_PBE",
            "O",
            "08Apr2002"
          ],
          [
            "PAW_PBE",
            "H",
            "15Jun2001"
          ]
        ]
      }
    ],
    "EnergyStyle": "electronvolt",
    "ForcesStyle": "electronvoltperangstrom",
    "LatticeStyle": "angstrom",
    "PositionsStyle": "angstrom",
    "StressStyle": "kB"
  }
}