{
  "Dataset": {
    "AtomTypeStyle": "chemicalsymbol",
    "Data": [
      {
        "AtomTypes": [
          "Pt",
          "Pt",
          "Pt",
          "Pt",
          "Pt",
          "Pt",
          "Pt",
          "Pt",
          "Pt",
          "Pt",
          "Pt",
          "Pt",
          "Pt",
          "Pt",
          "Pt",
          "Pt",
          "Pt",
          "Pt",
          "Pt",
          "Pt",
          "Pt",
          "Pt",
          "Pt",
          "Pt",
          "Pt",
          "Pt",
          "Pt",
          "Pt",
          "Pt",
          "Pt",
          "Pt",
          "Pt",
          "Pt",
          "Pt",
          "Pt",
          "Pt",
          "Pt",
          "Pt",
          "Pt",
          "Pt",
          "Pt",
          "Pt",
          "Pt",
          "Pt",
          "Pt",
          "Pt",
          "Pt",
          "Pt",
          "Pt",
          "Pt",
          "Pt",
          "Pt",
          "Pt",
          "Pt",
          "Pt",
          "Pt",
          "Pt",
          "Pt",
          "Pt",
          "Pt",
          "Pt",
          "Pt",
          "Pt",
          "Pt",
          "C",
          "C",
          "C",
          "C",
          "C",
          "C",
          "O",
          "O",
          "O",
          "O",
          "H",
          "H",
          "H",
          "H",
          "H",
          "H",
          "H",
          "H",
          "H",
          "H",
          "H",
          "H"
        ],
        "Energy": -312.07728337,
        "Forces": [
          [
            -0.005879,
            -9e-06,
            -0.036225
          ],
          [
            -0.002917,
            0.001026,
            -0.03085
          ],
          [
            -0.000513,
            0.002606,
            -0.028049
          ],
          [
            -0.004853,
            -0.001164,
            -0.028042
          ],
          [
            0.00214,
            -0.000134,
            -0.03875
          ],
          [
            0.001314,
            -0.00135,
            -0.031875
          ],
          [
            -0.006058,
            -8e-05,
            -0.035055
          ],
          [
            -0.004667,
            0.003799,
            -0.034979
          ],
          [
            -0.003043,
            0.004893,
            -0.034897
          ],
          [
            -0.003548,
            0.000664,
            -0.035822
          ],
          [
            -0.006445,
            0.004313,
            -0.030943
          ],
          [
            -9.5e-05,
            -5.6e-05,
            -0.035204
          ],
          [
            0.002882,
            0.003658,
            -0.035107
          ],
          [
            -0.000602,
            -0.001987,
            -0.037538
          ],
          [
            -0.002557,
            0.006279,
            -0.03614
          ],
          [
            -0.002328,
            0.002102,
            -0.03484
          ],
          [
            -0.003962,
            0.003227,
            0.028855
          ],
          [
            -0.004729,
            -0.010177,
            0.037043
          ],
          [
            0.003579,
            -0.001677,
            0.035219
          ],
          [
            0.000528,
            -0.003636,
            0.046982
          ],
          [
            0.002911,
            0.009843,
            0.03589
          ],
          [
            -0.004913,
            0.006317,
            0.02782
          ],
          [
            -0.001839,
            0.00074,
            0.038879
          ],
          [
            0.002967,
            -0.001592,
            0.03711
          ],
          [
            0.005168,
            0.006326,
            0.033932
          ],
          [
            0.007339,
            -0.001139,
            0.043861
          ],
          [
            0.010853,
            -0.003633,
            0.029211
          ],
          [
            0.017151,
            0.002542,
            0.019121
          ],
          [
            0.001601,
            -0.000499,
            0.038096
          ],
          [
            0.017892,
            -0.015609,
            0.051659
          ],
          [
            0.005678,
            -0.006261,
            0.013212
          ],
          [
            0.001963,
            -0.013982,
            0.047158
          ],
          [
            0.003388,
            -0.009083,
            0.001477
          ],
          [
            0.00396,
            -0.006202,
            0.003152
          ],
          [
            -0.003616,
            -0.002897,
            -0.001046
          ],
          [
            -0.00604,
            -0.00484,
            0.001038
          ],
          [
            -0.004171,
            -0.00283,
            0.001072
          ],
          [
            0.001876,
            -5.7e-05,
            -0.00384
          ],
          [
            0.002245,
            -0.001121,
            0.001703
          ],
          [
            -0.005613,
            -0.003877,
            0.002618
          ],
          [
            0.000463,
            -0.001342,
            -0.000773
          ],
          [
            -0.001241,
            0.000682,
            -0.001525
          ],
          [
            -0.002565,
            -0.003339,
            -0.003367
          ],
          [
            0.001619,
            0.003883,
            -0.003619
          ],
          [
            0.000868,
            0.004385,
            -0.00044
          ],
          [
            0.000741,
            0.003104,
            -0.003334
          ],
          [
            -0.002883,
            0.002396,
            0.002898
          ],
          [
            -0.002894,
            0.00553,
            -0.001972
          ],
          [
            -0.000238,
            -0.008242,
            -0.000852
          ],
          [
            -0.002389,
            0.004704,
            -0.001044
          ],
          [
            0.00141,
            -0.004351,
            -0.000862
          ],
          [
            0.000407,
            0.001426,
            -0.001872
          ],
          [
            -0.00019,
            -0.003618,
            0.001299
          ],
          [
            0.003703,
            0.002411,
            0.001313
          ],
          [
            -0.002166,
            -0.002294,
            -0.00275
          ],
          [
            -0.001418,
            0.005834,
            -0.000643
          ],
          [
            0.002759,
            -0.001474,
            0.002157
          ],
          [
            0.002419,
            0.004088,
            0.001868
          ],
          [
            0.000796,
            0.001066,
            -0.000891
          ],
          [
            -0.001765,
            0.001984,
            0.001496
          ],
          [
            0.00062,
            0.003455,
            0.001566
          ],
          [
            0.000209,
            -0.001276,
            0.003876
          ],
          [
            -0.002442,
            -0.000926,
            -0.000443
          ],
          [
            0.001497,
            0.001438,
            0.000561
          ],
          [
            0.029505,
            0.048088,
            -0.010468
          ],
          [
            -0.029148,
            -0.045185,
            -0.015105
          ],
          [
            0.010487,
            0.007794,
            0.017437
          ],
          [
            0.03399,
            0.034883,
            0.002848
          ],
          [
            -0.049834,
            0.000224,
            -0.004167
          ],
          [
            -0.003912,
            0.035071,
            0.008063
          ],
          [
            0.007841,
            -0.023308,
            -0.002223
          ],
          [
            -0.03,
            -0.01267,
            -0.001038
          ],
          [
            0.014218,
            -0.026743,
            0.00221
          ],
          [
            -0.021805,
            0.006781,
            -0.007193
          ],
          [
            -0.002382,
            0.00466,
            0.005012
          ],
          [
            -0.01393,
            0.000565,
            0.007806
          ],
          [
            0.00494,
            0.006661,
            -0.002729
          ],
          [
            -0.000337,
            0.013964,
            0.005593
          ],
          [
            0.00529,
            0.000916,
            -0.001406
          ],
          [
            -0.016916,
            0.003754,
            -0.00676
          ],
          [
            -0.002954,
            -0.011623,
            -0.001634
          ],
          [
            -0.000742,
            0.004514,
            0.019101
          ],
          [
            0.031905,
            -0.005099,
            -0.007426
          ],
          [
            0.003436,
            -0.003216,
            0.003647
          ],
          [
            0.001987,
            -0.017244,
            -0.009705
          ],
          [
            0.013992,
            -0.006751,
            -0.020415
          ]
        ],
        "Lattice": [
          [
            11.254311534,
            0.0,
            0.0
          ],
          [
            5.627155767,
            9.746519691,
            0.0
          ],
          [
            0.0,
            0.0,
            21.483230925
          ]
        ],
        "NumAtoms": 86,
        "Positions": [
          [
            4.22079,
            2.43687,
            0.0
          ],
          [
            7.03437,
            7.31013,
            0.0
          ],
          [
            9.84794,
            2.43687,
            0.0
          ],
          [
            12.66152,
            7.31013,
            0.0
          ],
          [
            1.40693,
            2.43687,
            0.0
          ],
          [
            4.22051,
            7.31013,
            0.0
          ],
          [
            7.03409,
            2.43687,
            0.0
          ],
          [
            9.84766,
            7.31013,
            0.0
          ],
          [
            2.81385,
            0.0,
            0.0
          ],
          [
            5.62743,
            4.87326,
            0.0
          ],
          [
            8.44101,
            0.0,
            0.0
          ],
          [
            11.25459,
            4.87326,
            0.0
          ],
          [
            0.0,
            0.0,
            0.0
          ],
          [
            2.81358,
            4.87326,
            0.0
          ],
          [
            5.62716,
            0.0,
            0.0
          ],
          [
            8.44073,
            4.87326,
            0.0
          ],
          [
            7.03462,
            4.06144,
            2.2975
          ],
          [
            9.8482,
            8.9347,
            2.2975
          ],
          [
            12.66177,
            4.06144,
            2.2975
          ],
          [
            15.47535,
            8.9347,
            2.2975
          ],
          [
            5.62769,
            1.62456,
            2.2975
          ],
          [
            8.44127,
            6.49782,
            2.2975
          ],
          [
            11.25484,
            1.62456,
            2.2975
          ],
          [
            14.06842,
            6.49782,
            2.2975
          ],
          [
            2.81383,
            1.62456,
            2.2975
          ],
          [
            5.62741,
            6.49782,
            2.2975
          ],
          [
            8.44098,
            1.62456,
            2.2975
          ],
          [
            11.25456,
            6.49782,
            2.2975
          ],
          [
            4.22076,
            4.06144,
            2.2975
          ],
          [
            7.03434,
            8.9347,
            2.2975
          ],
          [
            9.84791,
            4.06144,
            2.2975
          ],
          [
            12.66149,
            8.9347,
            2.2975
          ],
          [
            1.40806,
            0.81278,
            4.56702
          ],
          [
            4.223,
            5.68658,
            4.56869
          ],
          [
            7.04077,
            0.80782,
            4.5673
          ],
          [
            9.85651,
            5.68299,
            4.56081
          ],
          [
            4.2266,
            0.81112,
            4.56652
          ],
          [
            7.03646,
            5.6852,
            4.56694
          ],
          [
            9.85072,
            0.80837,
            4.57155
          ],
          [
            12.66844,
            5.68524,
            4.56965
          ],
          [
            2.81677,
            3.24785,
            4.56889
          ],
          [
            5.63087,
            8.12296,
            4.56975
          ],
          [
            8.44601,
            3.24361,
            4.56486
          ],
          [
            11.26093,
            8.11968,
            4.56807
          ],
          [
            5.63031,
            3.24819,
            4.5669
          ],
          [
            8.44645,
            8.1196,
            4.56957
          ],
          [
            11.25866,
            3.24552,
            4.5676
          ],
          [
            14.0737,
            8.12087,
            4.57094
          ],
          [
            2.81739,
            0.00161,
            6.86666
          ],
          [
            5.63238,
            4.8749,
            6.8735
          ],
          [
            14.07769,
            9.7411,
            6.88304
          ],
          [
            11.26604,
            4.86406,
            6.87262
          ],
          [
            0.0081,
            -0.00264,
            6.8803
          ],
          [
            2.82213,
            4.86789,
            6.8775
          ],
          [
            11.26296,
            9.74032,
            6.8741
          ],
          [
            8.45252,
            4.86798,
            6.85663
          ],
          [
            1.41424,
            2.43369,
            6.8793
          ],
          [
            4.22824,
            7.30661,
            6.87976
          ],
          [
            7.03652,
            2.4275,
            6.86675
          ],
          [
            9.86266,
            7.29914,
            6.86885
          ],
          [
            4.22432,
            2.43158,
            6.87518
          ],
          [
            7.03973,
            7.3074,
            6.87318
          ],
          [
            9.85648,
            2.43038,
            6.87725
          ],
          [
            12.67293,
            7.30511,
            6.87868
          ],
          [
            9.06989,
            7.78415,
            10.15767
          ],
          [
            9.67923,
            9.1553,
            10.2823
          ],
          [
            9.89029,
            9.52096,
            11.76
          ],
          [
            7.51844,
            4.28818,
            10.26021
          ],
          [
            6.91664,
            2.91055,
            10.28759
          ],
          [
            7.80187,
            1.78983,
            10.82178
          ],
          [
            9.76738,
            6.7664,
            9.98002
          ],
          [
            7.75735,
            7.74978,
            10.29334
          ],
          [
            6.80904,
            5.31091,
            10.25992
          ],
          [
            8.84012,
            4.32164,
            10.18593
          ],
          [
            7.39467,
            6.78241,
            10.25627
          ],
          [
            3.38595,
            0.1436,
            9.79726
          ],
          [
            10.64124,
            9.14697,
            9.74352
          ],
          [
            4.70708,
            0.77757,
            11.83949
          ],
          [
            8.93472,
            9.52436,
            12.30524
          ],
          [
            10.57183,
            8.80651,
            12.24798
          ],
          [
            9.18867,
            5.28821,
            10.09987
          ],
          [
            6.65509,
            2.69847,
            9.21746
          ],
          [
            5.94654,
            2.98244,
            10.80753
          ],
          [
            8.07155,
            1.96076,
            11.87557
          ],
          [
            7.27306,
            0.8266,
            10.75532
          ],
          [
            8.73313,
            1.71027,
            10.24262
          ]
        ],
        "Stress": [
          [
            -51.51958,
            -0.28565,
            -0.07621
          ],
          [
            -0.28565,
            -51.8808,
            0.09604
          ],
          [
            -0.07621,
            0.09604,
            -2.87062
          ]
        ],
        "computation_code": "VASP",
        "pseudopotential_information": [
          [
            "PAW_PBE",
            "Pt",
            "04Feb2005"
          ],
          [
            "PAW_PBE",
            "C",
            "08Apr2002"
          ],
          [
            "PAW_PBE",
            "O",
            "08Apr2002"
          ],
          [
            "PAW_PBE",
            "H",
            "15Jun2001"
          ]
        ]
      }
    ],
    "EnergyStyle": "electronvolt",
    "ForcesStyle": "electronvoltperangstrom",
    "LatticeStyle": "angstrom",
    "PositionsStyle": "angstrom",
    "StressStyle": "kB"
  }
}