{
  "Dataset": {
    "AtomTypeStyle": "chemicalsymbol",
    "Data": [
      {
        "AtomTypes": [
          "Pt",
          "Pt",
          "Pt",
          "Pt",
          "Pt",
          "Pt",
          "Pt",
          "Pt",
          "Pt",
          "Pt",
          "Pt",
          "Pt",
          "Pt",
          "Pt",
          "Pt",
          "Pt",
          "Pt",
          "Pt",
          "Pt",
          "Pt",
          "Pt",
          "Pt",
          "Pt",
          "Pt",
          "Pt",
          "Pt",
          "Pt",
          "Pt",
          "Pt",
          "Pt",
          "Pt",
          "Pt",
          "Pt",
          "Pt",
          "Pt",
          "Pt",
          "Pt",
          "Pt",
          "Pt",
          "Pt",
          "Pt",
          "Pt",
          "Pt",
          "Pt",
          "Pt",
          "Pt",
          "Pt",
          "Pt",
          "Pt",
          "Pt",
          "Pt",
          "Pt",
          "Pt",
          "Pt",
          "Pt",
          "Pt",
          "Pt",
          "Pt",
          "Pt",
          "Pt",
          "Pt",
          "Pt",
          "Pt",
          "Pt",
          "C",
          "C",
          "C",
          "C",
          "C",
          "C",
          "O",
          "O",
          "O",
          "O",
          "H",
          "H",
          "H",
          "H",
          "H",
          "H",
          "H",
          "H",
          "H",
          "H",
          "H",
          "H"
        ],
        "Energy": -312.05169894,
        "Forces": [
          [
            -0.005423,
            0.002847,
            -0.036074
          ],
          [
            -0.001209,
            0.003029,
            -0.031078
          ],
          [
            -0.001689,
            0.006299,
            -0.028193
          ],
          [
            -0.004961,
            -0.000102,
            -0.02884
          ],
          [
            0.002988,
            0.002579,
            -0.039464
          ],
          [
            0.001442,
            0.00093,
            -0.031713
          ],
          [
            -0.005208,
            0.003403,
            -0.036387
          ],
          [
            -0.004597,
            0.005707,
            -0.036324
          ],
          [
            -0.001917,
            0.00759,
            -0.035476
          ],
          [
            -0.002779,
            0.002624,
            -0.035571
          ],
          [
            -0.006736,
            0.007141,
            -0.030309
          ],
          [
            0.000396,
            0.003056,
            -0.035777
          ],
          [
            0.004148,
            0.006427,
            -0.033787
          ],
          [
            -0.001352,
            0.001046,
            -0.038613
          ],
          [
            -0.002489,
            0.008161,
            -0.035988
          ],
          [
            -0.001383,
            0.004749,
            -0.03681
          ],
          [
            -0.006041,
            -0.00104,
            0.028764
          ],
          [
            -0.00608,
            -0.011355,
            0.034656
          ],
          [
            0.004909,
            -0.005613,
            0.031556
          ],
          [
            0.004335,
            -0.009896,
            0.048024
          ],
          [
            -0.000738,
            0.00635,
            0.042762
          ],
          [
            -0.009375,
            0.003493,
            0.025813
          ],
          [
            -0.00237,
            -0.006314,
            0.039888
          ],
          [
            0.005423,
            -0.006868,
            0.041324
          ],
          [
            0.005356,
            -0.000777,
            0.0372
          ],
          [
            0.007749,
            -0.005272,
            0.049786
          ],
          [
            0.013232,
            -0.008216,
            0.031224
          ],
          [
            0.019267,
            -0.002453,
            0.015213
          ],
          [
            0.004179,
            -0.006984,
            0.040671
          ],
          [
            0.011585,
            -0.021064,
            0.054486
          ],
          [
            0.004801,
            -0.017097,
            0.006133
          ],
          [
            0.005887,
            -0.014773,
            0.037171
          ],
          [
            -0.005082,
            -0.00013,
            0.009081
          ],
          [
            0.002011,
            0.00352,
            0.000947
          ],
          [
            -0.011795,
            0.006498,
            0.008608
          ],
          [
            -0.00106,
            0.006448,
            0.018874
          ],
          [
            0.006206,
            0.006053,
            -0.008397
          ],
          [
            -0.003083,
            0.011959,
            -0.00169
          ],
          [
            0.008154,
            0.015393,
            -0.000907
          ],
          [
            -0.005256,
            0.004211,
            0.004026
          ],
          [
            0.007506,
            -0.000479,
            0.000888
          ],
          [
            -0.000306,
            -0.004423,
            -0.006311
          ],
          [
            0.0075,
            -0.009288,
            0.007195
          ],
          [
            -0.006148,
            -0.00185,
            0.005293
          ],
          [
            -0.007499,
            -0.003289,
            -0.002167
          ],
          [
            0.003242,
            -0.013924,
            -0.00048
          ],
          [
            -0.012056,
            -0.004899,
            0.019156
          ],
          [
            0.003075,
            -0.006783,
            0.003673
          ],
          [
            -0.00801,
            -0.013128,
            0.001352
          ],
          [
            0.001337,
            0.011919,
            0.00028
          ],
          [
            -0.006693,
            -0.005117,
            -0.002801
          ],
          [
            -0.00774,
            0.007461,
            -0.011034
          ],
          [
            0.009348,
            -0.008788,
            0.003081
          ],
          [
            0.005799,
            0.012316,
            0.002095
          ],
          [
            0.003355,
            -0.003987,
            0.002565
          ],
          [
            0.001965,
            0.015013,
            -0.001857
          ],
          [
            -0.008608,
            -0.005982,
            -0.004072
          ],
          [
            0.00306,
            -0.005108,
            -0.000225
          ],
          [
            0.00094,
            -0.006038,
            -0.005808
          ],
          [
            -0.003628,
            -0.002175,
            -0.006797
          ],
          [
            0.008681,
            0.009066,
            0.002938
          ],
          [
            0.003422,
            -0.000343,
            -0.003028
          ],
          [
            -0.004435,
            0.005068,
            -0.012123
          ],
          [
            0.004047,
            0.006126,
            -0.005491
          ],
          [
            -0.041401,
            -0.061501,
            -0.012049
          ],
          [
            0.03318,
            0.046637,
            0.003887
          ],
          [
            -0.010854,
            0.023511,
            0.086322
          ],
          [
            0.027185,
            0.012892,
            0.066154
          ],
          [
            0.028512,
            0.010449,
            -0.038794
          ],
          [
            0.06524,
            -0.03205,
            0.002395
          ],
          [
            -0.012101,
            -0.028886,
            -0.011594
          ],
          [
            0.050745,
            0.005794,
            -0.016483
          ],
          [
            -0.034662,
            -0.002173,
            -0.020122
          ],
          [
            0.028368,
            -0.009899,
            -0.024744
          ],
          [
            0.012774,
            -0.013353,
            -0.003205
          ],
          [
            -0.05996,
            0.054489,
            -0.035918
          ],
          [
            -0.026502,
            -0.023694,
            -0.033745
          ],
          [
            0.01958,
            0.054615,
            -0.010083
          ],
          [
            -0.028376,
            0.011897,
            0.003991
          ],
          [
            0.026018,
            -0.0287,
            0.030647
          ],
          [
            -0.022277,
            -0.016719,
            -0.004527
          ],
          [
            -0.010186,
            -0.020979,
            0.0189
          ],
          [
            -0.013727,
            0.022199,
            0.011746
          ],
          [
            0.001117,
            -0.01706,
            -0.057779
          ],
          [
            0.016056,
            0.031358,
            -0.004086
          ],
          [
            -0.068326,
            -0.001759,
            0.017955
          ]
        ],
        "Lattice": [
          [
            11.254311534,
            0.0,
            0.0
          ],
          [
            5.627155767,
            9.746519691,
            0.0
          ],
          [
            0.0,
            0.0,
            21.483230925
          ]
        ],
        "NumAtoms": 86,
        "Positions": [
          [
            4.22079,
            2.43687,
            0.0
          ],
          [
            7.03437,
            7.31013,
            0.0
          ],
          [
            9.84794,
            2.43687,
            0.0
          ],
          [
            12.66152,
            7.31013,
            0.0
          ],
          [
            1.40693,
            2.43687,
            0.0
          ],
          [
            4.22051,
            7.31013,
            0.0
          ],
          [
            7.03409,
            2.43687,
            0.0
          ],
          [
            9.84766,
            7.31013,
            0.0
          ],
          [
            2.81385,
            0.0,
            0.0
          ],
          [
            5.62743,
            4.87326,
            0.0
          ],
          [
            8.44101,
            0.0,
            0.0
          ],
          [
            11.25459,
            4.87326,
            0.0
          ],
          [
            0.0,
            0.0,
            0.0
          ],
          [
            2.81358,
            4.87326,
            0.0
          ],
          [
            5.62716,
            0.0,
            0.0
          ],
          [
            8.44073,
            4.87326,
            0.0
          ],
          [
            7.03462,
            4.06144,
            2.2975
          ],
          [
            9.8482,
            8.9347,
            2.2975
          ],
          [
            12.66177,
            4.06144,
            2.2975
          ],
          [
            15.47535,
            8.9347,
            2.2975
          ],
          [
            5.62769,
            1.62456,
            2.2975
          ],
          [
            8.44127,
            6.49782,
            2.2975
          ],
          [
            11.25484,
            1.62456,
            2.2975
          ],
          [
            14.06842,
            6.49782,
            2.2975
          ],
          [
            2.81383,
            1.62456,
            2.2975
          ],
          [
            5.62741,
            6.49782,
            2.2975
          ],
          [
            8.44098,
            1.62456,
            2.2975
          ],
          [
            11.25456,
            6.49782,
            2.2975
          ],
          [
            4.22076,
            4.06144,
            2.2975
          ],
          [
            7.03434,
            8.9347,
            2.2975
          ],
          [
            9.84791,
            4.06144,
            2.2975
          ],
          [
            12.66149,
            8.9347,
            2.2975
          ],
          [
            1.40879,
            0.80753,
            4.56789
          ],
          [
            4.22244,
            5.68105,
            4.56928
          ],
          [
            7.04142,
            0.80472,
            4.56721
          ],
          [
            9.85615,
            5.67791,
            4.5589
          ],
          [
            4.22507,
            0.80651,
            4.56803
          ],
          [
            7.0367,
            5.68066,
            4.56746
          ],
          [
            9.85061,
            0.8032,
            4.5722
          ],
          [
            12.66817,
            5.6805,
            4.56981
          ],
          [
            2.81624,
            3.24325,
            4.56879
          ],
          [
            5.63015,
            8.11801,
            4.57123
          ],
          [
            8.44544,
            3.2394,
            4.56463
          ],
          [
            11.26222,
            8.11664,
            4.56636
          ],
          [
            5.63087,
            3.24355,
            4.56826
          ],
          [
            8.44558,
            8.11756,
            4.56938
          ],
          [
            11.25955,
            3.24114,
            4.56705
          ],
          [
            14.07256,
            8.11776,
            4.57072
          ],
          [
            2.81953,
            -0.00637,
            6.87144
          ],
          [
            5.63081,
            4.86682,
            6.87338
          ],
          [
            14.07803,
            9.73424,
            6.8841
          ],
          [
            11.26665,
            4.85674,
            6.87422
          ],
          [
            0.00752,
            -0.00834,
            6.8802
          ],
          [
            2.82109,
            4.85947,
            6.87834
          ],
          [
            11.26267,
            9.73444,
            6.87238
          ],
          [
            8.45334,
            4.86061,
            6.85642
          ],
          [
            1.4157,
            2.4262,
            6.88087
          ],
          [
            4.2267,
            7.30071,
            6.87938
          ],
          [
            7.03793,
            2.42159,
            6.87019
          ],
          [
            9.86231,
            7.2932,
            6.86581
          ],
          [
            4.22279,
            2.42399,
            6.87673
          ],
          [
            7.04009,
            7.30074,
            6.87467
          ],
          [
            9.85796,
            2.42367,
            6.87924
          ],
          [
            12.67115,
            7.29752,
            6.87961
          ],
          [
            9.19637,
            7.72236,
            10.17526
          ],
          [
            9.86231,
            9.05781,
            10.32888
          ],
          [
            9.9762,
            9.41215,
            11.81768
          ],
          [
            7.50266,
            4.30282,
            10.25543
          ],
          [
            6.86618,
            2.94045,
            10.28477
          ],
          [
            7.66019,
            1.85644,
            11.00744
          ],
          [
            9.85423,
            6.67524,
            10.0209
          ],
          [
            7.8783,
            7.74749,
            10.27736
          ],
          [
            6.82884,
            5.34876,
            10.24533
          ],
          [
            8.82394,
            4.2906,
            10.19764
          ],
          [
            7.4719,
            6.79863,
            10.23928
          ],
          [
            3.64356,
            0.07425,
            9.79877
          ],
          [
            10.86218,
            9.00443,
            9.86773
          ],
          [
            4.82188,
            0.64873,
            11.94423
          ],
          [
            8.98482,
            9.44507,
            12.29118
          ],
          [
            10.59005,
            8.66929,
            12.34723
          ],
          [
            9.21464,
            5.24423,
            10.1185
          ],
          [
            6.75924,
            2.66151,
            9.20222
          ],
          [
            5.83803,
            3.04854,
            10.66202
          ],
          [
            7.75758,
            2.08464,
            12.08265
          ],
          [
            7.1552,
            0.88206,
            10.90905
          ],
          [
            8.67385,
            1.76164,
            10.58621
          ]
        ],
        "Stress": [
          [
            -51.58495,
            -0.28762,
            -0.02735
          ],
          [
            -0.28762,
            -51.66348,
            0.15766
          ],
          [
            -0.02735,
            0.15766,
            -2.94937
          ]
        ],
        "computation_code": "VASP",
        "pseudopotential_information": [
          [
            "PAW_PBE",
            "Pt",
            "04Feb2005"
          ],
          [
            "PAW_PBE",
            "C",
            "08Apr2002"
          ],
          [
            "PAW_PBE",
            "O",
            "08Apr2002"
          ],
          [
            "PAW_PBE",
            "H",
            "15Jun2001"
          ]
        ]
      }
    ],
    "EnergyStyle": "electronvolt",
    "ForcesStyle": "electronvoltperangstrom",
    "LatticeStyle": "angstrom",
    "PositionsStyle": "angstrom",
    "StressStyle": "kB"
  }
}