{
  "Dataset": {
    "AtomTypeStyle": "chemicalsymbol",
    "Data": [
      {
        "AtomTypes": [
          "Pt",
          "Pt",
          "Pt",
          "Pt",
          "Pt",
          "Pt",
          "Pt",
          "Pt",
          "Pt",
          "Pt",
          "Pt",
          "Pt",
          "Pt",
          "Pt",
          "Pt",
          "Pt",
          "Pt",
          "Pt",
          "Pt",
          "Pt",
          "Pt",
          "Pt",
          "Pt",
          "Pt",
          "Pt",
          "Pt",
          "Pt",
          "Pt",
          "Pt",
          "Pt",
          "Pt",
          "Pt",
          "Pt",
          "Pt",
          "Pt",
          "Pt",
          "Pt",
          "Pt",
          "Pt",
          "Pt",
          "Pt",
          "Pt",
          "Pt",
          "Pt",
          "Pt",
          "Pt",
          "Pt",
          "Pt",
          "Pt",
          "Pt",
          "Pt",
          "Pt",
          "Pt",
          "Pt",
          "Pt",
          "Pt",
          "Pt",
          "Pt",
          "Pt",
          "Pt",
          "Pt",
          "Pt",
          "Pt",
          "Pt",
          "Pt",
          "Pt",
          "Pt",
          "Pt",
          "Pt",
          "Pt",
          "Pt",
          "Pt",
          "C",
          "C",
          "C",
          "C",
          "C",
          "C",
          "O",
          "O",
          "O",
          "O",
          "H",
          "H",
          "H",
          "H",
          "H",
          "H",
          "H",
          "H",
          "H",
          "H",
          "H",
          "H"
        ],
        "Energy": -337.42644228,
        "Forces": [
          [
            -0.002534,
            0.010563,
            -0.043712
          ],
          [
            0.000268,
            0.017455,
            -0.029277
          ],
          [
            -0.009146,
            0.015337,
            -0.03182
          ],
          [
            0.001028,
            0.01601,
            -0.04316
          ],
          [
            0.002992,
            0.01082,
            -0.026832
          ],
          [
            -0.003375,
            0.006335,
            -0.037696
          ],
          [
            0.002006,
            0.001913,
            -0.0628
          ],
          [
            -0.005559,
            0.016141,
            -0.028233
          ],
          [
            0.007803,
            0.009306,
            -0.038328
          ],
          [
            0.004589,
            0.018514,
            -0.033729
          ],
          [
            -0.007269,
            0.015744,
            -0.027464
          ],
          [
            0.000126,
            0.007528,
            -0.03588
          ],
          [
            -0.001525,
            0.01965,
            -0.03559
          ],
          [
            0.007877,
            0.01188,
            -0.026926
          ],
          [
            0.003682,
            0.005254,
            -0.042877
          ],
          [
            -0.002409,
            0.022432,
            -0.032278
          ],
          [
            0.000703,
            0.027117,
            -0.084268
          ],
          [
            -0.000479,
            -0.003843,
            -0.043854
          ],
          [
            -0.007153,
            -0.005119,
            0.002242
          ],
          [
            -0.001394,
            -0.02089,
            0.048818
          ],
          [
            0.002405,
            -0.048979,
            0.080588
          ],
          [
            0.004456,
            0.029672,
            0.020657
          ],
          [
            -0.002765,
            -0.034233,
            0.035445
          ],
          [
            -0.044508,
            -0.033931,
            0.074436
          ],
          [
            -0.001206,
            0.00046,
            0.036335
          ],
          [
            0.000208,
            -0.022525,
            0.046948
          ],
          [
            0.032536,
            -0.035398,
            0.048188
          ],
          [
            -0.005821,
            -0.01219,
            0.030282
          ],
          [
            -0.0031,
            -0.009786,
            0.040148
          ],
          [
            0.026168,
            0.008393,
            0.050871
          ],
          [
            0.009939,
            -0.023853,
            0.007836
          ],
          [
            -0.006171,
            -0.0265,
            0.030361
          ],
          [
            -0.021875,
            0.019809,
            0.068349
          ],
          [
            -0.005872,
            -0.009821,
            0.039356
          ],
          [
            0.011222,
            -0.017974,
            0.028046
          ],
          [
            0.005041,
            -0.016167,
            0.046756
          ],
          [
            0.004622,
            -0.004124,
            -0.004224
          ],
          [
            0.006173,
            -0.004782,
            0.003675
          ],
          [
            0.006062,
            -0.002737,
            -0.010224
          ],
          [
            -0.001415,
            -0.00084,
            -0.005442
          ],
          [
            -0.011723,
            0.004897,
            -0.003979
          ],
          [
            -0.002129,
            0.001419,
            -0.005754
          ],
          [
            0.004421,
            -0.0041,
            0.002956
          ],
          [
            0.00389,
            0.011942,
            0.003499
          ],
          [
            -0.006515,
            0.004244,
            -0.002237
          ],
          [
            -0.002642,
            -0.001904,
            0.001912
          ],
          [
            0.002595,
            0.000609,
            0.002383
          ],
          [
            -0.001868,
            -0.002657,
            0.0049
          ],
          [
            -0.002438,
            0.002677,
            0.003409
          ],
          [
            -0.000505,
            -0.003759,
            -0.006925
          ],
          [
            -0.004361,
            -0.000171,
            -0.006814
          ],
          [
            0.003638,
            -0.001711,
            0.003135
          ],
          [
            -0.001482,
            -0.005994,
            -0.004828
          ],
          [
            0.003179,
            -0.006147,
            0.000571
          ],
          [
            0.006304,
            0.000312,
            0.003689
          ],
          [
            0.007158,
            -0.006699,
            0.003495
          ],
          [
            0.003289,
            0.000455,
            -0.005009
          ],
          [
            -0.002654,
            0.002842,
            0.00532
          ],
          [
            -0.002454,
            -0.000794,
            0.000564
          ],
          [
            -0.005072,
            -0.006644,
            -0.002357
          ],
          [
            -0.006605,
            -0.010446,
            -0.003512
          ],
          [
            -0.00555,
            -0.006619,
            0.001121
          ],
          [
            -0.004217,
            -0.004157,
            -0.001114
          ],
          [
            -0.002945,
            0.004878,
            0.001764
          ],
          [
            0.001079,
            0.000507,
            -4e-05
          ],
          [
            -0.000485,
            0.009227,
            -0.008906
          ],
          [
            -0.00468,
            -0.005762,
            -0.003948
          ],
          [
            0.001388,
            -0.007594,
            0.005188
          ],
          [
            -0.00339,
            -0.004019,
            -0.008779
          ],
          [
            -0.001847,
            0.0002,
            1.3e-05
          ],
          [
            5.3e-05,
            0.004279,
            -0.003285
          ],
          [
            -0.006172,
            0.001959,
            0.004862
          ],
          [
            -0.014542,
            0.016649,
            -0.026133
          ],
          [
            -0.067456,
            -0.030192,
            -0.00162
          ],
          [
            0.046425,
            0.011188,
            -0.015729
          ],
          [
            -0.026647,
            0.099528,
            -0.034642
          ],
          [
            -0.033703,
            0.013068,
            0.025168
          ],
          [
            0.024673,
            -0.017491,
            0.042381
          ],
          [
            0.0305,
            -0.018123,
            0.005616
          ],
          [
            -0.01835,
            -0.017164,
            0.022532
          ],
          [
            0.046841,
            -0.055049,
            0.022118
          ],
          [
            -0.005734,
            -0.023012,
            0.018423
          ],
          [
            0.004085,
            0.02823,
            0.004906
          ],
          [
            0.008551,
            -0.009785,
            -0.004154
          ],
          [
            0.01953,
            -0.002365,
            -0.007396
          ],
          [
            0.00535,
            0.023958,
            0.004212
          ],
          [
            -0.016877,
            -0.003295,
            0.000453
          ],
          [
            -0.001213,
            -0.006073,
            -0.004039
          ],
          [
            -0.009532,
            0.029481,
            0.020971
          ],
          [
            0.017933,
            0.022714,
            0.004324
          ],
          [
            0.017082,
            -0.0068,
            -0.022964
          ],
          [
            0.000701,
            0.008326,
            -0.029158
          ],
          [
            0.001917,
            0.010787,
            0.00153
          ],
          [
            0.006871,
            -0.002491,
            -0.022815
          ]
        ],
        "Lattice": [
          [
            8.440733911,
            0.0,
            0.0
          ],
          [
            8.440733911,
            14.619780548,
            0.0
          ],
          [
            0.0,
            0.0,
            21.483230591
          ]
        ],
        "NumAtoms": 94,
        "Positions": [
          [
            4.22079,
            2.43687,
            0.0
          ],
          [
            9.84794,
            12.18339,
            0.0
          ],
          [
            7.03437,
            7.31013,
            0.0
          ],
          [
            7.03437,
            2.43687,
            0.0
          ],
          [
            12.66152,
            12.18339,
            0.0
          ],
          [
            9.84795,
            7.31013,
            0.0
          ],
          [
            1.40721,
            2.43687,
            0.0
          ],
          [
            7.03437,
            12.18339,
            0.0
          ],
          [
            4.22079,
            7.31013,
            0.0
          ],
          [
            2.81385,
            0.0,
            0.0
          ],
          [
            8.44101,
            9.74652,
            0.0
          ],
          [
            5.62743,
            4.87326,
            0.0
          ],
          [
            5.62743,
            0.0,
            0.0
          ],
          [
            11.25459,
            9.74652,
            0.0
          ],
          [
            8.44101,
            4.87326,
            0.0
          ],
          [
            0.00028,
            0.0,
            0.0
          ],
          [
            5.62743,
            9.74652,
            0.0
          ],
          [
            2.81385,
            4.87326,
            0.0
          ],
          [
            7.03462,
            4.06144,
            2.2975
          ],
          [
            12.66177,
            13.80796,
            2.2975
          ],
          [
            9.8482,
            8.9347,
            2.2975
          ],
          [
            9.8482,
            4.06144,
            2.2975
          ],
          [
            15.47535,
            13.80796,
            2.2975
          ],
          [
            12.66177,
            8.9347,
            2.2975
          ],
          [
            4.22104,
            4.06144,
            2.2975
          ],
          [
            9.8482,
            13.80796,
            2.2975
          ],
          [
            7.03462,
            8.9347,
            2.2975
          ],
          [
            5.62769,
            1.62456,
            2.2975
          ],
          [
            11.25484,
            11.37109,
            2.2975
          ],
          [
            8.44127,
            6.49782,
            2.2975
          ],
          [
            8.44127,
            1.62456,
            2.2975
          ],
          [
            14.06842,
            11.37109,
            2.2975
          ],
          [
            11.25484,
            6.49782,
            2.2975
          ],
          [
            2.81411,
            1.62456,
            2.2975
          ],
          [
            8.44127,
            11.37109,
            2.2975
          ],
          [
            5.62769,
            6.49782,
            2.2975
          ],
          [
            1.40771,
            0.78362,
            4.56627
          ],
          [
            7.03235,
            10.53761,
            4.56306
          ],
          [
            4.22315,
            5.67098,
            4.56561
          ],
          [
            4.22088,
            0.78889,
            4.56844
          ],
          [
            9.85127,
            10.53752,
            4.56684
          ],
          [
            7.034,
            5.66545,
            4.562
          ],
          [
            7.03364,
            0.78301,
            4.5633
          ],
          [
            12.66206,
            10.53754,
            4.56584
          ],
          [
            9.85377,
            5.67171,
            4.5694
          ],
          [
            2.8159,
            3.226,
            4.56204
          ],
          [
            8.44088,
            12.96821,
            4.56854
          ],
          [
            5.62669,
            8.10796,
            4.56171
          ],
          [
            5.62542,
            3.22658,
            4.56279
          ],
          [
            11.25647,
            12.9729,
            4.56941
          ],
          [
            8.44968,
            8.09722,
            4.57674
          ],
          [
            8.44403,
            3.22008,
            4.55249
          ],
          [
            14.06815,
            12.9725,
            4.56891
          ],
          [
            11.24926,
            8.09962,
            4.58224
          ],
          [
            14.06799,
            14.57906,
            6.8768
          ],
          [
            11.26093,
            9.72072,
            6.8731
          ],
          [
            8.43891,
            4.82005,
            6.83727
          ],
          [
            11.25635,
            14.57954,
            6.87797
          ],
          [
            8.437,
            9.72098,
            6.86157
          ],
          [
            5.62695,
            4.83414,
            6.87074
          ],
          [
            2.82915,
            4.82464,
            6.86339
          ],
          [
            8.44294,
            14.58014,
            6.87585
          ],
          [
            5.63027,
            9.71168,
            6.87779
          ],
          [
            1.41237,
            2.39127,
            6.86573
          ],
          [
            7.035,
            12.14806,
            6.87957
          ],
          [
            4.23199,
            7.27118,
            6.8802
          ],
          [
            7.03063,
            2.38949,
            6.85544
          ],
          [
            12.66367,
            12.14805,
            6.87813
          ],
          [
            9.85754,
            7.26777,
            6.91223
          ],
          [
            7.02633,
            7.27152,
            6.86363
          ],
          [
            4.22172,
            2.39276,
            6.87747
          ],
          [
            9.84946,
            12.14978,
            6.87808
          ],
          [
            9.02952,
            7.95955,
            10.07806
          ],
          [
            9.69561,
            9.2922,
            10.26174
          ],
          [
            10.14222,
            9.48034,
            11.72124
          ],
          [
            7.48725,
            4.45262,
            10.24741
          ],
          [
            6.8976,
            3.07491,
            10.34377
          ],
          [
            7.87894,
            1.93743,
            10.61147
          ],
          [
            9.57002,
            7.00925,
            9.45607
          ],
          [
            7.85817,
            7.83911,
            10.65496
          ],
          [
            6.81687,
            5.47622,
            10.46812
          ],
          [
            8.75876,
            4.49843,
            9.85797
          ],
          [
            7.44611,
            6.89073,
            10.5284
          ],
          [
            8.97905,
            10.0846,
            9.98029
          ],
          [
            10.55643,
            9.34619,
            9.57634
          ],
          [
            10.64638,
            10.45053,
            11.83134
          ],
          [
            9.28242,
            9.45408,
            12.40478
          ],
          [
            10.85265,
            8.6939,
            12.01942
          ],
          [
            9.06811,
            5.46035,
            9.71128
          ],
          [
            6.39387,
            2.90995,
            9.36212
          ],
          [
            6.08369,
            3.1174,
            11.08575
          ],
          [
            8.34048,
            2.03037,
            11.60782
          ],
          [
            7.35419,
            0.9704,
            10.565
          ],
          [
            8.68465,
            1.92118,
            9.86238
          ]
        ],
        "Stress": [
          [
            -52.43442,
            -0.19327,
            -0.00788
          ],
          [
            -0.19327,
            -51.04511,
            -0.03994
          ],
          [
            -0.00788,
            -0.03994,
            -2.15725
          ]
        ],
        "computation_code": "VASP",
        "pseudopotential_information": [
          [
            "PAW_PBE",
            "Pt",
            "04Feb2005"
          ],
          [
            "PAW_PBE",
            "C",
            "08Apr2002"
          ],
          [
            "PAW_PBE",
            "O",
            "08Apr2002"
          ],
          [
            "PAW_PBE",
            "H",
            "15Jun2001"
          ]
        ]
      }
    ],
    "EnergyStyle": "electronvolt",
    "ForcesStyle": "electronvoltperangstrom",
    "LatticeStyle": "angstrom",
    "PositionsStyle": "angstrom",
    "StressStyle": "kB"
  }
}