{
  "Dataset": {
    "AtomTypeStyle": "chemicalsymbol",
    "Data": [
      {
        "AtomTypes": [
          "Pt",
          "Pt",
          "Pt",
          "Pt",
          "Pt",
          "Pt",
          "Pt",
          "Pt",
          "Pt",
          "Pt",
          "Pt",
          "Pt",
          "Pt",
          "Pt",
          "Pt",
          "Pt",
          "Pt",
          "Pt",
          "Pt",
          "Pt",
          "Pt",
          "Pt",
          "Pt",
          "Pt",
          "Pt",
          "Pt",
          "Pt",
          "Pt",
          "Pt",
          "Pt",
          "Pt",
          "Pt",
          "Pt",
          "Pt",
          "Pt",
          "Pt",
          "Pt",
          "Pt",
          "Pt",
          "Pt",
          "Pt",
          "Pt",
          "Pt",
          "Pt",
          "Pt",
          "Pt",
          "Pt",
          "Pt",
          "Pt",
          "Pt",
          "Pt",
          "Pt",
          "Pt",
          "Pt",
          "Pt",
          "Pt",
          "Pt",
          "Pt",
          "Pt",
          "Pt",
          "Pt",
          "Pt",
          "Pt",
          "Pt",
          "Pt",
          "Pt",
          "Pt",
          "Pt",
          "Pt",
          "Pt",
          "Pt",
          "Pt",
          "C",
          "C",
          "C",
          "C",
          "C",
          "C",
          "O",
          "O",
          "O",
          "O",
          "H",
          "H",
          "H",
          "H",
          "H",
          "H",
          "H",
          "H",
          "H",
          "H",
          "H",
          "H"
        ],
        "Energy": -337.43318454,
        "Forces": [
          [
            -0.001612,
            0.013852,
            -0.043591
          ],
          [
            0.001579,
            0.019917,
            -0.029146
          ],
          [
            -0.007616,
            0.014268,
            -0.030643
          ],
          [
            0.002092,
            0.018283,
            -0.043262
          ],
          [
            0.003763,
            0.013315,
            -0.026141
          ],
          [
            -0.000646,
            0.006758,
            -0.036728
          ],
          [
            0.00242,
            0.004003,
            -0.063146
          ],
          [
            -0.004264,
            0.018019,
            -0.026562
          ],
          [
            0.009109,
            0.009706,
            -0.041192
          ],
          [
            0.005249,
            0.021801,
            -0.034015
          ],
          [
            -0.004852,
            0.016729,
            -0.02661
          ],
          [
            0.001319,
            0.00941,
            -0.036953
          ],
          [
            -0.000748,
            0.022699,
            -0.035909
          ],
          [
            0.009221,
            0.013247,
            -0.02574
          ],
          [
            0.004947,
            0.00628,
            -0.042506
          ],
          [
            -0.001682,
            0.024895,
            -0.033807
          ],
          [
            0.002188,
            0.027282,
            -0.079757
          ],
          [
            0.001757,
            -0.001632,
            -0.04326
          ],
          [
            -0.005513,
            -0.010487,
            0.00712
          ],
          [
            -0.003066,
            -0.025122,
            0.051504
          ],
          [
            -0.000762,
            -0.048244,
            0.073273
          ],
          [
            -0.00145,
            0.027336,
            0.026726
          ],
          [
            -0.002714,
            -0.039253,
            0.03724
          ],
          [
            -0.04481,
            -0.031217,
            0.072211
          ],
          [
            -0.004146,
            -0.007759,
            0.032278
          ],
          [
            -0.002205,
            -0.029192,
            0.047169
          ],
          [
            0.024899,
            -0.034746,
            0.045151
          ],
          [
            -0.006515,
            -0.019201,
            0.031074
          ],
          [
            -0.005321,
            -0.014021,
            0.040354
          ],
          [
            0.020619,
            0.003366,
            0.047055
          ],
          [
            0.009897,
            -0.026269,
            0.013961
          ],
          [
            -0.006522,
            -0.030251,
            0.033156
          ],
          [
            -0.028412,
            0.014205,
            0.059618
          ],
          [
            -0.007164,
            -0.014763,
            0.03907
          ],
          [
            0.005897,
            -0.017232,
            0.028048
          ],
          [
            0.006569,
            -0.017035,
            0.043505
          ],
          [
            -0.003545,
            0.004939,
            0.000971
          ],
          [
            -0.000753,
            -0.00083,
            -0.000605
          ],
          [
            -0.002821,
            -0.002773,
            0.002064
          ],
          [
            0.001772,
            -0.002894,
            -0.003766
          ],
          [
            0.006122,
            -0.003206,
            0.00274
          ],
          [
            0.001349,
            0.000174,
            -4.1e-05
          ],
          [
            -0.00046,
            0.001741,
            0.000251
          ],
          [
            -0.00384,
            -0.006141,
            -0.00094
          ],
          [
            -0.000325,
            -0.002588,
            -0.000158
          ],
          [
            0.001685,
            0.00071,
            -0.001132
          ],
          [
            0.00144,
            -0.001006,
            -0.006482
          ],
          [
            0.001723,
            0.00309,
            -0.001353
          ],
          [
            0.000787,
            0.000704,
            -0.002642
          ],
          [
            -0.000757,
            0.001806,
            0.001559
          ],
          [
            0.003418,
            -0.001542,
            -0.003264
          ],
          [
            -0.001468,
            0.000904,
            -0.005899
          ],
          [
            -0.001193,
            0.003836,
            0.001739
          ],
          [
            -0.001758,
            0.007551,
            0.00371
          ],
          [
            -0.000509,
            0.000289,
            -0.004732
          ],
          [
            -0.001948,
            -0.001128,
            -0.003019
          ],
          [
            -0.006065,
            -0.000523,
            0.000985
          ],
          [
            -0.001841,
            0.000469,
            -0.002561
          ],
          [
            0.000203,
            -0.000839,
            0.000159
          ],
          [
            0.002362,
            0.000438,
            0.003065
          ],
          [
            2.1e-05,
            0.002785,
            0.001698
          ],
          [
            0.001103,
            0.006545,
            -0.00224
          ],
          [
            -0.00142,
            0.001803,
            -0.000562
          ],
          [
            -0.001321,
            -0.003298,
            0.000245
          ],
          [
            -0.004919,
            -0.005455,
            -0.002202
          ],
          [
            -0.002104,
            -0.005267,
            0.00229
          ],
          [
            0.001724,
            -0.001088,
            0.001914
          ],
          [
            -0.002081,
            0.003997,
            -0.002551
          ],
          [
            0.005536,
            -0.002832,
            -0.000126
          ],
          [
            0.001013,
            0.00041,
            0.00191
          ],
          [
            -0.001788,
            -0.000648,
            0.00352
          ],
          [
            -0.000661,
            -0.001455,
            -0.003149
          ],
          [
            -0.017245,
            -0.01137,
            -0.008778
          ],
          [
            0.014769,
            0.013181,
            0.009566
          ],
          [
            0.005356,
            0.007977,
            0.020675
          ],
          [
            0.006176,
            -0.003658,
            0.004049
          ],
          [
            -0.007729,
            -0.003137,
            -0.00476
          ],
          [
            0.000449,
            0.00582,
            0.001115
          ],
          [
            0.005262,
            0.004651,
            0.00876
          ],
          [
            -2e-06,
            -0.002557,
            -0.004416
          ],
          [
            -0.006845,
            0.006227,
            -0.001676
          ],
          [
            0.007616,
            0.002145,
            -0.000905
          ],
          [
            0.002962,
            0.009288,
            -0.005538
          ],
          [
            -0.014394,
            0.008094,
            -0.002585
          ],
          [
            0.012988,
            0.007614,
            -0.012484
          ],
          [
            0.002258,
            0.003269,
            -0.012657
          ],
          [
            0.013832,
            0.009544,
            -0.003107
          ],
          [
            0.00251,
            0.013525,
            -0.002296
          ],
          [
            0.000645,
            -0.001606,
            -0.002011
          ],
          [
            -0.001155,
            -0.005599,
            0.003659
          ],
          [
            0.004445,
            0.001234,
            0.002979
          ],
          [
            0.006019,
            -0.001499,
            0.001339
          ],
          [
            0.002906,
            -0.001085,
            -0.002439
          ],
          [
            -0.001008,
            0.000313,
            0.000564
          ]
        ],
        "Lattice": [
          [
            8.440733911,
            0.0,
            0.0
          ],
          [
            8.440733911,
            14.619780548,
            0.0
          ],
          [
            0.0,
            0.0,
            21.483230591
          ]
        ],
        "NumAtoms": 94,
        "Positions": [
          [
            4.22079,
            2.43687,
            0.0
          ],
          [
            9.84794,
            12.18339,
            0.0
          ],
          [
            7.03437,
            7.31013,
            0.0
          ],
          [
            7.03437,
            2.43687,
            0.0
          ],
          [
            12.66152,
            12.18339,
            0.0
          ],
          [
            9.84795,
            7.31013,
            0.0
          ],
          [
            1.40721,
            2.43687,
            0.0
          ],
          [
            7.03437,
            12.18339,
            0.0
          ],
          [
            4.22079,
            7.31013,
            0.0
          ],
          [
            2.81385,
            0.0,
            0.0
          ],
          [
            8.44101,
            9.74652,
            0.0
          ],
          [
            5.62743,
            4.87326,
            0.0
          ],
          [
            5.62743,
            0.0,
            0.0
          ],
          [
            11.25459,
            9.74652,
            0.0
          ],
          [
            8.44101,
            4.87326,
            0.0
          ],
          [
            0.00028,
            0.0,
            0.0
          ],
          [
            5.62743,
            9.74652,
            0.0
          ],
          [
            2.81385,
            4.87326,
            0.0
          ],
          [
            7.03462,
            4.06144,
            2.2975
          ],
          [
            12.66177,
            13.80796,
            2.2975
          ],
          [
            9.8482,
            8.9347,
            2.2975
          ],
          [
            9.8482,
            4.06144,
            2.2975
          ],
          [
            15.47535,
            13.80796,
            2.2975
          ],
          [
            12.66177,
            8.9347,
            2.2975
          ],
          [
            4.22104,
            4.06144,
            2.2975
          ],
          [
            9.8482,
            13.80796,
            2.2975
          ],
          [
            7.03462,
            8.9347,
            2.2975
          ],
          [
            5.62769,
            1.62456,
            2.2975
          ],
          [
            11.25484,
            11.37109,
            2.2975
          ],
          [
            8.44127,
            6.49782,
            2.2975
          ],
          [
            8.44127,
            1.62456,
            2.2975
          ],
          [
            14.06842,
            11.37109,
            2.2975
          ],
          [
            11.25484,
            6.49782,
            2.2975
          ],
          [
            2.81411,
            1.62456,
            2.2975
          ],
          [
            8.44127,
            11.37109,
            2.2975
          ],
          [
            5.62769,
            6.49782,
            2.2975
          ],
          [
            1.40679,
            0.77873,
            4.56637
          ],
          [
            7.03006,
            10.53509,
            4.56402
          ],
          [
            4.22036,
            5.66784,
            4.56318
          ],
          [
            4.21882,
            0.78498,
            4.5687
          ],
          [
            9.84758,
            10.53598,
            4.56638
          ],
          [
            7.03114,
            5.662,
            4.56232
          ],
          [
            7.0323,
            0.77846,
            4.56334
          ],
          [
            12.66058,
            10.53695,
            4.56671
          ],
          [
            9.84901,
            5.66986,
            4.56936
          ],
          [
            2.81245,
            3.22241,
            4.56161
          ],
          [
            8.43937,
            12.96505,
            4.56988
          ],
          [
            5.62336,
            8.10552,
            4.56166
          ],
          [
            5.6224,
            3.22317,
            4.56219
          ],
          [
            11.255,
            12.96887,
            4.57001
          ],
          [
            8.44487,
            8.09548,
            4.57465
          ],
          [
            8.44223,
            3.21693,
            4.55383
          ],
          [
            14.06653,
            12.96856,
            4.5695
          ],
          [
            11.24672,
            8.09706,
            4.57977
          ],
          [
            14.06346,
            14.57168,
            6.87859
          ],
          [
            11.25683,
            9.71408,
            6.87239
          ],
          [
            8.43313,
            4.81352,
            6.84007
          ],
          [
            11.25171,
            14.57281,
            6.87992
          ],
          [
            8.43138,
            9.7152,
            6.86035
          ],
          [
            5.61926,
            4.82623,
            6.86903
          ],
          [
            2.82131,
            4.81756,
            6.86094
          ],
          [
            8.43734,
            14.57199,
            6.87697
          ],
          [
            5.62487,
            9.70456,
            6.87901
          ],
          [
            1.40643,
            2.38448,
            6.86584
          ],
          [
            7.03133,
            12.14195,
            6.88181
          ],
          [
            4.22522,
            7.26564,
            6.87636
          ],
          [
            7.02379,
            2.38189,
            6.85355
          ],
          [
            12.66004,
            12.14052,
            6.88132
          ],
          [
            9.84938,
            7.26345,
            6.90778
          ],
          [
            7.01951,
            7.26507,
            6.86309
          ],
          [
            4.21594,
            2.38619,
            6.87625
          ],
          [
            9.84513,
            12.14367,
            6.88078
          ],
          [
            9.0065,
            7.98932,
            10.08701
          ],
          [
            9.66769,
            9.32394,
            10.24661
          ],
          [
            10.14627,
            9.50968,
            11.69657
          ],
          [
            7.50278,
            4.48816,
            10.28463
          ],
          [
            6.92817,
            3.10337,
            10.35108
          ],
          [
            7.93489,
            1.97547,
            10.56961
          ],
          [
            9.54651,
            7.03842,
            9.46396
          ],
          [
            7.85191,
            7.8655,
            10.69382
          ],
          [
            6.84608,
            5.49541,
            10.59774
          ],
          [
            8.74775,
            4.55559,
            9.8246
          ],
          [
            7.44806,
            6.90722,
            10.60626
          ],
          [
            8.94543,
            10.11445,
            9.97923
          ],
          [
            10.51531,
            9.37706,
            9.54452
          ],
          [
            10.64384,
            10.48383,
            11.80664
          ],
          [
            9.29854,
            9.46863,
            12.39584
          ],
          [
            10.86671,
            8.72406,
            11.97349
          ],
          [
            9.0521,
            5.52802,
            9.70699
          ],
          [
            6.41605,
            2.96139,
            9.37076
          ],
          [
            6.12668,
            3.11088,
            11.10572
          ],
          [
            8.45135,
            2.08126,
            11.53622
          ],
          [
            7.41743,
            1.00391,
            10.55821
          ],
          [
            8.6969,
            1.96289,
            9.77477
          ]
        ],
        "Stress": [
          [
            -52.36495,
            -0.06045,
            0.01452
          ],
          [
            -0.06045,
            -50.76633,
            -0.00098
          ],
          [
            0.01452,
            -0.00098,
            -2.10204
          ]
        ],
        "computation_code": "VASP",
        "pseudopotential_information": [
          [
            "PAW_PBE",
            "Pt",
            "04Feb2005"
          ],
          [
            "PAW_PBE",
            "C",
            "08Apr2002"
          ],
          [
            "PAW_PBE",
            "O",
            "08Apr2002"
          ],
          [
            "PAW_PBE",
            "H",
            "15Jun2001"
          ]
        ]
      }
    ],
    "EnergyStyle": "electronvolt",
    "ForcesStyle": "electronvoltperangstrom",
    "LatticeStyle": "angstrom",
    "PositionsStyle": "angstrom",
    "StressStyle": "kB"
  }
}