{
  "Dataset": {
    "AtomTypeStyle": "chemicalsymbol",
    "Data": [
      {
        "AtomTypes": [
          "Pt",
          "Pt",
          "Pt",
          "Pt",
          "Pt",
          "Pt",
          "Pt",
          "Pt",
          "Pt",
          "Pt",
          "Pt",
          "Pt",
          "Pt",
          "Pt",
          "Pt",
          "Pt",
          "Pt",
          "Pt",
          "Pt",
          "Pt",
          "Pt",
          "Pt",
          "Pt",
          "Pt",
          "Pt",
          "Pt",
          "Pt",
          "Pt",
          "Pt",
          "Pt",
          "Pt",
          "Pt",
          "Pt",
          "Pt",
          "Pt",
          "Pt",
          "Pt",
          "Pt",
          "Pt",
          "Pt",
          "Pt",
          "Pt",
          "Pt",
          "Pt",
          "Pt",
          "Pt",
          "Pt",
          "Pt",
          "Pt",
          "Pt",
          "Pt",
          "Pt",
          "Pt",
          "Pt",
          "Pt",
          "Pt",
          "Pt",
          "Pt",
          "Pt",
          "Pt",
          "Pt",
          "Pt",
          "Pt",
          "Pt",
          "C",
          "C",
          "C",
          "C",
          "C",
          "C",
          "O",
          "O",
          "O",
          "O",
          "H",
          "H",
          "H",
          "H",
          "H",
          "H",
          "H",
          "H",
          "H",
          "H",
          "H",
          "H"
        ],
        "Energy": -311.98824968,
        "Forces": [
          [
            -0.004399,
            -0.002134,
            -0.035429
          ],
          [
            -0.001719,
            -0.000279,
            -0.031367
          ],
          [
            -0.004153,
            0.003722,
            -0.033262
          ],
          [
            -0.008699,
            -0.001352,
            -0.027671
          ],
          [
            -0.001272,
            -0.001244,
            -0.038047
          ],
          [
            0.000761,
            -0.00156,
            -0.028988
          ],
          [
            -0.004761,
            -0.000331,
            -0.037731
          ],
          [
            -0.005598,
            0.002044,
            -0.035709
          ],
          [
            -0.003398,
            0.004483,
            -0.035817
          ],
          [
            -0.002752,
            -0.002004,
            -0.034836
          ],
          [
            -0.007313,
            0.007897,
            -0.03087
          ],
          [
            -0.003135,
            -0.002258,
            -0.035516
          ],
          [
            0.001369,
            0.004627,
            -0.033392
          ],
          [
            -0.002558,
            -0.001903,
            -0.036653
          ],
          [
            -0.004135,
            0.005979,
            -0.036794
          ],
          [
            -0.001464,
            -0.000787,
            -0.037309
          ],
          [
            -0.003776,
            0.00176,
            0.023823
          ],
          [
            -0.000629,
            -0.002639,
            0.04929
          ],
          [
            0.003309,
            -0.005654,
            0.035796
          ],
          [
            0.007249,
            -0.00142,
            0.048405
          ],
          [
            -0.002374,
            0.007011,
            0.05048
          ],
          [
            -0.003078,
            0.011603,
            0.025515
          ],
          [
            0.006945,
            -0.00083,
            0.04649
          ],
          [
            0.005797,
            -0.001859,
            0.038425
          ],
          [
            0.005761,
            -0.000655,
            0.048887
          ],
          [
            0.00951,
            0.002991,
            0.045189
          ],
          [
            0.014435,
            -0.004968,
            0.029954
          ],
          [
            0.017905,
            0.005222,
            0.020407
          ],
          [
            0.002643,
            -0.004329,
            0.037924
          ],
          [
            0.016938,
            -0.00621,
            0.062425
          ],
          [
            0.00775,
            -0.012943,
            0.010069
          ],
          [
            0.007294,
            -0.009813,
            0.042038
          ],
          [
            -0.004786,
            0.00086,
            -0.000204
          ],
          [
            -0.001106,
            0.000899,
            0.003534
          ],
          [
            -0.005801,
            0.000314,
            0.004116
          ],
          [
            -0.000371,
            0.004194,
            0.007563
          ],
          [
            0.006812,
            0.001298,
            -0.001914
          ],
          [
            0.000304,
            0.004732,
            0.00136
          ],
          [
            0.002815,
            0.005634,
            0.002048
          ],
          [
            -0.003488,
            -0.000337,
            0.002468
          ],
          [
            0.005394,
            6e-05,
            0.000741
          ],
          [
            -0.004632,
            -0.001966,
            8e-06
          ],
          [
            0.007177,
            -0.007897,
            0.003753
          ],
          [
            -0.004837,
            0.003197,
            0.00249
          ],
          [
            -0.003522,
            -0.005633,
            0.002246
          ],
          [
            0.00193,
            -0.007809,
            0.001421
          ],
          [
            -0.004536,
            -0.004266,
            0.006266
          ],
          [
            -0.003817,
            0.001169,
            0.001056
          ],
          [
            -0.003423,
            -0.004463,
            -0.003184
          ],
          [
            -0.002358,
            0.001436,
            0.002178
          ],
          [
            -0.000429,
            0.004523,
            0.005872
          ],
          [
            -0.002522,
            -0.002311,
            -0.001651
          ],
          [
            0.004839,
            0.000719,
            -0.007392
          ],
          [
            0.000453,
            -0.001648,
            0.004784
          ],
          [
            0.002315,
            -0.001482,
            -0.004522
          ],
          [
            0.002226,
            0.003844,
            0.00079
          ],
          [
            0.001313,
            -0.000216,
            0.000702
          ],
          [
            -0.003326,
            0.000129,
            -0.006524
          ],
          [
            0.001238,
            -0.004429,
            0.00709
          ],
          [
            -0.000699,
            -0.003703,
            -0.007627
          ],
          [
            0.005207,
            0.005309,
            0.00706
          ],
          [
            -0.000826,
            -0.003876,
            -0.00788
          ],
          [
            0.002408,
            0.001861,
            0.001769
          ],
          [
            -0.000841,
            0.00224,
            -0.001565
          ],
          [
            -0.076932,
            -0.023377,
            -0.062244
          ],
          [
            0.004334,
            0.009099,
            -0.010847
          ],
          [
            -0.020161,
            0.017054,
            0.06882
          ],
          [
            -0.019286,
            -0.034134,
            0.023806
          ],
          [
            0.024283,
            0.000317,
            -0.022975
          ],
          [
            -0.007334,
            0.006573,
            -0.022729
          ],
          [
            -0.014746,
            0.005057,
            -0.00938
          ],
          [
            0.072233,
            -0.038225,
            -0.002695
          ],
          [
            -0.023651,
            0.022913,
            0.006715
          ],
          [
            0.03179,
            0.026853,
            0.015584
          ],
          [
            -0.002173,
            -0.013012,
            -0.0064
          ],
          [
            -0.015542,
            0.033882,
            -0.012943
          ],
          [
            -0.018907,
            -0.005262,
            -0.02274
          ],
          [
            0.022295,
            0.019152,
            -0.027011
          ],
          [
            -0.054252,
            0.033065,
            -0.023879
          ],
          [
            0.064257,
            -0.020106,
            0.029733
          ],
          [
            -0.001746,
            -0.002185,
            0.002645
          ],
          [
            -0.016159,
            0.003329,
            -0.000984
          ],
          [
            0.000708,
            -0.017731,
            0.00356
          ],
          [
            0.018957,
            -0.020577,
            -0.020663
          ],
          [
            0.018528,
            0.006047,
            0.005797
          ],
          [
            -0.022059,
            0.006717,
            -0.003745
          ]
        ],
        "Lattice": [
          [
            11.254311534,
            0.0,
            0.0
          ],
          [
            5.627155767,
            9.746519691,
            0.0
          ],
          [
            0.0,
            0.0,
            21.483230925
          ]
        ],
        "NumAtoms": 86,
        "Positions": [
          [
            4.22079,
            2.43687,
            0.0
          ],
          [
            7.03437,
            7.31013,
            0.0
          ],
          [
            9.84794,
            2.43687,
            0.0
          ],
          [
            12.66152,
            7.31013,
            0.0
          ],
          [
            1.40693,
            2.43687,
            0.0
          ],
          [
            4.22051,
            7.31013,
            0.0
          ],
          [
            7.03409,
            2.43687,
            0.0
          ],
          [
            9.84766,
            7.31013,
            0.0
          ],
          [
            2.81385,
            0.0,
            0.0
          ],
          [
            5.62743,
            4.87326,
            0.0
          ],
          [
            8.44101,
            0.0,
            0.0
          ],
          [
            11.25459,
            4.87326,
            0.0
          ],
          [
            0.0,
            0.0,
            0.0
          ],
          [
            2.81358,
            4.87326,
            0.0
          ],
          [
            5.62716,
            0.0,
            0.0
          ],
          [
            8.44073,
            4.87326,
            0.0
          ],
          [
            7.03462,
            4.06144,
            2.2975
          ],
          [
            9.8482,
            8.9347,
            2.2975
          ],
          [
            12.66177,
            4.06144,
            2.2975
          ],
          [
            15.47535,
            8.9347,
            2.2975
          ],
          [
            5.62769,
            1.62456,
            2.2975
          ],
          [
            8.44127,
            6.49782,
            2.2975
          ],
          [
            11.25484,
            1.62456,
            2.2975
          ],
          [
            14.06842,
            6.49782,
            2.2975
          ],
          [
            2.81383,
            1.62456,
            2.2975
          ],
          [
            5.62741,
            6.49782,
            2.2975
          ],
          [
            8.44098,
            1.62456,
            2.2975
          ],
          [
            11.25456,
            6.49782,
            2.2975
          ],
          [
            4.22076,
            4.06144,
            2.2975
          ],
          [
            7.03434,
            8.9347,
            2.2975
          ],
          [
            9.84791,
            4.06144,
            2.2975
          ],
          [
            12.66149,
            8.9347,
            2.2975
          ],
          [
            1.41332,
            0.81084,
            4.57176
          ],
          [
            4.22568,
            5.68671,
            4.56869
          ],
          [
            7.04057,
            0.80726,
            4.56785
          ],
          [
            9.8577,
            5.68568,
            4.55982
          ],
          [
            4.22621,
            0.81028,
            4.57127
          ],
          [
            7.03826,
            5.6879,
            4.56583
          ],
          [
            9.85412,
            0.80744,
            4.57112
          ],
          [
            12.67031,
            5.68622,
            4.56877
          ],
          [
            2.81848,
            3.24794,
            4.56917
          ],
          [
            5.6341,
            8.12321,
            4.57145
          ],
          [
            8.44561,
            3.24393,
            4.56312
          ],
          [
            11.26425,
            8.12184,
            4.56886
          ],
          [
            5.63156,
            3.24883,
            4.56765
          ],
          [
            8.4484,
            8.1235,
            4.57103
          ],
          [
            11.26097,
            3.24631,
            4.56731
          ],
          [
            14.07664,
            8.12069,
            4.57056
          ],
          [
            2.82557,
            -0.00076,
            6.88322
          ],
          [
            5.63686,
            4.87568,
            6.87193
          ],
          [
            14.07996,
            9.73983,
            6.88048
          ],
          [
            11.26934,
            4.86953,
            6.87052
          ],
          [
            0.01296,
            -0.00227,
            6.88256
          ],
          [
            2.82599,
            4.87018,
            6.87593
          ],
          [
            11.26368,
            9.74145,
            6.88193
          ],
          [
            8.45707,
            4.87229,
            6.85116
          ],
          [
            1.4178,
            2.43343,
            6.87842
          ],
          [
            4.23428,
            7.30867,
            6.8809
          ],
          [
            7.04113,
            2.4268,
            6.86736
          ],
          [
            9.86467,
            7.30636,
            6.87167
          ],
          [
            4.22737,
            2.43201,
            6.87694
          ],
          [
            7.04699,
            7.3107,
            6.87777
          ],
          [
            9.85946,
            2.43168,
            6.87319
          ],
          [
            12.6756,
            7.30688,
            6.87963
          ],
          [
            9.43108,
            7.63852,
            10.29538
          ],
          [
            10.16311,
            8.90974,
            10.61622
          ],
          [
            10.05498,
            9.18758,
            12.12386
          ],
          [
            7.5399,
            4.33184,
            10.20253
          ],
          [
            6.82841,
            3.01129,
            10.30672
          ],
          [
            7.44708,
            2.03341,
            11.30728
          ],
          [
            10.02381,
            6.56568,
            10.07585
          ],
          [
            8.11205,
            7.75183,
            10.32594
          ],
          [
            6.93101,
            5.41516,
            10.16423
          ],
          [
            8.85729,
            4.23334,
            10.12347
          ],
          [
            7.65341,
            6.83777,
            10.20649
          ],
          [
            9.7134,
            9.73508,
            10.03895
          ],
          [
            11.21363,
            8.79133,
            10.30841
          ],
          [
            4.96083,
            0.36234,
            12.39643
          ],
          [
            9.00537,
            9.29656,
            12.42806
          ],
          [
            10.48734,
            8.35789,
            12.70169
          ],
          [
            9.30292,
            5.16198,
            10.05999
          ],
          [
            6.8791,
            2.56448,
            9.28159
          ],
          [
            5.7654,
            3.21349,
            10.50718
          ],
          [
            7.36883,
            2.42087,
            12.33652
          ],
          [
            6.92138,
            1.06804,
            11.26388
          ],
          [
            8.50927,
            1.85709,
            11.08319
          ]
        ],
        "Stress": [
          [
            -51.61624,
            -0.12211,
            -0.06729
          ],
          [
            -0.12211,
            -51.72539,
            0.11345
          ],
          [
            -0.06729,
            0.11345,
            -3.23848
          ]
        ],
        "computation_code": "VASP",
        "pseudopotential_information": [
          [
            "PAW_PBE",
            "Pt",
            "04Feb2005"
          ],
          [
            "PAW_PBE",
            "C",
            "08Apr2002"
          ],
          [
            "PAW_PBE",
            "O",
            "08Apr2002"
          ],
          [
            "PAW_PBE",
            "H",
            "15Jun2001"
          ]
        ]
      }
    ],
    "EnergyStyle": "electronvolt",
    "ForcesStyle": "electronvoltperangstrom",
    "LatticeStyle": "angstrom",
    "PositionsStyle": "angstrom",
    "StressStyle": "kB"
  }
}