{
  "Dataset": {
    "AtomTypeStyle": "chemicalsymbol",
    "Data": [
      {
        "AtomTypes": [
          "Pt",
          "Pt",
          "Pt",
          "Pt",
          "Pt",
          "Pt",
          "Pt",
          "Pt",
          "Pt",
          "Pt",
          "Pt",
          "Pt",
          "Pt",
          "Pt",
          "Pt",
          "Pt",
          "Pt",
          "Pt",
          "Pt",
          "Pt",
          "Pt",
          "Pt",
          "Pt",
          "Pt",
          "Pt",
          "Pt",
          "Pt",
          "Pt",
          "Pt",
          "Pt",
          "Pt",
          "Pt",
          "Pt",
          "Pt",
          "Pt",
          "Pt",
          "Pt",
          "Pt",
          "Pt",
          "Pt",
          "Pt",
          "Pt",
          "Pt",
          "Pt",
          "Pt",
          "Pt",
          "Pt",
          "Pt",
          "Pt",
          "Pt",
          "Pt",
          "Pt",
          "Pt",
          "Pt",
          "Pt",
          "Pt",
          "Pt",
          "Pt",
          "Pt",
          "Pt",
          "Pt",
          "Pt",
          "Pt",
          "Pt",
          "Pt",
          "Pt",
          "Pt",
          "Pt",
          "Pt",
          "Pt",
          "Pt",
          "Pt",
          "C",
          "C",
          "C",
          "C",
          "C",
          "C",
          "O",
          "O",
          "O",
          "O",
          "H",
          "H",
          "H",
          "H",
          "H",
          "H",
          "H",
          "H",
          "H",
          "H",
          "H",
          "H"
        ],
        "Energy": -337.43552624,
        "Forces": [
          [
            5e-05,
            0.012971,
            -0.042364
          ],
          [
            0.002682,
            0.018663,
            -0.030129
          ],
          [
            -0.007376,
            0.017638,
            -0.031143
          ],
          [
            0.003207,
            0.016946,
            -0.042454
          ],
          [
            0.004375,
            0.012267,
            -0.026921
          ],
          [
            -0.000477,
            0.010258,
            -0.037109
          ],
          [
            0.003828,
            0.004272,
            -0.060438
          ],
          [
            -0.003225,
            0.01718,
            -0.028437
          ],
          [
            0.009007,
            0.012275,
            -0.042508
          ],
          [
            0.006507,
            0.019093,
            -0.034132
          ],
          [
            -0.004662,
            0.01908,
            -0.028066
          ],
          [
            0.001903,
            0.011219,
            -0.036273
          ],
          [
            0.001541,
            0.020042,
            -0.035841
          ],
          [
            0.008515,
            0.014916,
            -0.027278
          ],
          [
            0.005218,
            0.009488,
            -0.042088
          ],
          [
            0.000146,
            0.022588,
            -0.034431
          ],
          [
            0.002339,
            0.027977,
            -0.077988
          ],
          [
            0.002194,
            0.000493,
            -0.042314
          ],
          [
            -0.008844,
            -0.007746,
            0.00811
          ],
          [
            -0.006064,
            -0.024943,
            0.045227
          ],
          [
            0.002556,
            -0.050406,
            0.068634
          ],
          [
            -0.000278,
            0.026379,
            0.02754
          ],
          [
            -0.00734,
            -0.036799,
            0.026816
          ],
          [
            -0.042674,
            -0.035662,
            0.071813
          ],
          [
            -0.004983,
            -0.007269,
            0.036312
          ],
          [
            -0.002639,
            -0.026541,
            0.03973
          ],
          [
            0.022975,
            -0.039766,
            0.042533
          ],
          [
            -0.00905,
            -0.013685,
            0.026955
          ],
          [
            -0.005997,
            -0.014642,
            0.038019
          ],
          [
            0.019682,
            -0.004752,
            0.045797
          ],
          [
            0.006606,
            -0.022692,
            0.007946
          ],
          [
            -0.00732,
            -0.031224,
            0.028529
          ],
          [
            -0.027538,
            0.010788,
            0.061534
          ],
          [
            -0.009485,
            -0.009988,
            0.035269
          ],
          [
            0.005999,
            -0.021266,
            0.019536
          ],
          [
            0.006091,
            -0.020579,
            0.049042
          ],
          [
            -0.000903,
            -0.001725,
            0.002053
          ],
          [
            -0.002836,
            0.00351,
            0.000527
          ],
          [
            -0.000215,
            -0.002068,
            0.001141
          ],
          [
            0.005332,
            -0.004544,
            0.004098
          ],
          [
            0.005442,
            -0.000787,
            0.000255
          ],
          [
            0.000369,
            -0.003251,
            -0.003892
          ],
          [
            0.000126,
            -0.000499,
            0.001044
          ],
          [
            -0.003219,
            -0.005863,
            0.006528
          ],
          [
            -0.000785,
            0.001829,
            -0.000793
          ],
          [
            -0.001361,
            -0.001595,
            -0.005713
          ],
          [
            0.004335,
            -0.000894,
            0.003046
          ],
          [
            -0.001041,
            0.004576,
            -0.003722
          ],
          [
            -0.001654,
            -0.000115,
            -0.003746
          ],
          [
            0.001568,
            0.001234,
            -0.004046
          ],
          [
            -0.000188,
            0.000507,
            0.005753
          ],
          [
            -0.00043,
            -0.002545,
            0.002568
          ],
          [
            -0.002487,
            0.005213,
            0.000164
          ],
          [
            -0.000981,
            0.009113,
            -0.003963
          ],
          [
            -0.000569,
            -0.002022,
            0.004878
          ],
          [
            0.001084,
            0.002609,
            -0.006372
          ],
          [
            0.00273,
            0.000358,
            -0.000656
          ],
          [
            0.004232,
            0.000571,
            0.004993
          ],
          [
            0.002462,
            -0.001167,
            0.003584
          ],
          [
            -0.006619,
            0.002167,
            -0.002104
          ],
          [
            0.000711,
            0.005384,
            0.000402
          ],
          [
            -0.000505,
            -0.000502,
            0.004788
          ],
          [
            0.000848,
            0.004333,
            0.001207
          ],
          [
            -0.003916,
            -0.006713,
            0.000599
          ],
          [
            0.000288,
            0.00338,
            0.006448
          ],
          [
            -0.003351,
            -0.002235,
            0.000637
          ],
          [
            0.002073,
            -0.001346,
            0.000735
          ],
          [
            0.000418,
            -0.003342,
            0.00311
          ],
          [
            -0.004768,
            0.002724,
            0.001112
          ],
          [
            -0.000682,
            0.00123,
            -0.001533
          ],
          [
            0.001427,
            -0.003873,
            0.000428
          ],
          [
            0.002846,
            -0.001267,
            0.007254
          ],
          [
            0.017284,
            -0.029666,
            -0.019625
          ],
          [
            -0.011123,
            0.010161,
            0.007583
          ],
          [
            0.016511,
            -0.00499,
            0.008749
          ],
          [
            0.006035,
            0.007322,
            0.020106
          ],
          [
            -0.005928,
            -0.010293,
            -0.013276
          ],
          [
            -0.004507,
            -0.005839,
            -0.023971
          ],
          [
            -0.019196,
            0.040086,
            0.028268
          ],
          [
            0.001885,
            -0.008105,
            -0.000515
          ],
          [
            -0.011015,
            0.010024,
            -0.015373
          ],
          [
            0.002669,
            -0.017711,
            -0.010295
          ],
          [
            0.003148,
            0.008632,
            0.000711
          ],
          [
            -0.007333,
            0.001033,
            -0.000936
          ],
          [
            0.013047,
            -0.001906,
            -0.017504
          ],
          [
            -0.00342,
            0.010096,
            -0.004777
          ],
          [
            -0.00383,
            0.010687,
            -0.005094
          ],
          [
            0.005757,
            0.002222,
            -0.007369
          ],
          [
            0.009475,
            0.022872,
            0.007213
          ],
          [
            0.007203,
            0.0018,
            0.011688
          ],
          [
            0.006957,
            0.006967,
            0.00475
          ],
          [
            0.006376,
            -0.000973,
            0.007065
          ],
          [
            0.000403,
            0.009404,
            0.003528
          ],
          [
            0.002349,
            -0.000777,
            0.008831
          ]
        ],
        "Lattice": [
          [
            8.440733911,
            0.0,
            0.0
          ],
          [
            8.440733911,
            14.619780548,
            0.0
          ],
          [
            0.0,
            0.0,
            21.483230591
          ]
        ],
        "NumAtoms": 94,
        "Positions": [
          [
            4.22079,
            2.43687,
            0.0
          ],
          [
            9.84794,
            12.18339,
            0.0
          ],
          [
            7.03437,
            7.31013,
            0.0
          ],
          [
            7.03437,
            2.43687,
            0.0
          ],
          [
            12.66152,
            12.18339,
            0.0
          ],
          [
            9.84795,
            7.31013,
            0.0
          ],
          [
            1.40721,
            2.43687,
            0.0
          ],
          [
            7.03437,
            12.18339,
            0.0
          ],
          [
            4.22079,
            7.31013,
            0.0
          ],
          [
            2.81385,
            0.0,
            0.0
          ],
          [
            8.44101,
            9.74652,
            0.0
          ],
          [
            5.62743,
            4.87326,
            0.0
          ],
          [
            5.62743,
            0.0,
            0.0
          ],
          [
            11.25459,
            9.74652,
            0.0
          ],
          [
            8.44101,
            4.87326,
            0.0
          ],
          [
            0.00028,
            0.0,
            0.0
          ],
          [
            5.62743,
            9.74652,
            0.0
          ],
          [
            2.81385,
            4.87326,
            0.0
          ],
          [
            7.03462,
            4.06144,
            2.2975
          ],
          [
            12.66177,
            13.80796,
            2.2975
          ],
          [
            9.8482,
            8.9347,
            2.2975
          ],
          [
            9.8482,
            4.06144,
            2.2975
          ],
          [
            15.47535,
            13.80796,
            2.2975
          ],
          [
            12.66177,
            8.9347,
            2.2975
          ],
          [
            4.22104,
            4.06144,
            2.2975
          ],
          [
            9.8482,
            13.80796,
            2.2975
          ],
          [
            7.03462,
            8.9347,
            2.2975
          ],
          [
            5.62769,
            1.62456,
            2.2975
          ],
          [
            11.25484,
            11.37109,
            2.2975
          ],
          [
            8.44127,
            6.49782,
            2.2975
          ],
          [
            8.44127,
            1.62456,
            2.2975
          ],
          [
            14.06842,
            11.37109,
            2.2975
          ],
          [
            11.25484,
            6.49782,
            2.2975
          ],
          [
            2.81411,
            1.62456,
            2.2975
          ],
          [
            8.44127,
            11.37109,
            2.2975
          ],
          [
            5.62769,
            6.49782,
            2.2975
          ],
          [
            1.40427,
            0.78096,
            4.56511
          ],
          [
            7.0288,
            10.53219,
            4.56257
          ],
          [
            4.21984,
            5.66642,
            4.56467
          ],
          [
            4.2164,
            0.78629,
            4.56703
          ],
          [
            9.84651,
            10.53361,
            4.56542
          ],
          [
            7.03092,
            5.66133,
            4.56419
          ],
          [
            7.03003,
            0.77997,
            4.56198
          ],
          [
            12.65907,
            10.53529,
            4.56571
          ],
          [
            9.84864,
            5.66728,
            4.57035
          ],
          [
            2.812,
            3.22309,
            4.56285
          ],
          [
            8.43631,
            12.9648,
            4.56665
          ],
          [
            5.62365,
            8.10272,
            4.5626
          ],
          [
            5.62151,
            3.22396,
            4.56322
          ],
          [
            11.25221,
            12.9691,
            4.56871
          ],
          [
            8.4452,
            8.09235,
            4.57331
          ],
          [
            8.44066,
            3.21838,
            4.55385
          ],
          [
            14.06392,
            12.96824,
            4.56774
          ],
          [
            11.24738,
            8.09477,
            4.57985
          ],
          [
            14.05947,
            14.57121,
            6.87441
          ],
          [
            11.25298,
            9.71045,
            6.87213
          ],
          [
            8.43086,
            4.8125,
            6.84464
          ],
          [
            11.24656,
            14.57225,
            6.87624
          ],
          [
            8.42836,
            9.71145,
            6.85819
          ],
          [
            5.61916,
            4.82493,
            6.87269
          ],
          [
            2.82004,
            4.81593,
            6.86423
          ],
          [
            8.43303,
            14.57145,
            6.87262
          ],
          [
            5.62097,
            9.70186,
            6.87793
          ],
          [
            1.40381,
            2.38467,
            6.86599
          ],
          [
            7.02572,
            12.13823,
            6.8763
          ],
          [
            4.22439,
            7.26285,
            6.87795
          ],
          [
            7.02111,
            2.38134,
            6.85412
          ],
          [
            12.65462,
            12.13946,
            6.87782
          ],
          [
            9.84944,
            7.25954,
            6.90687
          ],
          [
            7.01967,
            7.2635,
            6.86589
          ],
          [
            4.21289,
            2.38593,
            6.87746
          ],
          [
            9.83957,
            12.14159,
            6.87544
          ],
          [
            9.01065,
            8.00276,
            10.09206
          ],
          [
            9.6668,
            9.34226,
            10.24387
          ],
          [
            10.16167,
            9.53967,
            11.68697
          ],
          [
            7.50638,
            4.49295,
            10.28742
          ],
          [
            6.93422,
            3.10666,
            10.35552
          ],
          [
            7.94784,
            1.98273,
            10.56439
          ],
          [
            9.5629,
            7.04558,
            9.49003
          ],
          [
            7.8451,
            7.88527,
            10.68076
          ],
          [
            6.85347,
            5.49918,
            10.61007
          ],
          [
            8.74851,
            4.56204,
            9.8188
          ],
          [
            7.44889,
            6.92504,
            10.60256
          ],
          [
            8.93739,
            10.128,
            9.98088
          ],
          [
            10.50789,
            9.39892,
            9.53411
          ],
          [
            10.65947,
            10.51533,
            11.78062
          ],
          [
            9.32497,
            9.50308,
            12.3991
          ],
          [
            10.88811,
            8.75926,
            11.96179
          ],
          [
            9.05508,
            5.5342,
            9.7101
          ],
          [
            6.41404,
            2.96284,
            9.37949
          ],
          [
            6.13912,
            3.11015,
            11.11691
          ],
          [
            8.47538,
            2.0912,
            11.52442
          ],
          [
            7.43595,
            1.00787,
            10.55758
          ],
          [
            8.70022,
            1.97398,
            9.76006
          ]
        ],
        "Stress": [
          [
            -52.32653,
            -0.09041,
            -0.01109
          ],
          [
            -0.09041,
            -50.80433,
            -0.03458
          ],
          [
            -0.01109,
            -0.03458,
            -2.03177
          ]
        ],
        "computation_code": "VASP",
        "pseudopotential_information": [
          [
            "PAW_PBE",
            "Pt",
            "04Feb2005"
          ],
          [
            "PAW_PBE",
            "C",
            "08Apr2002"
          ],
          [
            "PAW_PBE",
            "O",
            "08Apr2002"
          ],
          [
            "PAW_PBE",
            "H",
            "15Jun2001"
          ]
        ]
      }
    ],
    "EnergyStyle": "electronvolt",
    "ForcesStyle": "electronvoltperangstrom",
    "LatticeStyle": "angstrom",
    "PositionsStyle": "angstrom",
    "StressStyle": "kB"
  }
}