{
  "Dataset": {
    "AtomTypeStyle": "chemicalsymbol",
    "Data": [
      {
        "AtomTypes": [
          "Pt",
          "Pt",
          "Pt",
          "Pt",
          "Pt",
          "Pt",
          "Pt",
          "Pt",
          "Pt",
          "Pt",
          "Pt",
          "Pt",
          "Pt",
          "Pt",
          "Pt",
          "Pt",
          "Pt",
          "Pt",
          "Pt",
          "Pt",
          "Pt",
          "Pt",
          "Pt",
          "Pt",
          "Pt",
          "Pt",
          "Pt",
          "Pt",
          "Pt",
          "Pt",
          "Pt",
          "Pt",
          "Pt",
          "Pt",
          "Pt",
          "Pt",
          "Pt",
          "Pt",
          "Pt",
          "Pt",
          "Pt",
          "Pt",
          "Pt",
          "Pt",
          "Pt",
          "Pt",
          "Pt",
          "Pt",
          "Pt",
          "Pt",
          "Pt",
          "Pt",
          "Pt",
          "Pt",
          "Pt",
          "Pt",
          "Pt",
          "Pt",
          "Pt",
          "Pt",
          "Pt",
          "Pt",
          "Pt",
          "Pt",
          "C",
          "C",
          "C",
          "C",
          "C",
          "C",
          "O",
          "O",
          "O",
          "O",
          "H",
          "H",
          "H",
          "H",
          "H",
          "H",
          "H",
          "H",
          "H",
          "H",
          "H",
          "H"
        ],
        "Energy": -312.07667873,
        "Forces": [
          [
            -0.005288,
            -0.000306,
            -0.036784
          ],
          [
            -0.00308,
            0.001286,
            -0.031441
          ],
          [
            -0.000817,
            0.002693,
            -0.028776
          ],
          [
            -0.004498,
            -0.001133,
            -0.02842
          ],
          [
            0.002085,
            -0.000352,
            -0.038424
          ],
          [
            0.001392,
            -0.001626,
            -0.031631
          ],
          [
            -0.006323,
            -0.000334,
            -0.03541
          ],
          [
            -0.004536,
            0.003947,
            -0.035158
          ],
          [
            -0.003077,
            0.004814,
            -0.034325
          ],
          [
            -0.003202,
            0.000402,
            -0.035373
          ],
          [
            -0.006635,
            0.004699,
            -0.03031
          ],
          [
            -0.000356,
            0.000241,
            -0.0342
          ],
          [
            0.003054,
            0.003864,
            -0.034905
          ],
          [
            -0.000112,
            -0.001807,
            -0.037349
          ],
          [
            -0.002556,
            0.006203,
            -0.036307
          ],
          [
            -0.002437,
            0.002056,
            -0.03464
          ],
          [
            -0.004086,
            0.004497,
            0.026211
          ],
          [
            -0.004713,
            -0.009285,
            0.033131
          ],
          [
            0.002747,
            -0.001856,
            0.036469
          ],
          [
            -2.6e-05,
            -0.003841,
            0.045406
          ],
          [
            0.001385,
            0.011855,
            0.035587
          ],
          [
            -0.003812,
            0.006011,
            0.025442
          ],
          [
            0.002233,
            3.7e-05,
            0.042772
          ],
          [
            0.003012,
            -0.002942,
            0.044811
          ],
          [
            0.003068,
            0.005321,
            0.034228
          ],
          [
            0.005914,
            -0.002063,
            0.046005
          ],
          [
            0.011254,
            -0.006824,
            0.026326
          ],
          [
            0.015556,
            0.000319,
            0.02167
          ],
          [
            0.00081,
            0.000605,
            0.037476
          ],
          [
            0.017701,
            -0.015962,
            0.052148
          ],
          [
            0.006548,
            -0.006631,
            0.012421
          ],
          [
            0.002957,
            -0.012934,
            0.042517
          ],
          [
            -0.003638,
            0.004371,
            -0.004267
          ],
          [
            -0.003709,
            0.004263,
            -0.002998
          ],
          [
            0.000892,
            0.001283,
            -0.000219
          ],
          [
            0.001634,
            0.002345,
            -0.001024
          ],
          [
            -0.000186,
            0.002903,
            0.002985
          ],
          [
            -0.002502,
            -0.000613,
            -0.003154
          ],
          [
            -0.001529,
            0.000288,
            0.002831
          ],
          [
            0.000723,
            0.001072,
            -0.001921
          ],
          [
            -0.001931,
            0.000238,
            0.005229
          ],
          [
            0.002295,
            -0.003931,
            0.001339
          ],
          [
            0.000126,
            0.002584,
            0.004497
          ],
          [
            -0.003401,
            -0.00354,
            0.00391
          ],
          [
            -0.001422,
            -0.005721,
            0.002607
          ],
          [
            -0.001861,
            -0.002309,
            0.000208
          ],
          [
            0.001126,
            -0.003999,
            0.002046
          ],
          [
            0.001143,
            -0.005935,
            -0.00257
          ],
          [
            -0.000218,
            -0.003896,
            0.004416
          ],
          [
            0.003099,
            0.003577,
            2.2e-05
          ],
          [
            0.001314,
            0.000446,
            -0.001163
          ],
          [
            -0.003835,
            0.005023,
            0.000366
          ],
          [
            -0.000684,
            -0.001754,
            0.001194
          ],
          [
            0.003116,
            -0.000206,
            -0.000153
          ],
          [
            -0.004401,
            -0.00013,
            -0.001193
          ],
          [
            0.000282,
            0.000314,
            -0.001445
          ],
          [
            0.000934,
            -0.003923,
            -0.003361
          ],
          [
            -0.000475,
            -0.002148,
            -0.000389
          ],
          [
            -0.001912,
            -0.001533,
            0.000418
          ],
          [
            -0.000353,
            -0.002608,
            -0.001528
          ],
          [
            0.003224,
            0.002432,
            -0.002753
          ],
          [
            0.001475,
            0.000536,
            -0.001655
          ],
          [
            -0.001041,
            0.004022,
            -2.8e-05
          ],
          [
            0.001645,
            0.000159,
            -0.000348
          ],
          [
            0.067317,
            -0.052144,
            -0.010976
          ],
          [
            -0.010981,
            0.012306,
            -0.003533
          ],
          [
            0.001906,
            -0.01041,
            -0.001511
          ],
          [
            0.004499,
            0.010473,
            -0.004266
          ],
          [
            -0.041402,
            -0.00295,
            0.01389
          ],
          [
            -0.004708,
            0.021311,
            0.014375
          ],
          [
            -0.05797,
            0.061983,
            0.01358
          ],
          [
            0.001761,
            -0.014888,
            -0.011176
          ],
          [
            0.018476,
            -0.021184,
            0.009448
          ],
          [
            -0.030272,
            0.006629,
            0.004982
          ],
          [
            -0.010485,
            -0.0083,
            0.003853
          ],
          [
            -0.002475,
            -0.00901,
            -0.00435
          ],
          [
            -0.004227,
            0.015372,
            -0.007632
          ],
          [
            -0.001879,
            -0.012333,
            -0.010409
          ],
          [
            -0.002831,
            0.001785,
            0.013931
          ],
          [
            -0.007111,
            0.012795,
            0.010941
          ],
          [
            0.005594,
            0.017425,
            -0.014031
          ],
          [
            -0.001144,
            0.00292,
            0.004485
          ],
          [
            0.034162,
            0.004042,
            -0.010247
          ],
          [
            0.012602,
            -0.009232,
            -0.008611
          ],
          [
            -0.010313,
            -0.009377,
            -0.009453
          ],
          [
            0.025389,
            -0.001775,
            -0.014355
          ]
        ],
        "Lattice": [
          [
            11.254311534,
            0.0,
            0.0
          ],
          [
            5.627155767,
            9.746519691,
            0.0
          ],
          [
            0.0,
            0.0,
            21.483230925
          ]
        ],
        "NumAtoms": 86,
        "Positions": [
          [
            4.22079,
            2.43687,
            0.0
          ],
          [
            7.03437,
            7.31013,
            0.0
          ],
          [
            9.84794,
            2.43687,
            0.0
          ],
          [
            12.66152,
            7.31013,
            0.0
          ],
          [
            1.40693,
            2.43687,
            0.0
          ],
          [
            4.22051,
            7.31013,
            0.0
          ],
          [
            7.03409,
            2.43687,
            0.0
          ],
          [
            9.84766,
            7.31013,
            0.0
          ],
          [
            2.81385,
            0.0,
            0.0
          ],
          [
            5.62743,
            4.87326,
            0.0
          ],
          [
            8.44101,
            0.0,
            0.0
          ],
          [
            11.25459,
            4.87326,
            0.0
          ],
          [
            0.0,
            0.0,
            0.0
          ],
          [
            2.81358,
            4.87326,
            0.0
          ],
          [
            5.62716,
            0.0,
            0.0
          ],
          [
            8.44073,
            4.87326,
            0.0
          ],
          [
            7.03462,
            4.06144,
            2.2975
          ],
          [
            9.8482,
            8.9347,
            2.2975
          ],
          [
            12.66177,
            4.06144,
            2.2975
          ],
          [
            15.47535,
            8.9347,
            2.2975
          ],
          [
            5.62769,
            1.62456,
            2.2975
          ],
          [
            8.44127,
            6.49782,
            2.2975
          ],
          [
            11.25484,
            1.62456,
            2.2975
          ],
          [
            14.06842,
            6.49782,
            2.2975
          ],
          [
            2.81383,
            1.62456,
            2.2975
          ],
          [
            5.62741,
            6.49782,
            2.2975
          ],
          [
            8.44098,
            1.62456,
            2.2975
          ],
          [
            11.25456,
            6.49782,
            2.2975
          ],
          [
            4.22076,
            4.06144,
            2.2975
          ],
          [
            7.03434,
            8.9347,
            2.2975
          ],
          [
            9.84791,
            4.06144,
            2.2975
          ],
          [
            12.66149,
            8.9347,
            2.2975
          ],
          [
            1.40909,
            0.81116,
            4.56813
          ],
          [
            4.22321,
            5.68636,
            4.56957
          ],
          [
            7.0399,
            0.808,
            4.56708
          ],
          [
            9.85558,
            5.68214,
            4.56123
          ],
          [
            4.22621,
            0.81094,
            4.56646
          ],
          [
            7.03677,
            5.6859,
            4.56687
          ],
          [
            9.85156,
            0.80819,
            4.57141
          ],
          [
            12.66769,
            5.68469,
            4.57012
          ],
          [
            2.81665,
            3.24756,
            4.56855
          ],
          [
            5.63034,
            8.12322,
            4.56966
          ],
          [
            8.44553,
            3.24257,
            4.56392
          ],
          [
            11.26152,
            8.11995,
            4.5672
          ],
          [
            5.63033,
            3.24959,
            4.56674
          ],
          [
            8.44714,
            8.11943,
            4.56931
          ],
          [
            11.25839,
            3.24528,
            4.56783
          ],
          [
            14.07327,
            8.12173,
            4.57094
          ],
          [
            2.81815,
            0.0007,
            6.86696
          ],
          [
            5.63115,
            4.87611,
            6.87377
          ],
          [
            14.07756,
            9.74067,
            6.88294
          ],
          [
            11.2666,
            4.86325,
            6.8723
          ],
          [
            0.00855,
            -0.00288,
            6.88108
          ],
          [
            2.82221,
            4.86848,
            6.8779
          ],
          [
            11.26321,
            9.74015,
            6.87368
          ],
          [
            8.45184,
            4.86877,
            6.85622
          ],
          [
            1.41457,
            2.43348,
            6.88012
          ],
          [
            4.22848,
            7.30841,
            6.88054
          ],
          [
            7.03659,
            2.42828,
            6.86603
          ],
          [
            9.86279,
            7.29946,
            6.8693
          ],
          [
            4.22406,
            2.43198,
            6.87542
          ],
          [
            7.03971,
            7.30728,
            6.87403
          ],
          [
            9.85585,
            2.42973,
            6.8768
          ],
          [
            12.67274,
            7.30528,
            6.87873
          ],
          [
            9.07606,
            7.78252,
            10.15986
          ],
          [
            9.68948,
            9.1504,
            10.28473
          ],
          [
            9.89782,
            9.51912,
            11.76297
          ],
          [
            7.52117,
            4.28602,
            10.25733
          ],
          [
            6.91253,
            2.91101,
            10.28586
          ],
          [
            7.79063,
            1.79155,
            10.83382
          ],
          [
            9.77094,
            6.76158,
            9.97919
          ],
          [
            7.76328,
            7.75206,
            10.29916
          ],
          [
            6.81642,
            5.3116,
            10.25239
          ],
          [
            8.84342,
            4.3119,
            10.18618
          ],
          [
            7.40061,
            6.786,
            10.25783
          ],
          [
            3.3991,
            0.14144,
            9.79924
          ],
          [
            10.65342,
            9.13721,
            9.74933
          ],
          [
            4.71607,
            0.77551,
            11.84588
          ],
          [
            8.93977,
            9.52412,
            12.30297
          ],
          [
            10.5742,
            8.80055,
            12.25149
          ],
          [
            9.19429,
            5.27599,
            10.10233
          ],
          [
            6.65876,
            2.69421,
            9.21536
          ],
          [
            5.93883,
            2.98759,
            10.79843
          ],
          [
            8.04676,
            1.96739,
            11.89054
          ],
          [
            7.26452,
            0.82694,
            10.76536
          ],
          [
            8.72764,
            1.70909,
            10.2649
          ]
        ],
        "Stress": [
          [
            -51.56426,
            -0.20608,
            -0.07103
          ],
          [
            -0.20608,
            -51.95681,
            0.04602
          ],
          [
            -0.07103,
            0.04602,
            -2.87919
          ]
        ],
        "computation_code": "VASP",
        "pseudopotential_information": [
          [
            "PAW_PBE",
            "Pt",
            "04Feb2005"
          ],
          [
            "PAW_PBE",
            "C",
            "08Apr2002"
          ],
          [
            "PAW_PBE",
            "O",
            "08Apr2002"
          ],
          [
            "PAW_PBE",
            "H",
            "15Jun2001"
          ]
        ]
      }
    ],
    "EnergyStyle": "electronvolt",
    "ForcesStyle": "electronvoltperangstrom",
    "LatticeStyle": "angstrom",
    "PositionsStyle": "angstrom",
    "StressStyle": "kB"
  }
}