{
  "Dataset": {
    "AtomTypeStyle": "chemicalsymbol",
    "Data": [
      {
        "AtomTypes": [
          "Pt",
          "Pt",
          "Pt",
          "Pt",
          "Pt",
          "Pt",
          "Pt",
          "Pt",
          "Pt",
          "Pt",
          "Pt",
          "Pt",
          "Pt",
          "Pt",
          "Pt",
          "Pt",
          "Pt",
          "Pt",
          "Pt",
          "Pt",
          "Pt",
          "Pt",
          "Pt",
          "Pt",
          "Pt",
          "Pt",
          "Pt",
          "Pt",
          "Pt",
          "Pt",
          "Pt",
          "Pt",
          "Pt",
          "Pt",
          "Pt",
          "Pt",
          "Pt",
          "Pt",
          "Pt",
          "Pt",
          "Pt",
          "Pt",
          "Pt",
          "Pt",
          "Pt",
          "Pt",
          "Pt",
          "Pt",
          "Pt",
          "Pt",
          "Pt",
          "Pt",
          "Pt",
          "Pt",
          "Pt",
          "Pt",
          "Pt",
          "Pt",
          "Pt",
          "Pt",
          "Pt",
          "Pt",
          "Pt",
          "Pt",
          "C",
          "C",
          "C",
          "C",
          "C",
          "C",
          "O",
          "O",
          "O",
          "O",
          "H",
          "H",
          "H",
          "H",
          "H",
          "H",
          "H",
          "H",
          "H",
          "H",
          "H",
          "H"
        ],
        "Energy": -311.98287914,
        "Forces": [
          [
            -0.004422,
            -0.002065,
            -0.0355
          ],
          [
            -0.002472,
            -0.00106,
            -0.032351
          ],
          [
            -0.004107,
            0.003701,
            -0.033929
          ],
          [
            -0.008369,
            -0.002176,
            -0.028078
          ],
          [
            -0.001726,
            -0.001225,
            -0.037839
          ],
          [
            0.000367,
            -0.002543,
            -0.029554
          ],
          [
            -0.005084,
            -0.000693,
            -0.037832
          ],
          [
            -0.005219,
            0.001355,
            -0.035893
          ],
          [
            -0.003867,
            0.003765,
            -0.03605
          ],
          [
            -0.00278,
            -0.001736,
            -0.03522
          ],
          [
            -0.00692,
            0.007259,
            -0.030922
          ],
          [
            -0.003673,
            -0.002645,
            -0.036273
          ],
          [
            0.001493,
            0.003906,
            -0.033235
          ],
          [
            -0.002613,
            -0.002053,
            -0.037287
          ],
          [
            -0.004383,
            0.005227,
            -0.036495
          ],
          [
            -0.00175,
            -0.00063,
            -0.036972
          ],
          [
            -0.00192,
            0.000914,
            0.03106
          ],
          [
            0.00188,
            -0.000552,
            0.046178
          ],
          [
            0.003531,
            -0.006867,
            0.042279
          ],
          [
            0.004767,
            0.002176,
            0.047468
          ],
          [
            -0.001796,
            0.008812,
            0.050048
          ],
          [
            -0.000862,
            0.008061,
            0.022034
          ],
          [
            0.008864,
            0.002019,
            0.050206
          ],
          [
            0.004815,
            -0.001515,
            0.039414
          ],
          [
            0.004993,
            0.001228,
            0.053056
          ],
          [
            0.010227,
            0.002596,
            0.044268
          ],
          [
            0.013938,
            -0.005564,
            0.032236
          ],
          [
            0.017458,
            0.006165,
            0.022579
          ],
          [
            0.002084,
            -0.00417,
            0.04017
          ],
          [
            0.016971,
            -0.002357,
            0.061459
          ],
          [
            0.009206,
            -0.012177,
            0.016555
          ],
          [
            0.006967,
            -0.007787,
            0.04309
          ],
          [
            0.000206,
            5.7e-05,
            -0.006151
          ],
          [
            -0.003012,
            -0.002996,
            0.001086
          ],
          [
            0.005172,
            0.001679,
            0.000885
          ],
          [
            1.1e-05,
            -0.004845,
            -0.002268
          ],
          [
            -0.003254,
            0.002088,
            0.00167
          ],
          [
            -0.004289,
            -0.00838,
            -0.002821
          ],
          [
            -0.00471,
            -0.001538,
            0.000372
          ],
          [
            0.000468,
            -0.001957,
            0.000215
          ],
          [
            -0.001505,
            0.001977,
            -0.003076
          ],
          [
            0.000883,
            -0.003118,
            0.001705
          ],
          [
            -0.002592,
            0.003313,
            0.001096
          ],
          [
            -0.001897,
            -0.001596,
            -0.003357
          ],
          [
            0.004876,
            0.00093,
            0.001824
          ],
          [
            -0.004678,
            0.003776,
            0.005527
          ],
          [
            0.002793,
            -7.3e-05,
            -0.003028
          ],
          [
            -0.003912,
            0.003039,
            0.001571
          ],
          [
            0.000627,
            0.003943,
            -0.003193
          ],
          [
            -0.001165,
            -0.002566,
            0.001026
          ],
          [
            0.006012,
            0.00179,
            0.003058
          ],
          [
            -0.002688,
            -0.00532,
            0.00277
          ],
          [
            0.002267,
            0.005596,
            -0.005076
          ],
          [
            -0.002607,
            -0.003924,
            0.003994
          ],
          [
            -0.001951,
            -8e-05,
            -0.001923
          ],
          [
            0.002743,
            -0.005994,
            -0.003637
          ],
          [
            0.003763,
            -4.4e-05,
            -0.00097
          ],
          [
            -0.006312,
            0.004555,
            -0.003091
          ],
          [
            0.001385,
            -0.000287,
            0.005955
          ],
          [
            0.00533,
            -0.0002,
            0.001007
          ],
          [
            0.001224,
            6.3e-05,
            0.005974
          ],
          [
            -0.005507,
            -0.003743,
            -0.00172
          ],
          [
            0.002308,
            0.002019,
            0.008355
          ],
          [
            -0.000103,
            -0.00278,
            0.001123
          ],
          [
            -0.08334,
            0.073096,
            0.036259
          ],
          [
            0.00022,
            0.019697,
            -0.000683
          ],
          [
            -0.010275,
            -0.040774,
            -0.015449
          ],
          [
            -0.074944,
            0.076129,
            -0.032201
          ],
          [
            -0.030266,
            -0.066032,
            0.068183
          ],
          [
            -0.00637,
            0.013548,
            -0.040684
          ],
          [
            -0.016534,
            -0.008518,
            -0.021632
          ],
          [
            0.092827,
            -0.046972,
            -0.019666
          ],
          [
            0.05354,
            -0.080027,
            0.015816
          ],
          [
            0.005173,
            0.014701,
            0.003362
          ],
          [
            -0.003177,
            -0.021075,
            -0.003056
          ],
          [
            -0.001805,
            0.012496,
            0.036054
          ],
          [
            -0.018316,
            -0.00688,
            -0.019582
          ],
          [
            -0.014071,
            0.017096,
            -0.033886
          ],
          [
            0.093579,
            -0.01379,
            -0.003704
          ],
          [
            -0.067876,
            0.063277,
            -0.026779
          ],
          [
            -0.014898,
            -0.002491,
            0.011834
          ],
          [
            0.00894,
            0.00651,
            -0.012424
          ],
          [
            0.026529,
            0.020196,
            -0.002663
          ],
          [
            -0.003943,
            0.017564,
            -0.001328
          ],
          [
            0.001739,
            -0.015564,
            -0.015076
          ],
          [
            0.02778,
            -0.016943,
            -0.020267
          ]
        ],
        "Lattice": [
          [
            11.254311534,
            0.0,
            0.0
          ],
          [
            5.627155767,
            9.746519691,
            0.0
          ],
          [
            0.0,
            0.0,
            21.483230925
          ]
        ],
        "NumAtoms": 86,
        "Positions": [
          [
            4.22079,
            2.43687,
            0.0
          ],
          [
            7.03437,
            7.31013,
            0.0
          ],
          [
            9.84794,
            2.43687,
            0.0
          ],
          [
            12.66152,
            7.31013,
            0.0
          ],
          [
            1.40693,
            2.43687,
            0.0
          ],
          [
            4.22051,
            7.31013,
            0.0
          ],
          [
            7.03409,
            2.43687,
            0.0
          ],
          [
            9.84766,
            7.31013,
            0.0
          ],
          [
            2.81385,
            0.0,
            0.0
          ],
          [
            5.62743,
            4.87326,
            0.0
          ],
          [
            8.44101,
            0.0,
            0.0
          ],
          [
            11.25459,
            4.87326,
            0.0
          ],
          [
            0.0,
            0.0,
            0.0
          ],
          [
            2.81358,
            4.87326,
            0.0
          ],
          [
            5.62716,
            0.0,
            0.0
          ],
          [
            8.44073,
            4.87326,
            0.0
          ],
          [
            7.03462,
            4.06144,
            2.2975
          ],
          [
            9.8482,
            8.9347,
            2.2975
          ],
          [
            12.66177,
            4.06144,
            2.2975
          ],
          [
            15.47535,
            8.9347,
            2.2975
          ],
          [
            5.62769,
            1.62456,
            2.2975
          ],
          [
            8.44127,
            6.49782,
            2.2975
          ],
          [
            11.25484,
            1.62456,
            2.2975
          ],
          [
            14.06842,
            6.49782,
            2.2975
          ],
          [
            2.81383,
            1.62456,
            2.2975
          ],
          [
            5.62741,
            6.49782,
            2.2975
          ],
          [
            8.44098,
            1.62456,
            2.2975
          ],
          [
            11.25456,
            6.49782,
            2.2975
          ],
          [
            4.22076,
            4.06144,
            2.2975
          ],
          [
            7.03434,
            8.9347,
            2.2975
          ],
          [
            9.84791,
            4.06144,
            2.2975
          ],
          [
            12.66149,
            8.9347,
            2.2975
          ],
          [
            1.41374,
            0.81151,
            4.57251
          ],
          [
            4.22602,
            5.68765,
            4.5686
          ],
          [
            7.03968,
            0.80823,
            4.56847
          ],
          [
            9.85783,
            5.6865,
            4.56063
          ],
          [
            4.22714,
            0.81087,
            4.57139
          ],
          [
            7.03885,
            5.68906,
            4.56598
          ],
          [
            9.85491,
            0.80887,
            4.5715
          ],
          [
            12.67011,
            5.68702,
            4.56884
          ],
          [
            2.81952,
            3.24834,
            4.57013
          ],
          [
            5.63346,
            8.12438,
            4.57066
          ],
          [
            8.4466,
            3.24352,
            4.5639
          ],
          [
            11.26421,
            8.12337,
            4.56931
          ],
          [
            5.63161,
            3.24933,
            4.5681
          ],
          [
            8.44898,
            8.1232,
            4.5696
          ],
          [
            11.26111,
            3.24682,
            4.56843
          ],
          [
            14.0765,
            8.12183,
            4.57045
          ],
          [
            2.82593,
            -0.00084,
            6.8827
          ],
          [
            5.63717,
            4.87742,
            6.87223
          ],
          [
            14.07963,
            9.74165,
            6.88088
          ],
          [
            11.26991,
            4.87103,
            6.87019
          ],
          [
            0.01355,
            -0.00222,
            6.88217
          ],
          [
            2.82683,
            4.87207,
            6.8761
          ],
          [
            11.26428,
            9.74267,
            6.88296
          ],
          [
            8.4567,
            4.8746,
            6.85234
          ],
          [
            1.41833,
            2.43447,
            6.87902
          ],
          [
            4.23458,
            7.30957,
            6.88023
          ],
          [
            7.04206,
            2.42817,
            6.86846
          ],
          [
            9.8639,
            7.30695,
            6.8705
          ],
          [
            4.22876,
            2.43368,
            6.8778
          ],
          [
            7.04731,
            7.31192,
            6.87663
          ],
          [
            9.85988,
            2.43289,
            6.87335
          ],
          [
            12.67557,
            7.30905,
            6.879
          ],
          [
            9.44766,
            7.6273,
            10.29431
          ],
          [
            10.18016,
            8.8942,
            10.63872
          ],
          [
            10.05099,
            9.16718,
            12.15057
          ],
          [
            7.54218,
            4.3406,
            10.21098
          ],
          [
            6.82978,
            3.02143,
            10.3073
          ],
          [
            7.43673,
            2.05066,
            11.32369
          ],
          [
            10.0395,
            6.55614,
            10.06559
          ],
          [
            8.12923,
            7.7464,
            10.32225
          ],
          [
            6.93171,
            5.42548,
            10.17041
          ],
          [
            8.85935,
            4.24049,
            10.13722
          ],
          [
            7.66295,
            6.83531,
            10.20038
          ],
          [
            9.74315,
            9.72342,
            10.05414
          ],
          [
            11.23498,
            8.77407,
            10.34675
          ],
          [
            4.95598,
            0.34173,
            12.42869
          ],
          [
            8.99203,
            9.27714,
            12.43534
          ],
          [
            10.49193,
            8.33713,
            12.72966
          ],
          [
            9.31154,
            5.16656,
            10.06332
          ],
          [
            6.89194,
            2.56738,
            9.28681
          ],
          [
            5.76231,
            3.21585,
            10.49477
          ],
          [
            7.35018,
            2.44208,
            12.3497
          ],
          [
            6.9141,
            1.08444,
            11.28433
          ],
          [
            8.50041,
            1.87637,
            11.11355
          ]
        ],
        "Stress": [
          [
            -51.86133,
            -0.02675,
            -0.14342
          ],
          [
            -0.02675,
            -51.78043,
            0.14442
          ],
          [
            -0.14342,
            0.14442,
            -3.44676
          ]
        ],
        "computation_code": "VASP",
        "pseudopotential_information": [
          [
            "PAW_PBE",
            "Pt",
            "04Feb2005"
          ],
          [
            "PAW_PBE",
            "C",
            "08Apr2002"
          ],
          [
            "PAW_PBE",
            "O",
            "08Apr2002"
          ],
          [
            "PAW_PBE",
            "H",
            "15Jun2001"
          ]
        ]
      }
    ],
    "EnergyStyle": "electronvolt",
    "ForcesStyle": "electronvoltperangstrom",
    "LatticeStyle": "angstrom",
    "PositionsStyle": "angstrom",
    "StressStyle": "kB"
  }
}