{
  "Dataset": {
    "AtomTypeStyle": "chemicalsymbol",
    "Data": [
      {
        "AtomTypes": [
          "Pt",
          "Pt",
          "Pt",
          "Pt",
          "Pt",
          "Pt",
          "Pt",
          "Pt",
          "Pt",
          "Pt",
          "Pt",
          "Pt",
          "Pt",
          "Pt",
          "Pt",
          "Pt",
          "Pt",
          "Pt",
          "Pt",
          "Pt",
          "Pt",
          "Pt",
          "Pt",
          "Pt",
          "Pt",
          "Pt",
          "Pt",
          "Pt",
          "Pt",
          "Pt",
          "Pt",
          "Pt",
          "Pt",
          "Pt",
          "Pt",
          "Pt",
          "Pt",
          "Pt",
          "Pt",
          "Pt",
          "Pt",
          "Pt",
          "Pt",
          "Pt",
          "Pt",
          "Pt",
          "Pt",
          "Pt",
          "Pt",
          "Pt",
          "Pt",
          "Pt",
          "Pt",
          "Pt",
          "Pt",
          "Pt",
          "Pt",
          "Pt",
          "Pt",
          "Pt",
          "Pt",
          "Pt",
          "Pt",
          "Pt",
          "Pt",
          "Pt",
          "Pt",
          "Pt",
          "Pt",
          "Pt",
          "Pt",
          "Pt",
          "C",
          "C",
          "C",
          "C",
          "O",
          "O",
          "O",
          "O",
          "H",
          "H",
          "H",
          "H",
          "H",
          "H",
          "H",
          "H"
        ],
        "Energy": -307.00544395,
        "Forces": [
          [
            -0.000456,
            0.000546,
            -0.04753
          ],
          [
            0.005232,
            0.002809,
            -0.045833
          ],
          [
            0.002922,
            0.002332,
            -0.041417
          ],
          [
            0.002367,
            0.002253,
            -0.046554
          ],
          [
            0.002411,
            0.006184,
            -0.04782
          ],
          [
            0.004439,
            -0.002643,
            -0.040204
          ],
          [
            0.002703,
            -0.003876,
            -0.050161
          ],
          [
            0.003111,
            0.005956,
            -0.044564
          ],
          [
            0.003238,
            0.003883,
            -0.058681
          ],
          [
            0.005325,
            0.004531,
            -0.050414
          ],
          [
            0.005551,
            0.007688,
            -0.042844
          ],
          [
            0.000274,
            0.002576,
            -0.044125
          ],
          [
            0.001201,
            0.005871,
            -0.050828
          ],
          [
            0.005905,
            0.004848,
            -0.041961
          ],
          [
            0.004292,
            0.003781,
            -0.047387
          ],
          [
            0.003736,
            0.001818,
            -0.054927
          ],
          [
            0.006356,
            0.007586,
            -0.04181
          ],
          [
            0.007549,
            0.001161,
            -0.049665
          ],
          [
            0.015712,
            -0.021705,
            0.02849
          ],
          [
            0.002889,
            -0.021356,
            0.03954
          ],
          [
            0.008881,
            -0.016036,
            0.03256
          ],
          [
            0.000811,
            -0.010737,
            0.053011
          ],
          [
            0.012615,
            -0.033199,
            0.024926
          ],
          [
            0.000508,
            -0.027249,
            0.034639
          ],
          [
            0.009505,
            -0.025773,
            0.046579
          ],
          [
            0.003044,
            -0.021509,
            0.04356
          ],
          [
            0.005885,
            -0.019139,
            0.02352
          ],
          [
            0.007777,
            -0.015666,
            0.015443
          ],
          [
            0.007678,
            -0.015375,
            0.041394
          ],
          [
            0.010982,
            -0.032967,
            0.038119
          ],
          [
            0.011811,
            -0.001159,
            0.035833
          ],
          [
            0.00736,
            -0.028415,
            0.040426
          ],
          [
            -0.011733,
            -0.023323,
            0.061427
          ],
          [
            0.008188,
            -0.010081,
            0.033803
          ],
          [
            0.006436,
            -0.022064,
            0.040222
          ],
          [
            0.013529,
            -0.02758,
            0.027871
          ],
          [
            -0.018342,
            0.004618,
            0.020908
          ],
          [
            -0.01266,
            0.00909,
            0.010923
          ],
          [
            -0.010372,
            0.003584,
            0.011342
          ],
          [
            -0.008742,
            0.008417,
            0.021087
          ],
          [
            -0.005148,
            0.009611,
            0.015328
          ],
          [
            -0.008708,
            0.008988,
            0.01825
          ],
          [
            0.003894,
            0.015052,
            0.013803
          ],
          [
            0.000974,
            0.017118,
            0.014115
          ],
          [
            0.00158,
            0.013216,
            0.018409
          ],
          [
            -0.00366,
            0.016147,
            0.016713
          ],
          [
            -0.006683,
            0.019354,
            0.014043
          ],
          [
            -0.003556,
            0.013916,
            0.010165
          ],
          [
            -0.003447,
            0.00931,
            0.017267
          ],
          [
            -0.004989,
            0.010746,
            0.019684
          ],
          [
            -0.000892,
            0.006981,
            0.014005
          ],
          [
            -0.010191,
            -0.001173,
            0.015896
          ],
          [
            -0.00762,
            0.000164,
            0.012469
          ],
          [
            -0.008695,
            0.001411,
            0.014423
          ],
          [
            -0.009328,
            0.010339,
            0.000362
          ],
          [
            -0.005706,
            0.008931,
            -0.001041
          ],
          [
            -0.004792,
            0.008899,
            -0.002011
          ],
          [
            -0.008166,
            0.008598,
            -0.0038
          ],
          [
            -0.000914,
            0.008377,
            -0.005057
          ],
          [
            -0.00213,
            0.00638,
            -0.005641
          ],
          [
            -0.006234,
            0.005982,
            -0.00577
          ],
          [
            -0.001673,
            0.006326,
            -0.010525
          ],
          [
            -0.005911,
            0.008499,
            -0.008524
          ],
          [
            -0.005959,
            0.0062,
            -0.00303
          ],
          [
            -0.006611,
            0.010546,
            -0.003255
          ],
          [
            -0.005479,
            0.009017,
            -0.007439
          ],
          [
            -0.004371,
            0.006858,
            -0.004644
          ],
          [
            -0.006558,
            0.008936,
            -0.004354
          ],
          [
            -0.002212,
            0.005072,
            -0.00614
          ],
          [
            -0.001629,
            0.005286,
            -0.006879
          ],
          [
            -0.004616,
            0.005266,
            -0.000499
          ],
          [
            -0.002544,
            0.008042,
            -0.003864
          ],
          [
            -0.010039,
            0.012317,
            0.031474
          ],
          [
            0.033175,
            0.016596,
            -0.021408
          ],
          [
            -0.013816,
            0.011493,
            -0.012306
          ],
          [
            -0.029855,
            -0.003149,
            -0.028637
          ],
          [
            -0.01554,
            0.002025,
            -0.005576
          ],
          [
            0.031037,
            -0.005631,
            -0.019366
          ],
          [
            -0.017352,
            0.011544,
            0.00888
          ],
          [
            0.045816,
            -0.018111,
            -0.007734
          ],
          [
            -0.007953,
            -0.002381,
            0.001399
          ],
          [
            0.006027,
            -0.005469,
            0.012275
          ],
          [
            -0.037744,
            -0.004039,
            0.002989
          ],
          [
            0.003182,
            -0.010155,
            -0.008118
          ],
          [
            -0.003346,
            0.006161,
            -0.00594
          ],
          [
            -0.004444,
            0.004521,
            0.006969
          ],
          [
            0.015986,
            0.007119,
            0.005123
          ],
          [
            0.008923,
            -0.010918,
            0.028623
          ]
        ],
        "Lattice": [
          [
            8.440733911,
            0.0,
            0.0
          ],
          [
            8.440733911,
            14.619780548,
            0.0
          ],
          [
            0.0,
            0.0,
            21.483230591
          ]
        ],
        "NumAtoms": 88,
        "Positions": [
          [
            4.22079,
            2.43687,
            0.0
          ],
          [
            9.84794,
            12.18339,
            0.0
          ],
          [
            7.03437,
            7.31013,
            0.0
          ],
          [
            7.03437,
            2.43687,
            0.0
          ],
          [
            12.66152,
            12.18339,
            0.0
          ],
          [
            9.84795,
            7.31013,
            0.0
          ],
          [
            1.40721,
            2.43687,
            0.0
          ],
          [
            7.03437,
            12.18339,
            0.0
          ],
          [
            4.22079,
            7.31013,
            0.0
          ],
          [
            2.81385,
            0.0,
            0.0
          ],
          [
            8.44101,
            9.74652,
            0.0
          ],
          [
            5.62743,
            4.87326,
            0.0
          ],
          [
            5.62743,
            0.0,
            0.0
          ],
          [
            11.25459,
            9.74652,
            0.0
          ],
          [
            8.44101,
            4.87326,
            0.0
          ],
          [
            0.00028,
            0.0,
            0.0
          ],
          [
            5.62743,
            9.74652,
            0.0
          ],
          [
            2.81385,
            4.87326,
            0.0
          ],
          [
            7.03462,
            4.06144,
            2.2975
          ],
          [
            12.66177,
            13.80796,
            2.2975
          ],
          [
            9.8482,
            8.9347,
            2.2975
          ],
          [
            9.8482,
            4.06144,
            2.2975
          ],
          [
            15.47535,
            13.80796,
            2.2975
          ],
          [
            12.66177,
            8.9347,
            2.2975
          ],
          [
            4.22104,
            4.06144,
            2.2975
          ],
          [
            9.8482,
            13.80796,
            2.2975
          ],
          [
            7.03462,
            8.9347,
            2.2975
          ],
          [
            5.62769,
            1.62456,
            2.2975
          ],
          [
            11.25484,
            11.37109,
            2.2975
          ],
          [
            8.44127,
            6.49782,
            2.2975
          ],
          [
            8.44127,
            1.62456,
            2.2975
          ],
          [
            14.06842,
            11.37109,
            2.2975
          ],
          [
            11.25484,
            6.49782,
            2.2975
          ],
          [
            2.81411,
            1.62456,
            2.2975
          ],
          [
            8.44127,
            11.37109,
            2.2975
          ],
          [
            5.62769,
            6.49782,
            2.2975
          ],
          [
            1.4086,
            0.79808,
            4.56416
          ],
          [
            7.03287,
            10.54021,
            4.56763
          ],
          [
            4.21621,
            5.67517,
            4.56353
          ],
          [
            4.21952,
            0.79757,
            4.56316
          ],
          [
            9.8474,
            10.54415,
            4.56712
          ],
          [
            7.03533,
            5.66841,
            4.56438
          ],
          [
            7.03586,
            0.79232,
            4.55881
          ],
          [
            12.65893,
            10.54228,
            4.56676
          ],
          [
            9.84392,
            5.67101,
            4.57051
          ],
          [
            2.81368,
            3.23768,
            4.56514
          ],
          [
            8.44154,
            12.97546,
            4.56619
          ],
          [
            5.62254,
            8.10757,
            4.56299
          ],
          [
            5.62595,
            3.23224,
            4.56212
          ],
          [
            11.25405,
            12.97997,
            4.56613
          ],
          [
            8.44112,
            8.10891,
            4.56239
          ],
          [
            8.44333,
            3.23729,
            4.56496
          ],
          [
            14.06781,
            12.97501,
            4.56264
          ],
          [
            11.25227,
            8.1101,
            4.5665
          ],
          [
            14.07215,
            14.58401,
            6.85977
          ],
          [
            11.2555,
            9.7188,
            6.87767
          ],
          [
            8.4446,
            4.84437,
            6.88588
          ],
          [
            11.25787,
            14.58942,
            6.87537
          ],
          [
            8.44278,
            9.72122,
            6.87538
          ],
          [
            5.6209,
            4.84527,
            6.86216
          ],
          [
            2.81647,
            4.84638,
            6.88045
          ],
          [
            8.44799,
            14.58869,
            6.87279
          ],
          [
            5.62679,
            9.72015,
            6.87788
          ],
          [
            1.41429,
            2.40509,
            6.87358
          ],
          [
            7.03848,
            12.15291,
            6.87663
          ],
          [
            4.21925,
            7.28199,
            6.87917
          ],
          [
            7.03908,
            2.40394,
            6.85703
          ],
          [
            12.66316,
            12.15317,
            6.87537
          ],
          [
            9.84976,
            7.28471,
            6.8745
          ],
          [
            7.03054,
            7.28967,
            6.85636
          ],
          [
            4.21966,
            2.40953,
            6.87275
          ],
          [
            9.8505,
            12.15461,
            6.87817
          ],
          [
            7.18053,
            5.65263,
            10.15141
          ],
          [
            7.68899,
            7.05135,
            10.31072
          ],
          [
            5.84852,
            2.0752,
            10.17855
          ],
          [
            5.3863,
            0.65979,
            10.3308
          ],
          [
            7.92013,
            4.70145,
            9.82698
          ],
          [
            5.88732,
            5.51939,
            10.38016
          ],
          [
            5.07171,
            3.04373,
            10.20285
          ],
          [
            7.15944,
            2.19954,
            10.02218
          ],
          [
            5.57488,
            4.54215,
            10.26809
          ],
          [
            7.17853,
            7.70884,
            9.58176
          ],
          [
            8.77324,
            7.09022,
            10.14391
          ],
          [
            7.43562,
            7.42932,
            11.31385
          ],
          [
            7.44058,
            3.18619,
            9.93308
          ],
          [
            5.84375,
            0.02828,
            9.54731
          ],
          [
            4.29237,
            0.60406,
            10.27282
          ],
          [
            5.73112,
            0.26877,
            11.30115
          ]
        ],
        "Stress": [
          [
            -51.59124,
            -0.543,
            -0.50164
          ],
          [
            -0.543,
            -51.15962,
            0.57219
          ],
          [
            -0.50164,
            0.57219,
            -1.52301
          ]
        ],
        "computation_code": "VASP",
        "pseudopotential_information": [
          [
            "PAW_PBE",
            "Pt",
            "04Feb2005"
          ],
          [
            "PAW_PBE",
            "C",
            "08Apr2002"
          ],
          [
            "PAW_PBE",
            "O",
            "08Apr2002"
          ],
          [
            "PAW_PBE",
            "H",
            "15Jun2001"
          ]
        ]
      }
    ],
    "EnergyStyle": "electronvolt",
    "ForcesStyle": "electronvoltperangstrom",
    "LatticeStyle": "angstrom",
    "PositionsStyle": "angstrom",
    "StressStyle": "kB"
  }
}