{
  "Dataset": {
    "AtomTypeStyle": "chemicalsymbol",
    "Data": [
      {
        "AtomTypes": [
          "Pt",
          "Pt",
          "Pt",
          "Pt",
          "Pt",
          "Pt",
          "Pt",
          "Pt",
          "Pt",
          "Pt",
          "Pt",
          "Pt",
          "Pt",
          "Pt",
          "Pt",
          "Pt",
          "Pt",
          "Pt",
          "Pt",
          "Pt",
          "Pt",
          "Pt",
          "Pt",
          "Pt",
          "Pt",
          "Pt",
          "Pt",
          "Pt",
          "Pt",
          "Pt",
          "Pt",
          "Pt",
          "Pt",
          "Pt",
          "Pt",
          "Pt",
          "Pt",
          "Pt",
          "Pt",
          "Pt",
          "Pt",
          "Pt",
          "Pt",
          "Pt",
          "Pt",
          "Pt",
          "Pt",
          "Pt",
          "Pt",
          "Pt",
          "Pt",
          "Pt",
          "Pt",
          "Pt",
          "Pt",
          "Pt",
          "Pt",
          "Pt",
          "Pt",
          "Pt",
          "Pt",
          "Pt",
          "Pt",
          "Pt",
          "Pt",
          "Pt",
          "Pt",
          "Pt",
          "Pt",
          "Pt",
          "Pt",
          "Pt",
          "C",
          "C",
          "C",
          "C",
          "O",
          "O",
          "O",
          "O",
          "H",
          "H",
          "H",
          "H",
          "H",
          "H",
          "H",
          "H"
        ],
        "Energy": -307.00714948,
        "Forces": [
          [
            0.000279,
            -5.1e-05,
            -0.047486
          ],
          [
            0.005773,
            0.001639,
            -0.045935
          ],
          [
            0.003452,
            0.001317,
            -0.041987
          ],
          [
            0.003233,
            0.001647,
            -0.04665
          ],
          [
            0.002905,
            0.004728,
            -0.047685
          ],
          [
            0.004969,
            -0.003804,
            -0.040288
          ],
          [
            0.003267,
            -0.004676,
            -0.050439
          ],
          [
            0.003701,
            0.00501,
            -0.044639
          ],
          [
            0.00385,
            0.002868,
            -0.059322
          ],
          [
            0.005952,
            0.003587,
            -0.050055
          ],
          [
            0.005748,
            0.006408,
            -0.042485
          ],
          [
            0.000677,
            0.002013,
            -0.044186
          ],
          [
            0.001905,
            0.004987,
            -0.051019
          ],
          [
            0.006631,
            0.003371,
            -0.042118
          ],
          [
            0.005055,
            0.003155,
            -0.047841
          ],
          [
            0.00427,
            0.00081,
            -0.055339
          ],
          [
            0.006684,
            0.00653,
            -0.042359
          ],
          [
            0.008027,
            0.000332,
            -0.050549
          ],
          [
            0.013282,
            -0.019607,
            0.035187
          ],
          [
            -0.000348,
            -0.016892,
            0.045689
          ],
          [
            0.006526,
            -0.013081,
            0.037695
          ],
          [
            -0.002367,
            -0.007602,
            0.060496
          ],
          [
            0.009797,
            -0.029307,
            0.029624
          ],
          [
            -0.003007,
            -0.022916,
            0.039679
          ],
          [
            0.008437,
            -0.02351,
            0.052674
          ],
          [
            0.002068,
            -0.01791,
            0.04806
          ],
          [
            0.00597,
            -0.015291,
            0.027084
          ],
          [
            0.004931,
            -0.012468,
            0.023553
          ],
          [
            0.006527,
            -0.010885,
            0.047195
          ],
          [
            0.009562,
            -0.030175,
            0.045749
          ],
          [
            0.00941,
            0.00306,
            0.039974
          ],
          [
            0.004879,
            -0.024786,
            0.04333
          ],
          [
            -0.014409,
            -0.020198,
            0.065639
          ],
          [
            0.005994,
            -0.007545,
            0.04082
          ],
          [
            0.004242,
            -0.018529,
            0.04429
          ],
          [
            0.011175,
            -0.025482,
            0.031364
          ],
          [
            -0.008443,
            0.003307,
            0.013162
          ],
          [
            -0.004845,
            0.003528,
            0.005178
          ],
          [
            -0.003913,
            0.000858,
            0.004391
          ],
          [
            -0.004299,
            0.005142,
            0.012195
          ],
          [
            -0.003806,
            0.006053,
            0.010653
          ],
          [
            -0.00286,
            0.004536,
            0.011577
          ],
          [
            -0.000228,
            0.009551,
            0.007255
          ],
          [
            -0.002052,
            0.00782,
            0.005983
          ],
          [
            -0.002383,
            0.009197,
            0.009707
          ],
          [
            -0.004737,
            0.010734,
            0.010655
          ],
          [
            -0.006985,
            0.013591,
            0.007234
          ],
          [
            -0.006706,
            0.009676,
            0.007622
          ],
          [
            -0.003332,
            0.005955,
            0.007687
          ],
          [
            -0.003695,
            0.006665,
            0.011452
          ],
          [
            -0.000783,
            0.00409,
            0.005165
          ],
          [
            -0.003628,
            -0.000331,
            0.007567
          ],
          [
            -0.000767,
            0.000309,
            0.009191
          ],
          [
            -0.000712,
            0.000426,
            0.007155
          ],
          [
            -0.007908,
            0.010047,
            7.7e-05
          ],
          [
            -0.004277,
            0.00964,
            -0.003172
          ],
          [
            -0.002259,
            0.009412,
            -0.00258
          ],
          [
            -0.005303,
            0.008292,
            -0.003976
          ],
          [
            -0.000725,
            0.009583,
            -0.003754
          ],
          [
            -0.001429,
            0.006722,
            -0.00492
          ],
          [
            -0.008575,
            0.00837,
            -0.002978
          ],
          [
            -0.004384,
            0.00776,
            -0.002448
          ],
          [
            -0.006527,
            0.011022,
            -0.003357
          ],
          [
            -0.00504,
            0.009032,
            -0.003765
          ],
          [
            -0.007251,
            0.010277,
            -0.002
          ],
          [
            -0.005445,
            0.011053,
            -0.003486
          ],
          [
            -0.009134,
            0.009775,
            -0.002435
          ],
          [
            -0.009689,
            0.010449,
            -0.002093
          ],
          [
            -0.006878,
            0.007964,
            -0.00437
          ],
          [
            -0.004525,
            0.006564,
            -0.00431
          ],
          [
            -0.005249,
            0.00426,
            -0.000829
          ],
          [
            -0.003551,
            0.01037,
            -0.002487
          ],
          [
            0.009758,
            0.008983,
            -0.014544
          ],
          [
            -0.050738,
            -0.024432,
            0.030786
          ],
          [
            0.016105,
            0.003724,
            -0.006906
          ],
          [
            0.04889,
            0.012467,
            0.053329
          ],
          [
            0.020627,
            -0.015397,
            -0.003554
          ],
          [
            -0.030667,
            0.013802,
            0.008957
          ],
          [
            0.035236,
            -0.023074,
            0.002673
          ],
          [
            -0.054002,
            0.023428,
            -0.003326
          ],
          [
            0.004861,
            0.000644,
            -0.001209
          ],
          [
            -0.007095,
            0.013932,
            -0.011828
          ],
          [
            0.046971,
            0.002014,
            -0.011146
          ],
          [
            0.008486,
            0.001505,
            -0.003259
          ],
          [
            0.004085,
            -0.015162,
            -0.003497
          ],
          [
            -0.000325,
            -0.008355,
            -0.008983
          ],
          [
            -0.033563,
            0.001363,
            -0.000599
          ],
          [
            -0.015357,
            0.016115,
            -0.035555
          ]
        ],
        "Lattice": [
          [
            8.440733911,
            0.0,
            0.0
          ],
          [
            8.440733911,
            14.619780548,
            0.0
          ],
          [
            0.0,
            0.0,
            21.483230591
          ]
        ],
        "NumAtoms": 88,
        "Positions": [
          [
            4.22079,
            2.43687,
            0.0
          ],
          [
            9.84794,
            12.18339,
            0.0
          ],
          [
            7.03437,
            7.31013,
            0.0
          ],
          [
            7.03437,
            2.43687,
            0.0
          ],
          [
            12.66152,
            12.18339,
            0.0
          ],
          [
            9.84795,
            7.31013,
            0.0
          ],
          [
            1.40721,
            2.43687,
            0.0
          ],
          [
            7.03437,
            12.18339,
            0.0
          ],
          [
            4.22079,
            7.31013,
            0.0
          ],
          [
            2.81385,
            0.0,
            0.0
          ],
          [
            8.44101,
            9.74652,
            0.0
          ],
          [
            5.62743,
            4.87326,
            0.0
          ],
          [
            5.62743,
            0.0,
            0.0
          ],
          [
            11.25459,
            9.74652,
            0.0
          ],
          [
            8.44101,
            4.87326,
            0.0
          ],
          [
            0.00028,
            0.0,
            0.0
          ],
          [
            5.62743,
            9.74652,
            0.0
          ],
          [
            2.81385,
            4.87326,
            0.0
          ],
          [
            7.03462,
            4.06144,
            2.2975
          ],
          [
            12.66177,
            13.80796,
            2.2975
          ],
          [
            9.8482,
            8.9347,
            2.2975
          ],
          [
            9.8482,
            4.06144,
            2.2975
          ],
          [
            15.47535,
            13.80796,
            2.2975
          ],
          [
            12.66177,
            8.9347,
            2.2975
          ],
          [
            4.22104,
            4.06144,
            2.2975
          ],
          [
            9.8482,
            13.80796,
            2.2975
          ],
          [
            7.03462,
            8.9347,
            2.2975
          ],
          [
            5.62769,
            1.62456,
            2.2975
          ],
          [
            11.25484,
            11.37109,
            2.2975
          ],
          [
            8.44127,
            6.49782,
            2.2975
          ],
          [
            8.44127,
            1.62456,
            2.2975
          ],
          [
            14.06842,
            11.37109,
            2.2975
          ],
          [
            11.25484,
            6.49782,
            2.2975
          ],
          [
            2.81411,
            1.62456,
            2.2975
          ],
          [
            8.44127,
            11.37109,
            2.2975
          ],
          [
            5.62769,
            6.49782,
            2.2975
          ],
          [
            1.4067,
            0.80015,
            4.56496
          ],
          [
            7.03133,
            10.54273,
            4.56811
          ],
          [
            4.21467,
            5.6769,
            4.56406
          ],
          [
            4.21783,
            0.79955,
            4.56446
          ],
          [
            9.84636,
            10.54632,
            4.56756
          ],
          [
            7.0338,
            5.6701,
            4.56504
          ],
          [
            7.03476,
            0.79429,
            4.55963
          ],
          [
            12.65789,
            10.54466,
            4.56763
          ],
          [
            9.84312,
            5.67275,
            4.57163
          ],
          [
            2.81261,
            3.2394,
            4.56594
          ],
          [
            8.44044,
            12.97755,
            4.56667
          ],
          [
            5.62179,
            8.10969,
            4.56284
          ],
          [
            5.62482,
            3.23386,
            4.56346
          ],
          [
            11.25274,
            12.98214,
            4.5673
          ],
          [
            8.44038,
            8.11083,
            4.56333
          ],
          [
            8.44175,
            3.23908,
            4.56615
          ],
          [
            14.06602,
            12.97713,
            4.56324
          ],
          [
            11.25063,
            8.11211,
            4.56722
          ],
          [
            14.07076,
            14.58546,
            6.86064
          ],
          [
            11.25469,
            9.72011,
            6.8787
          ],
          [
            8.44349,
            4.84585,
            6.88697
          ],
          [
            11.25643,
            14.59081,
            6.87654
          ],
          [
            8.44219,
            9.72258,
            6.87558
          ],
          [
            5.61992,
            4.84648,
            6.86284
          ],
          [
            2.81593,
            4.8471,
            6.88083
          ],
          [
            8.44726,
            14.58964,
            6.87254
          ],
          [
            5.62613,
            9.72132,
            6.87742
          ],
          [
            1.41339,
            2.40618,
            6.8746
          ],
          [
            7.03763,
            12.15456,
            6.8771
          ],
          [
            4.21869,
            7.28326,
            6.8786
          ],
          [
            7.03887,
            2.40493,
            6.85807
          ],
          [
            12.66271,
            12.15445,
            6.87621
          ],
          [
            9.84982,
            7.28552,
            6.87535
          ],
          [
            7.0302,
            7.29103,
            6.85601
          ],
          [
            4.21891,
            2.41062,
            6.87385
          ],
          [
            9.8498,
            12.15555,
            6.87858
          ],
          [
            7.18065,
            5.65327,
            10.15266
          ],
          [
            7.69018,
            7.05212,
            10.30981
          ],
          [
            5.84849,
            2.07579,
            10.17772
          ],
          [
            5.38517,
            0.65985,
            10.3299
          ],
          [
            7.91888,
            4.70174,
            9.82691
          ],
          [
            5.88842,
            5.51928,
            10.379
          ],
          [
            5.07121,
            3.04464,
            10.20383
          ],
          [
            7.1616,
            2.19835,
            10.02084
          ],
          [
            5.57444,
            4.54214,
            10.26801
          ],
          [
            7.17887,
            7.70879,
            9.58255
          ],
          [
            8.77174,
            7.08983,
            10.14352
          ],
          [
            7.4363,
            7.42846,
            11.31331
          ],
          [
            7.44062,
            3.18648,
            9.93202
          ],
          [
            5.84303,
            0.02834,
            9.54773
          ],
          [
            4.29274,
            0.60512,
            10.27333
          ],
          [
            5.73142,
            0.26868,
            11.3025
          ]
        ],
        "Stress": [
          [
            -51.62115,
            -0.55051,
            -0.52231
          ],
          [
            -0.55051,
            -51.26824,
            0.6008
          ],
          [
            -0.52231,
            0.6008,
            -1.60439
          ]
        ],
        "computation_code": "VASP",
        "pseudopotential_information": [
          [
            "PAW_PBE",
            "Pt",
            "04Feb2005"
          ],
          [
            "PAW_PBE",
            "C",
            "08Apr2002"
          ],
          [
            "PAW_PBE",
            "O",
            "08Apr2002"
          ],
          [
            "PAW_PBE",
            "H",
            "15Jun2001"
          ]
        ]
      }
    ],
    "EnergyStyle": "electronvolt",
    "ForcesStyle": "electronvoltperangstrom",
    "LatticeStyle": "angstrom",
    "PositionsStyle": "angstrom",
    "StressStyle": "kB"
  }
}