{
  "Dataset": {
    "AtomTypeStyle": "chemicalsymbol",
    "Data": [
      {
        "AtomTypes": [
          "Pt",
          "Pt",
          "Pt",
          "Pt",
          "Pt",
          "Pt",
          "Pt",
          "Pt",
          "Pt",
          "Pt",
          "Pt",
          "Pt",
          "Pt",
          "Pt",
          "Pt",
          "Pt",
          "Pt",
          "Pt",
          "Pt",
          "Pt",
          "Pt",
          "Pt",
          "Pt",
          "Pt",
          "Pt",
          "Pt",
          "Pt",
          "Pt",
          "Pt",
          "Pt",
          "Pt",
          "Pt",
          "Pt",
          "Pt",
          "Pt",
          "Pt",
          "Pt",
          "Pt",
          "Pt",
          "Pt",
          "Pt",
          "Pt",
          "Pt",
          "Pt",
          "Pt",
          "Pt",
          "Pt",
          "Pt",
          "Pt",
          "Pt",
          "Pt",
          "Pt",
          "Pt",
          "Pt",
          "Pt",
          "Pt",
          "Pt",
          "Pt",
          "Pt",
          "Pt",
          "Pt",
          "Pt",
          "Pt",
          "Pt",
          "Pt",
          "Pt",
          "Pt",
          "Pt",
          "Pt",
          "Pt",
          "Pt",
          "Pt",
          "C",
          "C",
          "C",
          "C",
          "O",
          "O",
          "O",
          "O",
          "H",
          "H",
          "H",
          "H",
          "H",
          "H",
          "H",
          "H"
        ],
        "Energy": -307.01887172,
        "Forces": [
          [
            0.009285,
            -0.012926,
            -0.047731
          ],
          [
            0.014053,
            -0.012079,
            -0.046085
          ],
          [
            0.011832,
            -0.012427,
            -0.041271
          ],
          [
            0.012002,
            -0.011468,
            -0.047092
          ],
          [
            0.011226,
            -0.008771,
            -0.047252
          ],
          [
            0.012735,
            -0.016921,
            -0.041123
          ],
          [
            0.012737,
            -0.018255,
            -0.050413
          ],
          [
            0.012091,
            -0.008387,
            -0.045051
          ],
          [
            0.011841,
            -0.011566,
            -0.060725
          ],
          [
            0.014692,
            -0.009628,
            -0.050396
          ],
          [
            0.013803,
            -0.00746,
            -0.042027
          ],
          [
            0.008701,
            -0.011084,
            -0.043741
          ],
          [
            0.010479,
            -0.009306,
            -0.050562
          ],
          [
            0.014443,
            -0.010848,
            -0.042417
          ],
          [
            0.013571,
            -0.009951,
            -0.04794
          ],
          [
            0.013546,
            -0.012013,
            -0.055304
          ],
          [
            0.014028,
            -0.006574,
            -0.042725
          ],
          [
            0.016851,
            -0.012565,
            -0.052766
          ],
          [
            0.000607,
            0.003545,
            0.040589
          ],
          [
            -0.012998,
            0.006304,
            0.053179
          ],
          [
            -0.00508,
            0.011134,
            0.044895
          ],
          [
            -0.020987,
            0.016572,
            0.06159
          ],
          [
            -0.007278,
            -0.006006,
            0.031532
          ],
          [
            -0.018815,
            0.005071,
            0.040844
          ],
          [
            -0.004505,
            -0.002452,
            0.052663
          ],
          [
            -0.012027,
            0.004848,
            0.047896
          ],
          [
            -0.005401,
            0.007056,
            0.025392
          ],
          [
            -0.011114,
            0.012331,
            0.02588
          ],
          [
            -0.008397,
            0.012559,
            0.051772
          ],
          [
            -0.006051,
            -0.006886,
            0.050312
          ],
          [
            -0.003689,
            0.023745,
            0.037236
          ],
          [
            -0.008764,
            -0.000308,
            0.04482
          ],
          [
            -0.028833,
            0.004301,
            0.065361
          ],
          [
            -0.011712,
            0.0154,
            0.045737
          ],
          [
            -0.008752,
            0.006433,
            0.04857
          ],
          [
            -0.001441,
            -0.002563,
            0.038268
          ],
          [
            -0.000263,
            0.011216,
            0.000308
          ],
          [
            0.000959,
            0.011961,
            -0.000738
          ],
          [
            0.001378,
            0.008534,
            0.001239
          ],
          [
            -0.000341,
            -0.001259,
            0.00349
          ],
          [
            -0.001464,
            0.002381,
            -0.000205
          ],
          [
            0.00308,
            -0.000819,
            0.000369
          ],
          [
            -0.001427,
            -0.004199,
            0.002485
          ],
          [
            0.000371,
            -0.004492,
            0.003171
          ],
          [
            -0.00256,
            -0.004262,
            0.002271
          ],
          [
            -0.004065,
            -0.004816,
            0.005571
          ],
          [
            -0.003176,
            -0.0067,
            0.001952
          ],
          [
            -0.004756,
            -0.004984,
            0.004959
          ],
          [
            -0.004262,
            0.003019,
            -0.001578
          ],
          [
            -0.003414,
            0.002602,
            0.002071
          ],
          [
            -0.002501,
            0.001384,
            0.000945
          ],
          [
            0.00103,
            0.01087,
            -0.00072
          ],
          [
            0.00036,
            0.007685,
            -0.005079
          ],
          [
            -0.001709,
            0.006823,
            -0.002445
          ],
          [
            0.001318,
            -0.002715,
            0.001473
          ],
          [
            0.004092,
            0.00096,
            -0.005785
          ],
          [
            -0.000805,
            -0.002944,
            -0.002532
          ],
          [
            0.007089,
            0.004408,
            0.001151
          ],
          [
            -0.001604,
            0.002188,
            0.006475
          ],
          [
            0.001438,
            0.002044,
            0.009278
          ],
          [
            -0.004396,
            0.00606,
            0.006901
          ],
          [
            -0.005193,
            0.004058,
            0.002842
          ],
          [
            -0.00293,
            0.007636,
            0.000704
          ],
          [
            -0.004418,
            -0.002089,
            -0.001899
          ],
          [
            0.000877,
            -0.003014,
            0.002267
          ],
          [
            -0.000667,
            -0.001773,
            0.003974
          ],
          [
            -1.2e-05,
            0.00159,
            0.000331
          ],
          [
            -0.00746,
            0.007621,
            0.00674
          ],
          [
            -0.006132,
            0.007822,
            0.003468
          ],
          [
            -0.002492,
            0.001219,
            0.000557
          ],
          [
            -0.007135,
            0.005377,
            -0.001015
          ],
          [
            -0.005897,
            0.004981,
            0.002183
          ],
          [
            0.01142,
            -0.003549,
            0.026687
          ],
          [
            -0.017711,
            -0.004231,
            -0.006069
          ],
          [
            -0.00575,
            0.017706,
            -0.016493
          ],
          [
            0.011121,
            -0.013069,
            -0.022441
          ],
          [
            -0.004227,
            0.007494,
            -0.013022
          ],
          [
            0.004338,
            0.009268,
            -0.006157
          ],
          [
            0.004842,
            -0.008377,
            0.002569
          ],
          [
            -0.014803,
            -0.018648,
            0.003212
          ],
          [
            -0.000148,
            -0.00428,
            0.001277
          ],
          [
            0.001376,
            0.006712,
            0.000591
          ],
          [
            0.013751,
            0.00093,
            -0.004615
          ],
          [
            0.004627,
            -0.00438,
            -0.001663
          ],
          [
            0.002666,
            0.015972,
            -0.001187
          ],
          [
            -0.008819,
            0.016742,
            0.01527
          ],
          [
            -0.002323,
            0.000161,
            0.001521
          ],
          [
            0.004051,
            -0.005678,
            0.013421
          ]
        ],
        "Lattice": [
          [
            8.440733911,
            0.0,
            0.0
          ],
          [
            8.440733911,
            14.619780548,
            0.0
          ],
          [
            0.0,
            0.0,
            21.483230591
          ]
        ],
        "NumAtoms": 88,
        "Positions": [
          [
            4.22079,
            2.43687,
            0.0
          ],
          [
            9.84794,
            12.18339,
            0.0
          ],
          [
            7.03437,
            7.31013,
            0.0
          ],
          [
            7.03437,
            2.43687,
            0.0
          ],
          [
            12.66152,
            12.18339,
            0.0
          ],
          [
            9.84795,
            7.31013,
            0.0
          ],
          [
            1.40721,
            2.43687,
            0.0
          ],
          [
            7.03437,
            12.18339,
            0.0
          ],
          [
            4.22079,
            7.31013,
            0.0
          ],
          [
            2.81385,
            0.0,
            0.0
          ],
          [
            8.44101,
            9.74652,
            0.0
          ],
          [
            5.62743,
            4.87326,
            0.0
          ],
          [
            5.62743,
            0.0,
            0.0
          ],
          [
            11.25459,
            9.74652,
            0.0
          ],
          [
            8.44101,
            4.87326,
            0.0
          ],
          [
            0.00028,
            0.0,
            0.0
          ],
          [
            5.62743,
            9.74652,
            0.0
          ],
          [
            2.81385,
            4.87326,
            0.0
          ],
          [
            7.03462,
            4.06144,
            2.2975
          ],
          [
            12.66177,
            13.80796,
            2.2975
          ],
          [
            9.8482,
            8.9347,
            2.2975
          ],
          [
            9.8482,
            4.06144,
            2.2975
          ],
          [
            15.47535,
            13.80796,
            2.2975
          ],
          [
            12.66177,
            8.9347,
            2.2975
          ],
          [
            4.22104,
            4.06144,
            2.2975
          ],
          [
            9.8482,
            13.80796,
            2.2975
          ],
          [
            7.03462,
            8.9347,
            2.2975
          ],
          [
            5.62769,
            1.62456,
            2.2975
          ],
          [
            11.25484,
            11.37109,
            2.2975
          ],
          [
            8.44127,
            6.49782,
            2.2975
          ],
          [
            8.44127,
            1.62456,
            2.2975
          ],
          [
            14.06842,
            11.37109,
            2.2975
          ],
          [
            11.25484,
            6.49782,
            2.2975
          ],
          [
            2.81411,
            1.62456,
            2.2975
          ],
          [
            8.44127,
            11.37109,
            2.2975
          ],
          [
            5.62769,
            6.49782,
            2.2975
          ],
          [
            1.39232,
            0.82146,
            4.56569
          ],
          [
            7.01796,
            10.56378,
            4.56769
          ],
          [
            4.2016,
            5.69795,
            4.56354
          ],
          [
            4.20292,
            0.82274,
            4.56483
          ],
          [
            9.83327,
            10.56865,
            4.56836
          ],
          [
            7.02068,
            5.69227,
            4.56604
          ],
          [
            7.02052,
            0.81691,
            4.55934
          ],
          [
            12.64423,
            10.5679,
            4.56817
          ],
          [
            9.82997,
            5.69566,
            4.57158
          ],
          [
            2.79866,
            3.26242,
            4.56551
          ],
          [
            8.42623,
            13.00083,
            4.56655
          ],
          [
            5.60912,
            8.13264,
            4.56225
          ],
          [
            5.61123,
            3.256,
            4.56413
          ],
          [
            11.23909,
            13.00484,
            4.5676
          ],
          [
            8.42816,
            8.13297,
            4.56379
          ],
          [
            8.42832,
            3.25922,
            4.56657
          ],
          [
            14.05234,
            12.99832,
            4.56409
          ],
          [
            11.23894,
            8.1341,
            4.56772
          ],
          [
            5.59768,
            0.0134,
            6.8594
          ],
          [
            11.22506,
            9.7665,
            6.88088
          ],
          [
            8.41499,
            4.8942,
            6.88573
          ],
          [
            2.7843,
            0.01794,
            6.87631
          ],
          [
            8.41425,
            9.76916,
            6.87447
          ],
          [
            5.59137,
            4.89299,
            6.86141
          ],
          [
            2.78714,
            4.89283,
            6.87885
          ],
          [
            -0.02418,
            0.01668,
            6.87119
          ],
          [
            5.59706,
            9.76713,
            6.87671
          ],
          [
            1.38358,
            2.45364,
            6.87468
          ],
          [
            7.00652,
            12.20204,
            6.87493
          ],
          [
            4.1907,
            7.33118,
            6.87726
          ],
          [
            7.00859,
            2.45179,
            6.8567
          ],
          [
            12.63268,
            12.20025,
            6.87571
          ],
          [
            9.82233,
            7.33177,
            6.87485
          ],
          [
            7.00274,
            7.33846,
            6.85663
          ],
          [
            4.18938,
            2.45612,
            6.87497
          ],
          [
            9.82077,
            12.2018,
            6.87711
          ],
          [
            7.18271,
            5.65617,
            10.14538
          ],
          [
            7.69657,
            7.05276,
            10.3065
          ],
          [
            5.84906,
            2.08002,
            10.17148
          ],
          [
            5.38149,
            0.66772,
            10.33577
          ],
          [
            7.9201,
            4.70219,
            9.82327
          ],
          [
            5.88946,
            5.52638,
            10.37077
          ],
          [
            5.07762,
            3.05198,
            10.22007
          ],
          [
            7.15718,
            2.19844,
            9.97824
          ],
          [
            5.57619,
            4.54831,
            10.26664
          ],
          [
            7.17621,
            7.71659,
            9.59158
          ],
          [
            8.77691,
            7.08976,
            10.12537
          ],
          [
            7.45872,
            7.42171,
            11.31668
          ],
          [
            7.43955,
            3.18574,
            9.90097
          ],
          [
            5.82905,
            0.02603,
            9.55459
          ],
          [
            4.28729,
            0.61929,
            10.28855
          ],
          [
            5.7312,
            0.28323,
            11.30781
          ]
        ],
        "Stress": [
          [
            -51.61597,
            -0.56246,
            -0.48234
          ],
          [
            -0.56246,
            -51.14977,
            0.5179
          ],
          [
            -0.48234,
            0.5179,
            -1.4713
          ]
        ],
        "computation_code": "VASP",
        "pseudopotential_information": [
          [
            "PAW_PBE",
            "Pt",
            "04Feb2005"
          ],
          [
            "PAW_PBE",
            "C",
            "08Apr2002"
          ],
          [
            "PAW_PBE",
            "O",
            "08Apr2002"
          ],
          [
            "PAW_PBE",
            "H",
            "15Jun2001"
          ]
        ]
      }
    ],
    "EnergyStyle": "electronvolt",
    "ForcesStyle": "electronvoltperangstrom",
    "LatticeStyle": "angstrom",
    "PositionsStyle": "angstrom",
    "StressStyle": "kB"
  }
}