{
  "Dataset": {
    "AtomTypeStyle": "chemicalsymbol",
    "Data": [
      {
        "AtomTypes": [
          "Pt",
          "Pt",
          "Pt",
          "Pt",
          "Pt",
          "Pt",
          "Pt",
          "Pt",
          "Pt",
          "Pt",
          "Pt",
          "Pt",
          "Pt",
          "Pt",
          "Pt",
          "Pt",
          "Pt",
          "Pt",
          "Pt",
          "Pt",
          "Pt",
          "Pt",
          "Pt",
          "Pt",
          "Pt",
          "Pt",
          "Pt",
          "Pt",
          "Pt",
          "Pt",
          "Pt",
          "Pt",
          "Pt",
          "Pt",
          "Pt",
          "Pt",
          "Pt",
          "Pt",
          "Pt",
          "Pt",
          "Pt",
          "Pt",
          "Pt",
          "Pt",
          "Pt",
          "Pt",
          "Pt",
          "Pt",
          "Pt",
          "Pt",
          "Pt",
          "Pt",
          "Pt",
          "Pt",
          "Pt",
          "Pt",
          "Pt",
          "Pt",
          "Pt",
          "Pt",
          "Pt",
          "Pt",
          "Pt",
          "Pt",
          "Pt",
          "Pt",
          "Pt",
          "Pt",
          "Pt",
          "Pt",
          "Pt",
          "Pt",
          "C",
          "C",
          "C",
          "C",
          "O",
          "O",
          "O",
          "O",
          "H",
          "H",
          "H",
          "H",
          "H",
          "H",
          "H",
          "H"
        ],
        "Energy": -307.01348383,
        "Forces": [
          [
            0.004276,
            -0.004786,
            -0.04686
          ],
          [
            0.00904,
            -0.005233,
            -0.044589
          ],
          [
            0.006622,
            -0.00528,
            -0.041899
          ],
          [
            0.0075,
            -0.002137,
            -0.047239
          ],
          [
            0.006118,
            -0.001251,
            -0.047439
          ],
          [
            0.007621,
            -0.010019,
            -0.042161
          ],
          [
            0.007796,
            -0.010464,
            -0.05084
          ],
          [
            0.006497,
            -0.002454,
            -0.04391
          ],
          [
            0.0067,
            -0.004138,
            -0.060642
          ],
          [
            0.00995,
            -0.002283,
            -0.050502
          ],
          [
            0.009145,
            -0.000835,
            -0.042574
          ],
          [
            0.005242,
            -0.003186,
            -0.045178
          ],
          [
            0.006145,
            -0.001164,
            -0.049125
          ],
          [
            0.008835,
            -0.004717,
            -0.041951
          ],
          [
            0.008613,
            -0.002213,
            -0.048833
          ],
          [
            0.008994,
            -0.004073,
            -0.054326
          ],
          [
            0.009422,
            -0.000111,
            -0.04163
          ],
          [
            0.011721,
            -0.004022,
            -0.050222
          ],
          [
            0.006039,
            -0.009168,
            0.046039
          ],
          [
            -0.00496,
            -0.003239,
            0.062884
          ],
          [
            0.00358,
            0.002857,
            0.048613
          ],
          [
            -0.008341,
            0.002883,
            0.072945
          ],
          [
            -0.001206,
            -0.014552,
            0.04112
          ],
          [
            -0.00754,
            -0.009295,
            0.043505
          ],
          [
            -0.002569,
            -0.017375,
            0.062918
          ],
          [
            -0.005906,
            -0.004241,
            0.058548
          ],
          [
            -0.001907,
            -0.005391,
            0.031649
          ],
          [
            -0.006519,
            -0.002405,
            0.033004
          ],
          [
            -0.003054,
            0.002351,
            0.05444
          ],
          [
            0.001538,
            -0.021044,
            0.052383
          ],
          [
            0.00323,
            0.011307,
            0.048942
          ],
          [
            0.00028,
            -0.009915,
            0.052496
          ],
          [
            -0.019744,
            -0.013054,
            0.073209
          ],
          [
            -0.00266,
            0.00643,
            0.059411
          ],
          [
            2.6e-05,
            -0.002982,
            0.057697
          ],
          [
            0.006119,
            -0.014452,
            0.042677
          ],
          [
            -0.008833,
            0.006949,
            0.003365
          ],
          [
            -0.00793,
            0.009319,
            0.001785
          ],
          [
            -0.009743,
            0.009301,
            0.004137
          ],
          [
            9.7e-05,
            -0.001029,
            0.003668
          ],
          [
            -0.000359,
            -0.003663,
            -0.003148
          ],
          [
            -0.003445,
            0.003396,
            0.001424
          ],
          [
            0.008344,
            -0.008887,
            0.002713
          ],
          [
            0.005986,
            -0.0064,
            0.007606
          ],
          [
            0.007435,
            -0.008303,
            0.004307
          ],
          [
            0.002796,
            -0.001826,
            -0.00146
          ],
          [
            0.008062,
            -0.005291,
            0.00586
          ],
          [
            0.003404,
            -0.00089,
            0.000688
          ],
          [
            0.0044,
            0.001953,
            0.005817
          ],
          [
            0.001135,
            0.00244,
            0.006205
          ],
          [
            -0.000979,
            0.002287,
            0.007629
          ],
          [
            -0.003594,
            0.005454,
            0.004022
          ],
          [
            -0.005483,
            0.007474,
            -0.004405
          ],
          [
            -0.007048,
            0.009868,
            0.004785
          ],
          [
            -0.009262,
            0.007403,
            -0.01057
          ],
          [
            -0.007757,
            0.006651,
            -0.00344
          ],
          [
            -0.016826,
            0.010024,
            -0.013827
          ],
          [
            -0.008181,
            0.010112,
            -0.009435
          ],
          [
            -0.010651,
            0.006752,
            -0.006168
          ],
          [
            -0.006291,
            0.011081,
            -0.001337
          ],
          [
            -0.003056,
            0.005027,
            -0.010068
          ],
          [
            -0.005015,
            0.012098,
            -0.016545
          ],
          [
            -0.009298,
            -0.002016,
            -0.007163
          ],
          [
            -0.005276,
            0.006411,
            -0.004352
          ],
          [
            -0.000173,
            0.009865,
            -0.003183
          ],
          [
            -0.006986,
            0.008992,
            -0.00363
          ],
          [
            0.004843,
            0.008129,
            -0.008579
          ],
          [
            0.003048,
            0.002351,
            -0.004008
          ],
          [
            3e-06,
            0.004793,
            -0.003576
          ],
          [
            -0.001539,
            0.009875,
            -0.004474
          ],
          [
            -0.003797,
            0.012477,
            -0.015715
          ],
          [
            -0.005071,
            0.005692,
            -0.011197
          ],
          [
            -0.101683,
            0.036705,
            -0.031949
          ],
          [
            -0.029782,
            0.013695,
            0.054468
          ],
          [
            -0.043556,
            -0.001929,
            0.021261
          ],
          [
            0.038179,
            -0.041298,
            0.112737
          ],
          [
            0.033306,
            -0.031107,
            0.006108
          ],
          [
            0.074192,
            0.013407,
            0.006973
          ],
          [
            -0.042505,
            0.035235,
            -0.000393
          ],
          [
            0.052919,
            -0.100347,
            -0.018164
          ],
          [
            -0.000745,
            -0.001538,
            -0.00387
          ],
          [
            0.0013,
            -0.010074,
            0.002287
          ],
          [
            0.026538,
            0.004884,
            -0.009719
          ],
          [
            0.01249,
            -0.006541,
            -0.026081
          ],
          [
            0.006094,
            0.070925,
            -0.011373
          ],
          [
            0.007582,
            -0.019588,
            -0.023203
          ],
          [
            -0.007506,
            0.006201,
            -0.005092
          ],
          [
            -0.026429,
            0.043149,
            -0.084282
          ]
        ],
        "Lattice": [
          [
            8.440733911,
            0.0,
            0.0
          ],
          [
            8.440733911,
            14.619780548,
            0.0
          ],
          [
            0.0,
            0.0,
            21.483230591
          ]
        ],
        "NumAtoms": 88,
        "Positions": [
          [
            4.22079,
            2.43687,
            0.0
          ],
          [
            9.84794,
            12.18339,
            0.0
          ],
          [
            7.03437,
            7.31013,
            0.0
          ],
          [
            7.03437,
            2.43687,
            0.0
          ],
          [
            12.66152,
            12.18339,
            0.0
          ],
          [
            9.84795,
            7.31013,
            0.0
          ],
          [
            1.40721,
            2.43687,
            0.0
          ],
          [
            7.03437,
            12.18339,
            0.0
          ],
          [
            4.22079,
            7.31013,
            0.0
          ],
          [
            2.81385,
            0.0,
            0.0
          ],
          [
            8.44101,
            9.74652,
            0.0
          ],
          [
            5.62743,
            4.87326,
            0.0
          ],
          [
            5.62743,
            0.0,
            0.0
          ],
          [
            11.25459,
            9.74652,
            0.0
          ],
          [
            8.44101,
            4.87326,
            0.0
          ],
          [
            0.00028,
            0.0,
            0.0
          ],
          [
            5.62743,
            9.74652,
            0.0
          ],
          [
            2.81385,
            4.87326,
            0.0
          ],
          [
            7.03462,
            4.06144,
            2.2975
          ],
          [
            12.66177,
            13.80796,
            2.2975
          ],
          [
            9.8482,
            8.9347,
            2.2975
          ],
          [
            9.8482,
            4.06144,
            2.2975
          ],
          [
            15.47535,
            13.80796,
            2.2975
          ],
          [
            12.66177,
            8.9347,
            2.2975
          ],
          [
            4.22104,
            4.06144,
            2.2975
          ],
          [
            9.8482,
            13.80796,
            2.2975
          ],
          [
            7.03462,
            8.9347,
            2.2975
          ],
          [
            5.62769,
            1.62456,
            2.2975
          ],
          [
            11.25484,
            11.37109,
            2.2975
          ],
          [
            8.44127,
            6.49782,
            2.2975
          ],
          [
            8.44127,
            1.62456,
            2.2975
          ],
          [
            14.06842,
            11.37109,
            2.2975
          ],
          [
            11.25484,
            6.49782,
            2.2975
          ],
          [
            2.81411,
            1.62456,
            2.2975
          ],
          [
            8.44127,
            11.37109,
            2.2975
          ],
          [
            5.62769,
            6.49782,
            2.2975
          ],
          [
            1.39993,
            0.80947,
            4.56773
          ],
          [
            7.02681,
            10.55225,
            4.56876
          ],
          [
            4.21015,
            5.68426,
            4.56507
          ],
          [
            4.21026,
            0.81,
            4.56743
          ],
          [
            9.8408,
            10.5581,
            4.56971
          ],
          [
            7.02896,
            5.67859,
            4.5667
          ],
          [
            7.02684,
            0.80569,
            4.56149
          ],
          [
            12.65145,
            10.55709,
            4.56787
          ],
          [
            9.8369,
            5.68367,
            4.57304
          ],
          [
            2.80524,
            3.24999,
            4.56926
          ],
          [
            8.43207,
            12.9902,
            4.56826
          ],
          [
            5.61583,
            8.12034,
            4.56376
          ],
          [
            5.61719,
            3.24274,
            4.565
          ],
          [
            11.2455,
            12.9935,
            4.56875
          ],
          [
            8.43563,
            8.12136,
            4.5633
          ],
          [
            8.43575,
            3.24743,
            4.56743
          ],
          [
            14.06002,
            12.98658,
            4.56592
          ],
          [
            11.24698,
            8.12069,
            4.56722
          ],
          [
            14.0579,
            14.60441,
            6.86477
          ],
          [
            11.24492,
            9.73903,
            6.87878
          ],
          [
            8.4349,
            4.86408,
            6.88953
          ],
          [
            11.24364,
            14.60975,
            6.88103
          ],
          [
            8.43272,
            9.7417,
            6.87618
          ],
          [
            5.60968,
            4.86381,
            6.86396
          ],
          [
            2.80417,
            4.86614,
            6.884
          ],
          [
            8.4336,
            14.60778,
            6.87687
          ],
          [
            5.61554,
            9.74226,
            6.87768
          ],
          [
            1.40061,
            2.42477,
            6.87763
          ],
          [
            7.0242,
            12.17352,
            6.87905
          ],
          [
            4.20863,
            7.30177,
            6.8783
          ],
          [
            7.02499,
            2.42325,
            6.86015
          ],
          [
            12.64821,
            12.17503,
            6.87878
          ],
          [
            9.83865,
            7.30544,
            6.87614
          ],
          [
            7.02013,
            7.30922,
            6.85604
          ],
          [
            4.20584,
            2.42778,
            6.87923
          ],
          [
            9.83719,
            12.17564,
            6.88157
          ],
          [
            7.18141,
            5.65353,
            10.15141
          ],
          [
            7.69179,
            7.05143,
            10.30785
          ],
          [
            5.85156,
            2.07716,
            10.17441
          ],
          [
            5.38392,
            0.66425,
            10.33131
          ],
          [
            7.91826,
            4.70185,
            9.82559
          ],
          [
            5.88572,
            5.52258,
            10.37367
          ],
          [
            5.07758,
            3.04693,
            10.21103
          ],
          [
            7.16054,
            2.19944,
            10.00462
          ],
          [
            5.57433,
            4.54431,
            10.26741
          ],
          [
            7.17751,
            7.71248,
            9.58548
          ],
          [
            8.77335,
            7.088,
            10.13675
          ],
          [
            7.44447,
            7.4257,
            11.31476
          ],
          [
            7.44262,
            3.18382,
            9.92156
          ],
          [
            5.83634,
            0.02778,
            9.55098
          ],
          [
            4.29028,
            0.61345,
            10.27943
          ],
          [
            5.73047,
            0.27283,
            11.30595
          ]
        ],
        "Stress": [
          [
            -51.82564,
            -0.56708,
            -0.53608
          ],
          [
            -0.56708,
            -51.35728,
            0.60713
          ],
          [
            -0.53608,
            0.60713,
            -1.95933
          ]
        ],
        "computation_code": "VASP",
        "pseudopotential_information": [
          [
            "PAW_PBE",
            "Pt",
            "04Feb2005"
          ],
          [
            "PAW_PBE",
            "C",
            "08Apr2002"
          ],
          [
            "PAW_PBE",
            "O",
            "08Apr2002"
          ],
          [
            "PAW_PBE",
            "H",
            "15Jun2001"
          ]
        ]
      }
    ],
    "EnergyStyle": "electronvolt",
    "ForcesStyle": "electronvoltperangstrom",
    "LatticeStyle": "angstrom",
    "PositionsStyle": "angstrom",
    "StressStyle": "kB"
  }
}