{
  "Dataset": {
    "AtomTypeStyle": "chemicalsymbol",
    "Data": [
      {
        "AtomTypes": [
          "Pt",
          "Pt",
          "Pt",
          "Pt",
          "Pt",
          "Pt",
          "Pt",
          "Pt",
          "Pt",
          "Pt",
          "Pt",
          "Pt",
          "Pt",
          "Pt",
          "Pt",
          "Pt",
          "Pt",
          "Pt",
          "Pt",
          "Pt",
          "Pt",
          "Pt",
          "Pt",
          "Pt",
          "Pt",
          "Pt",
          "Pt",
          "Pt",
          "Pt",
          "Pt",
          "Pt",
          "Pt",
          "Pt",
          "Pt",
          "Pt",
          "Pt",
          "Pt",
          "Pt",
          "Pt",
          "Pt",
          "Pt",
          "Pt",
          "Pt",
          "Pt",
          "Pt",
          "Pt",
          "Pt",
          "Pt",
          "Pt",
          "Pt",
          "Pt",
          "Pt",
          "Pt",
          "Pt",
          "Pt",
          "Pt",
          "Pt",
          "Pt",
          "Pt",
          "Pt",
          "Pt",
          "Pt",
          "Pt",
          "Pt",
          "C",
          "C",
          "C",
          "C",
          "C",
          "C",
          "C",
          "C",
          "C",
          "C",
          "C",
          "C",
          "O",
          "O",
          "O",
          "O",
          "O",
          "O",
          "O",
          "O",
          "O",
          "O",
          "O",
          "O",
          "H",
          "H",
          "H",
          "H",
          "H",
          "H",
          "H",
          "H",
          "H",
          "H",
          "H",
          "H",
          "H",
          "H",
          "H",
          "H",
          "H",
          "H",
          "H",
          "H",
          "H",
          "H",
          "H",
          "H"
        ],
        "Energy": -443.80592004,
        "Forces": [
          [
            0.038237,
            0.024752,
            -0.089552
          ],
          [
            0.051536,
            0.005905,
            -0.097684
          ],
          [
            -0.01735,
            0.031537,
            -0.047625
          ],
          [
            -0.001417,
            0.02569,
            -0.001524
          ],
          [
            0.020389,
            -0.025126,
            -0.007723
          ],
          [
            0.078883,
            0.006288,
            -0.052721
          ],
          [
            -0.024278,
            0.071566,
            -0.087322
          ],
          [
            -0.03281,
            0.088386,
            -0.059459
          ],
          [
            0.041912,
            0.01206,
            -0.027809
          ],
          [
            0.057849,
            0.017225,
            -0.055194
          ],
          [
            0.0327,
            0.05277,
            0.018925
          ],
          [
            -0.014071,
            0.017088,
            0.068139
          ],
          [
            0.036614,
            0.003471,
            -0.053806
          ],
          [
            0.090026,
            0.019032,
            -0.017096
          ],
          [
            0.032375,
            0.062993,
            -0.048569
          ],
          [
            -0.028212,
            0.031326,
            -0.065133
          ],
          [
            -0.227043,
            0.140708,
            -0.341569
          ],
          [
            -0.299086,
            -0.227724,
            -0.309289
          ],
          [
            -0.116191,
            0.018935,
            -0.315952
          ],
          [
            -0.077139,
            0.04309,
            -0.106675
          ],
          [
            -0.051708,
            -0.106706,
            -0.577011
          ],
          [
            -0.14766,
            -0.018436,
            -0.003809
          ],
          [
            0.138753,
            -0.100841,
            -0.012184
          ],
          [
            -0.036074,
            -0.119109,
            -0.057371
          ],
          [
            -0.249748,
            0.001914,
            0.045203
          ],
          [
            -0.18802,
            0.090537,
            -0.095942
          ],
          [
            0.170582,
            -0.291216,
            -0.671515
          ],
          [
            0.036385,
            -0.270921,
            -0.247869
          ],
          [
            -0.196365,
            0.169786,
            -0.126699
          ],
          [
            -0.081075,
            0.020439,
            0.038718
          ],
          [
            0.262871,
            0.034326,
            -0.51022
          ],
          [
            -0.023751,
            -0.142839,
            -0.295134
          ],
          [
            0.342664,
            0.228389,
            -0.398043
          ],
          [
            -0.012219,
            -0.249329,
            -0.249346
          ],
          [
            -0.252021,
            -0.322754,
            0.526372
          ],
          [
            -0.107042,
            0.220855,
            -0.003847
          ],
          [
            -0.21903,
            0.321117,
            0.66159
          ],
          [
            0.464675,
            -0.135215,
            -0.551539
          ],
          [
            -0.541147,
            -0.389411,
            -0.151182
          ],
          [
            -0.323542,
            0.616158,
            0.044251
          ],
          [
            1.068012,
            -0.756757,
            0.49798
          ],
          [
            0.163968,
            -0.342241,
            0.216874
          ],
          [
            -0.282964,
            -0.011246,
            0.834941
          ],
          [
            0.341696,
            0.139068,
            0.242319
          ],
          [
            0.14576,
            0.104081,
            0.627636
          ],
          [
            0.315716,
            -0.042582,
            0.003601
          ],
          [
            -0.215115,
            0.021668,
            0.203179
          ],
          [
            0.026076,
            0.240025,
            0.246948
          ],
          [
            0.371236,
            -0.555603,
            -0.210411
          ],
          [
            0.074712,
            -0.306581,
            0.463241
          ],
          [
            -0.35554,
            -0.290644,
            0.011594
          ],
          [
            -0.078186,
            -0.173646,
            -0.204091
          ],
          [
            -0.231754,
            -0.426199,
            0.07546
          ],
          [
            -0.297942,
            0.499567,
            -0.37996
          ],
          [
            0.12709,
            0.480667,
            0.068898
          ],
          [
            0.05098,
            0.148297,
            0.875355
          ],
          [
            0.367156,
            -0.064475,
            -0.158212
          ],
          [
            0.153348,
            -0.07353,
            -0.15044
          ],
          [
            -0.237464,
            0.156535,
            0.164919
          ],
          [
            -0.458883,
            -0.088073,
            0.17526
          ],
          [
            -0.019795,
            0.031625,
            -0.036934
          ],
          [
            0.023815,
            0.644285,
            0.665675
          ],
          [
            -0.199508,
            0.40076,
            0.235638
          ],
          [
            0.532244,
            0.253329,
            0.407984
          ],
          [
            0.676241,
            -0.439569,
            0.106333
          ],
          [
            1.514202,
            0.311666,
            -0.924007
          ],
          [
            -1.945984,
            -1.052596,
            -0.030044
          ],
          [
            1.299918,
            1.579529,
            -0.193988
          ],
          [
            -0.420759,
            0.07763,
            -0.020105
          ],
          [
            -0.663748,
            0.025286,
            0.647493
          ],
          [
            -0.130588,
            0.842771,
            -1.323515
          ],
          [
            0.497372,
            1.369287,
            0.159676
          ],
          [
            -0.549229,
            -1.149555,
            -0.804904
          ],
          [
            0.341787,
            2.941754,
            1.621237
          ],
          [
            -0.189581,
            -2.850406,
            0.764804
          ],
          [
            -0.783242,
            0.26327,
            0.138477
          ],
          [
            -0.499773,
            0.046555,
            0.280936
          ],
          [
            1.090727,
            0.530059,
            -0.250828
          ],
          [
            2.775754,
            -0.285431,
            0.290448
          ],
          [
            0.61614,
            -0.026637,
            -0.395677
          ],
          [
            0.280483,
            0.036439,
            -0.132249
          ],
          [
            0.513567,
            0.014857,
            0.813506
          ],
          [
            0.662649,
            -0.416523,
            0.327122
          ],
          [
            -0.57235,
            -1.113197,
            1.070429
          ],
          [
            -0.429996,
            1.009826,
            0.281179
          ],
          [
            -1.054996,
            -0.024316,
            -0.765239
          ],
          [
            0.968087,
            2.319706,
            -0.658066
          ],
          [
            -0.228423,
            0.004159,
            -0.533459
          ],
          [
            -0.885447,
            0.263817,
            -0.106824
          ],
          [
            -0.045631,
            -0.108136,
            0.094882
          ],
          [
            -0.775859,
            -0.634563,
            0.258608
          ],
          [
            -0.52406,
            0.385342,
            0.6853
          ],
          [
            -1.137714,
            0.315897,
            0.018424
          ],
          [
            -0.311844,
            -0.902351,
            -0.276851
          ],
          [
            -0.481516,
            -0.23932,
            -0.057254
          ],
          [
            -0.191167,
            -0.181639,
            0.522271
          ],
          [
            -0.284179,
            -0.113977,
            -0.479841
          ],
          [
            0.252388,
            -0.411013,
            -0.544833
          ],
          [
            -0.222779,
            -0.11641,
            -0.291123
          ],
          [
            0.260849,
            0.653133,
            -0.173399
          ],
          [
            -0.125699,
            0.177598,
            -0.206379
          ],
          [
            -0.318893,
            -0.553611,
            -0.072118
          ],
          [
            -0.207054,
            0.308407,
            -0.299148
          ],
          [
            0.069848,
            0.115857,
            0.121491
          ],
          [
            0.16892,
            -0.348337,
            0.408931
          ],
          [
            -0.095123,
            -0.677593,
            0.308743
          ],
          [
            0.507219,
            -0.297953,
            -0.533503
          ],
          [
            0.12612,
            -1.625654,
            -0.721609
          ],
          [
            0.219032,
            -0.15873,
            -0.103168
          ],
          [
            0.489415,
            0.096067,
            0.106537
          ],
          [
            0.097192,
            0.074107,
            -0.310955
          ],
          [
            -0.366169,
            0.007522,
            0.459325
          ]
        ],
        "Lattice": [
          [
            11.254311534,
            0.0,
            0.0
          ],
          [
            5.627155767,
            9.746519691,
            0.0
          ],
          [
            0.0,
            0.0,
            21.483230925
          ]
        ],
        "NumAtoms": 112,
        "Positions": [
          [
            4.22079,
            2.43687,
            0.0
          ],
          [
            7.03437,
            7.31013,
            0.0
          ],
          [
            9.84794,
            2.43687,
            0.0
          ],
          [
            12.66152,
            7.31013,
            0.0
          ],
          [
            1.40693,
            2.43687,
            0.0
          ],
          [
            4.22051,
            7.31013,
            0.0
          ],
          [
            7.03409,
            2.43687,
            0.0
          ],
          [
            9.84766,
            7.31013,
            0.0
          ],
          [
            2.81385,
            0.0,
            0.0
          ],
          [
            5.62743,
            4.87326,
            0.0
          ],
          [
            8.44101,
            0.0,
            0.0
          ],
          [
            11.25459,
            4.87326,
            0.0
          ],
          [
            0.0,
            0.0,
            0.0
          ],
          [
            2.81358,
            4.87326,
            0.0
          ],
          [
            5.62716,
            0.0,
            0.0
          ],
          [
            8.44073,
            4.87326,
            0.0
          ],
          [
            7.03462,
            4.06144,
            2.2975
          ],
          [
            9.8482,
            8.9347,
            2.2975
          ],
          [
            12.66177,
            4.06144,
            2.2975
          ],
          [
            15.47535,
            8.9347,
            2.2975
          ],
          [
            5.62769,
            1.62456,
            2.2975
          ],
          [
            8.44127,
            6.49782,
            2.2975
          ],
          [
            11.25484,
            1.62456,
            2.2975
          ],
          [
            14.06842,
            6.49782,
            2.2975
          ],
          [
            2.81383,
            1.62456,
            2.2975
          ],
          [
            5.62741,
            6.49782,
            2.2975
          ],
          [
            8.44098,
            1.62456,
            2.2975
          ],
          [
            11.25456,
            6.49782,
            2.2975
          ],
          [
            4.22076,
            4.06144,
            2.2975
          ],
          [
            7.03434,
            8.9347,
            2.2975
          ],
          [
            9.84791,
            4.06144,
            2.2975
          ],
          [
            12.66149,
            8.9347,
            2.2975
          ],
          [
            1.36309,
            0.76827,
            4.63655
          ],
          [
            4.12949,
            5.67924,
            4.59519
          ],
          [
            7.05463,
            0.7724,
            4.47651
          ],
          [
            9.84913,
            5.62039,
            4.53009
          ],
          [
            4.18176,
            0.73422,
            4.48551
          ],
          [
            6.90494,
            5.64392,
            4.53084
          ],
          [
            9.89539,
            0.81332,
            4.56217
          ],
          [
            12.65337,
            5.57417,
            4.58082
          ],
          [
            2.68045,
            3.24722,
            4.54309
          ],
          [
            5.52934,
            8.14206,
            4.55015
          ],
          [
            8.4684,
            3.1958,
            4.42288
          ],
          [
            11.18777,
            8.03978,
            4.48633
          ],
          [
            5.54522,
            3.18242,
            4.47527
          ],
          [
            8.34695,
            8.09021,
            4.56921
          ],
          [
            11.25711,
            3.20689,
            4.57065
          ],
          [
            14.00736,
            8.06617,
            4.53443
          ],
          [
            8.32717,
            9.74028,
            6.92686
          ],
          [
            5.51115,
            4.76693,
            6.76887
          ],
          [
            14.08492,
            9.66737,
            6.81164
          ],
          [
            11.20481,
            4.7647,
            6.9352
          ],
          [
            5.6073,
            9.6771,
            6.93152
          ],
          [
            2.78766,
            4.64681,
            7.00011
          ],
          [
            11.17187,
            9.58026,
            6.76307
          ],
          [
            8.37365,
            4.72883,
            6.64334
          ],
          [
            12.54003,
            2.35924,
            7.00279
          ],
          [
            15.34277,
            7.2208,
            6.89708
          ],
          [
            7.02854,
            2.28886,
            6.72002
          ],
          [
            9.8049,
            7.20899,
            6.79187
          ],
          [
            4.17624,
            2.29521,
            6.79947
          ],
          [
            6.9337,
            7.13655,
            6.7403
          ],
          [
            9.822,
            2.31374,
            6.84083
          ],
          [
            12.53495,
            7.15259,
            6.76818
          ],
          [
            11.17804,
            1.38415,
            10.69209
          ],
          [
            10.41176,
            2.61306,
            11.11747
          ],
          [
            13.0228,
            7.55808,
            11.66817
          ],
          [
            12.40606,
            7.14678,
            10.3322
          ],
          [
            4.42306,
            4.4431,
            10.7258
          ],
          [
            4.24773,
            4.18637,
            12.19457
          ],
          [
            7.04795,
            1.19115,
            10.28391
          ],
          [
            5.67152,
            0.67308,
            10.57647
          ],
          [
            8.9152,
            8.60886,
            11.39237
          ],
          [
            7.75845,
            8.40249,
            10.40227
          ],
          [
            7.59502,
            5.12264,
            12.58147
          ],
          [
            7.22566,
            6.37374,
            13.2966
          ],
          [
            1.15221,
            1.44583,
            10.48925
          ],
          [
            10.59342,
            0.16351,
            10.7513
          ],
          [
            14.13434,
            7.26726,
            12.02617
          ],
          [
            12.19842,
            8.10803,
            12.57838
          ],
          [
            4.85479,
            3.60463,
            9.93018
          ],
          [
            3.94142,
            5.60558,
            10.25587
          ],
          [
            8.00678,
            0.46765,
            10.48861
          ],
          [
            7.24366,
            2.4036,
            9.64455
          ],
          [
            9.72093,
            7.66932,
            11.61322
          ],
          [
            3.42671,
            0.02891,
            12.03604
          ],
          [
            7.04569,
            4.00165,
            12.76087
          ],
          [
            8.72371,
            5.1979,
            11.85537
          ],
          [
            9.61502,
            0.21849,
            10.79021
          ],
          [
            9.34081,
            2.67679,
            10.91451
          ],
          [
            10.9957,
            3.49311,
            10.69631
          ],
          [
            10.67337,
            2.58316,
            12.17847
          ],
          [
            11.2895,
            7.96508,
            12.2449
          ],
          [
            12.09039,
            8.13305,
            9.91399
          ],
          [
            11.58417,
            6.45355,
            10.46139
          ],
          [
            13.16326,
            6.78336,
            9.60118
          ],
          [
            3.69287,
            6.24735,
            11.02875
          ],
          [
            4.74754,
            3.32271,
            12.63123
          ],
          [
            3.16758,
            4.0892,
            12.41034
          ],
          [
            4.53244,
            4.99829,
            12.86346
          ],
          [
            6.39131,
            2.92429,
            9.75978
          ],
          [
            11.36608,
            9.36224,
            10.42593
          ],
          [
            4.8766,
            1.10931,
            9.97733
          ],
          [
            5.45143,
            0.84017,
            11.63738
          ],
          [
            2.79306,
            0.69256,
            11.6009
          ],
          [
            7.78016,
            9.27183,
            9.67457
          ],
          [
            6.79193,
            8.55757,
            10.96324
          ],
          [
            7.83301,
            7.48421,
            9.90116
          ],
          [
            9.02921,
            6.14712,
            11.75354
          ],
          [
            6.72342,
            6.10922,
            14.24518
          ],
          [
            6.43391,
            6.9313,
            12.76464
          ],
          [
            8.11901,
            7.0171,
            13.3887
          ]
        ],
        "Stress": [
          [
            -62.58913,
            -3.5809,
            -0.11505
          ],
          [
            -3.5809,
            -66.2727,
            2.38062
          ],
          [
            -0.11505,
            2.38062,
            -17.1675
          ]
        ],
        "computation_code": "VASP",
        "pseudopotential_information": [
          [
            "PAW_PBE",
            "Pt",
            "04Feb2005"
          ],
          [
            "PAW_PBE",
            "C",
            "08Apr2002"
          ],
          [
            "PAW_PBE",
            "O",
            "08Apr2002"
          ],
          [
            "PAW_PBE",
            "H",
            "15Jun2001"
          ]
        ]
      }
    ],
    "EnergyStyle": "electronvolt",
    "ForcesStyle": "electronvoltperangstrom",
    "LatticeStyle": "angstrom",
    "PositionsStyle": "angstrom",
    "StressStyle": "kB"
  }
}