{
  "Dataset": {
    "AtomTypeStyle": "chemicalsymbol",
    "Data": [
      {
        "AtomTypes": [
          "Pt",
          "Pt",
          "Pt",
          "Pt",
          "Pt",
          "Pt",
          "Pt",
          "Pt",
          "Pt",
          "Pt",
          "Pt",
          "Pt",
          "Pt",
          "Pt",
          "Pt",
          "Pt",
          "Pt",
          "Pt",
          "Pt",
          "Pt",
          "Pt",
          "Pt",
          "Pt",
          "Pt",
          "Pt",
          "Pt",
          "Pt",
          "Pt",
          "Pt",
          "Pt",
          "Pt",
          "Pt",
          "Pt",
          "Pt",
          "Pt",
          "Pt",
          "Pt",
          "Pt",
          "Pt",
          "Pt",
          "Pt",
          "Pt",
          "Pt",
          "Pt",
          "Pt",
          "Pt",
          "Pt",
          "Pt",
          "Pt",
          "Pt",
          "Pt",
          "Pt",
          "Pt",
          "Pt",
          "Pt",
          "Pt",
          "Pt",
          "Pt",
          "Pt",
          "Pt",
          "Pt",
          "Pt",
          "Pt",
          "Pt",
          "C",
          "C",
          "C",
          "C",
          "C",
          "C",
          "C",
          "C",
          "C",
          "C",
          "C",
          "C",
          "O",
          "O",
          "O",
          "O",
          "O",
          "O",
          "O",
          "O",
          "O",
          "O",
          "O",
          "O",
          "H",
          "H",
          "H",
          "H",
          "H",
          "H",
          "H",
          "H",
          "H",
          "H",
          "H",
          "H",
          "H",
          "H",
          "H",
          "H",
          "H",
          "H",
          "H",
          "H",
          "H",
          "H",
          "H",
          "H"
        ],
        "Energy": -443.09680568,
        "Forces": [
          [
            -0.049112,
            0.046174,
            -0.075665
          ],
          [
            0.004872,
            -0.03714,
            -0.069818
          ],
          [
            -0.067886,
            -0.04584,
            -0.058877
          ],
          [
            -0.06843,
            -0.044802,
            -0.059022
          ],
          [
            -0.004048,
            0.014585,
            -0.045414
          ],
          [
            -0.030699,
            -0.106665,
            -0.007913
          ],
          [
            -0.021097,
            -0.036884,
            -0.064922
          ],
          [
            -0.037385,
            -0.059413,
            -0.04878
          ],
          [
            -0.033107,
            -0.014005,
            -0.020217
          ],
          [
            -0.055967,
            -0.022316,
            -0.085639
          ],
          [
            -0.086885,
            -0.006711,
            -0.059077
          ],
          [
            -0.027897,
            -0.039597,
            -0.021114
          ],
          [
            -0.03119,
            -0.035402,
            0.000277
          ],
          [
            -0.031856,
            -0.03412,
            -0.099361
          ],
          [
            -0.026959,
            -0.010396,
            0.002224
          ],
          [
            -0.075826,
            -0.053339,
            -0.053814
          ],
          [
            0.179499,
            0.002992,
            0.235622
          ],
          [
            0.160468,
            0.141625,
            -0.009818
          ],
          [
            -0.083715,
            0.04402,
            0.192231
          ],
          [
            0.273607,
            0.181349,
            0.280196
          ],
          [
            0.126572,
            0.005873,
            0.165331
          ],
          [
            0.041641,
            -0.010804,
            -0.097461
          ],
          [
            -0.079982,
            -0.047146,
            0.430927
          ],
          [
            0.356353,
            0.245074,
            -0.049506
          ],
          [
            0.033591,
            -0.202039,
            -0.115631
          ],
          [
            -0.158577,
            0.024322,
            0.263956
          ],
          [
            0.181065,
            0.106134,
            0.451396
          ],
          [
            0.139541,
            0.123553,
            0.088592
          ],
          [
            0.184336,
            -0.085375,
            -0.011228
          ],
          [
            -0.015378,
            0.076719,
            0.287219
          ],
          [
            0.092507,
            0.069443,
            0.151803
          ],
          [
            0.280253,
            0.136167,
            0.172925
          ],
          [
            -0.263443,
            -0.258516,
            -0.261916
          ],
          [
            0.778183,
            0.82576,
            -0.304976
          ],
          [
            -0.182269,
            -0.039702,
            -0.194287
          ],
          [
            0.436447,
            -0.390073,
            -0.032925
          ],
          [
            0.311569,
            -0.525174,
            -0.080526
          ],
          [
            0.103294,
            -0.803596,
            0.356991
          ],
          [
            0.624345,
            0.161537,
            -0.718474
          ],
          [
            -0.806964,
            -0.072277,
            -0.141498
          ],
          [
            0.104152,
            0.723632,
            0.312588
          ],
          [
            -0.62732,
            0.377217,
            -0.371545
          ],
          [
            -0.450913,
            -0.041998,
            -0.322088
          ],
          [
            0.074332,
            -0.161871,
            0.345777
          ],
          [
            -0.07251,
            0.270622,
            -0.166861
          ],
          [
            -0.093442,
            0.410339,
            0.289686
          ],
          [
            0.238976,
            0.268359,
            -0.350553
          ],
          [
            -0.396612,
            -0.441229,
            -0.175958
          ],
          [
            -0.21071,
            0.494612,
            -0.361161
          ],
          [
            0.310494,
            0.515639,
            -0.339508
          ],
          [
            -0.630662,
            0.156336,
            -0.305515
          ],
          [
            -0.48525,
            -0.491981,
            0.241643
          ],
          [
            0.375369,
            -0.336608,
            0.243605
          ],
          [
            0.266637,
            -0.521231,
            0.282786
          ],
          [
            0.278189,
            -0.386411,
            0.202628
          ],
          [
            -0.050468,
            -0.015596,
            0.107461
          ],
          [
            0.090377,
            0.209549,
            0.095882
          ],
          [
            -0.047889,
            -0.638359,
            -0.129375
          ],
          [
            -0.153294,
            -0.234074,
            -0.156285
          ],
          [
            0.786832,
            -0.335621,
            0.007113
          ],
          [
            -0.354674,
            -0.361392,
            0.267512
          ],
          [
            0.031569,
            -0.063575,
            -0.699169
          ],
          [
            -0.422792,
            0.189032,
            -0.007833
          ],
          [
            -0.509397,
            1.159653,
            0.29178
          ],
          [
            0.908633,
            0.544573,
            0.706117
          ],
          [
            -0.859,
            -1.257389,
            -0.596147
          ],
          [
            -0.436671,
            1.152918,
            -0.204559
          ],
          [
            -0.599642,
            -1.160458,
            0.377667
          ],
          [
            -3.927654,
            -1.626379,
            -0.559264
          ],
          [
            0.629203,
            0.574517,
            -0.240478
          ],
          [
            1.002051,
            1.160503,
            0.310651
          ],
          [
            -2.045203,
            1.68786,
            0.005447
          ],
          [
            -0.44926,
            1.418596,
            0.924697
          ],
          [
            1.295894,
            -0.705048,
            -0.047783
          ],
          [
            -0.12609,
            0.429823,
            0.246339
          ],
          [
            0.188091,
            -1.332821,
            0.734626
          ],
          [
            0.127696,
            0.395666,
            -1.305611
          ],
          [
            -1.440623,
            -0.085492,
            0.777433
          ],
          [
            0.376313,
            -0.277394,
            0.185861
          ],
          [
            -0.231687,
            0.469357,
            -0.097764
          ],
          [
            3.829359,
            -1.204739,
            0.27685
          ],
          [
            -0.838017,
            1.266926,
            0.032055
          ],
          [
            -0.693938,
            -0.97339,
            -0.091499
          ],
          [
            -0.229948,
            -0.421556,
            -0.012801
          ],
          [
            -0.888215,
            -0.285633,
            0.317868
          ],
          [
            -0.306616,
            0.120619,
            -0.495747
          ],
          [
            -0.767861,
            0.102032,
            -0.242249
          ],
          [
            -0.459459,
            0.940263,
            -0.928047
          ],
          [
            0.751121,
            -0.137116,
            0.171417
          ],
          [
            0.613863,
            0.682758,
            1.02563
          ],
          [
            -0.015401,
            0.5293,
            -0.199875
          ],
          [
            0.419525,
            -0.37663,
            -0.688063
          ],
          [
            0.390208,
            -0.624468,
            0.157229
          ],
          [
            0.482437,
            -0.12089,
            -0.358445
          ],
          [
            -0.307293,
            0.129989,
            -0.275721
          ],
          [
            0.500054,
            -0.060063,
            0.09944
          ],
          [
            0.831569,
            0.342277,
            -0.118633
          ],
          [
            0.011922,
            0.694978,
            -0.156311
          ],
          [
            -0.022578,
            0.140422,
            0.60566
          ],
          [
            -0.865226,
            -0.049606,
            0.232304
          ],
          [
            1.052754,
            -0.618625,
            0.144642
          ],
          [
            0.889839,
            -0.711534,
            -0.522454
          ],
          [
            0.646193,
            0.384394,
            0.403359
          ],
          [
            -0.163021,
            -0.469231,
            -0.578611
          ],
          [
            0.780103,
            -0.067393,
            0.3986
          ],
          [
            -0.528327,
            0.455461,
            -0.143229
          ],
          [
            -0.338677,
            -0.749117,
            -0.542587
          ],
          [
            -0.171027,
            -0.07626,
            0.017954
          ],
          [
            0.173821,
            -0.4706,
            0.604772
          ],
          [
            0.410237,
            0.721665,
            0.415416
          ],
          [
            0.15658,
            -0.516212,
            0.039668
          ],
          [
            0.107182,
            0.027036,
            -0.52406
          ]
        ],
        "Lattice": [
          [
            11.254311534,
            0.0,
            0.0
          ],
          [
            5.627155767,
            9.746519691,
            0.0
          ],
          [
            0.0,
            0.0,
            21.483230925
          ]
        ],
        "NumAtoms": 112,
        "Positions": [
          [
            4.22079,
            2.43687,
            0.0
          ],
          [
            7.03437,
            7.31013,
            0.0
          ],
          [
            9.84794,
            2.43687,
            0.0
          ],
          [
            12.66152,
            7.31013,
            0.0
          ],
          [
            1.40693,
            2.43687,
            0.0
          ],
          [
            4.22051,
            7.31013,
            0.0
          ],
          [
            7.03409,
            2.43687,
            0.0
          ],
          [
            9.84766,
            7.31013,
            0.0
          ],
          [
            2.81385,
            0.0,
            0.0
          ],
          [
            5.62743,
            4.87326,
            0.0
          ],
          [
            8.44101,
            0.0,
            0.0
          ],
          [
            11.25459,
            4.87326,
            0.0
          ],
          [
            0.0,
            0.0,
            0.0
          ],
          [
            2.81358,
            4.87326,
            0.0
          ],
          [
            5.62716,
            0.0,
            0.0
          ],
          [
            8.44073,
            4.87326,
            0.0
          ],
          [
            7.03462,
            4.06144,
            2.2975
          ],
          [
            9.8482,
            8.9347,
            2.2975
          ],
          [
            12.66177,
            4.06144,
            2.2975
          ],
          [
            15.47535,
            8.9347,
            2.2975
          ],
          [
            5.62769,
            1.62456,
            2.2975
          ],
          [
            8.44127,
            6.49782,
            2.2975
          ],
          [
            11.25484,
            1.62456,
            2.2975
          ],
          [
            14.06842,
            6.49782,
            2.2975
          ],
          [
            2.81383,
            1.62456,
            2.2975
          ],
          [
            5.62741,
            6.49782,
            2.2975
          ],
          [
            8.44098,
            1.62456,
            2.2975
          ],
          [
            11.25456,
            6.49782,
            2.2975
          ],
          [
            4.22076,
            4.06144,
            2.2975
          ],
          [
            7.03434,
            8.9347,
            2.2975
          ],
          [
            9.84791,
            4.06144,
            2.2975
          ],
          [
            12.66149,
            8.9347,
            2.2975
          ],
          [
            1.48262,
            0.86415,
            4.6272
          ],
          [
            4.243,
            5.58067,
            4.60967
          ],
          [
            7.16007,
            0.89105,
            4.62591
          ],
          [
            9.90133,
            5.81992,
            4.56293
          ],
          [
            4.25981,
            0.90046,
            4.59967
          ],
          [
            7.05306,
            5.82191,
            4.56683
          ],
          [
            9.88123,
            0.856,
            4.69156
          ],
          [
            12.82529,
            5.75441,
            4.53325
          ],
          [
            2.84443,
            3.19503,
            4.53456
          ],
          [
            5.78002,
            8.15991,
            4.63748
          ],
          [
            8.58696,
            3.35523,
            4.62938
          ],
          [
            11.34275,
            8.22315,
            4.56274
          ],
          [
            5.7828,
            3.25951,
            4.58989
          ],
          [
            8.51088,
            8.18127,
            4.55667
          ],
          [
            11.30042,
            3.27921,
            4.6116
          ],
          [
            14.23324,
            8.23514,
            4.59104
          ],
          [
            2.98896,
            0.10936,
            7.01159
          ],
          [
            5.77199,
            4.97826,
            6.94477
          ],
          [
            8.6685,
            0.13574,
            7.04792
          ],
          [
            11.46584,
            5.11472,
            6.79693
          ],
          [
            0.15555,
            0.21798,
            6.9423
          ],
          [
            2.97122,
            4.99859,
            6.89787
          ],
          [
            5.77699,
            0.21645,
            6.83784
          ],
          [
            8.60247,
            5.05725,
            6.85879
          ],
          [
            1.61918,
            2.54152,
            6.91918
          ],
          [
            4.44136,
            7.54944,
            6.90379
          ],
          [
            7.28998,
            2.61793,
            6.95695
          ],
          [
            9.88162,
            7.52398,
            6.86651
          ],
          [
            4.43742,
            2.64234,
            6.86372
          ],
          [
            7.17697,
            7.47364,
            7.05751
          ],
          [
            10.12216,
            2.61519,
            6.95975
          ],
          [
            12.95924,
            7.33389,
            6.81075
          ],
          [
            12.21625,
            7.4616,
            10.66266
          ],
          [
            11.1245,
            8.44357,
            10.28012
          ],
          [
            15.35738,
            7.91,
            13.28963
          ],
          [
            14.74639,
            9.34032,
            13.30565
          ],
          [
            9.58235,
            3.14254,
            10.29299
          ],
          [
            8.213,
            2.42068,
            10.25639
          ],
          [
            2.55201,
            2.54328,
            10.9774
          ],
          [
            2.27739,
            1.06324,
            11.32731
          ],
          [
            8.65329,
            6.66798,
            12.9743
          ],
          [
            8.33003,
            7.97523,
            13.76436
          ],
          [
            6.38419,
            5.80549,
            10.20996
          ],
          [
            5.49543,
            7.05627,
            9.99849
          ],
          [
            13.30254,
            7.34839,
            10.11226
          ],
          [
            12.10595,
            6.82352,
            11.833
          ],
          [
            5.30871,
            7.70097,
            13.25933
          ],
          [
            14.48035,
            6.89698,
            13.30121
          ],
          [
            10.49609,
            2.35806,
            10.3384
          ],
          [
            9.68632,
            4.41234,
            10.13677
          ],
          [
            3.67789,
            3.0764,
            11.11355
          ],
          [
            12.82477,
            3.32104,
            10.50456
          ],
          [
            9.73708,
            6.36503,
            12.48103
          ],
          [
            7.61636,
            5.81086,
            12.95651
          ],
          [
            7.62805,
            5.90072,
            10.14434
          ],
          [
            5.85411,
            4.62784,
            10.57804
          ],
          [
            11.10867,
            6.78876,
            12.12326
          ],
          [
            10.4278,
            7.91727,
            9.50631
          ],
          [
            11.63527,
            9.23457,
            9.73424
          ],
          [
            10.52976,
            8.83921,
            11.15432
          ],
          [
            13.57118,
            7.19058,
            12.9747
          ],
          [
            14.42619,
            9.62008,
            14.34228
          ],
          [
            13.80062,
            9.27419,
            12.75721
          ],
          [
            9.70991,
            0.38104,
            12.83349
          ],
          [
            8.71531,
            4.85392,
            10.18546
          ],
          [
            8.28433,
            1.39476,
            10.70018
          ],
          [
            7.96544,
            2.29082,
            9.15162
          ],
          [
            7.4781,
            3.06476,
            10.71587
          ],
          [
            11.79981,
            3.0027,
            10.42395
          ],
          [
            1.14567,
            1.04588,
            11.45044
          ],
          [
            2.66907,
            0.6864,
            12.26591
          ],
          [
            2.67048,
            0.45572,
            10.51991
          ],
          [
            6.70372,
            6.25188,
            13.0252
          ],
          [
            7.40566,
            8.37198,
            13.37413
          ],
          [
            9.13262,
            8.76144,
            13.83875
          ],
          [
            8.13978,
            7.66242,
            14.8051
          ],
          [
            4.86447,
            4.59935,
            10.40668
          ],
          [
            5.9956,
            7.85563,
            10.5195
          ],
          [
            4.43638,
            7.03002,
            10.31803
          ],
          [
            5.50778,
            7.3389,
            8.94224
          ]
        ],
        "Stress": [
          [
            -74.3617,
            0.42612,
            -2.78024
          ],
          [
            0.42612,
            -78.84136,
            -2.02932
          ],
          [
            -2.78024,
            -2.02932,
            -24.61992
          ]
        ],
        "computation_code": "VASP",
        "pseudopotential_information": [
          [
            "PAW_PBE",
            "Pt",
            "04Feb2005"
          ],
          [
            "PAW_PBE",
            "C",
            "08Apr2002"
          ],
          [
            "PAW_PBE",
            "O",
            "08Apr2002"
          ],
          [
            "PAW_PBE",
            "H",
            "15Jun2001"
          ]
        ]
      }
    ],
    "EnergyStyle": "electronvolt",
    "ForcesStyle": "electronvoltperangstrom",
    "LatticeStyle": "angstrom",
    "PositionsStyle": "angstrom",
    "StressStyle": "kB"
  }
}