{
  "Dataset": {
    "AtomTypeStyle": "chemicalsymbol",
    "Data": [
      {
        "AtomTypes": [
          "Pt",
          "Pt",
          "Pt",
          "Pt",
          "Pt",
          "Pt",
          "Pt",
          "Pt",
          "Pt",
          "Pt",
          "Pt",
          "Pt",
          "Pt",
          "Pt",
          "Pt",
          "Pt",
          "Pt",
          "Pt",
          "Pt",
          "Pt",
          "Pt",
          "Pt",
          "Pt",
          "Pt",
          "Pt",
          "Pt",
          "Pt",
          "Pt",
          "Pt",
          "Pt",
          "Pt",
          "Pt",
          "Pt",
          "Pt",
          "Pt",
          "Pt",
          "Pt",
          "Pt",
          "Pt",
          "Pt",
          "Pt",
          "Pt",
          "Pt",
          "Pt",
          "Pt",
          "Pt",
          "Pt",
          "Pt",
          "Pt",
          "Pt",
          "Pt",
          "Pt",
          "Pt",
          "Pt",
          "Pt",
          "Pt",
          "Pt",
          "Pt",
          "Pt",
          "Pt",
          "Pt",
          "Pt",
          "Pt",
          "Pt",
          "C",
          "C",
          "C",
          "C",
          "C",
          "C",
          "C",
          "C",
          "C",
          "C",
          "C",
          "C",
          "O",
          "O",
          "O",
          "O",
          "O",
          "O",
          "O",
          "O",
          "O",
          "O",
          "O",
          "O",
          "H",
          "H",
          "H",
          "H",
          "H",
          "H",
          "H",
          "H",
          "H",
          "H",
          "H",
          "H",
          "H",
          "H",
          "H",
          "H",
          "H",
          "H",
          "H",
          "H",
          "H",
          "H",
          "H",
          "H"
        ],
        "Energy": -444.05018539,
        "Forces": [
          [
            -0.035656,
            0.039904,
            -0.004977
          ],
          [
            -0.067797,
            0.038353,
            -0.0447
          ],
          [
            -0.018067,
            0.017596,
            -0.033373
          ],
          [
            -0.020828,
            0.038994,
            -0.049699
          ],
          [
            -0.020285,
            0.00267,
            -0.04038
          ],
          [
            -0.04765,
            0.086994,
            -0.102176
          ],
          [
            -0.008918,
            -0.036778,
            -0.014656
          ],
          [
            0.03822,
            0.030663,
            -0.046138
          ],
          [
            -0.088806,
            0.011523,
            -0.030878
          ],
          [
            -0.017584,
            0.075225,
            -0.008331
          ],
          [
            0.012292,
            -0.033638,
            -0.056897
          ],
          [
            0.006588,
            0.026632,
            -0.078186
          ],
          [
            -0.016595,
            0.066754,
            -0.097494
          ],
          [
            -0.048258,
            0.041587,
            -0.045094
          ],
          [
            -0.035796,
            0.006402,
            -0.040917
          ],
          [
            -0.018532,
            0.059205,
            0.012319
          ],
          [
            0.161464,
            0.038035,
            0.470561
          ],
          [
            0.218452,
            -0.046248,
            0.208683
          ],
          [
            -0.005984,
            0.002662,
            0.022816
          ],
          [
            -0.194778,
            -0.084431,
            -0.079833
          ],
          [
            0.120319,
            -0.011111,
            0.335987
          ],
          [
            0.010118,
            -0.330117,
            0.235023
          ],
          [
            0.067346,
            -0.036131,
            0.024887
          ],
          [
            -0.051272,
            -0.082149,
            0.094986
          ],
          [
            0.078291,
            0.022813,
            0.12451
          ],
          [
            0.198112,
            -0.337377,
            -0.084997
          ],
          [
            0.022318,
            0.101777,
            0.160488
          ],
          [
            0.04224,
            0.051232,
            0.486601
          ],
          [
            0.02744,
            -0.171238,
            0.002101
          ],
          [
            0.267199,
            0.090943,
            -0.326233
          ],
          [
            -0.06679,
            -0.045486,
            0.138928
          ],
          [
            0.03549,
            -0.143712,
            0.457698
          ],
          [
            0.019299,
            0.139638,
            -0.356608
          ],
          [
            -0.286408,
            0.240719,
            0.139165
          ],
          [
            -0.628481,
            0.005795,
            0.184787
          ],
          [
            -0.07496,
            0.458951,
            -0.185887
          ],
          [
            0.278523,
            -0.020712,
            0.168414
          ],
          [
            0.167814,
            -0.202172,
            -1.116493
          ],
          [
            0.042921,
            0.044037,
            -0.34484
          ],
          [
            0.071054,
            0.273946,
            -0.115731
          ],
          [
            0.382251,
            -0.380368,
            -0.037647
          ],
          [
            -0.231379,
            -0.305841,
            0.654791
          ],
          [
            -0.308941,
            -0.141156,
            -0.234536
          ],
          [
            0.009051,
            0.016089,
            -0.315947
          ],
          [
            -0.068402,
            -0.634872,
            -0.08074
          ],
          [
            0.056446,
            0.30253,
            0.267101
          ],
          [
            0.040435,
            -0.158828,
            0.122824
          ],
          [
            -0.293044,
            0.520045,
            -0.084464
          ],
          [
            -0.019801,
            0.26691,
            0.244409
          ],
          [
            -0.293661,
            -0.130134,
            0.371952
          ],
          [
            0.064712,
            -0.06822,
            -0.109695
          ],
          [
            0.144572,
            -0.262563,
            -0.015001
          ],
          [
            0.391719,
            -0.529132,
            0.762436
          ],
          [
            0.181117,
            -0.224806,
            0.191441
          ],
          [
            -0.068064,
            0.050261,
            -0.454694
          ],
          [
            0.227435,
            -0.243387,
            -0.397294
          ],
          [
            -0.018232,
            0.498965,
            0.036865
          ],
          [
            -0.201645,
            0.292734,
            0.018407
          ],
          [
            0.116923,
            -0.156132,
            -0.728756
          ],
          [
            -0.388249,
            0.239379,
            -0.134214
          ],
          [
            0.089961,
            -0.093174,
            -0.700766
          ],
          [
            0.192838,
            0.371159,
            0.263647
          ],
          [
            -0.200149,
            0.580365,
            0.248609
          ],
          [
            0.120088,
            -0.281215,
            -0.383365
          ],
          [
            -1.394068,
            -1.690226,
            0.522966
          ],
          [
            -0.25448,
            -0.719647,
            1.480561
          ],
          [
            0.649672,
            0.16513,
            0.777626
          ],
          [
            -0.906644,
            -0.366204,
            0.676153
          ],
          [
            -1.029849,
            1.213739,
            2.008515
          ],
          [
            0.519218,
            0.542571,
            -1.981089
          ],
          [
            0.989574,
            -1.575528,
            -0.219374
          ],
          [
            -0.625551,
            0.056906,
            0.035784
          ],
          [
            1.158684,
            1.24264,
            0.623122
          ],
          [
            -2.514034,
            0.215636,
            -0.537568
          ],
          [
            0.727759,
            2.140838,
            -0.024279
          ],
          [
            0.337946,
            -0.674331,
            0.646172
          ],
          [
            0.867622,
            0.055574,
            -0.124003
          ],
          [
            0.787292,
            1.067278,
            0.180112
          ],
          [
            -1.707679,
            0.047933,
            -0.60993
          ],
          [
            0.647502,
            -0.455381,
            -0.429095
          ],
          [
            0.576711,
            -0.469066,
            -0.827451
          ],
          [
            0.301208,
            -0.825837,
            -0.721403
          ],
          [
            0.118575,
            -0.127385,
            0.143862
          ],
          [
            -0.897395,
            1.867033,
            -0.080793
          ],
          [
            -0.424245,
            0.253559,
            -0.049787
          ],
          [
            -0.042935,
            -1.427891,
            -0.47139
          ],
          [
            0.254993,
            0.209765,
            0.326589
          ],
          [
            -0.789597,
            -1.071623,
            -0.188256
          ],
          [
            -0.481059,
            0.110281,
            -0.510889
          ],
          [
            0.148087,
            0.268555,
            -0.117211
          ],
          [
            -0.127153,
            -0.427649,
            -0.106779
          ],
          [
            0.181535,
            0.829725,
            -1.256104
          ],
          [
            -0.371006,
            0.161617,
            0.232662
          ],
          [
            0.186113,
            -0.039037,
            -0.467812
          ],
          [
            0.512445,
            -0.057753,
            -0.000348
          ],
          [
            0.957348,
            0.679602,
            -0.140202
          ],
          [
            -0.45148,
            -0.422383,
            0.234149
          ],
          [
            0.110614,
            -0.096939,
            0.92265
          ],
          [
            -0.223926,
            -0.276114,
            0.239846
          ],
          [
            0.627583,
            0.067417,
            0.135281
          ],
          [
            0.002667,
            -0.341581,
            0.293463
          ],
          [
            -0.230012,
            0.269196,
            0.069558
          ],
          [
            0.30732,
            0.370472,
            -0.076546
          ],
          [
            0.142757,
            0.235477,
            -0.134682
          ],
          [
            0.393352,
            -0.230415,
            0.433792
          ],
          [
            -0.027433,
            0.505411,
            0.209457
          ],
          [
            1.438892,
            0.197691,
            -0.288052
          ],
          [
            0.389232,
            -1.122426,
            0.279731
          ],
          [
            -0.463021,
            -0.290443,
            -0.009802
          ],
          [
            -0.216009,
            -0.000399,
            0.106025
          ],
          [
            0.161343,
            -0.050629,
            -0.123707
          ],
          [
            -0.395602,
            0.017256,
            -0.537045
          ]
        ],
        "Lattice": [
          [
            11.254311534,
            0.0,
            0.0
          ],
          [
            5.627155767,
            9.746519691,
            0.0
          ],
          [
            0.0,
            0.0,
            21.483230925
          ]
        ],
        "NumAtoms": 112,
        "Positions": [
          [
            4.22079,
            2.43687,
            0.0
          ],
          [
            7.03437,
            7.31013,
            0.0
          ],
          [
            9.84794,
            2.43687,
            0.0
          ],
          [
            12.66152,
            7.31013,
            0.0
          ],
          [
            1.40693,
            2.43687,
            0.0
          ],
          [
            4.22051,
            7.31013,
            0.0
          ],
          [
            7.03409,
            2.43687,
            0.0
          ],
          [
            9.84766,
            7.31013,
            0.0
          ],
          [
            2.81385,
            0.0,
            0.0
          ],
          [
            5.62743,
            4.87326,
            0.0
          ],
          [
            8.44101,
            0.0,
            0.0
          ],
          [
            11.25459,
            4.87326,
            0.0
          ],
          [
            0.0,
            0.0,
            0.0
          ],
          [
            2.81358,
            4.87326,
            0.0
          ],
          [
            5.62716,
            0.0,
            0.0
          ],
          [
            8.44073,
            4.87326,
            0.0
          ],
          [
            7.03462,
            4.06144,
            2.2975
          ],
          [
            9.8482,
            8.9347,
            2.2975
          ],
          [
            12.66177,
            4.06144,
            2.2975
          ],
          [
            15.47535,
            8.9347,
            2.2975
          ],
          [
            5.62769,
            1.62456,
            2.2975
          ],
          [
            8.44127,
            6.49782,
            2.2975
          ],
          [
            11.25484,
            1.62456,
            2.2975
          ],
          [
            14.06842,
            6.49782,
            2.2975
          ],
          [
            2.81383,
            1.62456,
            2.2975
          ],
          [
            5.62741,
            6.49782,
            2.2975
          ],
          [
            8.44098,
            1.62456,
            2.2975
          ],
          [
            11.25456,
            6.49782,
            2.2975
          ],
          [
            4.22076,
            4.06144,
            2.2975
          ],
          [
            7.03434,
            8.9347,
            2.2975
          ],
          [
            9.84791,
            4.06144,
            2.2975
          ],
          [
            12.66149,
            8.9347,
            2.2975
          ],
          [
            1.46811,
            0.75113,
            4.56304
          ],
          [
            4.30623,
            5.59886,
            4.54486
          ],
          [
            7.12145,
            0.77514,
            4.59509
          ],
          [
            9.89311,
            5.57468,
            4.62878
          ],
          [
            4.27932,
            0.78821,
            4.57483
          ],
          [
            7.10034,
            5.62717,
            4.694
          ],
          [
            9.84888,
            0.74631,
            4.55102
          ],
          [
            12.66883,
            5.63871,
            4.612
          ],
          [
            2.8134,
            3.23449,
            4.58299
          ],
          [
            5.71047,
            8.07843,
            4.46984
          ],
          [
            8.49552,
            3.21534,
            4.65368
          ],
          [
            11.32046,
            8.09104,
            4.67501
          ],
          [
            5.68231,
            3.24659,
            4.60007
          ],
          [
            8.52957,
            7.99707,
            4.53562
          ],
          [
            11.28991,
            3.2097,
            4.56762
          ],
          [
            14.13513,
            7.97969,
            4.61765
          ],
          [
            8.54702,
            9.54184,
            6.78267
          ],
          [
            5.72135,
            4.76655,
            6.89524
          ],
          [
            14.10171,
            9.64107,
            6.92402
          ],
          [
            11.30281,
            4.76563,
            6.94517
          ],
          [
            5.62531,
            9.64321,
            6.72529
          ],
          [
            2.83229,
            4.81091,
            6.8569
          ],
          [
            11.35007,
            9.62579,
            7.03651
          ],
          [
            8.51249,
            4.80106,
            7.02592
          ],
          [
            1.4892,
            2.2399,
            6.86661
          ],
          [
            4.32407,
            7.154,
            6.85094
          ],
          [
            7.06255,
            2.34508,
            7.00048
          ],
          [
            9.99361,
            7.15185,
            6.96842
          ],
          [
            4.26869,
            2.35584,
            6.94271
          ],
          [
            7.08409,
            7.19721,
            6.86702
          ],
          [
            9.93779,
            2.2588,
            6.84467
          ],
          [
            12.74651,
            7.24231,
            7.04864
          ],
          [
            8.66864,
            2.33554,
            10.11068
          ],
          [
            7.79396,
            3.52681,
            10.02148
          ],
          [
            10.55151,
            7.13025,
            12.10517
          ],
          [
            9.81037,
            6.26293,
            11.1208
          ],
          [
            13.47144,
            4.59919,
            10.56863
          ],
          [
            12.40948,
            3.71668,
            11.27377
          ],
          [
            4.50311,
            0.72687,
            9.89801
          ],
          [
            8.89786,
            9.70656,
            10.258
          ],
          [
            5.75146,
            9.01645,
            11.39252
          ],
          [
            4.99263,
            8.31866,
            10.3514
          ],
          [
            5.68085,
            4.81948,
            12.52599
          ],
          [
            4.65534,
            5.6673,
            13.25213
          ],
          [
            9.88295,
            2.41757,
            10.21933
          ],
          [
            8.14784,
            1.05435,
            10.09664
          ],
          [
            11.76042,
            7.05326,
            12.42577
          ],
          [
            9.76241,
            8.02558,
            12.76195
          ],
          [
            3.11341,
            4.11774,
            9.89297
          ],
          [
            13.54599,
            5.92424,
            10.8641
          ],
          [
            5.54112,
            0.04153,
            9.71458
          ],
          [
            4.6607,
            2.00097,
            9.7311
          ],
          [
            6.62812,
            8.43081,
            12.06696
          ],
          [
            11.19712,
            0.6143,
            11.58057
          ],
          [
            5.5437,
            3.70613,
            12.07648
          ],
          [
            6.9228,
            5.53444,
            12.43455
          ],
          [
            7.1764,
            0.95565,
            10.2466
          ],
          [
            8.16104,
            4.25985,
            10.74053
          ],
          [
            6.73426,
            3.3906,
            10.24936
          ],
          [
            7.88946,
            3.87505,
            9.01555
          ],
          [
            8.86966,
            8.00636,
            12.35666
          ],
          [
            10.48485,
            5.6432,
            10.54055
          ],
          [
            9.0994,
            6.82764,
            10.47388
          ],
          [
            9.0821,
            5.57071,
            11.67376
          ],
          [
            12.83165,
            6.352,
            11.43465
          ],
          [
            12.74406,
            3.56505,
            12.28466
          ],
          [
            12.48504,
            2.7759,
            10.71427
          ],
          [
            11.35025,
            4.04867,
            11.22137
          ],
          [
            3.89685,
            2.69044,
            9.79963
          ],
          [
            9.16684,
            8.659,
            10.02977
          ],
          [
            2.33454,
            0.19236,
            9.70681
          ],
          [
            3.01911,
            0.04729,
            11.33372
          ],
          [
            10.56828,
            1.08309,
            10.90237
          ],
          [
            5.28438,
            8.55801,
            9.30387
          ],
          [
            15.10057,
            8.47524,
            10.45514
          ],
          [
            5.10738,
            7.25731,
            10.40977
          ],
          [
            6.82713,
            6.52664,
            12.51695
          ],
          [
            3.71099,
            5.11853,
            13.29497
          ],
          [
            4.48521,
            6.65817,
            12.80588
          ],
          [
            5.06028,
            5.8143,
            14.2934
          ]
        ],
        "Stress": [
          [
            -77.97309,
            -1.49139,
            -0.72814
          ],
          [
            -1.49139,
            -78.19917,
            -0.16539
          ],
          [
            -0.72814,
            -0.16539,
            -24.40618
          ]
        ],
        "computation_code": "VASP",
        "pseudopotential_information": [
          [
            "PAW_PBE",
            "Pt",
            "04Feb2005"
          ],
          [
            "PAW_PBE",
            "C",
            "08Apr2002"
          ],
          [
            "PAW_PBE",
            "O",
            "08Apr2002"
          ],
          [
            "PAW_PBE",
            "H",
            "15Jun2001"
          ]
        ]
      }
    ],
    "EnergyStyle": "electronvolt",
    "ForcesStyle": "electronvoltperangstrom",
    "LatticeStyle": "angstrom",
    "PositionsStyle": "angstrom",
    "StressStyle": "kB"
  }
}