{
  "Dataset": {
    "AtomTypeStyle": "chemicalsymbol",
    "Data": [
      {
        "AtomTypes": [
          "Pt",
          "Pt",
          "Pt",
          "Pt",
          "Pt",
          "Pt",
          "Pt",
          "Pt",
          "Pt",
          "Pt",
          "Pt",
          "Pt",
          "Pt",
          "Pt",
          "Pt",
          "Pt",
          "Pt",
          "Pt",
          "Pt",
          "Pt",
          "Pt",
          "Pt",
          "Pt",
          "Pt",
          "Pt",
          "Pt",
          "Pt",
          "Pt",
          "Pt",
          "Pt",
          "Pt",
          "Pt",
          "Pt",
          "Pt",
          "Pt",
          "Pt",
          "Pt",
          "Pt",
          "Pt",
          "Pt",
          "Pt",
          "Pt",
          "Pt",
          "Pt",
          "Pt",
          "Pt",
          "Pt",
          "Pt",
          "Pt",
          "Pt",
          "Pt",
          "Pt",
          "Pt",
          "Pt",
          "Pt",
          "Pt",
          "Pt",
          "Pt",
          "Pt",
          "Pt",
          "Pt",
          "Pt",
          "Pt",
          "Pt",
          "C",
          "C",
          "C",
          "C",
          "C",
          "C",
          "C",
          "C",
          "C",
          "C",
          "C",
          "C",
          "O",
          "O",
          "O",
          "O",
          "O",
          "O",
          "O",
          "O",
          "O",
          "O",
          "O",
          "O",
          "H",
          "H",
          "H",
          "H",
          "H",
          "H",
          "H",
          "H",
          "H",
          "H",
          "H",
          "H",
          "H",
          "H",
          "H",
          "H",
          "H",
          "H",
          "H",
          "H",
          "H",
          "H",
          "H",
          "H"
        ],
        "Energy": -444.26376941,
        "Forces": [
          [
            -0.036211,
            0.027664,
            -0.015171
          ],
          [
            -0.069157,
            0.044464,
            -0.04381
          ],
          [
            -0.031589,
            0.010343,
            -0.052273
          ],
          [
            -0.026314,
            0.055349,
            -0.068883
          ],
          [
            -0.037196,
            0.005436,
            -0.041123
          ],
          [
            -0.058125,
            0.093935,
            -0.092714
          ],
          [
            -0.004134,
            -0.04711,
            -0.017096
          ],
          [
            0.046375,
            0.02723,
            -0.04742
          ],
          [
            -0.083775,
            0.022814,
            -0.016281
          ],
          [
            -0.023654,
            0.066831,
            0.01259
          ],
          [
            0.010634,
            -0.038619,
            -0.06089
          ],
          [
            0.010336,
            0.024384,
            -0.066645
          ],
          [
            -0.024256,
            0.078376,
            -0.110454
          ],
          [
            -0.04913,
            0.035882,
            -0.046755
          ],
          [
            -0.037654,
            0.008809,
            -0.05201
          ],
          [
            -0.011495,
            0.055074,
            0.007889
          ],
          [
            0.102073,
            0.041078,
            0.53138
          ],
          [
            0.197276,
            -0.060218,
            0.270551
          ],
          [
            0.000455,
            0.026595,
            0.002303
          ],
          [
            -0.217222,
            -0.141483,
            -0.100116
          ],
          [
            0.109666,
            0.008965,
            0.354153
          ],
          [
            -0.011027,
            -0.300613,
            0.38989
          ],
          [
            0.12804,
            -0.083364,
            -0.044869
          ],
          [
            -0.011826,
            -0.077617,
            0.161258
          ],
          [
            0.111646,
            -0.025683,
            0.059754
          ],
          [
            0.1869,
            -0.35613,
            0.016306
          ],
          [
            0.02057,
            0.139168,
            0.076896
          ],
          [
            0.001693,
            0.043234,
            0.45507
          ],
          [
            0.073865,
            -0.094498,
            0.095568
          ],
          [
            0.288248,
            0.001237,
            -0.291942
          ],
          [
            -0.088438,
            0.007059,
            0.104596
          ],
          [
            0.049786,
            -0.15075,
            0.440968
          ],
          [
            -0.218519,
            0.21284,
            -0.299844
          ],
          [
            -0.413274,
            0.143537,
            0.009186
          ],
          [
            -0.710082,
            0.007714,
            0.232891
          ],
          [
            0.004818,
            0.538521,
            -0.246485
          ],
          [
            0.330758,
            -0.112757,
            0.006885
          ],
          [
            0.240459,
            0.132995,
            -1.219451
          ],
          [
            0.100329,
            0.033987,
            -0.197795
          ],
          [
            0.154894,
            0.102048,
            -0.035846
          ],
          [
            0.291915,
            -0.141573,
            -0.04406
          ],
          [
            -0.060838,
            -0.337876,
            0.733811
          ],
          [
            -0.296535,
            -0.3432,
            -0.199344
          ],
          [
            -0.034625,
            0.024472,
            -0.228449
          ],
          [
            -0.000651,
            -0.5249,
            -0.308022
          ],
          [
            -0.101983,
            0.169566,
            0.14104
          ],
          [
            0.192909,
            -0.077054,
            0.199598
          ],
          [
            -0.223534,
            0.484034,
            -0.219264
          ],
          [
            0.00038,
            0.105788,
            0.364632
          ],
          [
            -0.459901,
            0.018898,
            0.425069
          ],
          [
            -0.065309,
            -0.060349,
            -0.008588
          ],
          [
            0.135677,
            -0.250372,
            -0.092893
          ],
          [
            0.5789,
            -0.545203,
            0.622887
          ],
          [
            0.040702,
            -0.018237,
            0.250174
          ],
          [
            0.034656,
            -0.054662,
            -0.698207
          ],
          [
            0.340107,
            -0.245093,
            -0.22683
          ],
          [
            -0.058988,
            0.433438,
            0.089054
          ],
          [
            -0.120489,
            0.071638,
            -0.11094
          ],
          [
            0.145817,
            -0.162422,
            -0.660931
          ],
          [
            -0.398406,
            0.285423,
            -0.2317
          ],
          [
            0.13668,
            -0.184045,
            -0.208617
          ],
          [
            0.129933,
            0.367744,
            0.061668
          ],
          [
            -0.291772,
            0.685049,
            0.316753
          ],
          [
            0.09462,
            -0.284136,
            -0.293755
          ],
          [
            -0.836067,
            -0.548887,
            -0.738826
          ],
          [
            0.299891,
            -0.567984,
            0.717034
          ],
          [
            0.913254,
            0.883883,
            1.529362
          ],
          [
            1.536253,
            0.440418,
            -2.819564
          ],
          [
            -1.771644,
            1.822818,
            0.880845
          ],
          [
            -0.655309,
            -0.34686,
            0.563707
          ],
          [
            0.729918,
            0.508868,
            -0.223021
          ],
          [
            0.820064,
            0.032824,
            0.588381
          ],
          [
            0.471669,
            -0.397917,
            0.901027
          ],
          [
            1.988291,
            -1.001524,
            -0.786671
          ],
          [
            0.401988,
            3.036542,
            1.930851
          ],
          [
            -1.144864,
            0.493618,
            -0.176368
          ],
          [
            0.614482,
            0.538638,
            0.35282
          ],
          [
            -1.104311,
            0.305565,
            0.121205
          ],
          [
            -1.278004,
            0.32399,
            -0.373176
          ],
          [
            0.475398,
            0.048784,
            -0.255712
          ],
          [
            2.084441,
            -1.024643,
            -1.364666
          ],
          [
            0.374125,
            -0.789349,
            -0.429575
          ],
          [
            -1.816309,
            1.01064,
            0.044796
          ],
          [
            0.69577,
            -1.563061,
            0.123561
          ],
          [
            -0.267642,
            0.212855,
            -0.268835
          ],
          [
            0.319795,
            0.142328,
            0.256216
          ],
          [
            -0.385895,
            -3.581778,
            -1.288029
          ],
          [
            0.438046,
            0.444311,
            -0.378388
          ],
          [
            0.892453,
            -0.012113,
            0.246091
          ],
          [
            -0.026251,
            0.092817,
            0.554865
          ],
          [
            -0.312638,
            -0.018366,
            -0.035905
          ],
          [
            -0.044832,
            0.101109,
            -0.773584
          ],
          [
            0.19252,
            -0.125183,
            -0.112933
          ],
          [
            -0.8529,
            0.562656,
            0.999863
          ],
          [
            -0.033548,
            -0.584985,
            0.669153
          ],
          [
            -1.387145,
            -1.365165,
            0.313587
          ],
          [
            -0.062754,
            0.176186,
            0.104231
          ],
          [
            0.349577,
            -0.002776,
            0.441354
          ],
          [
            0.030799,
            -0.041356,
            -0.176759
          ],
          [
            -0.104168,
            0.010357,
            -0.358409
          ],
          [
            -0.081543,
            0.363232,
            -0.02966
          ],
          [
            0.048759,
            0.621782,
            -0.061625
          ],
          [
            -0.169214,
            -0.307963,
            0.033313
          ],
          [
            -0.043766,
            0.049022,
            -0.641644
          ],
          [
            0.092235,
            -0.376147,
            0.148529
          ],
          [
            -0.059139,
            -0.189814,
            -0.349482
          ],
          [
            -1.603108,
            0.208573,
            0.442433
          ],
          [
            -0.438388,
            0.654953,
            -0.030403
          ],
          [
            0.307361,
            0.253604,
            0.015185
          ],
          [
            0.279876,
            0.377707,
            -0.508801
          ],
          [
            0.239211,
            -0.570859,
            1.26318
          ],
          [
            -0.156184,
            -0.224383,
            -0.655042
          ]
        ],
        "Lattice": [
          [
            11.254311534,
            0.0,
            0.0
          ],
          [
            5.627155767,
            9.746519691,
            0.0
          ],
          [
            0.0,
            0.0,
            21.483230925
          ]
        ],
        "NumAtoms": 112,
        "Positions": [
          [
            4.22079,
            2.43687,
            0.0
          ],
          [
            7.03437,
            7.31013,
            0.0
          ],
          [
            9.84794,
            2.43687,
            0.0
          ],
          [
            12.66152,
            7.31013,
            0.0
          ],
          [
            1.40693,
            2.43687,
            0.0
          ],
          [
            4.22051,
            7.31013,
            0.0
          ],
          [
            7.03409,
            2.43687,
            0.0
          ],
          [
            9.84766,
            7.31013,
            0.0
          ],
          [
            2.81385,
            0.0,
            0.0
          ],
          [
            5.62743,
            4.87326,
            0.0
          ],
          [
            8.44101,
            0.0,
            0.0
          ],
          [
            11.25459,
            4.87326,
            0.0
          ],
          [
            0.0,
            0.0,
            0.0
          ],
          [
            2.81358,
            4.87326,
            0.0
          ],
          [
            5.62716,
            0.0,
            0.0
          ],
          [
            8.44073,
            4.87326,
            0.0
          ],
          [
            7.03462,
            4.06144,
            2.2975
          ],
          [
            9.8482,
            8.9347,
            2.2975
          ],
          [
            12.66177,
            4.06144,
            2.2975
          ],
          [
            15.47535,
            8.9347,
            2.2975
          ],
          [
            5.62769,
            1.62456,
            2.2975
          ],
          [
            8.44127,
            6.49782,
            2.2975
          ],
          [
            11.25484,
            1.62456,
            2.2975
          ],
          [
            14.06842,
            6.49782,
            2.2975
          ],
          [
            2.81383,
            1.62456,
            2.2975
          ],
          [
            5.62741,
            6.49782,
            2.2975
          ],
          [
            8.44098,
            1.62456,
            2.2975
          ],
          [
            11.25456,
            6.49782,
            2.2975
          ],
          [
            4.22076,
            4.06144,
            2.2975
          ],
          [
            7.03434,
            8.9347,
            2.2975
          ],
          [
            9.84791,
            4.06144,
            2.2975
          ],
          [
            12.66149,
            8.9347,
            2.2975
          ],
          [
            1.49431,
            0.72379,
            4.55927
          ],
          [
            4.32776,
            5.61268,
            4.57151
          ],
          [
            7.13665,
            0.7753,
            4.58926
          ],
          [
            9.88626,
            5.57522,
            4.64602
          ],
          [
            4.29381,
            0.78751,
            4.58388
          ],
          [
            7.09536,
            5.61161,
            4.72013
          ],
          [
            9.85517,
            0.74729,
            4.53201
          ],
          [
            12.66317,
            5.64585,
            4.60113
          ],
          [
            2.82005,
            3.21679,
            4.56153
          ],
          [
            5.70451,
            8.07788,
            4.4733
          ],
          [
            8.49348,
            3.23335,
            4.64522
          ],
          [
            11.32656,
            8.09113,
            4.66872
          ],
          [
            5.67793,
            3.23905,
            4.61954
          ],
          [
            8.54852,
            7.99332,
            4.55965
          ],
          [
            11.27953,
            3.20248,
            4.54912
          ],
          [
            14.13677,
            7.97702,
            4.63276
          ],
          [
            8.55335,
            9.56141,
            6.77928
          ],
          [
            5.75949,
            4.76051,
            6.91794
          ],
          [
            14.11468,
            9.64557,
            6.91347
          ],
          [
            11.32022,
            4.76341,
            6.94589
          ],
          [
            5.61673,
            9.6441,
            6.73971
          ],
          [
            2.8708,
            4.79365,
            6.83226
          ],
          [
            11.34481,
            9.6414,
            7.05845
          ],
          [
            8.51951,
            4.80004,
            7.02423
          ],
          [
            1.49475,
            2.25366,
            6.83564
          ],
          [
            4.33071,
            7.18222,
            6.89349
          ],
          [
            7.07983,
            2.33415,
            6.99171
          ],
          [
            10.01458,
            7.15377,
            7.00149
          ],
          [
            4.27676,
            2.36718,
            6.90125
          ],
          [
            7.10137,
            7.20415,
            6.90886
          ],
          [
            9.95701,
            2.25188,
            6.82694
          ],
          [
            12.75708,
            7.24444,
            7.0302
          ],
          [
            8.50724,
            2.21229,
            10.20434
          ],
          [
            7.67873,
            3.44144,
            10.02269
          ],
          [
            10.27182,
            7.09176,
            12.04908
          ],
          [
            9.55304,
            6.27398,
            11.07747
          ],
          [
            13.40482,
            4.62647,
            10.6993
          ],
          [
            12.3356,
            3.74514,
            11.2045
          ],
          [
            4.34786,
            0.63159,
            9.94194
          ],
          [
            2.96797,
            0.07514,
            10.24888
          ],
          [
            5.53441,
            9.11843,
            11.47137
          ],
          [
            15.87258,
            8.43621,
            10.52609
          ],
          [
            5.43106,
            4.8789,
            12.64217
          ],
          [
            4.34046,
            5.637,
            13.3323
          ],
          [
            9.74221,
            2.25348,
            10.20894
          ],
          [
            7.95574,
            0.99317,
            10.1923
          ],
          [
            11.46827,
            6.97384,
            12.37495
          ],
          [
            9.47862,
            7.90165,
            12.80628
          ],
          [
            3.03685,
            4.22806,
            9.99182
          ],
          [
            13.31377,
            5.94834,
            10.9774
          ],
          [
            11.06433,
            9.73929,
            9.88554
          ],
          [
            4.37706,
            1.98495,
            9.69728
          ],
          [
            6.35524,
            8.48275,
            12.1835
          ],
          [
            11.13468,
            0.68687,
            11.51347
          ],
          [
            5.38312,
            3.80234,
            12.18075
          ],
          [
            6.59715,
            5.59335,
            12.62656
          ],
          [
            6.92938,
            0.92147,
            10.04763
          ],
          [
            8.04083,
            4.24692,
            10.65673
          ],
          [
            6.60899,
            3.29443,
            10.15475
          ],
          [
            7.93258,
            3.82162,
            9.02859
          ],
          [
            8.52413,
            7.94653,
            12.53955
          ],
          [
            10.26302,
            5.7111,
            10.36469
          ],
          [
            8.89615,
            6.88852,
            10.40299
          ],
          [
            9.05434,
            5.63756,
            11.76002
          ],
          [
            12.50387,
            6.21024,
            11.53258
          ],
          [
            12.36337,
            3.6174,
            12.29111
          ],
          [
            12.37924,
            2.74493,
            10.76593
          ],
          [
            11.3353,
            4.16672,
            11.05306
          ],
          [
            3.56469,
            2.52873,
            9.91003
          ],
          [
            8.48907,
            8.74896,
            9.95947
          ],
          [
            2.22448,
            0.72859,
            9.76062
          ],
          [
            2.83152,
            0.14068,
            11.36758
          ],
          [
            10.48784,
            1.21902,
            10.86862
          ],
          [
            16.16564,
            8.85984,
            9.54415
          ],
          [
            14.85157,
            8.68258,
            10.61497
          ],
          [
            4.84149,
            7.33509,
            10.51174
          ],
          [
            6.36294,
            6.55485,
            12.69611
          ],
          [
            3.58244,
            4.93912,
            13.77433
          ],
          [
            3.86464,
            6.27267,
            12.49421
          ],
          [
            4.71734,
            6.28355,
            14.16879
          ]
        ],
        "Stress": [
          [
            -73.52899,
            2.37878,
            -1.02805
          ],
          [
            2.37878,
            -75.18569,
            3.16313
          ],
          [
            -1.02805,
            3.16313,
            -25.23245
          ]
        ],
        "computation_code": "VASP",
        "pseudopotential_information": [
          [
            "PAW_PBE",
            "Pt",
            "04Feb2005"
          ],
          [
            "PAW_PBE",
            "C",
            "08Apr2002"
          ],
          [
            "PAW_PBE",
            "O",
            "08Apr2002"
          ],
          [
            "PAW_PBE",
            "H",
            "15Jun2001"
          ]
        ]
      }
    ],
    "EnergyStyle": "electronvolt",
    "ForcesStyle": "electronvoltperangstrom",
    "LatticeStyle": "angstrom",
    "PositionsStyle": "angstrom",
    "StressStyle": "kB"
  }
}