{
  "Dataset": {
    "AtomTypeStyle": "chemicalsymbol",
    "Data": [
      {
        "AtomTypes": [
          "Pt",
          "Pt",
          "Pt",
          "Pt",
          "Pt",
          "Pt",
          "Pt",
          "Pt",
          "Pt",
          "Pt",
          "Pt",
          "Pt",
          "Pt",
          "Pt",
          "Pt",
          "Pt",
          "Pt",
          "Pt",
          "Pt",
          "Pt",
          "Pt",
          "Pt",
          "Pt",
          "Pt",
          "Pt",
          "Pt",
          "Pt",
          "Pt",
          "Pt",
          "Pt",
          "Pt",
          "Pt",
          "Pt",
          "Pt",
          "Pt",
          "Pt",
          "Pt",
          "Pt",
          "Pt",
          "Pt",
          "Pt",
          "Pt",
          "Pt",
          "Pt",
          "Pt",
          "Pt",
          "Pt",
          "Pt",
          "Pt",
          "Pt",
          "Pt",
          "Pt",
          "Pt",
          "Pt",
          "Pt",
          "Pt",
          "Pt",
          "Pt",
          "Pt",
          "Pt",
          "Pt",
          "Pt",
          "Pt",
          "Pt",
          "C",
          "C",
          "C",
          "C",
          "C",
          "C",
          "C",
          "C",
          "C",
          "C",
          "C",
          "C",
          "O",
          "O",
          "O",
          "O",
          "O",
          "O",
          "O",
          "O",
          "O",
          "O",
          "O",
          "O",
          "H",
          "H",
          "H",
          "H",
          "H",
          "H",
          "H",
          "H",
          "H",
          "H",
          "H",
          "H",
          "H",
          "H",
          "H",
          "H",
          "H",
          "H",
          "H",
          "H",
          "H",
          "H",
          "H",
          "H"
        ],
        "Energy": -444.24668399,
        "Forces": [
          [
            0.065895,
            0.011862,
            -0.029276
          ],
          [
            0.024585,
            0.032285,
            -0.012459
          ],
          [
            0.006896,
            0.019682,
            -0.04621
          ],
          [
            0.027798,
            0.094013,
            -0.06409
          ],
          [
            0.047944,
            0.044987,
            -0.017516
          ],
          [
            0.022539,
            0.041372,
            -0.025272
          ],
          [
            0.04154,
            -0.039577,
            -0.058692
          ],
          [
            0.10434,
            0.013654,
            -0.049949
          ],
          [
            0.070111,
            0.029349,
            -0.050453
          ],
          [
            0.025622,
            0.011087,
            -0.033098
          ],
          [
            0.020005,
            0.021523,
            -0.089769
          ],
          [
            0.014956,
            0.023292,
            -0.061181
          ],
          [
            0.018706,
            0.032726,
            -0.024425
          ],
          [
            0.006783,
            0.023358,
            -0.027922
          ],
          [
            0.032973,
            0.031364,
            -0.117704
          ],
          [
            0.056758,
            0.016908,
            -0.0277
          ],
          [
            -0.079833,
            0.020055,
            0.180075
          ],
          [
            -0.144476,
            -0.040508,
            -0.003356
          ],
          [
            0.018615,
            -0.198144,
            0.224435
          ],
          [
            0.040646,
            -0.175575,
            0.188384
          ],
          [
            -0.122439,
            0.093989,
            0.208362
          ],
          [
            -0.213817,
            -0.013753,
            0.257628
          ],
          [
            -0.013821,
            -0.133332,
            0.104253
          ],
          [
            0.001615,
            -0.073039,
            0.137246
          ],
          [
            -0.025479,
            -0.155666,
            -0.037592
          ],
          [
            -0.015695,
            -0.105645,
            0.44814
          ],
          [
            -0.068005,
            0.072937,
            0.135081
          ],
          [
            -0.21822,
            0.017113,
            -0.039057
          ],
          [
            0.02102,
            -0.100856,
            0.137602
          ],
          [
            -0.043225,
            -0.151361,
            0.244208
          ],
          [
            -0.204921,
            -0.014303,
            0.189368
          ],
          [
            -0.018321,
            -0.2083,
            -0.195585
          ],
          [
            -0.446499,
            0.110546,
            0.015046
          ],
          [
            0.124033,
            0.642876,
            -0.105475
          ],
          [
            0.089954,
            0.714651,
            0.209796
          ],
          [
            0.239462,
            -0.125888,
            -0.153336
          ],
          [
            0.313233,
            0.000298,
            -0.314277
          ],
          [
            0.003169,
            0.381315,
            -0.269714
          ],
          [
            0.212498,
            0.271829,
            -0.007423
          ],
          [
            0.34988,
            -0.076887,
            -0.015271
          ],
          [
            -0.7539,
            0.647711,
            -0.517278
          ],
          [
            -0.016003,
            0.021794,
            -0.072945
          ],
          [
            0.431019,
            -0.187915,
            -0.392097
          ],
          [
            -0.030908,
            -0.378659,
            0.302646
          ],
          [
            -0.222694,
            -0.549564,
            -0.615588
          ],
          [
            -0.2032,
            -0.015726,
            -0.266814
          ],
          [
            0.232965,
            0.002166,
            -0.022667
          ],
          [
            -0.069407,
            -0.374967,
            -0.200129
          ],
          [
            -0.196369,
            0.478908,
            0.138363
          ],
          [
            -0.824098,
            0.389947,
            -0.37447
          ],
          [
            0.066115,
            0.587787,
            0.263973
          ],
          [
            -0.038689,
            0.075229,
            0.322441
          ],
          [
            0.565831,
            -0.083652,
            -0.184548
          ],
          [
            0.036229,
            -0.334214,
            0.688176
          ],
          [
            0.228211,
            -0.621772,
            0.148052
          ],
          [
            0.308136,
            -0.204475,
            -0.074532
          ],
          [
            -0.335828,
            0.077605,
            0.089586
          ],
          [
            0.01851,
            0.028662,
            -0.465501
          ],
          [
            0.165685,
            -0.288355,
            0.397865
          ],
          [
            0.412344,
            0.186049,
            -0.233854
          ],
          [
            0.233242,
            0.048476,
            0.306538
          ],
          [
            0.164749,
            -0.499932,
            -0.423138
          ],
          [
            -0.102261,
            0.052954,
            0.230185
          ],
          [
            -0.568875,
            -0.187012,
            -0.059602
          ],
          [
            -0.792338,
            -1.016764,
            -1.345802
          ],
          [
            1.030368,
            1.141387,
            0.68912
          ],
          [
            -1.089484,
            -0.91829,
            -1.471281
          ],
          [
            -1.466708,
            -0.434518,
            -0.060917
          ],
          [
            0.829355,
            1.436886,
            0.14201
          ],
          [
            0.644941,
            -1.299069,
            -1.363341
          ],
          [
            -0.54405,
            -0.401375,
            1.033703
          ],
          [
            -0.210136,
            0.318389,
            0.382379
          ],
          [
            1.570944,
            -1.111839,
            -0.080336
          ],
          [
            -1.94108,
            0.558806,
            1.570575
          ],
          [
            2.152246,
            2.294158,
            -0.946848
          ],
          [
            -0.73898,
            -0.284422,
            0.083256
          ],
          [
            -0.675278,
            -7e-05,
            -0.572813
          ],
          [
            1.631,
            0.48304,
            0.593364
          ],
          [
            1.194683,
            -0.079459,
            0.382077
          ],
          [
            -0.940401,
            0.260096,
            -0.142193
          ],
          [
            -0.694025,
            0.484173,
            0.745658
          ],
          [
            0.610289,
            -0.928494,
            -0.513058
          ],
          [
            -0.55533,
            0.160167,
            -0.258676
          ],
          [
            0.804189,
            0.47555,
            -1.02716
          ],
          [
            -0.025022,
            -0.317708,
            0.217115
          ],
          [
            -0.518227,
            1.476687,
            0.270433
          ],
          [
            -0.995858,
            -1.506846,
            -0.294734
          ],
          [
            -0.948452,
            -0.189951,
            1.204698
          ],
          [
            0.138468,
            -0.002611,
            0.328925
          ],
          [
            0.401894,
            -0.690348,
            0.34004
          ],
          [
            -0.475881,
            -0.388272,
            -0.776574
          ],
          [
            -0.261028,
            0.082699,
            0.599251
          ],
          [
            0.559432,
            0.099382,
            0.270803
          ],
          [
            1.400556,
            0.017752,
            0.150334
          ],
          [
            0.340763,
            0.472978,
            0.900029
          ],
          [
            0.043712,
            0.537762,
            -0.184497
          ],
          [
            -0.502465,
            0.060821,
            0.322838
          ],
          [
            -0.445531,
            0.224516,
            0.612128
          ],
          [
            -0.329403,
            0.140653,
            -0.056944
          ],
          [
            -0.375605,
            -0.059804,
            0.766844
          ],
          [
            -0.230635,
            0.180904,
            0.124089
          ],
          [
            0.058213,
            -0.035484,
            0.064954
          ],
          [
            -0.34602,
            0.17051,
            -0.051609
          ],
          [
            0.347408,
            -1.131965,
            -0.78932
          ],
          [
            -0.056262,
            0.143831,
            0.601354
          ],
          [
            -0.23277,
            0.465471,
            -0.341006
          ],
          [
            1.015138,
            0.454404,
            -0.536985
          ],
          [
            0.572867,
            -1.40241,
            -0.922016
          ],
          [
            -0.58848,
            0.208833,
            0.120546
          ],
          [
            0.657802,
            -0.775472,
            -0.017928
          ],
          [
            -0.490663,
            0.376829,
            -0.61473
          ],
          [
            0.582098,
            0.210074,
            0.210374
          ]
        ],
        "Lattice": [
          [
            11.254311534,
            0.0,
            0.0
          ],
          [
            5.627155767,
            9.746519691,
            0.0
          ],
          [
            0.0,
            0.0,
            21.483230925
          ]
        ],
        "NumAtoms": 112,
        "Positions": [
          [
            4.22079,
            2.43687,
            0.0
          ],
          [
            7.03437,
            7.31013,
            0.0
          ],
          [
            9.84794,
            2.43687,
            0.0
          ],
          [
            12.66152,
            7.31013,
            0.0
          ],
          [
            1.40693,
            2.43687,
            0.0
          ],
          [
            4.22051,
            7.31013,
            0.0
          ],
          [
            7.03409,
            2.43687,
            0.0
          ],
          [
            9.84766,
            7.31013,
            0.0
          ],
          [
            2.81385,
            0.0,
            0.0
          ],
          [
            5.62743,
            4.87326,
            0.0
          ],
          [
            8.44101,
            0.0,
            0.0
          ],
          [
            11.25459,
            4.87326,
            0.0
          ],
          [
            0.0,
            0.0,
            0.0
          ],
          [
            2.81358,
            4.87326,
            0.0
          ],
          [
            5.62716,
            0.0,
            0.0
          ],
          [
            8.44073,
            4.87326,
            0.0
          ],
          [
            7.03462,
            4.06144,
            2.2975
          ],
          [
            9.8482,
            8.9347,
            2.2975
          ],
          [
            12.66177,
            4.06144,
            2.2975
          ],
          [
            15.47535,
            8.9347,
            2.2975
          ],
          [
            5.62769,
            1.62456,
            2.2975
          ],
          [
            8.44127,
            6.49782,
            2.2975
          ],
          [
            11.25484,
            1.62456,
            2.2975
          ],
          [
            14.06842,
            6.49782,
            2.2975
          ],
          [
            2.81383,
            1.62456,
            2.2975
          ],
          [
            5.62741,
            6.49782,
            2.2975
          ],
          [
            8.44098,
            1.62456,
            2.2975
          ],
          [
            11.25456,
            6.49782,
            2.2975
          ],
          [
            4.22076,
            4.06144,
            2.2975
          ],
          [
            7.03434,
            8.9347,
            2.2975
          ],
          [
            9.84791,
            4.06144,
            2.2975
          ],
          [
            12.66149,
            8.9347,
            2.2975
          ],
          [
            1.36203,
            0.71931,
            4.57928
          ],
          [
            4.15838,
            5.59672,
            4.60079
          ],
          [
            6.95419,
            0.70325,
            4.53315
          ],
          [
            9.72942,
            5.66503,
            4.5888
          ],
          [
            4.13179,
            0.75308,
            4.58804
          ],
          [
            6.95475,
            5.65023,
            4.65423
          ],
          [
            9.76637,
            0.73615,
            4.56285
          ],
          [
            12.53735,
            5.65623,
            4.53084
          ],
          [
            2.82429,
            3.12369,
            4.58309
          ],
          [
            5.57053,
            8.05032,
            4.63965
          ],
          [
            8.32475,
            3.23256,
            4.60822
          ],
          [
            11.16431,
            8.11512,
            4.56166
          ],
          [
            5.58671,
            3.27027,
            4.62747
          ],
          [
            8.35871,
            8.04751,
            4.61946
          ],
          [
            11.16584,
            3.18941,
            4.55008
          ],
          [
            14.0473,
            8.05977,
            4.58249
          ],
          [
            8.3137,
            9.59751,
            6.89235
          ],
          [
            5.59629,
            4.77813,
            6.99909
          ],
          [
            13.87606,
            9.60131,
            6.85176
          ],
          [
            11.11501,
            4.79771,
            6.80382
          ],
          [
            16.61499,
            9.67723,
            6.95603
          ],
          [
            13.93489,
            4.8381,
            6.74258
          ],
          [
            5.45592,
            0.01076,
            6.87718
          ],
          [
            8.27814,
            4.85474,
            6.94874
          ],
          [
            12.56234,
            2.31833,
            6.82882
          ],
          [
            15.34595,
            7.19943,
            7.02321
          ],
          [
            6.89778,
            2.36934,
            6.82637
          ],
          [
            9.65563,
            7.20708,
            6.92904
          ],
          [
            4.06021,
            2.37126,
            6.88134
          ],
          [
            6.81135,
            7.34085,
            7.08096
          ],
          [
            9.72499,
            2.34731,
            6.82308
          ],
          [
            12.56413,
            7.25239,
            6.84839
          ],
          [
            1.43556,
            1.63582,
            11.69817
          ],
          [
            11.6603,
            2.68911,
            11.97744
          ],
          [
            14.38455,
            7.32346,
            11.65416
          ],
          [
            13.81422,
            7.09031,
            10.2428
          ],
          [
            6.26021,
            4.87082,
            10.17143
          ],
          [
            4.95009,
            4.31797,
            10.56878
          ],
          [
            8.91452,
            1.44948,
            10.49168
          ],
          [
            7.56684,
            1.39402,
            11.15583
          ],
          [
            10.01094,
            8.15325,
            11.19934
          ],
          [
            9.07026,
            7.83366,
            10.1213
          ],
          [
            8.89958,
            4.82187,
            12.93953
          ],
          [
            8.87614,
            5.92211,
            14.01239
          ],
          [
            2.60786,
            1.58539,
            12.09825
          ],
          [
            0.93224,
            0.6443,
            10.88894
          ],
          [
            4.32931,
            7.41614,
            11.82628
          ],
          [
            13.5286,
            7.32804,
            12.67513
          ],
          [
            7.17257,
            4.2523,
            9.58541
          ],
          [
            6.42496,
            6.19582,
            10.45139
          ],
          [
            9.7269,
            0.50905,
            10.5078
          ],
          [
            9.23189,
            2.59918,
            9.9547
          ],
          [
            10.93573,
            7.36016,
            11.51506
          ],
          [
            9.98509,
            9.28466,
            11.82124
          ],
          [
            8.16233,
            3.88607,
            13.00991
          ],
          [
            9.79608,
            4.91449,
            11.85044
          ],
          [
            11.20634,
            0.72732,
            10.58805
          ],
          [
            11.64183,
            3.52786,
            11.22082
          ],
          [
            11.8865,
            3.15969,
            12.98434
          ],
          [
            10.67446,
            2.2444,
            11.88251
          ],
          [
            12.56586,
            7.34052,
            12.33437
          ],
          [
            12.75136,
            7.50376,
            10.08419
          ],
          [
            13.64279,
            6.01049,
            9.92463
          ],
          [
            14.54642,
            7.43674,
            9.5074
          ],
          [
            5.63757,
            6.65446,
            10.85296
          ],
          [
            5.09768,
            3.21846,
            10.61442
          ],
          [
            4.31339,
            4.45249,
            9.67521
          ],
          [
            4.53059,
            4.8374,
            11.41058
          ],
          [
            8.48791,
            3.26042,
            9.92073
          ],
          [
            7.53083,
            0.5636,
            11.87417
          ],
          [
            6.84722,
            1.15341,
            10.35515
          ],
          [
            7.30356,
            2.3715,
            11.69571
          ],
          [
            3.63061,
            0.18065,
            11.52911
          ],
          [
            8.94377,
            8.6839,
            9.45695
          ],
          [
            8.04536,
            7.565,
            10.56917
          ],
          [
            9.39312,
            6.97557,
            9.60506
          ],
          [
            10.43113,
            5.68852,
            11.85982
          ],
          [
            8.76671,
            6.98946,
            13.66647
          ],
          [
            9.70909,
            5.76078,
            14.7567
          ],
          [
            7.8989,
            5.69252,
            14.50445
          ]
        ],
        "Stress": [
          [
            -74.34247,
            1.69158,
            -0.07182
          ],
          [
            1.69158,
            -72.88368,
            -1.34229
          ],
          [
            -0.07182,
            -1.34229,
            -26.01712
          ]
        ],
        "computation_code": "VASP",
        "pseudopotential_information": [
          [
            "PAW_PBE",
            "Pt",
            "04Feb2005"
          ],
          [
            "PAW_PBE",
            "C",
            "08Apr2002"
          ],
          [
            "PAW_PBE",
            "O",
            "08Apr2002"
          ],
          [
            "PAW_PBE",
            "H",
            "15Jun2001"
          ]
        ]
      }
    ],
    "EnergyStyle": "electronvolt",
    "ForcesStyle": "electronvoltperangstrom",
    "LatticeStyle": "angstrom",
    "PositionsStyle": "angstrom",
    "StressStyle": "kB"
  }
}