{
  "Dataset": {
    "AtomTypeStyle": "chemicalsymbol",
    "Data": [
      {
        "AtomTypes": [
          "Pt",
          "Pt",
          "Pt",
          "Pt",
          "Pt",
          "Pt",
          "Pt",
          "Pt",
          "Pt",
          "Pt",
          "Pt",
          "Pt",
          "Pt",
          "Pt",
          "Pt",
          "Pt",
          "Pt",
          "Pt",
          "Pt",
          "Pt",
          "Pt",
          "Pt",
          "Pt",
          "Pt",
          "Pt",
          "Pt",
          "Pt",
          "Pt",
          "Pt",
          "Pt",
          "Pt",
          "Pt",
          "Pt",
          "Pt",
          "Pt",
          "Pt",
          "Pt",
          "Pt",
          "Pt",
          "Pt",
          "Pt",
          "Pt",
          "Pt",
          "Pt",
          "Pt",
          "Pt",
          "Pt",
          "Pt",
          "Pt",
          "Pt",
          "Pt",
          "Pt",
          "Pt",
          "Pt",
          "Pt",
          "Pt",
          "Pt",
          "Pt",
          "Pt",
          "Pt",
          "Pt",
          "Pt",
          "Pt",
          "Pt",
          "C",
          "C",
          "C",
          "C",
          "C",
          "C",
          "C",
          "C",
          "C",
          "C",
          "C",
          "C",
          "O",
          "O",
          "O",
          "O",
          "O",
          "O",
          "O",
          "O",
          "O",
          "O",
          "O",
          "O",
          "H",
          "H",
          "H",
          "H",
          "H",
          "H",
          "H",
          "H",
          "H",
          "H",
          "H",
          "H",
          "H",
          "H",
          "H",
          "H",
          "H",
          "H",
          "H",
          "H",
          "H",
          "H",
          "H",
          "H"
        ],
        "Energy": -443.85867125,
        "Forces": [
          [
            -0.03889,
            0.047804,
            0.000764
          ],
          [
            -0.063098,
            0.035431,
            -0.047147
          ],
          [
            -0.003164,
            0.025244,
            -0.022413
          ],
          [
            -0.017,
            0.02336,
            -0.031322
          ],
          [
            -0.010716,
            0.003767,
            -0.042154
          ],
          [
            -0.036553,
            0.080305,
            -0.10119
          ],
          [
            -0.009363,
            -0.024508,
            -0.008601
          ],
          [
            0.025988,
            0.029743,
            -0.042618
          ],
          [
            -0.087262,
            0.004881,
            -0.04607
          ],
          [
            -0.011416,
            0.07974,
            -0.028252
          ],
          [
            0.010745,
            -0.023836,
            -0.055232
          ],
          [
            0.004518,
            0.027177,
            -0.086529
          ],
          [
            -0.010192,
            0.053341,
            -0.086202
          ],
          [
            -0.04874,
            0.043517,
            -0.043566
          ],
          [
            -0.031774,
            0.005374,
            -0.028848
          ],
          [
            -0.025596,
            0.061063,
            0.008915
          ],
          [
            0.197269,
            0.012433,
            0.391126
          ],
          [
            0.228694,
            -0.02427,
            0.167567
          ],
          [
            -0.005147,
            -0.020345,
            0.066072
          ],
          [
            -0.154432,
            -0.056973,
            -0.056231
          ],
          [
            0.117912,
            -0.032241,
            0.285016
          ],
          [
            0.038452,
            -0.326718,
            0.078649
          ],
          [
            0.016126,
            0.009828,
            0.05444
          ],
          [
            -0.077324,
            -0.084159,
            0.032021
          ],
          [
            0.056038,
            0.056987,
            0.154103
          ],
          [
            0.186535,
            -0.294453,
            -0.16028
          ],
          [
            0.015297,
            0.063985,
            0.21776
          ],
          [
            0.077231,
            0.048212,
            0.489899
          ],
          [
            -0.010901,
            -0.226036,
            -0.072931
          ],
          [
            0.217605,
            0.137052,
            -0.316332
          ],
          [
            -0.037533,
            -0.09302,
            0.171651
          ],
          [
            0.02781,
            -0.123391,
            0.459894
          ],
          [
            0.203311,
            0.029864,
            -0.301202
          ],
          [
            -0.140841,
            0.265092,
            0.239968
          ],
          [
            -0.442466,
            -0.008879,
            0.101711
          ],
          [
            -0.099643,
            0.322148,
            -0.112618
          ],
          [
            0.171828,
            0.028534,
            0.262799
          ],
          [
            0.043288,
            -0.427111,
            -0.813872
          ],
          [
            0.00108,
            0.049461,
            -0.332118
          ],
          [
            -0.004562,
            0.34579,
            -0.153076
          ],
          [
            0.402577,
            -0.501547,
            -0.039398
          ],
          [
            -0.344431,
            -0.220836,
            0.489542
          ],
          [
            -0.243615,
            0.039827,
            -0.270281
          ],
          [
            0.028326,
            -0.020405,
            -0.397196
          ],
          [
            -0.134752,
            -0.569002,
            0.101819
          ],
          [
            0.163081,
            0.399796,
            0.331477
          ],
          [
            -0.115828,
            -0.172993,
            0.037237
          ],
          [
            -0.319858,
            0.515301,
            0.008083
          ],
          [
            -0.062379,
            0.401642,
            0.138255
          ],
          [
            -0.063766,
            -0.215106,
            0.225727
          ],
          [
            0.215964,
            -0.064247,
            -0.219273
          ],
          [
            0.123593,
            -0.218007,
            0.033527
          ],
          [
            0.199026,
            -0.359781,
            0.764656
          ],
          [
            0.272254,
            -0.372237,
            0.16496
          ],
          [
            -0.12542,
            0.0879,
            -0.434334
          ],
          [
            0.071738,
            -0.237158,
            -0.488074
          ],
          [
            -0.010986,
            0.474711,
            -0.027845
          ],
          [
            -0.259468,
            0.446929,
            0.137781
          ],
          [
            0.11752,
            -0.079701,
            -0.6934
          ],
          [
            -0.324315,
            0.159834,
            -0.035737
          ],
          [
            0.041666,
            -0.037308,
            -0.811171
          ],
          [
            0.235084,
            0.228064,
            0.350542
          ],
          [
            -0.09611,
            0.386418,
            0.159362
          ],
          [
            0.090458,
            -0.248454,
            -0.437116
          ],
          [
            -0.92585,
            0.975776,
            -0.628526
          ],
          [
            0.370118,
            -0.772795,
            1.554926
          ],
          [
            1.301485,
            0.084337,
            -0.262081
          ],
          [
            -2.009707,
            0.064346,
            1.420237
          ],
          [
            0.524669,
            -1.343245,
            -0.809512
          ],
          [
            -0.455106,
            0.410256,
            1.089841
          ],
          [
            -0.40972,
            -0.219036,
            0.117648
          ],
          [
            -0.172946,
            1.530266,
            -0.312718
          ],
          [
            -1.156351,
            -0.791797,
            0.241399
          ],
          [
            -0.594427,
            2.09224,
            0.522211
          ],
          [
            -0.996756,
            3.908393,
            2.523835
          ],
          [
            0.12287,
            -0.582064,
            -0.408168
          ],
          [
            0.623365,
            -0.900178,
            0.53659
          ],
          [
            0.854589,
            -0.190281,
            0.183899
          ],
          [
            -0.043595,
            -0.424217,
            -0.062271
          ],
          [
            0.511004,
            0.418811,
            0.955733
          ],
          [
            0.791465,
            -0.089585,
            -0.353014
          ],
          [
            -0.505367,
            0.850942,
            0.526029
          ],
          [
            1.118329,
            0.743481,
            -0.238396
          ],
          [
            -0.523126,
            -0.775999,
            0.516535
          ],
          [
            0.473819,
            -0.72151,
            -0.154588
          ],
          [
            -0.282136,
            1.133606,
            -0.607808
          ],
          [
            -0.963488,
            -4.609861,
            -1.368277
          ],
          [
            0.584051,
            1.920322,
            0.149052
          ],
          [
            -0.543694,
            -0.200155,
            0.124681
          ],
          [
            -0.250158,
            -0.354711,
            0.215596
          ],
          [
            -0.14717,
            0.167905,
            -0.019637
          ],
          [
            0.130164,
            0.383097,
            -1.679037
          ],
          [
            -0.925243,
            -0.339474,
            -0.481027
          ],
          [
            1.134052,
            -0.812378,
            -0.480887
          ],
          [
            -0.73764,
            -0.221809,
            -0.056034
          ],
          [
            0.839188,
            1.003241,
            -1.071164
          ],
          [
            -0.130514,
            0.406647,
            -0.013573
          ],
          [
            0.204798,
            -0.178906,
            0.415827
          ],
          [
            0.111356,
            -0.047148,
            -0.35569
          ],
          [
            -0.351862,
            0.022253,
            -0.131963
          ],
          [
            0.306337,
            -0.596005,
            -0.519152
          ],
          [
            -0.239301,
            0.121444,
            -0.101625
          ],
          [
            0.221772,
            -0.077041,
            0.424765
          ],
          [
            -0.459824,
            -0.023222,
            0.098101
          ],
          [
            0.360316,
            -0.440172,
            0.024071
          ],
          [
            0.094669,
            -0.21205,
            0.056299
          ],
          [
            1.505525,
            -0.601603,
            0.261274
          ],
          [
            -0.179112,
            -0.632472,
            -0.207349
          ],
          [
            0.311416,
            -0.495999,
            -0.185391
          ],
          [
            0.252039,
            0.135749,
            0.035793
          ],
          [
            -0.037657,
            0.337953,
            -0.014939
          ],
          [
            0.158635,
            -0.02495,
            -0.210476
          ]
        ],
        "Lattice": [
          [
            11.254311534,
            0.0,
            0.0
          ],
          [
            5.627155767,
            9.746519691,
            0.0
          ],
          [
            0.0,
            0.0,
            21.483230925
          ]
        ],
        "NumAtoms": 112,
        "Positions": [
          [
            4.22079,
            2.43687,
            0.0
          ],
          [
            7.03437,
            7.31013,
            0.0
          ],
          [
            9.84794,
            2.43687,
            0.0
          ],
          [
            12.66152,
            7.31013,
            0.0
          ],
          [
            1.40693,
            2.43687,
            0.0
          ],
          [
            4.22051,
            7.31013,
            0.0
          ],
          [
            7.03409,
            2.43687,
            0.0
          ],
          [
            9.84766,
            7.31013,
            0.0
          ],
          [
            2.81385,
            0.0,
            0.0
          ],
          [
            5.62743,
            4.87326,
            0.0
          ],
          [
            8.44101,
            0.0,
            0.0
          ],
          [
            11.25459,
            4.87326,
            0.0
          ],
          [
            0.0,
            0.0,
            0.0
          ],
          [
            2.81358,
            4.87326,
            0.0
          ],
          [
            5.62716,
            0.0,
            0.0
          ],
          [
            8.44073,
            4.87326,
            0.0
          ],
          [
            7.03462,
            4.06144,
            2.2975
          ],
          [
            9.8482,
            8.9347,
            2.2975
          ],
          [
            12.66177,
            4.06144,
            2.2975
          ],
          [
            15.47535,
            8.9347,
            2.2975
          ],
          [
            5.62769,
            1.62456,
            2.2975
          ],
          [
            8.44127,
            6.49782,
            2.2975
          ],
          [
            11.25484,
            1.62456,
            2.2975
          ],
          [
            14.06842,
            6.49782,
            2.2975
          ],
          [
            2.81383,
            1.62456,
            2.2975
          ],
          [
            5.62741,
            6.49782,
            2.2975
          ],
          [
            8.44098,
            1.62456,
            2.2975
          ],
          [
            11.25456,
            6.49782,
            2.2975
          ],
          [
            4.22076,
            4.06144,
            2.2975
          ],
          [
            7.03434,
            8.9347,
            2.2975
          ],
          [
            9.84791,
            4.06144,
            2.2975
          ],
          [
            12.66149,
            8.9347,
            2.2975
          ],
          [
            1.44688,
            0.77537,
            4.56108
          ],
          [
            4.28446,
            5.59101,
            4.52511
          ],
          [
            7.10004,
            0.77511,
            4.60253
          ],
          [
            9.89769,
            5.58091,
            4.61206
          ],
          [
            4.2716,
            0.78841,
            4.56974
          ],
          [
            7.10687,
            5.63731,
            4.65666
          ],
          [
            9.84446,
            0.74616,
            4.56172
          ],
          [
            12.67455,
            5.63664,
            4.61924
          ],
          [
            2.81342,
            3.24365,
            4.59987
          ],
          [
            5.71216,
            8.07445,
            4.47652
          ],
          [
            8.4928,
            3.19847,
            4.65713
          ],
          [
            11.31557,
            8.09115,
            4.67555
          ],
          [
            5.68491,
            3.24373,
            4.58285
          ],
          [
            8.51483,
            8.00434,
            4.51979
          ],
          [
            11.29903,
            3.21337,
            4.58447
          ],
          [
            14.12967,
            7.9893,
            4.60397
          ],
          [
            8.5416,
            9.52963,
            6.78905
          ],
          [
            5.68598,
            4.76978,
            6.88211
          ],
          [
            14.09201,
            9.63644,
            6.93102
          ],
          [
            11.29076,
            4.76369,
            6.94426
          ],
          [
            5.63812,
            9.63493,
            6.7244
          ],
          [
            2.80347,
            4.82187,
            6.88008
          ],
          [
            11.35356,
            9.61368,
            7.01105
          ],
          [
            8.50996,
            4.79812,
            7.02237
          ],
          [
            1.48435,
            2.23581,
            6.89233
          ],
          [
            4.31585,
            7.13509,
            6.81651
          ],
          [
            7.05026,
            2.35171,
            6.99719
          ],
          [
            9.97102,
            7.15383,
            6.93955
          ],
          [
            4.26353,
            2.34509,
            6.96727
          ],
          [
            7.07275,
            7.19692,
            6.83658
          ],
          [
            9.91929,
            2.27277,
            6.8628
          ],
          [
            12.7396,
            7.23658,
            7.05818
          ],
          [
            8.79651,
            2.3592,
            10.11054
          ],
          [
            7.86013,
            3.52852,
            10.04032
          ],
          [
            10.71982,
            7.14532,
            12.15057
          ],
          [
            10.06214,
            6.23801,
            11.17717
          ],
          [
            13.58612,
            4.57548,
            10.56028
          ],
          [
            12.60488,
            3.71809,
            11.24682
          ],
          [
            4.70862,
            0.74665,
            9.84754
          ],
          [
            9.1106,
            9.69139,
            10.236
          ],
          [
            6.00064,
            8.95009,
            11.29879
          ],
          [
            5.20862,
            8.19807,
            10.20517
          ],
          [
            5.92593,
            4.83829,
            12.40653
          ],
          [
            4.89654,
            5.66807,
            13.22141
          ],
          [
            10.00844,
            2.53689,
            10.21441
          ],
          [
            8.27336,
            1.1287,
            10.05438
          ],
          [
            11.92526,
            7.11034,
            12.4278
          ],
          [
            10.01142,
            8.12358,
            12.70496
          ],
          [
            3.13749,
            4.02773,
            9.7939
          ],
          [
            13.68484,
            5.86133,
            10.74499
          ],
          [
            5.70154,
            0.04235,
            9.60362
          ],
          [
            4.78957,
            2.08776,
            9.75252
          ],
          [
            6.8543,
            8.40084,
            12.01107
          ],
          [
            11.29304,
            0.43458,
            11.64412
          ],
          [
            5.717,
            3.74513,
            12.06687
          ],
          [
            7.11837,
            5.41898,
            12.22171
          ],
          [
            7.33169,
            1.08722,
            9.75813
          ],
          [
            8.23006,
            4.297,
            10.73637
          ],
          [
            6.83033,
            3.24271,
            10.25922
          ],
          [
            7.92115,
            4.06669,
            9.12366
          ],
          [
            9.05805,
            8.18334,
            12.56398
          ],
          [
            10.70261,
            5.71086,
            10.5209
          ],
          [
            9.49105,
            6.88817,
            10.50432
          ],
          [
            9.36759,
            5.51943,
            11.77592
          ],
          [
            13.00717,
            6.20426,
            11.41707
          ],
          [
            12.96663,
            3.58965,
            12.27475
          ],
          [
            12.48158,
            2.72843,
            10.81067
          ],
          [
            11.63497,
            4.194,
            11.37947
          ],
          [
            3.99373,
            2.72967,
            10.00991
          ],
          [
            9.40405,
            8.64092,
            10.15733
          ],
          [
            2.62586,
            0.18263,
            9.55173
          ],
          [
            3.25821,
            0.22061,
            11.27495
          ],
          [
            10.67961,
            0.98783,
            11.0433
          ],
          [
            5.57248,
            8.55419,
            9.21366
          ],
          [
            15.33661,
            8.49336,
            10.19844
          ],
          [
            5.41269,
            7.14546,
            10.33945
          ],
          [
            7.00621,
            6.41775,
            12.34524
          ],
          [
            3.87774,
            5.343,
            12.93593
          ],
          [
            5.00626,
            6.7427,
            13.0696
          ],
          [
            5.01727,
            5.45615,
            14.30334
          ]
        ],
        "Stress": [
          [
            -71.11622,
            -0.28222,
            -1.65382
          ],
          [
            -0.28222,
            -72.79959,
            2.49762
          ],
          [
            -1.65382,
            2.49762,
            -22.58733
          ]
        ],
        "computation_code": "VASP",
        "pseudopotential_information": [
          [
            "PAW_PBE",
            "Pt",
            "04Feb2005"
          ],
          [
            "PAW_PBE",
            "C",
            "08Apr2002"
          ],
          [
            "PAW_PBE",
            "O",
            "08Apr2002"
          ],
          [
            "PAW_PBE",
            "H",
            "15Jun2001"
          ]
        ]
      }
    ],
    "EnergyStyle": "electronvolt",
    "ForcesStyle": "electronvoltperangstrom",
    "LatticeStyle": "angstrom",
    "PositionsStyle": "angstrom",
    "StressStyle": "kB"
  }
}