{
  "Dataset": {
    "AtomTypeStyle": "chemicalsymbol",
    "Data": [
      {
        "AtomTypes": [
          "Pt",
          "Pt",
          "Pt",
          "Pt",
          "Pt",
          "Pt",
          "Pt",
          "Pt",
          "Pt",
          "Pt",
          "Pt",
          "Pt",
          "Pt",
          "Pt",
          "Pt",
          "Pt",
          "Pt",
          "Pt",
          "Pt",
          "Pt",
          "Pt",
          "Pt",
          "Pt",
          "Pt",
          "Pt",
          "Pt",
          "Pt",
          "Pt",
          "Pt",
          "Pt",
          "Pt",
          "Pt",
          "Pt",
          "Pt",
          "Pt",
          "Pt",
          "Pt",
          "Pt",
          "Pt",
          "Pt",
          "Pt",
          "Pt",
          "Pt",
          "Pt",
          "Pt",
          "Pt",
          "Pt",
          "Pt",
          "Pt",
          "Pt",
          "Pt",
          "Pt",
          "Pt",
          "Pt",
          "Pt",
          "Pt",
          "Pt",
          "Pt",
          "Pt",
          "Pt",
          "Pt",
          "Pt",
          "Pt",
          "Pt",
          "C",
          "C",
          "C",
          "C",
          "C",
          "C",
          "C",
          "C",
          "C",
          "C",
          "C",
          "C",
          "O",
          "O",
          "O",
          "O",
          "O",
          "O",
          "O",
          "O",
          "O",
          "O",
          "O",
          "O",
          "H",
          "H",
          "H",
          "H",
          "H",
          "H",
          "H",
          "H",
          "H",
          "H",
          "H",
          "H",
          "H",
          "H",
          "H",
          "H",
          "H",
          "H",
          "H",
          "H",
          "H",
          "H",
          "H",
          "H"
        ],
        "Energy": -443.13994764,
        "Forces": [
          [
            -0.03799,
            0.009873,
            -0.077384
          ],
          [
            0.022741,
            -0.043931,
            -0.059575
          ],
          [
            -0.055033,
            -0.037687,
            -0.036722
          ],
          [
            -0.087746,
            -0.030396,
            -0.083496
          ],
          [
            -0.025661,
            0.038221,
            -0.044695
          ],
          [
            -0.064044,
            -0.088899,
            -0.014277
          ],
          [
            -0.022631,
            -0.026596,
            -0.039658
          ],
          [
            -0.040059,
            -0.062938,
            -0.043652
          ],
          [
            -0.0494,
            0.007254,
            0.006031
          ],
          [
            -0.089461,
            -0.010503,
            -0.043661
          ],
          [
            -0.087634,
            -0.004927,
            -0.075331
          ],
          [
            -0.020254,
            -0.064196,
            -0.024309
          ],
          [
            -0.037091,
            -0.0581,
            -0.014748
          ],
          [
            -0.025751,
            0.014057,
            -0.116899
          ],
          [
            -0.019227,
            -0.043688,
            -0.009987
          ],
          [
            -0.070423,
            -0.044861,
            -0.096382
          ],
          [
            0.120382,
            -0.089935,
            0.226034
          ],
          [
            0.180085,
            0.133391,
            0.215347
          ],
          [
            -0.23131,
            0.018613,
            0.095728
          ],
          [
            0.258383,
            0.173828,
            0.118173
          ],
          [
            0.1255,
            0.064087,
            0.35564
          ],
          [
            0.066949,
            0.076631,
            -0.123484
          ],
          [
            -0.132547,
            0.008442,
            0.276347
          ],
          [
            0.476885,
            0.145331,
            -0.155651
          ],
          [
            0.171995,
            -0.313732,
            -0.246839
          ],
          [
            -0.090321,
            -0.059963,
            0.153079
          ],
          [
            0.138247,
            0.097134,
            0.620141
          ],
          [
            0.226289,
            0.169088,
            0.05687
          ],
          [
            0.367949,
            0.040376,
            -0.075835
          ],
          [
            0.068328,
            0.086226,
            0.271044
          ],
          [
            0.097786,
            0.054315,
            0.187149
          ],
          [
            0.212925,
            0.149634,
            0.210528
          ],
          [
            0.01304,
            -0.980526,
            -0.012752
          ],
          [
            0.079443,
            0.703268,
            -0.130684
          ],
          [
            0.49725,
            0.12859,
            -0.885848
          ],
          [
            0.453596,
            -0.372061,
            0.081167
          ],
          [
            -0.116313,
            -0.294308,
            -0.654456
          ],
          [
            -0.024666,
            -0.337129,
            0.451659
          ],
          [
            -0.03841,
            0.186173,
            -0.606451
          ],
          [
            -0.840545,
            -0.170228,
            0.23938
          ],
          [
            0.079627,
            0.711142,
            1.019738
          ],
          [
            -0.557616,
            0.473014,
            0.158422
          ],
          [
            -0.55031,
            -0.429407,
            -0.44226
          ],
          [
            -0.074742,
            -0.185317,
            -0.159606
          ],
          [
            -0.150683,
            -0.090726,
            -0.270983
          ],
          [
            -0.0316,
            0.425565,
            0.044554
          ],
          [
            0.510587,
            0.671315,
            -0.595455
          ],
          [
            -0.142344,
            -0.113754,
            0.062582
          ],
          [
            -0.21476,
            0.089222,
            -0.206296
          ],
          [
            0.134137,
            0.213551,
            -0.404398
          ],
          [
            -0.206535,
            -0.395011,
            -0.192722
          ],
          [
            0.01832,
            -0.211907,
            0.057396
          ],
          [
            0.362194,
            -0.476327,
            0.015322
          ],
          [
            0.52651,
            -0.553358,
            -0.147378
          ],
          [
            0.297802,
            -0.770481,
            0.962318
          ],
          [
            -0.012126,
            0.062797,
            0.092754
          ],
          [
            0.274431,
            0.396404,
            0.179465
          ],
          [
            0.09769,
            -0.411982,
            -0.266778
          ],
          [
            -0.309358,
            0.211494,
            0.123757
          ],
          [
            0.518532,
            -0.210011,
            0.310855
          ],
          [
            -0.519792,
            0.373263,
            -0.069926
          ],
          [
            -0.329454,
            0.129971,
            -0.789491
          ],
          [
            -0.473773,
            -0.048619,
            -0.043418
          ],
          [
            -0.472002,
            0.914726,
            0.355145
          ],
          [
            -1.251747,
            -0.003054,
            0.653112
          ],
          [
            2.065212,
            -1.490047,
            -0.159217
          ],
          [
            2.635818,
            0.182133,
            -0.722207
          ],
          [
            0.082802,
            1.310017,
            0.575143
          ],
          [
            -0.83748,
            -2.823277,
            0.822365
          ],
          [
            1.705043,
            1.502298,
            -0.984533
          ],
          [
            -2.268311,
            -0.243649,
            -1.635951
          ],
          [
            -0.575915,
            -1.491724,
            0.782067
          ],
          [
            1.355168,
            1.223655,
            0.631813
          ],
          [
            0.922588,
            0.189033,
            -0.05659
          ],
          [
            -3.851136,
            0.221262,
            -0.286995
          ],
          [
            0.35225,
            -0.140555,
            -1.154552
          ],
          [
            -0.027799,
            -0.144011,
            0.523486
          ],
          [
            0.013913,
            0.834964,
            -1.276851
          ],
          [
            0.468152,
            -0.052569,
            0.386937
          ],
          [
            -2.343401,
            -1.642863,
            -0.344352
          ],
          [
            -1.478006,
            0.679661,
            -0.536492
          ],
          [
            1.396148,
            0.589094,
            -0.025516
          ],
          [
            2.969909,
            1.370723,
            0.55108
          ],
          [
            0.17044,
            0.420147,
            0.139501
          ],
          [
            -0.539161,
            -0.363213,
            -0.237148
          ],
          [
            -1.913164,
            -1.567095,
            0.138892
          ],
          [
            2.482271,
            -0.005802,
            -0.113913
          ],
          [
            1.396778,
            -1.154611,
            0.40793
          ],
          [
            0.68902,
            -0.049664,
            -0.212441
          ],
          [
            -0.654916,
            -0.011515,
            -0.096839
          ],
          [
            0.038167,
            0.306024,
            -0.40368
          ],
          [
            -1.003272,
            0.76456,
            0.954215
          ],
          [
            0.681545,
            -0.051945,
            0.320924
          ],
          [
            -0.440807,
            0.242089,
            -0.459186
          ],
          [
            0.480844,
            0.037358,
            0.697975
          ],
          [
            -1.054357,
            -0.517687,
            -0.52284
          ],
          [
            -1.070645,
            0.66351,
            -0.077347
          ],
          [
            0.049784,
            -0.78551,
            0.402543
          ],
          [
            -0.050313,
            -0.006109,
            -0.027828
          ],
          [
            -0.360507,
            -0.01803,
            0.541257
          ],
          [
            0.025865,
            0.2253,
            0.013912
          ],
          [
            1.385885,
            0.559064,
            -0.248936
          ],
          [
            -0.196101,
            -0.36798,
            -0.391878
          ],
          [
            -0.569887,
            0.052603,
            0.551656
          ],
          [
            0.479906,
            0.272367,
            -0.486285
          ],
          [
            0.079727,
            0.060701,
            0.155446
          ],
          [
            -0.893797,
            0.204238,
            0.333598
          ],
          [
            0.104754,
            0.178928,
            -0.433598
          ],
          [
            -0.343697,
            0.20464,
            -0.241535
          ],
          [
            -0.16897,
            0.396079,
            0.786002
          ],
          [
            0.053303,
            0.908525,
            -0.030868
          ],
          [
            -0.332294,
            -0.616479,
            1.009726
          ]
        ],
        "Lattice": [
          [
            11.254311534,
            0.0,
            0.0
          ],
          [
            5.627155767,
            9.746519691,
            0.0
          ],
          [
            0.0,
            0.0,
            21.483230925
          ]
        ],
        "NumAtoms": 112,
        "Positions": [
          [
            4.22079,
            2.43687,
            0.0
          ],
          [
            7.03437,
            7.31013,
            0.0
          ],
          [
            9.84794,
            2.43687,
            0.0
          ],
          [
            12.66152,
            7.31013,
            0.0
          ],
          [
            1.40693,
            2.43687,
            0.0
          ],
          [
            4.22051,
            7.31013,
            0.0
          ],
          [
            7.03409,
            2.43687,
            0.0
          ],
          [
            9.84766,
            7.31013,
            0.0
          ],
          [
            2.81385,
            0.0,
            0.0
          ],
          [
            5.62743,
            4.87326,
            0.0
          ],
          [
            8.44101,
            0.0,
            0.0
          ],
          [
            11.25459,
            4.87326,
            0.0
          ],
          [
            0.0,
            0.0,
            0.0
          ],
          [
            2.81358,
            4.87326,
            0.0
          ],
          [
            5.62716,
            0.0,
            0.0
          ],
          [
            8.44073,
            4.87326,
            0.0
          ],
          [
            7.03462,
            4.06144,
            2.2975
          ],
          [
            9.8482,
            8.9347,
            2.2975
          ],
          [
            12.66177,
            4.06144,
            2.2975
          ],
          [
            15.47535,
            8.9347,
            2.2975
          ],
          [
            5.62769,
            1.62456,
            2.2975
          ],
          [
            8.44127,
            6.49782,
            2.2975
          ],
          [
            11.25484,
            1.62456,
            2.2975
          ],
          [
            14.06842,
            6.49782,
            2.2975
          ],
          [
            2.81383,
            1.62456,
            2.2975
          ],
          [
            5.62741,
            6.49782,
            2.2975
          ],
          [
            8.44098,
            1.62456,
            2.2975
          ],
          [
            11.25456,
            6.49782,
            2.2975
          ],
          [
            4.22076,
            4.06144,
            2.2975
          ],
          [
            7.03434,
            8.9347,
            2.2975
          ],
          [
            9.84791,
            4.06144,
            2.2975
          ],
          [
            12.66149,
            8.9347,
            2.2975
          ],
          [
            1.46165,
            0.92573,
            4.59144
          ],
          [
            4.32481,
            5.58932,
            4.6366
          ],
          [
            7.12859,
            0.88694,
            4.64232
          ],
          [
            9.90442,
            5.82222,
            4.54229
          ],
          [
            4.28421,
            0.9055,
            4.63118
          ],
          [
            7.09861,
            5.77553,
            4.56373
          ],
          [
            9.92342,
            0.82365,
            4.66974
          ],
          [
            12.8465,
            5.72361,
            4.5149
          ],
          [
            2.87603,
            3.21374,
            4.47644
          ],
          [
            5.77583,
            8.1196,
            4.59713
          ],
          [
            8.60156,
            3.37248,
            4.64266
          ],
          [
            11.36494,
            8.21433,
            4.5881
          ],
          [
            5.79727,
            3.29275,
            4.63815
          ],
          [
            8.49193,
            8.19872,
            4.57853
          ],
          [
            11.26705,
            3.24354,
            4.64114
          ],
          [
            14.22511,
            8.18882,
            4.55879
          ],
          [
            2.97737,
            0.14658,
            6.97238
          ],
          [
            5.78749,
            4.99926,
            6.98326
          ],
          [
            8.63223,
            0.20794,
            7.00238
          ],
          [
            11.40288,
            5.08795,
            6.8088
          ],
          [
            0.14168,
            0.2216,
            6.95
          ],
          [
            2.92057,
            4.98653,
            6.9295
          ],
          [
            5.76955,
            0.24946,
            6.78843
          ],
          [
            8.59926,
            5.04222,
            6.87882
          ],
          [
            1.60453,
            2.53385,
            6.88422
          ],
          [
            4.42664,
            7.54832,
            6.91811
          ],
          [
            7.30917,
            2.58671,
            6.93738
          ],
          [
            9.92441,
            7.5179,
            6.81375
          ],
          [
            4.44678,
            2.59575,
            6.93768
          ],
          [
            7.22704,
            7.45013,
            7.07325
          ],
          [
            10.12003,
            2.63668,
            7.01507
          ],
          [
            12.93273,
            7.33741,
            6.77697
          ],
          [
            12.23411,
            7.71422,
            10.70831
          ],
          [
            10.92288,
            8.4098,
            10.27922
          ],
          [
            15.17217,
            8.08025,
            13.24364
          ],
          [
            14.72068,
            9.47127,
            13.3682
          ],
          [
            9.4954,
            3.28343,
            10.23624
          ],
          [
            8.07467,
            2.61754,
            10.32635
          ],
          [
            2.36539,
            2.88907,
            11.12078
          ],
          [
            1.94105,
            1.51028,
            11.46253
          ],
          [
            8.54517,
            6.87707,
            13.03001
          ],
          [
            8.34793,
            8.1882,
            13.72572
          ],
          [
            6.33816,
            6.0505,
            10.27965
          ],
          [
            5.28729,
            7.09661,
            10.06908
          ],
          [
            13.2734,
            7.69445,
            10.0888
          ],
          [
            12.08668,
            7.07691,
            11.99033
          ],
          [
            5.14289,
            7.84053,
            13.21425
          ],
          [
            14.36741,
            7.09204,
            13.16013
          ],
          [
            10.53316,
            2.57555,
            10.3906
          ],
          [
            9.55572,
            4.55376,
            10.03539
          ],
          [
            3.52724,
            3.16841,
            11.21688
          ],
          [
            12.74601,
            3.67835,
            10.50887
          ],
          [
            9.64282,
            6.55225,
            12.55259
          ],
          [
            7.55131,
            6.05363,
            13.02384
          ],
          [
            7.51075,
            6.18635,
            10.05554
          ],
          [
            5.78552,
            4.84771,
            10.49874
          ],
          [
            11.08309,
            7.01136,
            12.28069
          ],
          [
            10.28484,
            7.58067,
            9.9623
          ],
          [
            11.12055,
            9.09291,
            9.46039
          ],
          [
            10.57579,
            8.90426,
            11.14878
          ],
          [
            13.38615,
            7.20457,
            12.80628
          ],
          [
            14.31829,
            9.53566,
            14.40906
          ],
          [
            13.95783,
            9.74631,
            12.58442
          ],
          [
            10.01275,
            0.39709,
            13.40028
          ],
          [
            8.70051,
            5.04323,
            10.09271
          ],
          [
            8.16741,
            1.56265,
            10.49452
          ],
          [
            7.59481,
            2.76473,
            9.3314
          ],
          [
            7.46223,
            3.18465,
            11.01839
          ],
          [
            11.81502,
            3.22409,
            10.43229
          ],
          [
            0.82664,
            1.22489,
            11.48247
          ],
          [
            2.37975,
            1.3505,
            12.47797
          ],
          [
            2.51981,
            0.87956,
            10.72359
          ],
          [
            6.68693,
            6.38879,
            13.42064
          ],
          [
            7.55071,
            8.76543,
            13.22451
          ],
          [
            9.36063,
            8.66997,
            13.64346
          ],
          [
            8.06349,
            8.01349,
            14.79229
          ],
          [
            4.8824,
            4.71586,
            10.87752
          ],
          [
            5.55651,
            8.07497,
            10.45025
          ],
          [
            4.3036,
            6.65184,
            10.31724
          ],
          [
            5.35071,
            7.3555,
            8.92134
          ]
        ],
        "Stress": [
          [
            -72.39769,
            -0.02862,
            -1.60031
          ],
          [
            -0.02862,
            -68.22486,
            0.59909
          ],
          [
            -1.60031,
            0.59909,
            -27.01619
          ]
        ],
        "computation_code": "VASP",
        "pseudopotential_information": [
          [
            "PAW_PBE",
            "Pt",
            "04Feb2005"
          ],
          [
            "PAW_PBE",
            "C",
            "08Apr2002"
          ],
          [
            "PAW_PBE",
            "O",
            "08Apr2002"
          ],
          [
            "PAW_PBE",
            "H",
            "15Jun2001"
          ]
        ]
      }
    ],
    "EnergyStyle": "electronvolt",
    "ForcesStyle": "electronvoltperangstrom",
    "LatticeStyle": "angstrom",
    "PositionsStyle": "angstrom",
    "StressStyle": "kB"
  }
}