{
  "Dataset": {
    "AtomTypeStyle": "chemicalsymbol",
    "Data": [
      {
        "AtomTypes": [
          "Pt",
          "Pt",
          "Pt",
          "Pt",
          "Pt",
          "Pt",
          "Pt",
          "Pt",
          "Pt",
          "Pt",
          "Pt",
          "Pt",
          "Pt",
          "Pt",
          "Pt",
          "Pt",
          "Pt",
          "Pt",
          "Pt",
          "Pt",
          "Pt",
          "Pt",
          "Pt",
          "Pt",
          "Pt",
          "Pt",
          "Pt",
          "Pt",
          "Pt",
          "Pt",
          "Pt",
          "Pt",
          "Pt",
          "Pt",
          "Pt",
          "Pt",
          "Pt",
          "Pt",
          "Pt",
          "Pt",
          "Pt",
          "Pt",
          "Pt",
          "Pt",
          "Pt",
          "Pt",
          "Pt",
          "Pt",
          "Pt",
          "Pt",
          "Pt",
          "Pt",
          "Pt",
          "Pt",
          "Pt",
          "Pt",
          "Pt",
          "Pt",
          "Pt",
          "Pt",
          "Pt",
          "Pt",
          "Pt",
          "Pt",
          "C",
          "C",
          "C",
          "C",
          "C",
          "C",
          "C",
          "C",
          "C",
          "C",
          "C",
          "C",
          "O",
          "O",
          "O",
          "O",
          "O",
          "O",
          "O",
          "O",
          "O",
          "O",
          "O",
          "O",
          "H",
          "H",
          "H",
          "H",
          "H",
          "H",
          "H",
          "H",
          "H",
          "H",
          "H",
          "H",
          "H",
          "H",
          "H",
          "H",
          "H",
          "H",
          "H",
          "H",
          "H",
          "H",
          "H",
          "H"
        ],
        "Energy": -442.81639759,
        "Forces": [
          [
            0.057049,
            -0.040779,
            -0.078175
          ],
          [
            0.11098,
            -0.013143,
            -0.092528
          ],
          [
            0.037556,
            0.007543,
            -0.006033
          ],
          [
            0.02458,
            0.049755,
            -0.040847
          ],
          [
            0.060192,
            -0.04632,
            -0.016859
          ],
          [
            0.11677,
            -0.034059,
            -0.059683
          ],
          [
            0.033086,
            0.011312,
            -0.01066
          ],
          [
            0.048492,
            -0.025771,
            -0.074385
          ],
          [
            0.071736,
            -0.009853,
            -0.062568
          ],
          [
            0.073063,
            -0.0062,
            -0.027899
          ],
          [
            0.068015,
            0.004268,
            -0.022356
          ],
          [
            0.027202,
            -0.000162,
            0.038011
          ],
          [
            0.064166,
            -0.072383,
            -0.083826
          ],
          [
            0.10002,
            0.032293,
            -0.085909
          ],
          [
            0.014691,
            -0.009076,
            -0.057879
          ],
          [
            0.034346,
            0.042193,
            -0.147802
          ],
          [
            -0.391955,
            -0.060093,
            -0.340436
          ],
          [
            -0.165527,
            0.158902,
            0.252856
          ],
          [
            -0.183609,
            0.0414,
            -0.037418
          ],
          [
            -0.210111,
            0.009484,
            -0.257286
          ],
          [
            -0.120684,
            0.0736,
            0.268161
          ],
          [
            -0.286133,
            0.387991,
            -0.505896
          ],
          [
            0.063775,
            0.191207,
            0.058887
          ],
          [
            -0.054746,
            -0.079982,
            0.210063
          ],
          [
            -0.071039,
            -0.0007,
            0.194456
          ],
          [
            -0.607126,
            0.230296,
            -0.183836
          ],
          [
            -0.124906,
            -0.027993,
            -0.51381
          ],
          [
            -0.12707,
            -0.009899,
            -0.122054
          ],
          [
            -0.20489,
            0.129888,
            0.073965
          ],
          [
            -0.154383,
            0.18793,
            0.073805
          ],
          [
            0.257513,
            -0.222278,
            -0.25319
          ],
          [
            -0.098674,
            -0.155404,
            0.011389
          ],
          [
            0.160496,
            -0.193988,
            -0.071897
          ],
          [
            0.21969,
            0.522432,
            -0.435838
          ],
          [
            -0.849896,
            0.284372,
            -0.304201
          ],
          [
            1.003052,
            0.460286,
            0.641128
          ],
          [
            -0.169213,
            -0.319443,
            -0.551142
          ],
          [
            -0.244123,
            0.042256,
            0.559659
          ],
          [
            0.231011,
            -0.055169,
            0.4374
          ],
          [
            0.338351,
            -0.017763,
            0.143362
          ],
          [
            0.247653,
            -0.337173,
            0.250402
          ],
          [
            0.665642,
            -0.359223,
            0.234995
          ],
          [
            -0.216582,
            -0.290011,
            0.432932
          ],
          [
            -0.15254,
            0.568302,
            -0.111882
          ],
          [
            0.490043,
            -0.230728,
            -0.362271
          ],
          [
            0.132874,
            -0.158728,
            -0.371767
          ],
          [
            -0.67641,
            -0.029044,
            -0.467718
          ],
          [
            -0.549252,
            -0.182665,
            -0.375564
          ],
          [
            0.004258,
            0.934712,
            0.275051
          ],
          [
            -0.261981,
            0.417634,
            -0.101491
          ],
          [
            0.363842,
            0.239378,
            0.685656
          ],
          [
            0.200527,
            0.230301,
            -0.32778
          ],
          [
            0.372673,
            0.272443,
            -0.055789
          ],
          [
            0.023365,
            -0.262732,
            0.149084
          ],
          [
            0.261568,
            -0.068811,
            0.44689
          ],
          [
            0.16792,
            -0.161433,
            1.514871
          ],
          [
            -0.24865,
            -0.247983,
            0.03339
          ],
          [
            0.018062,
            -0.03552,
            -0.271266
          ],
          [
            -0.056837,
            -0.369767,
            0.508362
          ],
          [
            0.382971,
            -0.189322,
            -0.025543
          ],
          [
            0.112995,
            -0.140832,
            -0.27464
          ],
          [
            -0.262234,
            -0.516186,
            -0.170015
          ],
          [
            0.183895,
            -0.218051,
            -0.101909
          ],
          [
            -0.32849,
            -0.342592,
            0.342563
          ],
          [
            -0.989068,
            0.500671,
            -1.73148
          ],
          [
            0.622647,
            -0.644153,
            2.595326
          ],
          [
            -1.738153,
            -0.25833,
            0.43355
          ],
          [
            1.267338,
            -2.422067,
            -1.218896
          ],
          [
            -1.254708,
            -0.298898,
            -0.167038
          ],
          [
            0.363097,
            -1.555483,
            1.425147
          ],
          [
            0.494603,
            -0.12807,
            0.372043
          ],
          [
            -0.510014,
            0.674968,
            0.375783
          ],
          [
            -2.291488,
            0.181629,
            -0.170827
          ],
          [
            -0.334751,
            -0.148006,
            -0.985329
          ],
          [
            0.136022,
            -1.666549,
            -0.635431
          ],
          [
            -0.602749,
            -1.866204,
            -0.072032
          ],
          [
            1.317412,
            0.148845,
            1.179555
          ],
          [
            0.032662,
            0.067534,
            0.314757
          ],
          [
            -0.158965,
            0.498419,
            0.149923
          ],
          [
            -0.560113,
            0.159327,
            0.430406
          ],
          [
            1.094612,
            -0.642173,
            -0.996862
          ],
          [
            1.496341,
            1.469483,
            -0.691696
          ],
          [
            -1.538117,
            0.313728,
            -0.211686
          ],
          [
            0.325252,
            0.428538,
            -0.338404
          ],
          [
            0.76399,
            -0.376559,
            0.147481
          ],
          [
            -0.113342,
            0.000444,
            0.656578
          ],
          [
            0.701471,
            3.948541,
            -0.364864
          ],
          [
            -0.424484,
            -0.221471,
            1.219964
          ],
          [
            -0.299018,
            0.122166,
            0.181442
          ],
          [
            -0.596361,
            -0.643591,
            -0.249226
          ],
          [
            -0.177341,
            -0.186065,
            -1.48288
          ],
          [
            0.651331,
            0.918727,
            -0.834595
          ],
          [
            1.095556,
            -0.333376,
            -0.52051
          ],
          [
            -0.293686,
            0.286101,
            -0.178526
          ],
          [
            -0.849797,
            1.540946,
            0.194432
          ],
          [
            0.811729,
            0.492748,
            1.000958
          ],
          [
            -1.263733,
            0.293448,
            0.572623
          ],
          [
            -0.099805,
            -0.122765,
            -0.73078
          ],
          [
            0.010042,
            0.602051,
            0.120542
          ],
          [
            -0.328646,
            0.265494,
            -0.342399
          ],
          [
            0.112406,
            -0.12538,
            -0.530873
          ],
          [
            0.191151,
            0.216338,
            0.30147
          ],
          [
            1.245882,
            -1.565051,
            -0.525086
          ],
          [
            -0.432148,
            -0.07408,
            0.008281
          ],
          [
            0.09828,
            0.227527,
            -0.352632
          ],
          [
            0.501951,
            0.360033,
            0.608826
          ],
          [
            0.168784,
            -0.472058,
            0.872169
          ],
          [
            0.68687,
            0.08292,
            -0.343634
          ],
          [
            0.43328,
            -0.515109,
            0.32346
          ],
          [
            -0.214456,
            -0.049047,
            0.194451
          ],
          [
            0.403646,
            -0.208797,
            0.061189
          ],
          [
            0.013238,
            0.735989,
            -0.127758
          ]
        ],
        "Lattice": [
          [
            11.254311534,
            0.0,
            0.0
          ],
          [
            5.627155767,
            9.746519691,
            0.0
          ],
          [
            0.0,
            0.0,
            21.483230925
          ]
        ],
        "NumAtoms": 112,
        "Positions": [
          [
            4.22079,
            2.43687,
            0.0
          ],
          [
            7.03437,
            7.31013,
            0.0
          ],
          [
            9.84794,
            2.43687,
            0.0
          ],
          [
            12.66152,
            7.31013,
            0.0
          ],
          [
            1.40693,
            2.43687,
            0.0
          ],
          [
            4.22051,
            7.31013,
            0.0
          ],
          [
            7.03409,
            2.43687,
            0.0
          ],
          [
            9.84766,
            7.31013,
            0.0
          ],
          [
            2.81385,
            0.0,
            0.0
          ],
          [
            5.62743,
            4.87326,
            0.0
          ],
          [
            8.44101,
            0.0,
            0.0
          ],
          [
            11.25459,
            4.87326,
            0.0
          ],
          [
            0.0,
            0.0,
            0.0
          ],
          [
            2.81358,
            4.87326,
            0.0
          ],
          [
            5.62716,
            0.0,
            0.0
          ],
          [
            8.44073,
            4.87326,
            0.0
          ],
          [
            7.03462,
            4.06144,
            2.2975
          ],
          [
            9.8482,
            8.9347,
            2.2975
          ],
          [
            12.66177,
            4.06144,
            2.2975
          ],
          [
            15.47535,
            8.9347,
            2.2975
          ],
          [
            5.62769,
            1.62456,
            2.2975
          ],
          [
            8.44127,
            6.49782,
            2.2975
          ],
          [
            11.25484,
            1.62456,
            2.2975
          ],
          [
            14.06842,
            6.49782,
            2.2975
          ],
          [
            2.81383,
            1.62456,
            2.2975
          ],
          [
            5.62741,
            6.49782,
            2.2975
          ],
          [
            8.44098,
            1.62456,
            2.2975
          ],
          [
            11.25456,
            6.49782,
            2.2975
          ],
          [
            4.22076,
            4.06144,
            2.2975
          ],
          [
            7.03434,
            8.9347,
            2.2975
          ],
          [
            9.84791,
            4.06144,
            2.2975
          ],
          [
            12.66149,
            8.9347,
            2.2975
          ],
          [
            1.29007,
            0.86617,
            4.6086
          ],
          [
            4.0598,
            5.65886,
            4.66275
          ],
          [
            7.01505,
            0.7844,
            4.52239
          ],
          [
            9.66106,
            5.65675,
            4.48013
          ],
          [
            4.12291,
            0.89365,
            4.60079
          ],
          [
            6.86528,
            5.72637,
            4.4643
          ],
          [
            9.77004,
            0.85937,
            4.51375
          ],
          [
            12.48927,
            5.68536,
            4.57012
          ],
          [
            2.66971,
            3.30115,
            4.56512
          ],
          [
            5.45864,
            8.17154,
            4.56056
          ],
          [
            8.37616,
            3.25251,
            4.46698
          ],
          [
            11.14618,
            8.06311,
            4.54952
          ],
          [
            5.43342,
            3.30451,
            4.59492
          ],
          [
            8.29516,
            8.17032,
            4.57669
          ],
          [
            11.21882,
            3.27704,
            4.65895
          ],
          [
            14.03668,
            8.08951,
            4.58808
          ],
          [
            8.19968,
            9.67187,
            6.86577
          ],
          [
            5.44298,
            4.85521,
            6.94755
          ],
          [
            8.1941,
            0.00363,
            6.75754
          ],
          [
            10.96024,
            4.89892,
            6.95377
          ],
          [
            16.57766,
            9.74217,
            6.89263
          ],
          [
            13.814,
            4.94594,
            6.91195
          ],
          [
            5.37255,
            0.0341,
            6.76075
          ],
          [
            8.17258,
            4.9384,
            6.60979
          ],
          [
            12.47549,
            2.49821,
            6.94407
          ],
          [
            15.2815,
            7.29849,
            6.99366
          ],
          [
            6.82452,
            2.50096,
            6.72361
          ],
          [
            9.57092,
            7.32557,
            6.8539
          ],
          [
            3.94882,
            2.494,
            6.95453
          ],
          [
            6.78586,
            7.38649,
            6.9086
          ],
          [
            9.60844,
            2.47501,
            6.86902
          ],
          [
            12.4757,
            7.36066,
            6.80784
          ],
          [
            6.27004,
            1.54847,
            11.06254
          ],
          [
            5.45341,
            2.41842,
            12.0042
          ],
          [
            7.17997,
            6.95367,
            12.31677
          ],
          [
            6.81392,
            7.50818,
            10.97817
          ],
          [
            10.47937,
            4.66788,
            11.05196
          ],
          [
            9.50859,
            3.70624,
            11.62383
          ],
          [
            2.24754,
            1.54854,
            10.50125
          ],
          [
            0.89151,
            1.18267,
            11.01486
          ],
          [
            14.48673,
            8.35736,
            10.51873
          ],
          [
            13.02221,
            8.3227,
            10.05238
          ],
          [
            13.5014,
            4.65208,
            12.85448
          ],
          [
            13.87586,
            5.79199,
            13.84246
          ],
          [
            7.45775,
            1.2861,
            11.10862
          ],
          [
            5.64246,
            1.17778,
            9.91755
          ],
          [
            8.16057,
            6.28454,
            12.62986
          ],
          [
            6.25919,
            7.14456,
            13.30274
          ],
          [
            11.40274,
            4.34338,
            10.33147
          ],
          [
            10.20989,
            5.92701,
            11.24681
          ],
          [
            3.23628,
            0.76682,
            10.48435
          ],
          [
            2.39225,
            2.79343,
            10.11192
          ],
          [
            14.88831,
            7.59051,
            11.38168
          ],
          [
            15.25192,
            9.32038,
            9.96937
          ],
          [
            1.98229,
            3.42566,
            13.09714
          ],
          [
            13.67585,
            5.04672,
            11.53507
          ],
          [
            4.62861,
            1.14311,
            10.01331
          ],
          [
            5.49606,
            3.49262,
            11.68731
          ],
          [
            5.92945,
            2.44994,
            13.0668
          ],
          [
            4.44108,
            1.95823,
            12.24208
          ],
          [
            5.36959,
            7.55882,
            13.07857
          ],
          [
            7.76905,
            7.73739,
            10.4659
          ],
          [
            6.1364,
            8.30332,
            11.02425
          ],
          [
            6.25812,
            6.741,
            10.30661
          ],
          [
            9.46945,
            6.06382,
            11.87009
          ],
          [
            8.79282,
            3.31275,
            10.90877
          ],
          [
            8.90116,
            4.02371,
            12.4753
          ],
          [
            10.07088,
            2.82629,
            12.02789
          ],
          [
            12.88893,
            3.39237,
            10.41678
          ],
          [
            0.36107,
            0.55947,
            10.25901
          ],
          [
            11.49184,
            2.11329,
            11.26939
          ],
          [
            1.09691,
            0.59549,
            11.92713
          ],
          [
            8.99922,
            0.3311,
            9.83265
          ],
          [
            12.78774,
            7.38092,
            9.45003
          ],
          [
            12.78472,
            9.14407,
            9.30954
          ],
          [
            12.26479,
            8.33034,
            10.88521
          ],
          [
            13.71791,
            6.04169,
            11.41967
          ],
          [
            13.17908,
            5.79515,
            14.6855
          ],
          [
            13.87881,
            6.78505,
            13.36982
          ],
          [
            3.58299,
            5.4048,
            14.25314
          ]
        ],
        "Stress": [
          [
            -69.19829,
            -1.37535,
            0.54989
          ],
          [
            -1.37535,
            -72.26521,
            -1.43698
          ],
          [
            0.54989,
            -1.43698,
            -19.77258
          ]
        ],
        "computation_code": "VASP",
        "pseudopotential_information": [
          [
            "PAW_PBE",
            "Pt",
            "04Feb2005"
          ],
          [
            "PAW_PBE",
            "C",
            "08Apr2002"
          ],
          [
            "PAW_PBE",
            "O",
            "08Apr2002"
          ],
          [
            "PAW_PBE",
            "H",
            "15Jun2001"
          ]
        ]
      }
    ],
    "EnergyStyle": "electronvolt",
    "ForcesStyle": "electronvoltperangstrom",
    "LatticeStyle": "angstrom",
    "PositionsStyle": "angstrom",
    "StressStyle": "kB"
  }
}