{
  "Dataset": {
    "AtomTypeStyle": "chemicalsymbol",
    "Data": [
      {
        "AtomTypes": [
          "Pt",
          "Pt",
          "Pt",
          "Pt",
          "Pt",
          "Pt",
          "Pt",
          "Pt",
          "Pt",
          "Pt",
          "Pt",
          "Pt",
          "Pt",
          "Pt",
          "Pt",
          "Pt",
          "Pt",
          "Pt",
          "Pt",
          "Pt",
          "Pt",
          "Pt",
          "Pt",
          "Pt",
          "Pt",
          "Pt",
          "Pt",
          "Pt",
          "Pt",
          "Pt",
          "Pt",
          "Pt",
          "Pt",
          "Pt",
          "Pt",
          "Pt",
          "Pt",
          "Pt",
          "Pt",
          "Pt",
          "Pt",
          "Pt",
          "Pt",
          "Pt",
          "Pt",
          "Pt",
          "Pt",
          "Pt",
          "Pt",
          "Pt",
          "Pt",
          "Pt",
          "Pt",
          "Pt",
          "Pt",
          "Pt",
          "Pt",
          "Pt",
          "Pt",
          "Pt",
          "Pt",
          "Pt",
          "Pt",
          "Pt",
          "C",
          "C",
          "C",
          "C",
          "C",
          "C",
          "C",
          "C",
          "C",
          "C",
          "C",
          "C",
          "O",
          "O",
          "O",
          "O",
          "O",
          "O",
          "O",
          "O",
          "O",
          "O",
          "O",
          "O",
          "H",
          "H",
          "H",
          "H",
          "H",
          "H",
          "H",
          "H",
          "H",
          "H",
          "H",
          "H",
          "H",
          "H",
          "H",
          "H",
          "H",
          "H",
          "H",
          "H",
          "H",
          "H",
          "H",
          "H"
        ],
        "Energy": -443.65232466,
        "Forces": [
          [
            0.101352,
            -0.017481,
            -0.038512
          ],
          [
            0.066164,
            -0.028575,
            -0.017631
          ],
          [
            0.035545,
            -0.012391,
            0.001209
          ],
          [
            0.00823,
            0.044112,
            0.004398
          ],
          [
            0.043518,
            -0.037455,
            -0.008321
          ],
          [
            0.080075,
            0.017698,
            -0.094915
          ],
          [
            0.031875,
            -0.034393,
            -0.093799
          ],
          [
            0.066368,
            -0.010255,
            -0.115554
          ],
          [
            0.095918,
            -0.015104,
            -0.033639
          ],
          [
            0.07561,
            -0.032169,
            -0.044422
          ],
          [
            0.033139,
            0.044279,
            -0.024795
          ],
          [
            0.015274,
            0.008416,
            0.04245
          ],
          [
            0.066174,
            -0.0568,
            -0.072534
          ],
          [
            0.119327,
            0.054537,
            -0.066917
          ],
          [
            0.046172,
            0.013715,
            -0.104329
          ],
          [
            0.020443,
            0.027659,
            -0.101438
          ],
          [
            -0.332588,
            0.167069,
            0.067092
          ],
          [
            -0.364049,
            0.32733,
            -0.087791
          ],
          [
            -0.190359,
            -0.06019,
            -0.06002
          ],
          [
            -0.0534,
            -0.065042,
            0.1795
          ],
          [
            -0.312153,
            0.128312,
            0.111433
          ],
          [
            -0.395103,
            0.137089,
            -0.013926
          ],
          [
            -0.106907,
            0.092434,
            0.057289
          ],
          [
            -0.046691,
            -0.20122,
            -0.389513
          ],
          [
            -0.126557,
            -0.00655,
            0.10526
          ],
          [
            -0.095918,
            0.11723,
            0.076241
          ],
          [
            -0.041387,
            -0.136242,
            -0.22245
          ],
          [
            0.01979,
            -0.1029,
            -0.316999
          ],
          [
            -0.212841,
            -0.031445,
            0.041468
          ],
          [
            -0.17386,
            0.085778,
            0.263648
          ],
          [
            0.08413,
            -0.139565,
            -0.145234
          ],
          [
            0.020032,
            -0.130411,
            -0.197506
          ],
          [
            0.478956,
            -0.467827,
            -0.145553
          ],
          [
            -0.262024,
            -0.337028,
            0.416174
          ],
          [
            0.009681,
            0.109723,
            0.133493
          ],
          [
            -0.211198,
            -0.121306,
            0.648991
          ],
          [
            0.121708,
            -0.419183,
            -0.626177
          ],
          [
            0.539734,
            -0.236502,
            -0.32971
          ],
          [
            -0.379672,
            -0.334043,
            -0.233445
          ],
          [
            -0.109587,
            -0.108534,
            -0.093512
          ],
          [
            0.630708,
            0.122246,
            -0.048424
          ],
          [
            -0.132053,
            0.275771,
            -0.046459
          ],
          [
            -0.256214,
            0.246934,
            0.390249
          ],
          [
            0.292542,
            0.302309,
            0.861918
          ],
          [
            0.198401,
            -0.088791,
            -0.594903
          ],
          [
            -0.056958,
            0.072722,
            -0.313799
          ],
          [
            -0.280969,
            0.292931,
            -0.463193
          ],
          [
            0.051989,
            1.259576,
            0.336268
          ],
          [
            -0.163718,
            0.128749,
            0.240099
          ],
          [
            -0.129224,
            0.286501,
            -0.144659
          ],
          [
            -0.231359,
            -0.517079,
            0.218496
          ],
          [
            -0.034188,
            -0.028091,
            -0.108113
          ],
          [
            0.441273,
            0.196343,
            -0.004557
          ],
          [
            0.643335,
            -0.274629,
            0.165435
          ],
          [
            0.261927,
            -0.307913,
            0.056844
          ],
          [
            0.012869,
            -0.219053,
            0.599568
          ],
          [
            -0.338368,
            -0.253761,
            0.377694
          ],
          [
            0.032078,
            -0.154402,
            -0.456326
          ],
          [
            0.20167,
            -0.139706,
            0.765867
          ],
          [
            0.626628,
            -0.244827,
            0.223421
          ],
          [
            -0.12857,
            0.1948,
            -0.008117
          ],
          [
            -0.288664,
            -0.083828,
            -0.51912
          ],
          [
            0.27863,
            -0.049514,
            0.154477
          ],
          [
            -0.374438,
            0.698252,
            -0.075929
          ],
          [
            -1.243051,
            0.04819,
            1.616471
          ],
          [
            0.303776,
            -1.305418,
            0.693145
          ],
          [
            -0.719547,
            1.109937,
            0.094938
          ],
          [
            1.297775,
            -2.224751,
            0.142976
          ],
          [
            0.139595,
            -0.144045,
            0.870468
          ],
          [
            -1.30423,
            -1.751768,
            0.177772
          ],
          [
            0.853486,
            -1.000674,
            0.48295
          ],
          [
            -0.819369,
            2.42084,
            0.016613
          ],
          [
            -1.291736,
            -1.16072,
            -0.682681
          ],
          [
            0.915114,
            1.199526,
            0.055633
          ],
          [
            -1.290422,
            -1.930898,
            -1.649547
          ],
          [
            0.171122,
            -0.838367,
            0.014093
          ],
          [
            1.761159,
            0.596388,
            0.511912
          ],
          [
            -0.942481,
            0.129162,
            -0.85472
          ],
          [
            1.260457,
            -0.90939,
            0.107052
          ],
          [
            1.035272,
            -0.77776,
            0.111585
          ],
          [
            0.999051,
            0.002893,
            -0.8977
          ],
          [
            0.394589,
            -0.093569,
            -0.603559
          ],
          [
            -0.064514,
            0.262365,
            -0.562715
          ],
          [
            -0.534723,
            -0.211238,
            0.095725
          ],
          [
            0.551588,
            -0.140915,
            0.626343
          ],
          [
            1.706887,
            0.964536,
            -0.641418
          ],
          [
            0.573359,
            0.851776,
            0.758
          ],
          [
            0.159891,
            0.974358,
            0.027945
          ],
          [
            -0.599121,
            0.226587,
            0.077148
          ],
          [
            -0.488881,
            0.46029,
            -0.022637
          ],
          [
            0.375892,
            -0.115034,
            -1.329156
          ],
          [
            0.197135,
            0.623954,
            -0.525376
          ],
          [
            -1.257111,
            0.636919,
            -0.723518
          ],
          [
            0.378367,
            0.755664,
            0.178274
          ],
          [
            -1.359619,
            0.429538,
            -0.895072
          ],
          [
            -0.630441,
            0.807227,
            0.482607
          ],
          [
            -0.767535,
            0.278637,
            0.594472
          ],
          [
            -0.08934,
            0.461731,
            0.15799
          ],
          [
            0.13056,
            -0.064073,
            -0.104514
          ],
          [
            0.263809,
            1.481981,
            -0.086057
          ],
          [
            0.16421,
            -0.021293,
            -0.305058
          ],
          [
            0.493558,
            -0.374105,
            -0.085287
          ],
          [
            0.12847,
            -1.367662,
            0.222515
          ],
          [
            0.043939,
            0.162433,
            -0.276008
          ],
          [
            -0.544409,
            -0.395371,
            0.481811
          ],
          [
            -0.028296,
            -1.267769,
            -0.486779
          ],
          [
            -0.069848,
            -0.305514,
            0.287336
          ],
          [
            -0.789719,
            0.405094,
            0.461146
          ],
          [
            0.405009,
            -0.196456,
            -0.268833
          ],
          [
            -0.067611,
            0.392978,
            0.212099
          ],
          [
            -0.045279,
            0.40878,
            0.641583
          ],
          [
            0.215904,
            0.549011,
            0.096442
          ]
        ],
        "Lattice": [
          [
            11.254311534,
            0.0,
            0.0
          ],
          [
            5.627155767,
            9.746519691,
            0.0
          ],
          [
            0.0,
            0.0,
            21.483230925
          ]
        ],
        "NumAtoms": 112,
        "Positions": [
          [
            4.22079,
            2.43687,
            0.0
          ],
          [
            7.03437,
            7.31013,
            0.0
          ],
          [
            9.84794,
            2.43687,
            0.0
          ],
          [
            12.66152,
            7.31013,
            0.0
          ],
          [
            1.40693,
            2.43687,
            0.0
          ],
          [
            4.22051,
            7.31013,
            0.0
          ],
          [
            7.03409,
            2.43687,
            0.0
          ],
          [
            9.84766,
            7.31013,
            0.0
          ],
          [
            2.81385,
            0.0,
            0.0
          ],
          [
            5.62743,
            4.87326,
            0.0
          ],
          [
            8.44101,
            0.0,
            0.0
          ],
          [
            11.25459,
            4.87326,
            0.0
          ],
          [
            0.0,
            0.0,
            0.0
          ],
          [
            2.81358,
            4.87326,
            0.0
          ],
          [
            5.62716,
            0.0,
            0.0
          ],
          [
            8.44073,
            4.87326,
            0.0
          ],
          [
            7.03462,
            4.06144,
            2.2975
          ],
          [
            9.8482,
            8.9347,
            2.2975
          ],
          [
            12.66177,
            4.06144,
            2.2975
          ],
          [
            15.47535,
            8.9347,
            2.2975
          ],
          [
            5.62769,
            1.62456,
            2.2975
          ],
          [
            8.44127,
            6.49782,
            2.2975
          ],
          [
            11.25484,
            1.62456,
            2.2975
          ],
          [
            14.06842,
            6.49782,
            2.2975
          ],
          [
            2.81383,
            1.62456,
            2.2975
          ],
          [
            5.62741,
            6.49782,
            2.2975
          ],
          [
            8.44098,
            1.62456,
            2.2975
          ],
          [
            11.25456,
            6.49782,
            2.2975
          ],
          [
            4.22076,
            4.06144,
            2.2975
          ],
          [
            7.03434,
            8.9347,
            2.2975
          ],
          [
            9.84791,
            4.06144,
            2.2975
          ],
          [
            12.66149,
            8.9347,
            2.2975
          ],
          [
            1.24386,
            0.85309,
            4.59583
          ],
          [
            4.1393,
            5.70239,
            4.56119
          ],
          [
            6.93896,
            0.77039,
            4.4916
          ],
          [
            9.76639,
            5.70311,
            4.48979
          ],
          [
            4.0712,
            0.88956,
            4.61477
          ],
          [
            6.85907,
            5.74377,
            4.61891
          ],
          [
            9.79184,
            0.82622,
            4.56889
          ],
          [
            12.55446,
            5.65891,
            4.56088
          ],
          [
            2.64681,
            3.25538,
            4.57395
          ],
          [
            5.53306,
            8.1198,
            4.62635
          ],
          [
            8.379,
            3.24393,
            4.48173
          ],
          [
            11.11597,
            8.09634,
            4.4839
          ],
          [
            5.46096,
            3.30981,
            4.59493
          ],
          [
            8.30078,
            8.1387,
            4.58856
          ],
          [
            11.16546,
            3.26033,
            4.63445
          ],
          [
            13.97684,
            7.96995,
            4.54886
          ],
          [
            2.58797,
            0.02474,
            6.86545
          ],
          [
            5.41804,
            4.88478,
            6.9571
          ],
          [
            8.2625,
            0.06811,
            6.7559
          ],
          [
            11.00464,
            4.93764,
            6.90872
          ],
          [
            16.61805,
            9.74612,
            6.92102
          ],
          [
            13.79443,
            4.94129,
            6.87313
          ],
          [
            5.41432,
            0.02178,
            6.78287
          ],
          [
            8.24005,
            4.95181,
            6.74633
          ],
          [
            12.50354,
            2.49432,
            6.86914
          ],
          [
            15.27961,
            7.32645,
            6.99794
          ],
          [
            6.81959,
            2.48648,
            6.68953
          ],
          [
            9.54982,
            7.38347,
            6.83552
          ],
          [
            4.02333,
            2.46706,
            6.91365
          ],
          [
            6.81763,
            7.3622,
            7.07278
          ],
          [
            9.6067,
            2.49543,
            6.85383
          ],
          [
            12.47152,
            7.27716,
            6.83987
          ],
          [
            7.0221,
            1.65152,
            10.66333
          ],
          [
            6.19563,
            2.60212,
            11.57498
          ],
          [
            7.74272,
            6.988,
            12.14077
          ],
          [
            7.90163,
            7.32121,
            10.68069
          ],
          [
            11.09355,
            4.54853,
            10.88988
          ],
          [
            10.22204,
            3.55996,
            11.54219
          ],
          [
            2.79279,
            1.44154,
            10.45972
          ],
          [
            1.61778,
            1.08771,
            11.32167
          ],
          [
            14.82841,
            8.44643,
            10.53672
          ],
          [
            13.39921,
            8.21295,
            10.11542
          ],
          [
            3.13489,
            4.62989,
            12.96304
          ],
          [
            14.35905,
            5.6586,
            14.024
          ],
          [
            8.1667,
            1.31714,
            10.8421
          ],
          [
            6.39366,
            1.05625,
            9.65291
          ],
          [
            8.45546,
            6.25823,
            12.78986
          ],
          [
            6.72127,
            7.61748,
            12.79937
          ],
          [
            11.93401,
            4.23329,
            10.06633
          ],
          [
            10.92923,
            5.84084,
            11.2273
          ],
          [
            3.76743,
            0.66512,
            10.39666
          ],
          [
            2.87239,
            2.6383,
            9.87503
          ],
          [
            15.33301,
            7.75816,
            11.42614
          ],
          [
            15.57271,
            9.32124,
            9.92525
          ],
          [
            2.73986,
            3.45429,
            13.02911
          ],
          [
            3.48053,
            5.05517,
            11.72853
          ],
          [
            5.40317,
            1.02695,
            9.76396
          ],
          [
            6.26973,
            3.58679,
            11.1109
          ],
          [
            6.5279,
            2.66055,
            12.66739
          ],
          [
            5.16192,
            2.19563,
            11.67373
          ],
          [
            6.18771,
            8.08038,
            12.15398
          ],
          [
            8.61848,
            8.11104,
            10.49666
          ],
          [
            6.9636,
            7.56821,
            10.26274
          ],
          [
            8.3487,
            6.41231,
            10.1433
          ],
          [
            10.1866,
            5.92064,
            11.85793
          ],
          [
            9.53427,
            3.17002,
            10.74721
          ],
          [
            9.59611,
            3.95555,
            12.36238
          ],
          [
            10.62838,
            2.52995,
            11.82978
          ],
          [
            2.07652,
            3.22189,
            10.10383
          ],
          [
            0.67014,
            0.90121,
            10.76283
          ],
          [
            1.40994,
            2.11704,
            11.78986
          ],
          [
            1.83863,
            0.33043,
            12.09178
          ],
          [
            9.62595,
            0.0952,
            9.13272
          ],
          [
            13.21701,
            7.17573,
            9.94846
          ],
          [
            13.08645,
            8.86668,
            9.28074
          ],
          [
            12.84785,
            8.42941,
            11.0199
          ],
          [
            3.5512,
            6.06045,
            11.72261
          ],
          [
            13.50456,
            6.30014,
            13.77556
          ],
          [
            4.05681,
            6.19659,
            13.91925
          ],
          [
            14.18919,
            5.11335,
            14.96883
          ]
        ],
        "Stress": [
          [
            -64.83327,
            -2.56187,
            3.97572
          ],
          [
            -2.56187,
            -71.09432,
            -1.57323
          ],
          [
            3.97572,
            -1.57323,
            -18.57321
          ]
        ],
        "computation_code": "VASP",
        "pseudopotential_information": [
          [
            "PAW_PBE",
            "Pt",
            "04Feb2005"
          ],
          [
            "PAW_PBE",
            "C",
            "08Apr2002"
          ],
          [
            "PAW_PBE",
            "O",
            "08Apr2002"
          ],
          [
            "PAW_PBE",
            "H",
            "15Jun2001"
          ]
        ]
      }
    ],
    "EnergyStyle": "electronvolt",
    "ForcesStyle": "electronvoltperangstrom",
    "LatticeStyle": "angstrom",
    "PositionsStyle": "angstrom",
    "StressStyle": "kB"
  }
}