{
  "Dataset": {
    "AtomTypeStyle": "chemicalsymbol",
    "Data": [
      {
        "AtomTypes": [
          "Pt",
          "Pt",
          "Pt",
          "Pt",
          "Pt",
          "Pt",
          "Pt",
          "Pt",
          "Pt",
          "Pt",
          "Pt",
          "Pt",
          "Pt",
          "Pt",
          "Pt",
          "Pt",
          "Pt",
          "Pt",
          "Pt",
          "Pt",
          "Pt",
          "Pt",
          "Pt",
          "Pt",
          "Pt",
          "Pt",
          "Pt",
          "Pt",
          "Pt",
          "Pt",
          "Pt",
          "Pt",
          "Pt",
          "Pt",
          "Pt",
          "Pt",
          "Pt",
          "Pt",
          "Pt",
          "Pt",
          "Pt",
          "Pt",
          "Pt",
          "Pt",
          "Pt",
          "Pt",
          "Pt",
          "Pt",
          "Pt",
          "Pt",
          "Pt",
          "Pt",
          "Pt",
          "Pt",
          "Pt",
          "Pt",
          "Pt",
          "Pt",
          "Pt",
          "Pt",
          "Pt",
          "Pt",
          "Pt",
          "Pt",
          "C",
          "C",
          "C",
          "C",
          "C",
          "C",
          "C",
          "C",
          "C",
          "C",
          "C",
          "C",
          "O",
          "O",
          "O",
          "O",
          "O",
          "O",
          "O",
          "O",
          "O",
          "O",
          "O",
          "O",
          "H",
          "H",
          "H",
          "H",
          "H",
          "H",
          "H",
          "H",
          "H",
          "H",
          "H",
          "H",
          "H",
          "H",
          "H",
          "H",
          "H",
          "H",
          "H",
          "H",
          "H",
          "H",
          "H",
          "H"
        ],
        "Energy": -443.52584236,
        "Forces": [
          [
            0.022722,
            0.022059,
            -0.055441
          ],
          [
            0.017854,
            0.031636,
            0.054893
          ],
          [
            0.09744,
            0.007579,
            -0.024311
          ],
          [
            0.037569,
            -0.001555,
            -0.095259
          ],
          [
            0.069218,
            0.024109,
            -0.057819
          ],
          [
            -0.081767,
            0.034213,
            -0.09939
          ],
          [
            0.052599,
            -0.053304,
            -0.063337
          ],
          [
            0.092456,
            0.005769,
            -0.071974
          ],
          [
            0.049187,
            0.056879,
            -0.054637
          ],
          [
            0.007118,
            -0.020536,
            0.00397
          ],
          [
            -0.01614,
            0.017782,
            -0.105232
          ],
          [
            0.088727,
            0.009392,
            -0.057258
          ],
          [
            0.038672,
            0.008012,
            -0.015878
          ],
          [
            0.043557,
            0.058279,
            -0.079884
          ],
          [
            0.078967,
            -0.004791,
            -0.021016
          ],
          [
            0.04412,
            0.020612,
            -0.005191
          ],
          [
            0.031628,
            0.075398,
            0.622795
          ],
          [
            0.115435,
            0.02887,
            0.321809
          ],
          [
            -0.252029,
            -0.001107,
            -0.236639
          ],
          [
            0.01898,
            -0.009212,
            0.297179
          ],
          [
            0.002629,
            -0.147155,
            0.294505
          ],
          [
            -0.135388,
            -0.111242,
            0.321017
          ],
          [
            -0.319007,
            0.06473,
            -0.067542
          ],
          [
            0.119249,
            0.033913,
            0.008028
          ],
          [
            -0.046581,
            -0.080264,
            0.184483
          ],
          [
            0.293317,
            -0.055749,
            0.291149
          ],
          [
            -0.15966,
            -0.01732,
            0.315245
          ],
          [
            -0.141241,
            0.152598,
            0.026166
          ],
          [
            0.025935,
            -0.085088,
            -0.048346
          ],
          [
            -0.160732,
            -0.138144,
            0.006179
          ],
          [
            -0.172875,
            -0.053344,
            0.078717
          ],
          [
            -0.146636,
            0.119067,
            0.475598
          ],
          [
            0.562756,
            0.163856,
            0.229067
          ],
          [
            -0.633091,
            -0.139076,
            -0.196214
          ],
          [
            0.013562,
            -0.545129,
            -0.275553
          ],
          [
            -0.017625,
            0.162005,
            0.163457
          ],
          [
            -0.185916,
            -0.167369,
            0.064395
          ],
          [
            -0.307954,
            -0.452647,
            -0.092324
          ],
          [
            0.294862,
            -0.144806,
            -0.060065
          ],
          [
            -0.102505,
            -0.174641,
            0.321793
          ],
          [
            0.255907,
            -0.411581,
            0.451731
          ],
          [
            -0.172426,
            0.432082,
            -0.407968
          ],
          [
            -0.347278,
            0.270006,
            0.127578
          ],
          [
            0.036399,
            0.572859,
            -0.577386
          ],
          [
            0.256239,
            0.462272,
            0.346626
          ],
          [
            0.341295,
            -0.116639,
            0.342434
          ],
          [
            -0.037148,
            0.052995,
            -0.076701
          ],
          [
            -0.08864,
            0.221197,
            0.117104
          ],
          [
            0.207586,
            -0.023128,
            -0.032093
          ],
          [
            0.658197,
            -0.57513,
            0.197392
          ],
          [
            0.2601,
            -0.127955,
            -0.23085
          ],
          [
            0.273102,
            -0.241001,
            -0.099589
          ],
          [
            -0.161705,
            0.245196,
            0.063828
          ],
          [
            0.039623,
            0.01101,
            -0.0194
          ],
          [
            -0.361025,
            0.787297,
            -0.425837
          ],
          [
            -0.255206,
            0.013591,
            -0.695511
          ],
          [
            -0.03307,
            0.23407,
            0.440689
          ],
          [
            -0.336099,
            0.119728,
            0.359246
          ],
          [
            -0.025258,
            -0.163192,
            -0.541992
          ],
          [
            -0.374581,
            -0.20207,
            -0.114982
          ],
          [
            -0.0168,
            -0.135321,
            -0.546769
          ],
          [
            -0.140511,
            0.133261,
            -0.565525
          ],
          [
            0.247161,
            -0.057248,
            -0.417974
          ],
          [
            0.629864,
            -0.130613,
            -0.182897
          ],
          [
            -0.885744,
            -1.248855,
            -0.645442
          ],
          [
            -0.423161,
            -1.043432,
            0.005171
          ],
          [
            0.810093,
            -1.08332,
            -0.980903
          ],
          [
            1.934117,
            0.423816,
            -0.353487
          ],
          [
            0.823018,
            1.256338,
            0.236616
          ],
          [
            -0.23377,
            0.522133,
            0.50479
          ],
          [
            1.305735,
            -1.210444,
            -1.407378
          ],
          [
            -1.597791,
            -0.582993,
            -0.413809
          ],
          [
            -0.62481,
            -1.693538,
            -0.28845
          ],
          [
            2.402624,
            0.393961,
            -1.786552
          ],
          [
            -2.277395,
            -3.041081,
            0.159938
          ],
          [
            1.653862,
            1.383779,
            -1.32968
          ],
          [
            0.343139,
            0.975765,
            0.561761
          ],
          [
            -2.014831,
            1.139106,
            0.796302
          ],
          [
            1.021018,
            0.053538,
            0.202495
          ],
          [
            -1.31514,
            -0.016943,
            -0.464825
          ],
          [
            -0.965885,
            -0.482405,
            0.965873
          ],
          [
            -1.383402,
            -0.382988,
            -0.576717
          ],
          [
            -0.03064,
            0.252994,
            0.572681
          ],
          [
            -0.364535,
            0.691151,
            0.698504
          ],
          [
            0.560742,
            0.733736,
            0.248912
          ],
          [
            0.343651,
            0.260016,
            0.512568
          ],
          [
            1.405853,
            1.936021,
            -0.323615
          ],
          [
            0.603015,
            0.53053,
            0.900818
          ],
          [
            1.469099,
            0.240988,
            0.505287
          ],
          [
            0.782241,
            -0.218543,
            0.113641
          ],
          [
            -0.628071,
            -0.624559,
            -0.636423
          ],
          [
            0.737299,
            1.075493,
            -0.421835
          ],
          [
            -0.160974,
            0.448197,
            0.923412
          ],
          [
            -0.277424,
            0.060764,
            -0.192127
          ],
          [
            -0.150659,
            -0.069952,
            0.108051
          ],
          [
            -1.561759,
            -0.029515,
            0.887344
          ],
          [
            0.622363,
            -0.108732,
            -0.004228
          ],
          [
            -0.379243,
            -0.532172,
            -0.224796
          ],
          [
            0.444204,
            -0.435092,
            0.035542
          ],
          [
            0.085073,
            0.124409,
            -0.553271
          ],
          [
            -0.076066,
            0.565415,
            -0.276529
          ],
          [
            0.022452,
            -0.194511,
            0.13777
          ],
          [
            1.034118,
            -0.078692,
            0.139675
          ],
          [
            0.187786,
            0.792234,
            0.845137
          ],
          [
            0.045989,
            0.337839,
            -0.428929
          ],
          [
            -0.365865,
            0.38566,
            0.017908
          ],
          [
            -1.541728,
            -0.781802,
            0.960187
          ],
          [
            -0.52395,
            0.011698,
            0.294033
          ],
          [
            0.04397,
            0.138158,
            -0.645245
          ],
          [
            -0.657126,
            0.45689,
            0.043248
          ],
          [
            0.346736,
            -0.95934,
            0.092051
          ],
          [
            -0.784117,
            -0.43156,
            0.751408
          ]
        ],
        "Lattice": [
          [
            11.254311534,
            0.0,
            0.0
          ],
          [
            5.627155767,
            9.746519691,
            0.0
          ],
          [
            0.0,
            0.0,
            21.483230925
          ]
        ],
        "NumAtoms": 112,
        "Positions": [
          [
            4.22079,
            2.43687,
            0.0
          ],
          [
            7.03437,
            7.31013,
            0.0
          ],
          [
            9.84794,
            2.43687,
            0.0
          ],
          [
            12.66152,
            7.31013,
            0.0
          ],
          [
            1.40693,
            2.43687,
            0.0
          ],
          [
            4.22051,
            7.31013,
            0.0
          ],
          [
            7.03409,
            2.43687,
            0.0
          ],
          [
            9.84766,
            7.31013,
            0.0
          ],
          [
            2.81385,
            0.0,
            0.0
          ],
          [
            5.62743,
            4.87326,
            0.0
          ],
          [
            8.44101,
            0.0,
            0.0
          ],
          [
            11.25459,
            4.87326,
            0.0
          ],
          [
            0.0,
            0.0,
            0.0
          ],
          [
            2.81358,
            4.87326,
            0.0
          ],
          [
            5.62716,
            0.0,
            0.0
          ],
          [
            8.44073,
            4.87326,
            0.0
          ],
          [
            7.03462,
            4.06144,
            2.2975
          ],
          [
            9.8482,
            8.9347,
            2.2975
          ],
          [
            12.66177,
            4.06144,
            2.2975
          ],
          [
            15.47535,
            8.9347,
            2.2975
          ],
          [
            5.62769,
            1.62456,
            2.2975
          ],
          [
            8.44127,
            6.49782,
            2.2975
          ],
          [
            11.25484,
            1.62456,
            2.2975
          ],
          [
            14.06842,
            6.49782,
            2.2975
          ],
          [
            2.81383,
            1.62456,
            2.2975
          ],
          [
            5.62741,
            6.49782,
            2.2975
          ],
          [
            8.44098,
            1.62456,
            2.2975
          ],
          [
            11.25456,
            6.49782,
            2.2975
          ],
          [
            4.22076,
            4.06144,
            2.2975
          ],
          [
            7.03434,
            8.9347,
            2.2975
          ],
          [
            9.84791,
            4.06144,
            2.2975
          ],
          [
            12.66149,
            8.9347,
            2.2975
          ],
          [
            1.22307,
            0.73839,
            4.52177
          ],
          [
            4.26478,
            5.66569,
            4.5521
          ],
          [
            6.91781,
            0.85374,
            4.68703
          ],
          [
            9.7739,
            5.64203,
            4.57083
          ],
          [
            4.14519,
            0.80337,
            4.62114
          ],
          [
            7.07432,
            5.65759,
            4.74602
          ],
          [
            9.67999,
            0.77388,
            4.62118
          ],
          [
            12.61815,
            5.71213,
            4.53278
          ],
          [
            2.72203,
            3.28496,
            4.52656
          ],
          [
            5.60069,
            8.01075,
            4.6408
          ],
          [
            8.37186,
            3.22345,
            4.64232
          ],
          [
            11.16198,
            8.05781,
            4.66224
          ],
          [
            5.53097,
            3.18657,
            4.59408
          ],
          [
            8.34428,
            8.12025,
            4.56028
          ],
          [
            11.15219,
            3.20986,
            4.57212
          ],
          [
            13.98193,
            8.1051,
            4.5756
          ],
          [
            8.2402,
            9.70657,
            6.87832
          ],
          [
            5.31693,
            4.89664,
            6.90891
          ],
          [
            13.81909,
            9.71067,
            6.9929
          ],
          [
            11.03965,
            4.85101,
            6.85215
          ],
          [
            16.69502,
            9.65173,
            6.8831
          ],
          [
            13.81882,
            4.84666,
            6.86055
          ],
          [
            11.09484,
            9.62635,
            7.05776
          ],
          [
            8.26458,
            4.85683,
            7.1823
          ],
          [
            12.48779,
            2.331,
            6.75286
          ],
          [
            15.27835,
            7.28164,
            6.82938
          ],
          [
            6.78158,
            2.44093,
            7.08799
          ],
          [
            9.66112,
            7.31663,
            6.94049
          ],
          [
            4.02692,
            2.41476,
            6.99279
          ],
          [
            6.88819,
            7.25596,
            7.09789
          ],
          [
            9.57873,
            2.39302,
            6.95672
          ],
          [
            12.39391,
            7.2558,
            6.99394
          ],
          [
            2.9879,
            1.57651,
            11.69091
          ],
          [
            2.06036,
            2.5054,
            12.50402
          ],
          [
            4.29612,
            7.17825,
            11.72963
          ],
          [
            15.34829,
            7.18859,
            10.21837
          ],
          [
            7.8384,
            5.18046,
            10.23646
          ],
          [
            6.66602,
            4.26638,
            10.25768
          ],
          [
            10.10123,
            1.51404,
            10.36081
          ],
          [
            8.68176,
            1.35265,
            10.68586
          ],
          [
            11.4202,
            8.31195,
            11.40962
          ],
          [
            10.13049,
            8.28354,
            10.65638
          ],
          [
            9.85812,
            4.66069,
            13.22075
          ],
          [
            10.39046,
            5.45539,
            14.37636
          ],
          [
            4.01028,
            1.11352,
            12.19154
          ],
          [
            2.63557,
            1.00783,
            10.47662
          ],
          [
            5.28016,
            6.64692,
            12.24478
          ],
          [
            14.59558,
            7.67015,
            12.48198
          ],
          [
            8.78017,
            5.16722,
            9.3832
          ],
          [
            7.90483,
            6.11892,
            11.20644
          ],
          [
            10.93314,
            0.60421,
            10.49028
          ],
          [
            10.52363,
            2.56756,
            9.62581
          ],
          [
            12.11463,
            7.26063,
            11.40671
          ],
          [
            11.76986,
            9.36992,
            12.09001
          ],
          [
            9.04041,
            3.71391,
            13.38307
          ],
          [
            10.3082,
            4.86766,
            11.95395
          ],
          [
            1.60395,
            1.02767,
            10.25742
          ],
          [
            12.52656,
            3.06452,
            11.92907
          ],
          [
            2.68052,
            3.16254,
            13.18921
          ],
          [
            1.4595,
            1.72668,
            13.12055
          ],
          [
            13.74176,
            7.58952,
            11.90755
          ],
          [
            14.89188,
            8.13646,
            9.91144
          ],
          [
            14.74927,
            6.33885,
            9.85573
          ],
          [
            5.13754,
            7.15605,
            9.67744
          ],
          [
            6.95518,
            6.26103,
            11.59986
          ],
          [
            6.87065,
            3.50545,
            9.50782
          ],
          [
            5.74424,
            4.85547,
            9.98791
          ],
          [
            6.51748,
            3.85748,
            11.29349
          ],
          [
            9.89211,
            3.31267,
            9.73821
          ],
          [
            8.53317,
            0.33472,
            11.05484
          ],
          [
            7.94422,
            1.48749,
            9.82847
          ],
          [
            8.2666,
            1.99805,
            11.44124
          ],
          [
            5.33636,
            0.21877,
            12.21751
          ],
          [
            9.85314,
            9.26024,
            10.28483
          ],
          [
            9.38022,
            7.82,
            11.21725
          ],
          [
            10.3884,
            7.65078,
            9.76921
          ],
          [
            10.97959,
            5.59697,
            11.98367
          ],
          [
            10.82485,
            4.75006,
            15.12012
          ],
          [
            9.66384,
            6.23917,
            14.73573
          ],
          [
            11.28024,
            6.05486,
            13.95425
          ]
        ],
        "Stress": [
          [
            -82.49835,
            -0.85398,
            0.73837
          ],
          [
            -0.85398,
            -79.79841,
            -1.92099
          ],
          [
            0.73837,
            -1.92099,
            -34.5052
          ]
        ],
        "computation_code": "VASP",
        "pseudopotential_information": [
          [
            "PAW_PBE",
            "Pt",
            "04Feb2005"
          ],
          [
            "PAW_PBE",
            "C",
            "08Apr2002"
          ],
          [
            "PAW_PBE",
            "O",
            "08Apr2002"
          ],
          [
            "PAW_PBE",
            "H",
            "15Jun2001"
          ]
        ]
      }
    ],
    "EnergyStyle": "electronvolt",
    "ForcesStyle": "electronvoltperangstrom",
    "LatticeStyle": "angstrom",
    "PositionsStyle": "angstrom",
    "StressStyle": "kB"
  }
}