{
  "Dataset": {
    "AtomTypeStyle": "chemicalsymbol",
    "Data": [
      {
        "AtomTypes": [
          "Pt",
          "Pt",
          "Pt",
          "Pt",
          "Pt",
          "Pt",
          "Pt",
          "Pt",
          "Pt",
          "Pt",
          "Pt",
          "Pt",
          "Pt",
          "Pt",
          "Pt",
          "Pt",
          "Pt",
          "Pt",
          "Pt",
          "Pt",
          "Pt",
          "Pt",
          "Pt",
          "Pt",
          "Pt",
          "Pt",
          "Pt",
          "Pt",
          "Pt",
          "Pt",
          "Pt",
          "Pt",
          "Pt",
          "Pt",
          "Pt",
          "Pt",
          "Pt",
          "Pt",
          "Pt",
          "Pt",
          "Pt",
          "Pt",
          "Pt",
          "Pt",
          "Pt",
          "Pt",
          "Pt",
          "Pt",
          "Pt",
          "Pt",
          "Pt",
          "Pt",
          "Pt",
          "Pt",
          "Pt",
          "Pt",
          "Pt",
          "Pt",
          "Pt",
          "Pt",
          "Pt",
          "Pt",
          "Pt",
          "Pt",
          "C",
          "C",
          "C",
          "C",
          "C",
          "C",
          "C",
          "C",
          "C",
          "C",
          "C",
          "C",
          "O",
          "O",
          "O",
          "O",
          "O",
          "O",
          "O",
          "O",
          "O",
          "O",
          "O",
          "O",
          "H",
          "H",
          "H",
          "H",
          "H",
          "H",
          "H",
          "H",
          "H",
          "H",
          "H",
          "H",
          "H",
          "H",
          "H",
          "H",
          "H",
          "H",
          "H",
          "H",
          "H",
          "H",
          "H",
          "H"
        ],
        "Energy": -443.5807823,
        "Forces": [
          [
            0.04481,
            0.02066,
            -0.093428
          ],
          [
            0.052489,
            0.006177,
            -0.096048
          ],
          [
            -0.019941,
            0.028953,
            -0.050213
          ],
          [
            -0.001141,
            0.031147,
            0.003153
          ],
          [
            0.019891,
            -0.027097,
            -0.000753
          ],
          [
            0.084751,
            0.009228,
            -0.04487
          ],
          [
            -0.023298,
            0.063184,
            -0.082256
          ],
          [
            -0.027452,
            0.089795,
            -0.052254
          ],
          [
            0.047899,
            0.013823,
            -0.027346
          ],
          [
            0.059036,
            0.01179,
            -0.054026
          ],
          [
            0.031591,
            0.052304,
            0.017398
          ],
          [
            -0.008877,
            0.014082,
            0.06883
          ],
          [
            0.033371,
            0.010067,
            -0.055472
          ],
          [
            0.091322,
            0.019831,
            -0.015517
          ],
          [
            0.030802,
            0.069623,
            -0.056973
          ],
          [
            -0.02692,
            0.031915,
            -0.05846
          ],
          [
            -0.224834,
            0.135005,
            -0.343044
          ],
          [
            -0.291091,
            -0.254704,
            -0.258001
          ],
          [
            -0.134219,
            0.032501,
            -0.408845
          ],
          [
            -0.085555,
            0.01761,
            -0.113469
          ],
          [
            -0.0343,
            -0.109767,
            -0.567195
          ],
          [
            -0.146615,
            -0.020863,
            -0.026289
          ],
          [
            0.156213,
            -0.113648,
            -0.059412
          ],
          [
            -0.047055,
            -0.126112,
            -0.099494
          ],
          [
            -0.252098,
            -0.0192,
            0.025787
          ],
          [
            -0.225352,
            0.114237,
            -0.136232
          ],
          [
            0.169236,
            -0.272965,
            -0.686269
          ],
          [
            0.023025,
            -0.237791,
            -0.214442
          ],
          [
            -0.200738,
            0.184084,
            -0.143055
          ],
          [
            -0.067198,
            0.017357,
            0.060757
          ],
          [
            0.250559,
            0.037819,
            -0.513668
          ],
          [
            -0.016082,
            -0.168668,
            -0.247912
          ],
          [
            0.386338,
            0.194864,
            -0.38495
          ],
          [
            0.071253,
            -0.367316,
            -0.204017
          ],
          [
            -0.274166,
            -0.368825,
            0.480567
          ],
          [
            -0.100637,
            0.208863,
            0.020168
          ],
          [
            -0.265214,
            0.286594,
            0.697601
          ],
          [
            0.531456,
            -0.211587,
            -0.289681
          ],
          [
            -0.576418,
            -0.354481,
            -0.046885
          ],
          [
            -0.327715,
            0.685713,
            0.069379
          ],
          [
            1.19581,
            -0.802083,
            0.576375
          ],
          [
            0.157319,
            -0.375437,
            0.195714
          ],
          [
            -0.287488,
            0.012365,
            0.828211
          ],
          [
            0.310677,
            0.126074,
            0.09891
          ],
          [
            0.154723,
            0.145114,
            0.692484
          ],
          [
            0.357041,
            0.104687,
            -0.012474
          ],
          [
            -0.315326,
            0.01887,
            0.246837
          ],
          [
            -0.061972,
            0.430736,
            0.226588
          ],
          [
            0.350869,
            -0.491825,
            -0.245743
          ],
          [
            0.104396,
            -0.29589,
            0.392178
          ],
          [
            -0.251788,
            -0.38227,
            -0.01877
          ],
          [
            -0.071039,
            -0.134629,
            -0.196696
          ],
          [
            -0.207877,
            -0.385143,
            0.085118
          ],
          [
            -0.33,
            0.486174,
            -0.348103
          ],
          [
            0.132505,
            0.461381,
            0.101933
          ],
          [
            -0.062347,
            0.247395,
            0.758705
          ],
          [
            0.419209,
            -0.098194,
            -0.148872
          ],
          [
            0.117831,
            -0.04414,
            -0.174801
          ],
          [
            -0.302016,
            0.280241,
            0.127483
          ],
          [
            -0.52603,
            -0.121247,
            0.180221
          ],
          [
            -0.045109,
            -0.012076,
            -0.072192
          ],
          [
            0.102332,
            0.470527,
            0.581212
          ],
          [
            -0.193788,
            0.34559,
            0.22912
          ],
          [
            0.560168,
            0.220258,
            0.460591
          ],
          [
            -0.611991,
            1.818129,
            -0.461968
          ],
          [
            -0.531327,
            -0.237944,
            1.523567
          ],
          [
            2.141528,
            -1.292518,
            1.234271
          ],
          [
            -0.786086,
            -0.784328,
            -0.438922
          ],
          [
            -0.215805,
            -1.248073,
            -0.542015
          ],
          [
            0.004242,
            0.476407,
            0.703674
          ],
          [
            0.716375,
            0.447066,
            -0.894804
          ],
          [
            -0.571038,
            -1.409016,
            0.678146
          ],
          [
            -1.379119,
            0.5981,
            0.569043
          ],
          [
            1.371691,
            -1.647181,
            -0.708433
          ],
          [
            1.18471,
            0.267704,
            0.179443
          ],
          [
            -1.806344,
            1.35485,
            0.243617
          ],
          [
            1.294483,
            -0.800406,
            0.101553
          ],
          [
            -0.903092,
            -1.112657,
            -0.468676
          ],
          [
            -2.060907,
            0.41489,
            -1.508704
          ],
          [
            -0.81635,
            0.106357,
            0.218536
          ],
          [
            0.18683,
            0.752184,
            0.09621
          ],
          [
            0.074543,
            0.658019,
            -0.471944
          ],
          [
            -0.215099,
            0.167747,
            -0.035683
          ],
          [
            -0.375421,
            0.202026,
            0.347618
          ],
          [
            -0.22754,
            0.061,
            -0.222018
          ],
          [
            0.29739,
            -1.208929,
            -0.420132
          ],
          [
            0.26392,
            0.700632,
            -0.227987
          ],
          [
            -0.165874,
            -1.306564,
            -0.746866
          ],
          [
            0.82561,
            0.748407,
            0.291032
          ],
          [
            0.146205,
            -0.528432,
            -0.172392
          ],
          [
            0.36073,
            0.396087,
            -0.431809
          ],
          [
            -0.322619,
            0.116828,
            -0.509196
          ],
          [
            0.635405,
            0.267028,
            0.243293
          ],
          [
            0.256745,
            0.19216,
            -0.390905
          ],
          [
            0.74358,
            0.217708,
            0.653827
          ],
          [
            0.455996,
            -0.037003,
            -0.320595
          ],
          [
            0.205213,
            -0.110353,
            0.343362
          ],
          [
            0.05027,
            0.086014,
            0.009991
          ],
          [
            0.056606,
            0.107783,
            -0.063169
          ],
          [
            -0.263978,
            -0.557546,
            -0.088519
          ],
          [
            0.015801,
            -0.208898,
            -0.047086
          ],
          [
            -0.761938,
            0.65129,
            0.112474
          ],
          [
            1.016685,
            0.641289,
            -0.142459
          ],
          [
            0.123405,
            0.27529,
            -0.241603
          ],
          [
            -0.917045,
            0.467394,
            -0.245467
          ],
          [
            -0.122257,
            0.61292,
            -0.582369
          ],
          [
            0.181162,
            0.01534,
            0.278953
          ],
          [
            -0.203649,
            1.078813,
            0.925896
          ],
          [
            -0.186851,
            0.123809,
            0.268421
          ],
          [
            0.22943,
            -0.452684,
            -0.037947
          ],
          [
            0.134207,
            -0.638314,
            0.024729
          ],
          [
            0.44509,
            -0.392256,
            0.212158
          ]
        ],
        "Lattice": [
          [
            11.254311534,
            0.0,
            0.0
          ],
          [
            5.627155767,
            9.746519691,
            0.0
          ],
          [
            0.0,
            0.0,
            21.483230925
          ]
        ],
        "NumAtoms": 112,
        "Positions": [
          [
            4.22079,
            2.43687,
            0.0
          ],
          [
            7.03437,
            7.31013,
            0.0
          ],
          [
            9.84794,
            2.43687,
            0.0
          ],
          [
            12.66152,
            7.31013,
            0.0
          ],
          [
            1.40693,
            2.43687,
            0.0
          ],
          [
            4.22051,
            7.31013,
            0.0
          ],
          [
            7.03409,
            2.43687,
            0.0
          ],
          [
            9.84766,
            7.31013,
            0.0
          ],
          [
            2.81385,
            0.0,
            0.0
          ],
          [
            5.62743,
            4.87326,
            0.0
          ],
          [
            8.44101,
            0.0,
            0.0
          ],
          [
            11.25459,
            4.87326,
            0.0
          ],
          [
            0.0,
            0.0,
            0.0
          ],
          [
            2.81358,
            4.87326,
            0.0
          ],
          [
            5.62716,
            0.0,
            0.0
          ],
          [
            8.44073,
            4.87326,
            0.0
          ],
          [
            7.03462,
            4.06144,
            2.2975
          ],
          [
            9.8482,
            8.9347,
            2.2975
          ],
          [
            12.66177,
            4.06144,
            2.2975
          ],
          [
            15.47535,
            8.9347,
            2.2975
          ],
          [
            5.62769,
            1.62456,
            2.2975
          ],
          [
            8.44127,
            6.49782,
            2.2975
          ],
          [
            11.25484,
            1.62456,
            2.2975
          ],
          [
            14.06842,
            6.49782,
            2.2975
          ],
          [
            2.81383,
            1.62456,
            2.2975
          ],
          [
            5.62741,
            6.49782,
            2.2975
          ],
          [
            8.44098,
            1.62456,
            2.2975
          ],
          [
            11.25456,
            6.49782,
            2.2975
          ],
          [
            4.22076,
            4.06144,
            2.2975
          ],
          [
            7.03434,
            8.9347,
            2.2975
          ],
          [
            9.84791,
            4.06144,
            2.2975
          ],
          [
            12.66149,
            8.9347,
            2.2975
          ],
          [
            1.36078,
            0.76466,
            4.63871
          ],
          [
            4.12405,
            5.6861,
            4.59693
          ],
          [
            7.05853,
            0.7711,
            4.47589
          ],
          [
            9.84194,
            5.62181,
            4.53108
          ],
          [
            4.18131,
            0.73624,
            4.482
          ],
          [
            6.89317,
            5.65372,
            4.52489
          ],
          [
            9.89629,
            0.81025,
            4.55254
          ],
          [
            12.64697,
            5.56847,
            4.57588
          ],
          [
            2.67117,
            3.24672,
            4.53382
          ],
          [
            5.52788,
            8.14594,
            4.55419
          ],
          [
            8.46556,
            3.19744,
            4.42431
          ],
          [
            11.18644,
            8.0424,
            4.49573
          ],
          [
            5.54171,
            3.18547,
            4.47384
          ],
          [
            8.33959,
            8.07257,
            4.57505
          ],
          [
            11.25802,
            3.20598,
            4.56294
          ],
          [
            14.01417,
            8.04882,
            4.5384
          ],
          [
            8.32271,
            9.73482,
            6.93111
          ],
          [
            5.51284,
            4.76731,
            6.78101
          ],
          [
            14.06862,
            9.67359,
            6.81163
          ],
          [
            11.20084,
            4.76393,
            6.92985
          ],
          [
            5.59442,
            9.67587,
            6.93388
          ],
          [
            2.79,
            4.64989,
            6.98763
          ],
          [
            11.16283,
            9.59037,
            6.76287
          ],
          [
            8.37517,
            4.72451,
            6.65332
          ],
          [
            12.53154,
            2.36188,
            6.99641
          ],
          [
            15.34243,
            7.22065,
            6.91209
          ],
          [
            7.03132,
            2.27777,
            6.71935
          ],
          [
            9.80574,
            7.21292,
            6.79735
          ],
          [
            4.17378,
            2.30111,
            6.8024
          ],
          [
            6.91696,
            7.15648,
            6.75682
          ],
          [
            9.81873,
            2.3168,
            6.8345
          ],
          [
            12.53025,
            7.15906,
            6.75713
          ],
          [
            11.30121,
            1.32757,
            10.78839
          ],
          [
            10.5487,
            2.57068,
            11.17695
          ],
          [
            13.04792,
            7.52687,
            11.64405
          ],
          [
            12.50125,
            7.20809,
            10.29535
          ],
          [
            4.4861,
            4.50366,
            10.72684
          ],
          [
            4.24835,
            4.20517,
            12.16224
          ],
          [
            7.1435,
            1.19665,
            10.27309
          ],
          [
            5.77618,
            0.73754,
            10.58588
          ],
          [
            9.01053,
            8.57306,
            11.38839
          ],
          [
            7.82252,
            8.38278,
            10.46686
          ],
          [
            7.66159,
            5.08151,
            12.64099
          ],
          [
            7.35415,
            6.37342,
            13.32394
          ],
          [
            1.2366,
            1.49352,
            10.53122
          ],
          [
            10.73731,
            0.13892,
            10.80412
          ],
          [
            14.24677,
            7.25402,
            12.03324
          ],
          [
            12.22717,
            8.04097,
            12.52099
          ],
          [
            4.95714,
            3.63777,
            9.95131
          ],
          [
            4.05806,
            5.6533,
            10.26723
          ],
          [
            8.09842,
            0.44174,
            10.51203
          ],
          [
            7.35869,
            2.36721,
            9.65324
          ],
          [
            9.84465,
            7.69053,
            11.64516
          ],
          [
            3.48769,
            0.00421,
            12.05949
          ],
          [
            7.10711,
            3.99804,
            12.75574
          ],
          [
            8.78371,
            5.22677,
            11.87862
          ],
          [
            9.70847,
            0.10108,
            10.70088
          ],
          [
            9.48444,
            2.74761,
            10.94678
          ],
          [
            11.12135,
            3.44509,
            10.90218
          ],
          [
            10.62886,
            2.5412,
            12.30737
          ],
          [
            11.23904,
            7.95743,
            12.2122
          ],
          [
            12.02738,
            8.09437,
            9.86846
          ],
          [
            11.62989,
            6.48289,
            10.23649
          ],
          [
            13.25212,
            6.82838,
            9.61283
          ],
          [
            14.89413,
            6.31427,
            10.95853
          ],
          [
            4.77997,
            3.29918,
            12.47453
          ],
          [
            3.16035,
            4.0663,
            12.328
          ],
          [
            4.57974,
            5.0848,
            12.77161
          ],
          [
            6.52906,
            2.94997,
            9.71836
          ],
          [
            11.59417,
            9.38773,
            10.52022
          ],
          [
            4.83317,
            0.956,
            10.02342
          ],
          [
            5.57832,
            0.8762,
            11.66993
          ],
          [
            2.98163,
            0.70366,
            11.60467
          ],
          [
            7.85707,
            9.19376,
            9.74857
          ],
          [
            6.82007,
            8.45379,
            10.91564
          ],
          [
            7.95049,
            7.40615,
            9.85867
          ],
          [
            9.15532,
            6.13813,
            11.75883
          ],
          [
            6.68951,
            6.31928,
            14.20623
          ],
          [
            6.77325,
            7.06352,
            12.64624
          ],
          [
            8.21101,
            7.00875,
            13.57187
          ]
        ],
        "Stress": [
          [
            -68.69723,
            -1.18367,
            -3.47683
          ],
          [
            -1.18367,
            -65.91211,
            -1.20037
          ],
          [
            -3.47683,
            -1.20037,
            -15.47838
          ]
        ],
        "computation_code": "VASP",
        "pseudopotential_information": [
          [
            "PAW_PBE",
            "Pt",
            "04Feb2005"
          ],
          [
            "PAW_PBE",
            "C",
            "08Apr2002"
          ],
          [
            "PAW_PBE",
            "O",
            "08Apr2002"
          ],
          [
            "PAW_PBE",
            "H",
            "15Jun2001"
          ]
        ]
      }
    ],
    "EnergyStyle": "electronvolt",
    "ForcesStyle": "electronvoltperangstrom",
    "LatticeStyle": "angstrom",
    "PositionsStyle": "angstrom",
    "StressStyle": "kB"
  }
}