{
  "Dataset": {
    "AtomTypeStyle": "chemicalsymbol",
    "Data": [
      {
        "AtomTypes": [
          "Pt",
          "Pt",
          "Pt",
          "Pt",
          "Pt",
          "Pt",
          "Pt",
          "Pt",
          "Pt",
          "Pt",
          "Pt",
          "Pt",
          "Pt",
          "Pt",
          "Pt",
          "Pt",
          "Pt",
          "Pt",
          "Pt",
          "Pt",
          "Pt",
          "Pt",
          "Pt",
          "Pt",
          "Pt",
          "Pt",
          "Pt",
          "Pt",
          "Pt",
          "Pt",
          "Pt",
          "Pt",
          "Pt",
          "Pt",
          "Pt",
          "Pt",
          "Pt",
          "Pt",
          "Pt",
          "Pt",
          "Pt",
          "Pt",
          "Pt",
          "Pt",
          "Pt",
          "Pt",
          "Pt",
          "Pt",
          "Pt",
          "Pt",
          "Pt",
          "Pt",
          "Pt",
          "Pt",
          "Pt",
          "Pt",
          "Pt",
          "Pt",
          "Pt",
          "Pt",
          "Pt",
          "Pt",
          "Pt",
          "Pt",
          "C",
          "C",
          "C",
          "C",
          "C",
          "C",
          "C",
          "C",
          "O",
          "O",
          "O",
          "O",
          "O",
          "O",
          "O",
          "O",
          "H",
          "H",
          "H",
          "H",
          "H",
          "H",
          "H",
          "H",
          "H",
          "H",
          "H",
          "H",
          "H",
          "H",
          "H",
          "H"
        ],
        "Energy": -360.9698731,
        "Forces": [
          [
            -0.040663,
            0.057481,
            -0.024504
          ],
          [
            0.0127,
            0.076418,
            -0.074327
          ],
          [
            0.039339,
            0.037424,
            0.020023
          ],
          [
            -0.031765,
            0.023815,
            -0.020846
          ],
          [
            0.070826,
            0.038243,
            -0.059794
          ],
          [
            -0.01744,
            0.072955,
            -0.095562
          ],
          [
            -0.015373,
            0.030534,
            -0.049539
          ],
          [
            -0.031741,
            0.037711,
            -0.053299
          ],
          [
            -0.044739,
            0.039569,
            -0.079941
          ],
          [
            0.048497,
            0.098462,
            0.026423
          ],
          [
            0.034062,
            0.090037,
            -0.004794
          ],
          [
            0.023457,
            0.011405,
            -0.016386
          ],
          [
            0.042923,
            0.017934,
            -0.113169
          ],
          [
            0.022391,
            0.075315,
            -0.088046
          ],
          [
            -0.036966,
            0.047431,
            -0.00095
          ],
          [
            -0.039364,
            0.11008,
            -0.090476
          ],
          [
            -0.086335,
            0.174573,
            0.208191
          ],
          [
            0.123001,
            -0.179575,
            0.045977
          ],
          [
            -0.209232,
            0.033688,
            0.277551
          ],
          [
            0.076972,
            -0.066217,
            -0.459699
          ],
          [
            0.121693,
            -0.117477,
            -0.17913
          ],
          [
            -0.094975,
            -0.154738,
            0.318974
          ],
          [
            -0.234404,
            0.189006,
            0.205673
          ],
          [
            0.110214,
            -0.250563,
            0.178849
          ],
          [
            0.029852,
            0.007444,
            -0.347071
          ],
          [
            0.094006,
            -0.634057,
            -0.103838
          ],
          [
            0.056568,
            -0.256738,
            -0.199579
          ],
          [
            0.124912,
            0.082414,
            0.089375
          ],
          [
            0.132471,
            -0.157046,
            0.294017
          ],
          [
            0.064843,
            -0.238226,
            0.299109
          ],
          [
            0.091557,
            -0.031073,
            -0.081676
          ],
          [
            -0.075324,
            -0.171774,
            0.079824
          ],
          [
            -0.448058,
            -0.909525,
            0.606011
          ],
          [
            -0.051251,
            0.113196,
            0.162936
          ],
          [
            -0.082801,
            -0.437847,
            0.116578
          ],
          [
            -0.684791,
            -0.004887,
            -0.269477
          ],
          [
            0.120297,
            -0.416139,
            0.569939
          ],
          [
            -0.378591,
            0.147431,
            -1.123155
          ],
          [
            0.555465,
            0.677861,
            0.259713
          ],
          [
            0.36575,
            -0.357745,
            -0.123532
          ],
          [
            0.46996,
            0.494957,
            0.69
          ],
          [
            1.035986,
            0.507954,
            1.176459
          ],
          [
            0.167456,
            0.098443,
            0.401567
          ],
          [
            0.267498,
            0.166464,
            -0.628703
          ],
          [
            -0.80064,
            0.995303,
            -0.040989
          ],
          [
            -0.9794,
            0.201499,
            -0.287159
          ],
          [
            0.547067,
            -0.640964,
            -0.583936
          ],
          [
            -0.754025,
            -0.789156,
            0.273527
          ],
          [
            -0.336633,
            -0.314292,
            -0.083187
          ],
          [
            -0.396036,
            -0.084299,
            -0.003445
          ],
          [
            0.340902,
            0.47989,
            0.171354
          ],
          [
            0.134126,
            0.114017,
            0.218107
          ],
          [
            -0.605636,
            -0.427588,
            -0.511725
          ],
          [
            0.613138,
            0.586007,
            -0.56995
          ],
          [
            0.623537,
            -0.071271,
            0.127659
          ],
          [
            -0.236935,
            -0.129687,
            0.406745
          ],
          [
            -0.49568,
            0.225087,
            -0.329608
          ],
          [
            0.014549,
            0.099258,
            -0.435911
          ],
          [
            0.193052,
            -0.186127,
            0.211735
          ],
          [
            -0.128497,
            0.202747,
            0.768035
          ],
          [
            0.508988,
            0.195571,
            -0.757596
          ],
          [
            -0.482602,
            0.476947,
            -0.182767
          ],
          [
            0.174879,
            -0.111866,
            0.235737
          ],
          [
            0.37172,
            -0.022883,
            0.010203
          ],
          [
            1.601502,
            1.885586,
            1.25795
          ],
          [
            1.343928,
            -1.473829,
            3.012814
          ],
          [
            -3.649259,
            2.360003,
            0.957296
          ],
          [
            0.851225,
            1.224309,
            1.180446
          ],
          [
            -2.040828,
            -2.033624,
            -0.088252
          ],
          [
            0.963758,
            0.614155,
            2.42087
          ],
          [
            -1.871191,
            -1.187863,
            -2.36098
          ],
          [
            2.416465,
            -0.320078,
            -0.430041
          ],
          [
            -0.437725,
            -0.703575,
            -0.920037
          ],
          [
            0.85749,
            0.862069,
            -0.272093
          ],
          [
            1.140302,
            -2.783499,
            -1.459284
          ],
          [
            0.841132,
            -0.023643,
            -0.431115
          ],
          [
            1.322261,
            1.982849,
            -0.503215
          ],
          [
            1.154318,
            0.488101,
            -0.099204
          ],
          [
            0.140082,
            0.941782,
            1.884479
          ],
          [
            0.010486,
            -0.175102,
            0.603107
          ],
          [
            -0.756126,
            -0.852425,
            -0.090393
          ],
          [
            -1.608936,
            0.2871,
            -0.835817
          ],
          [
            0.141446,
            -0.03832,
            -1.276784
          ],
          [
            -0.33283,
            0.959789,
            -0.422707
          ],
          [
            0.179611,
            -0.578077,
            0.029374
          ],
          [
            0.732023,
            -0.800876,
            -0.163222
          ],
          [
            -0.300082,
            -0.227472,
            -0.849424
          ],
          [
            -0.151825,
            0.157198,
            -0.209009
          ],
          [
            -0.012555,
            -0.418074,
            -0.159199
          ],
          [
            0.409501,
            -0.218734,
            -0.158381
          ],
          [
            -1.819815,
            0.086557,
            -0.708017
          ],
          [
            -0.056784,
            -0.40724,
            -1.171575
          ],
          [
            0.720257,
            0.030766,
            -0.126704
          ],
          [
            -0.978361,
            0.119426,
            1.0637
          ],
          [
            -0.358244,
            0.464646,
            -0.111072
          ],
          [
            -0.461358,
            -0.18852,
            -0.180424
          ]
        ],
        "Lattice": [
          [
            11.254311534,
            0.0,
            0.0
          ],
          [
            5.627155767,
            9.746519691,
            0.0
          ],
          [
            0.0,
            0.0,
            21.483230925
          ]
        ],
        "NumAtoms": 96,
        "Positions": [
          [
            4.22079,
            2.43687,
            0.0
          ],
          [
            7.03437,
            7.31013,
            0.0
          ],
          [
            9.84794,
            2.43687,
            0.0
          ],
          [
            12.66152,
            7.31013,
            0.0
          ],
          [
            1.40693,
            2.43687,
            0.0
          ],
          [
            4.22051,
            7.31013,
            0.0
          ],
          [
            7.03409,
            2.43687,
            0.0
          ],
          [
            9.84766,
            7.31013,
            0.0
          ],
          [
            2.81385,
            0.0,
            0.0
          ],
          [
            5.62743,
            4.87326,
            0.0
          ],
          [
            8.44101,
            0.0,
            0.0
          ],
          [
            11.25459,
            4.87326,
            0.0
          ],
          [
            0.0,
            0.0,
            0.0
          ],
          [
            2.81358,
            4.87326,
            0.0
          ],
          [
            5.62716,
            0.0,
            0.0
          ],
          [
            8.44073,
            4.87326,
            0.0
          ],
          [
            7.03462,
            4.06144,
            2.2975
          ],
          [
            9.8482,
            8.9347,
            2.2975
          ],
          [
            12.66177,
            4.06144,
            2.2975
          ],
          [
            15.47535,
            8.9347,
            2.2975
          ],
          [
            5.62769,
            1.62456,
            2.2975
          ],
          [
            8.44127,
            6.49782,
            2.2975
          ],
          [
            11.25484,
            1.62456,
            2.2975
          ],
          [
            14.06842,
            6.49782,
            2.2975
          ],
          [
            2.81383,
            1.62456,
            2.2975
          ],
          [
            5.62741,
            6.49782,
            2.2975
          ],
          [
            8.44098,
            1.62456,
            2.2975
          ],
          [
            11.25456,
            6.49782,
            2.2975
          ],
          [
            4.22076,
            4.06144,
            2.2975
          ],
          [
            7.03434,
            8.9347,
            2.2975
          ],
          [
            9.84791,
            4.06144,
            2.2975
          ],
          [
            12.66149,
            8.9347,
            2.2975
          ],
          [
            1.39387,
            0.82263,
            4.5142
          ],
          [
            4.20024,
            5.47938,
            4.62957
          ],
          [
            7.0418,
            0.72915,
            4.56966
          ],
          [
            9.95879,
            5.58814,
            4.5585
          ],
          [
            4.17732,
            0.81151,
            4.52554
          ],
          [
            7.09539,
            5.57598,
            4.69288
          ],
          [
            9.8126,
            0.6102,
            4.56841
          ],
          [
            12.67175,
            5.63711,
            4.61771
          ],
          [
            2.71439,
            3.16346,
            4.56189
          ],
          [
            5.55458,
            7.91697,
            4.49424
          ],
          [
            8.43754,
            3.13335,
            4.50612
          ],
          [
            11.29319,
            8.05265,
            4.63624
          ],
          [
            5.69597,
            3.06138,
            4.60588
          ],
          [
            8.54905,
            8.03185,
            4.5898
          ],
          [
            11.16223,
            3.18991,
            4.67167
          ],
          [
            14.11108,
            8.04474,
            4.5466
          ],
          [
            8.43799,
            9.54679,
            6.8926
          ],
          [
            5.63159,
            4.64116,
            6.90885
          ],
          [
            13.92551,
            9.37244,
            6.86813
          ],
          [
            11.19312,
            4.54455,
            6.97621
          ],
          [
            5.71651,
            9.4917,
            6.89981
          ],
          [
            2.63015,
            4.50898,
            7.07344
          ],
          [
            11.104,
            9.59159,
            6.84838
          ],
          [
            8.49116,
            4.59492,
            6.82567
          ],
          [
            1.39338,
            2.11698,
            7.02244
          ],
          [
            4.18802,
            7.01258,
            6.94759
          ],
          [
            6.94698,
            2.21732,
            6.88922
          ],
          [
            9.86839,
            7.0385,
            6.80367
          ],
          [
            4.09111,
            2.22558,
            7.07024
          ],
          [
            7.10939,
            7.03892,
            6.9446
          ],
          [
            9.73872,
            2.09498,
            6.82969
          ],
          [
            12.59141,
            6.99736,
            6.94873
          ],
          [
            8.37359,
            9.61565,
            13.01731
          ],
          [
            7.31798,
            8.96222,
            13.81676
          ],
          [
            7.08601,
            6.56271,
            11.06264
          ],
          [
            6.01793,
            5.46521,
            11.26918
          ],
          [
            10.27987,
            3.49013,
            10.45445
          ],
          [
            10.90145,
            2.12648,
            10.63226
          ],
          [
            5.94263,
            1.95649,
            11.13479
          ],
          [
            4.56104,
            2.06393,
            10.40767
          ],
          [
            3.46007,
            0.76573,
            13.56208
          ],
          [
            8.59216,
            9.26354,
            11.77829
          ],
          [
            6.69063,
            7.74439,
            11.43269
          ],
          [
            8.26277,
            6.39908,
            10.56295
          ],
          [
            10.82629,
            4.47724,
            10.08663
          ],
          [
            8.8702,
            3.56289,
            10.58906
          ],
          [
            6.91643,
            1.6939,
            10.39087
          ],
          [
            5.88405,
            1.91109,
            12.45319
          ],
          [
            7.84403,
            8.68602,
            11.43582
          ],
          [
            6.35578,
            9.3725,
            13.69103
          ],
          [
            7.50943,
            9.18331,
            14.92949
          ],
          [
            7.34576,
            7.83365,
            13.77741
          ],
          [
            8.47245,
            5.46453,
            10.32228
          ],
          [
            5.02802,
            5.99175,
            11.1266
          ],
          [
            6.1197,
            5.29456,
            12.39169
          ],
          [
            6.18836,
            4.51705,
            10.74341
          ],
          [
            8.3548,
            2.72557,
            10.73667
          ],
          [
            10.18817,
            1.48521,
            11.18573
          ],
          [
            11.93671,
            2.19353,
            11.1999
          ],
          [
            11.1774,
            1.69808,
            9.69061
          ],
          [
            4.92169,
            1.6993,
            12.78063
          ],
          [
            4.88406,
            2.27621,
            9.32065
          ],
          [
            3.85262,
            2.72099,
            10.89968
          ],
          [
            4.21775,
            1.02459,
            10.47245
          ]
        ],
        "Stress": [
          [
            -68.77806,
            2.43967,
            0.66165
          ],
          [
            2.43967,
            -66.6829,
            1.5931
          ],
          [
            0.66165,
            1.5931,
            -20.49147
          ]
        ],
        "computation_code": "VASP",
        "pseudopotential_information": [
          [
            "PAW_PBE",
            "Pt",
            "04Feb2005"
          ],
          [
            "PAW_PBE",
            "C",
            "08Apr2002"
          ],
          [
            "PAW_PBE",
            "O",
            "08Apr2002"
          ],
          [
            "PAW_PBE",
            "H",
            "15Jun2001"
          ]
        ]
      }
    ],
    "EnergyStyle": "electronvolt",
    "ForcesStyle": "electronvoltperangstrom",
    "LatticeStyle": "angstrom",
    "PositionsStyle": "angstrom",
    "StressStyle": "kB"
  }
}