{
  "Dataset": {
    "AtomTypeStyle": "chemicalsymbol",
    "Data": [
      {
        "AtomTypes": [
          "Pt",
          "Pt",
          "Pt",
          "Pt",
          "Pt",
          "Pt",
          "Pt",
          "Pt",
          "Pt",
          "Pt",
          "Pt",
          "Pt",
          "Pt",
          "Pt",
          "Pt",
          "Pt",
          "Pt",
          "Pt",
          "Pt",
          "Pt",
          "Pt",
          "Pt",
          "Pt",
          "Pt",
          "Pt",
          "Pt",
          "Pt",
          "Pt",
          "Pt",
          "Pt",
          "Pt",
          "Pt",
          "Pt",
          "Pt",
          "Pt",
          "Pt",
          "Pt",
          "Pt",
          "Pt",
          "Pt",
          "Pt",
          "Pt",
          "Pt",
          "Pt",
          "Pt",
          "Pt",
          "Pt",
          "Pt",
          "Pt",
          "Pt",
          "Pt",
          "Pt",
          "Pt",
          "Pt",
          "Pt",
          "Pt",
          "Pt",
          "Pt",
          "Pt",
          "Pt",
          "Pt",
          "Pt",
          "Pt",
          "Pt",
          "C",
          "C",
          "C",
          "C",
          "C",
          "C",
          "C",
          "C",
          "O",
          "O",
          "O",
          "O",
          "O",
          "O",
          "O",
          "O",
          "H",
          "H",
          "H",
          "H",
          "H",
          "H",
          "H",
          "H",
          "H",
          "H",
          "H",
          "H",
          "H",
          "H",
          "H",
          "H"
        ],
        "Energy": -360.9058806,
        "Forces": [
          [
            0.041382,
            0.010128,
            -0.019462
          ],
          [
            0.061706,
            -0.020245,
            -0.076995
          ],
          [
            -0.041459,
            0.024849,
            -0.092319
          ],
          [
            -0.064285,
            0.007064,
            -0.045847
          ],
          [
            -0.024451,
            -0.003054,
            0.043077
          ],
          [
            0.008377,
            0.020894,
            0.006524
          ],
          [
            0.039792,
            0.012644,
            -0.014497
          ],
          [
            0.024978,
            -0.001225,
            -0.088747
          ],
          [
            0.00569,
            -0.042604,
            -0.027812
          ],
          [
            0.04928,
            0.030763,
            -0.006089
          ],
          [
            0.04415,
            0.042288,
            -0.038485
          ],
          [
            -0.027581,
            0.02825,
            -0.08325
          ],
          [
            -0.00818,
            0.035933,
            -0.056383
          ],
          [
            -0.016143,
            0.060926,
            -0.022367
          ],
          [
            -0.003595,
            -0.0331,
            -0.043722
          ],
          [
            0.053823,
            0.061087,
            -0.087958
          ],
          [
            -0.194042,
            -0.002898,
            0.184596
          ],
          [
            -0.039818,
            0.041559,
            0.579674
          ],
          [
            0.056115,
            -0.11785,
            0.256792
          ],
          [
            -0.019283,
            -0.152829,
            -0.347211
          ],
          [
            -0.134553,
            0.019398,
            0.389196
          ],
          [
            -0.01382,
            0.094334,
            0.386215
          ],
          [
            0.360197,
            0.048364,
            -0.15597
          ],
          [
            -0.019653,
            -0.178816,
            0.107211
          ],
          [
            0.001799,
            -0.019698,
            0.582335
          ],
          [
            -0.033935,
            -0.180692,
            0.144002
          ],
          [
            -0.177968,
            0.029407,
            0.046884
          ],
          [
            0.014088,
            0.09462,
            0.248351
          ],
          [
            -0.095828,
            -0.194973,
            0.642648
          ],
          [
            0.201668,
            0.117933,
            0.293318
          ],
          [
            0.055536,
            0.054629,
            -0.067515
          ],
          [
            -0.188494,
            0.04033,
            0.172217
          ],
          [
            0.312548,
            -0.145761,
            -0.354136
          ],
          [
            0.087407,
            -0.066628,
            -0.021952
          ],
          [
            0.181279,
            -0.098852,
            -0.394292
          ],
          [
            -0.328426,
            -0.021353,
            0.049874
          ],
          [
            -0.157513,
            -0.231324,
            -0.273583
          ],
          [
            0.163712,
            0.170252,
            -0.194088
          ],
          [
            -0.649331,
            -0.123647,
            0.419034
          ],
          [
            -0.083669,
            0.033401,
            -0.007366
          ],
          [
            0.187035,
            -0.04392,
            -0.122337
          ],
          [
            0.172809,
            -0.074629,
            0.023439
          ],
          [
            0.00549,
            -0.281032,
            -0.104941
          ],
          [
            -0.000545,
            -0.033503,
            -0.395169
          ],
          [
            -0.290853,
            0.268113,
            -0.063521
          ],
          [
            0.043911,
            0.014104,
            -0.532922
          ],
          [
            0.311883,
            0.414052,
            0.014633
          ],
          [
            -0.130608,
            -0.006993,
            0.159059
          ],
          [
            0.096622,
            0.548359,
            -0.212136
          ],
          [
            0.180635,
            0.008894,
            -0.620911
          ],
          [
            -0.09816,
            0.168559,
            0.50628
          ],
          [
            0.006271,
            0.177373,
            0.034962
          ],
          [
            0.332156,
            0.432174,
            0.261854
          ],
          [
            0.133264,
            -0.299069,
            -0.148548
          ],
          [
            -0.112383,
            -0.076391,
            0.356301
          ],
          [
            0.010185,
            0.00017,
            0.36791
          ],
          [
            0.032358,
            -0.453602,
            -0.290603
          ],
          [
            -0.442039,
            -0.286775,
            -0.266614
          ],
          [
            -0.194607,
            0.497628,
            -0.403301
          ],
          [
            0.00599,
            -0.088781,
            -0.691035
          ],
          [
            -0.193729,
            -0.054072,
            -0.548076
          ],
          [
            0.119316,
            -0.375596,
            0.514979
          ],
          [
            0.414737,
            0.051513,
            0.322839
          ],
          [
            -0.012479,
            -0.151543,
            -0.087218
          ],
          [
            -0.503962,
            -0.888328,
            -0.53659
          ],
          [
            -1.23212,
            0.635821,
            1.127014
          ],
          [
            1.442192,
            0.891092,
            -0.383808
          ],
          [
            0.293861,
            -1.023647,
            0.446608
          ],
          [
            -0.294063,
            -0.305294,
            -0.522983
          ],
          [
            0.276575,
            -0.897524,
            -0.42066
          ],
          [
            0.445743,
            -0.39159,
            -0.311864
          ],
          [
            0.604229,
            -0.339775,
            -2.141881
          ],
          [
            1.325194,
            0.649563,
            0.279928
          ],
          [
            -0.424112,
            0.07272,
            -0.247638
          ],
          [
            -1.969705,
            0.562539,
            1.174823
          ],
          [
            0.473634,
            0.332939,
            0.102226
          ],
          [
            -0.641617,
            0.507407,
            0.127619
          ],
          [
            -0.110591,
            0.286341,
            0.409694
          ],
          [
            -1.929029,
            0.734827,
            0.7935
          ],
          [
            1.080475,
            -1.536301,
            0.241608
          ],
          [
            0.624615,
            0.252822,
            0.029868
          ],
          [
            -0.524578,
            0.557078,
            -0.936978
          ],
          [
            0.185896,
            -0.798242,
            -0.096523
          ],
          [
            -0.276622,
            -0.294967,
            -0.093666
          ],
          [
            -0.404146,
            -0.730909,
            -0.510738
          ],
          [
            0.093583,
            -0.076111,
            0.036734
          ],
          [
            0.113613,
            0.043458,
            -0.047508
          ],
          [
            0.881874,
            0.009643,
            -0.631175
          ],
          [
            -0.02767,
            0.096802,
            -0.220706
          ],
          [
            -0.039954,
            0.386392,
            0.571793
          ],
          [
            0.56263,
            0.588841,
            -0.252806
          ],
          [
            0.263117,
            -0.432092,
            0.242565
          ],
          [
            -1.775028,
            0.827564,
            0.361779
          ],
          [
            0.423603,
            -0.197606,
            0.6017
          ],
          [
            0.487317,
            0.617052,
            0.456902
          ],
          [
            0.546017,
            0.049756,
            -0.021151
          ]
        ],
        "Lattice": [
          [
            11.254311534,
            0.0,
            0.0
          ],
          [
            5.627155767,
            9.746519691,
            0.0
          ],
          [
            0.0,
            0.0,
            21.483230925
          ]
        ],
        "NumAtoms": 96,
        "Positions": [
          [
            4.22079,
            2.43687,
            0.0
          ],
          [
            7.03437,
            7.31013,
            0.0
          ],
          [
            9.84794,
            2.43687,
            0.0
          ],
          [
            12.66152,
            7.31013,
            0.0
          ],
          [
            1.40693,
            2.43687,
            0.0
          ],
          [
            4.22051,
            7.31013,
            0.0
          ],
          [
            7.03409,
            2.43687,
            0.0
          ],
          [
            9.84766,
            7.31013,
            0.0
          ],
          [
            2.81385,
            0.0,
            0.0
          ],
          [
            5.62743,
            4.87326,
            0.0
          ],
          [
            8.44101,
            0.0,
            0.0
          ],
          [
            11.25459,
            4.87326,
            0.0
          ],
          [
            0.0,
            0.0,
            0.0
          ],
          [
            2.81358,
            4.87326,
            0.0
          ],
          [
            5.62716,
            0.0,
            0.0
          ],
          [
            8.44073,
            4.87326,
            0.0
          ],
          [
            7.03462,
            4.06144,
            2.2975
          ],
          [
            9.8482,
            8.9347,
            2.2975
          ],
          [
            12.66177,
            4.06144,
            2.2975
          ],
          [
            15.47535,
            8.9347,
            2.2975
          ],
          [
            5.62769,
            1.62456,
            2.2975
          ],
          [
            8.44127,
            6.49782,
            2.2975
          ],
          [
            11.25484,
            1.62456,
            2.2975
          ],
          [
            14.06842,
            6.49782,
            2.2975
          ],
          [
            2.81383,
            1.62456,
            2.2975
          ],
          [
            5.62741,
            6.49782,
            2.2975
          ],
          [
            8.44098,
            1.62456,
            2.2975
          ],
          [
            11.25456,
            6.49782,
            2.2975
          ],
          [
            4.22076,
            4.06144,
            2.2975
          ],
          [
            7.03434,
            8.9347,
            2.2975
          ],
          [
            9.84791,
            4.06144,
            2.2975
          ],
          [
            12.66149,
            8.9347,
            2.2975
          ],
          [
            1.40456,
            0.80808,
            4.67137
          ],
          [
            4.19157,
            5.62644,
            4.63626
          ],
          [
            6.98935,
            0.80952,
            4.60365
          ],
          [
            9.87015,
            5.70351,
            4.57557
          ],
          [
            4.18762,
            0.85646,
            4.66941
          ],
          [
            6.94236,
            5.63175,
            4.60015
          ],
          [
            9.89554,
            0.78485,
            4.47466
          ],
          [
            12.67964,
            5.64193,
            4.58668
          ],
          [
            2.77684,
            3.22817,
            4.69609
          ],
          [
            5.5989,
            8.07767,
            4.53294
          ],
          [
            8.38224,
            3.26271,
            4.54463
          ],
          [
            11.22746,
            8.10709,
            4.64728
          ],
          [
            5.61012,
            3.19605,
            4.68516
          ],
          [
            8.44934,
            8.10454,
            4.65754
          ],
          [
            11.2202,
            3.18844,
            4.56971
          ],
          [
            14.06514,
            8.07287,
            4.53599
          ],
          [
            8.40292,
            9.61776,
            6.99226
          ],
          [
            5.54801,
            4.78849,
            7.09379
          ],
          [
            14.05369,
            9.63942,
            6.75847
          ],
          [
            11.20985,
            4.81081,
            6.83475
          ],
          [
            16.79973,
            9.63362,
            6.81607
          ],
          [
            14.03282,
            4.90367,
            7.01029
          ],
          [
            11.21421,
            9.68203,
            6.89952
          ],
          [
            8.38747,
            4.82252,
            6.79738
          ],
          [
            1.42867,
            2.45713,
            7.00935
          ],
          [
            4.24444,
            7.25052,
            6.95741
          ],
          [
            6.99096,
            2.29905,
            7.02547
          ],
          [
            9.81819,
            7.2453,
            7.10926
          ],
          [
            4.22704,
            2.3804,
            7.13719
          ],
          [
            6.98525,
            7.27329,
            6.8287
          ],
          [
            9.71362,
            2.34596,
            6.74305
          ],
          [
            12.62872,
            7.28083,
            6.91467
          ],
          [
            7.08361,
            8.44351,
            10.97885
          ],
          [
            8.57462,
            8.68707,
            10.72034
          ],
          [
            11.94092,
            7.35186,
            11.20883
          ],
          [
            12.30489,
            6.04791,
            10.65738
          ],
          [
            6.6461,
            4.24184,
            10.99039
          ],
          [
            5.22591,
            4.81369,
            11.21108
          ],
          [
            11.03233,
            2.34371,
            9.8589
          ],
          [
            9.70445,
            1.85701,
            10.56092
          ],
          [
            6.15326,
            8.24432,
            10.1892
          ],
          [
            6.75844,
            8.19475,
            12.30054
          ],
          [
            10.79721,
            7.49742,
            11.51515
          ],
          [
            12.73553,
            8.47059,
            11.24966
          ],
          [
            7.19929,
            3.38791,
            11.66679
          ],
          [
            7.32288,
            4.68404,
            9.88098
          ],
          [
            12.02545,
            1.66791,
            9.48735
          ],
          [
            11.10292,
            3.68276,
            9.54981
          ],
          [
            7.50628,
            8.07609,
            12.90539
          ],
          [
            8.88041,
            9.33842,
            9.91869
          ],
          [
            9.01998,
            7.73039,
            10.50936
          ],
          [
            9.08622,
            9.10155,
            11.61344
          ],
          [
            13.69215,
            8.45583,
            11.49971
          ],
          [
            13.36465,
            5.76127,
            10.67177
          ],
          [
            11.94775,
            6.01616,
            9.61104
          ],
          [
            11.64068,
            5.36929,
            11.26543
          ],
          [
            6.79831,
            5.35604,
            9.38559
          ],
          [
            5.24407,
            5.30838,
            12.17463
          ],
          [
            4.5016,
            3.95017,
            11.31303
          ],
          [
            4.88079,
            5.54494,
            10.43888
          ],
          [
            10.26509,
            4.11714,
            9.63625
          ],
          [
            9.89537,
            1.32134,
            11.48018
          ],
          [
            9.24594,
            1.07973,
            9.85801
          ],
          [
            8.91748,
            2.62188,
            10.72595
          ]
        ],
        "Stress": [
          [
            -73.16471,
            -2.97989,
            1.40136
          ],
          [
            -2.97989,
            -69.64307,
            0.76741
          ],
          [
            1.40136,
            0.76741,
            -22.73322
          ]
        ],
        "computation_code": "VASP",
        "pseudopotential_information": [
          [
            "PAW_PBE",
            "Pt",
            "04Feb2005"
          ],
          [
            "PAW_PBE",
            "C",
            "08Apr2002"
          ],
          [
            "PAW_PBE",
            "O",
            "08Apr2002"
          ],
          [
            "PAW_PBE",
            "H",
            "15Jun2001"
          ]
        ]
      }
    ],
    "EnergyStyle": "electronvolt",
    "ForcesStyle": "electronvoltperangstrom",
    "LatticeStyle": "angstrom",
    "PositionsStyle": "angstrom",
    "StressStyle": "kB"
  }
}