{
  "Dataset": {
    "AtomTypeStyle": "chemicalsymbol",
    "Data": [
      {
        "AtomTypes": [
          "Pt",
          "Pt",
          "Pt",
          "Pt",
          "Pt",
          "Pt",
          "Pt",
          "Pt",
          "Pt",
          "Pt",
          "Pt",
          "Pt",
          "Pt",
          "Pt",
          "Pt",
          "Pt",
          "Pt",
          "Pt",
          "Pt",
          "Pt",
          "Pt",
          "Pt",
          "Pt",
          "Pt",
          "Pt",
          "Pt",
          "Pt",
          "Pt",
          "Pt",
          "Pt",
          "Pt",
          "Pt",
          "Pt",
          "Pt",
          "Pt",
          "Pt",
          "Pt",
          "Pt",
          "Pt",
          "Pt",
          "Pt",
          "Pt",
          "Pt",
          "Pt",
          "Pt",
          "Pt",
          "Pt",
          "Pt",
          "Pt",
          "Pt",
          "Pt",
          "Pt",
          "Pt",
          "Pt",
          "Pt",
          "Pt",
          "Pt",
          "Pt",
          "Pt",
          "Pt",
          "Pt",
          "Pt",
          "Pt",
          "Pt",
          "C",
          "C",
          "C",
          "C",
          "C",
          "C",
          "C",
          "C",
          "O",
          "O",
          "O",
          "O",
          "O",
          "O",
          "O",
          "O",
          "H",
          "H",
          "H",
          "H",
          "H",
          "H",
          "H",
          "H",
          "H",
          "H",
          "H",
          "H",
          "H",
          "H",
          "H",
          "H"
        ],
        "Energy": -360.0855729,
        "Forces": [
          [
            0.041662,
            0.044938,
            -0.09806
          ],
          [
            0.007674,
            -0.024216,
            -0.044271
          ],
          [
            -0.062105,
            0.04199,
            -0.012138
          ],
          [
            -0.005503,
            0.106797,
            -0.061324
          ],
          [
            0.095136,
            0.073986,
            -0.108591
          ],
          [
            0.060175,
            -0.008454,
            -0.079918
          ],
          [
            -0.05186,
            0.140854,
            -0.150555
          ],
          [
            0.021851,
            -0.012816,
            -0.07375
          ],
          [
            0.035002,
            -0.011141,
            -0.034282
          ],
          [
            0.019902,
            0.042642,
            -0.178464
          ],
          [
            -0.02946,
            0.01837,
            -0.047006
          ],
          [
            -0.021857,
            0.092472,
            -0.063269
          ],
          [
            0.006266,
            0.081708,
            0.016953
          ],
          [
            0.074164,
            0.00637,
            0.016273
          ],
          [
            -0.013513,
            0.108072,
            -0.058908
          ],
          [
            0.038615,
            -0.033369,
            -0.085489
          ],
          [
            0.12384,
            -0.237766,
            0.197839
          ],
          [
            -0.107548,
            0.262861,
            0.457322
          ],
          [
            0.075951,
            -0.15467,
            0.226057
          ],
          [
            -0.007754,
            0.030178,
            1.089632
          ],
          [
            -0.066638,
            -0.243091,
            0.32224
          ],
          [
            -0.007303,
            0.246781,
            0.001628
          ],
          [
            -0.054344,
            -0.538722,
            0.380343
          ],
          [
            -0.046723,
            -0.125523,
            0.323405
          ],
          [
            -0.107204,
            -0.029332,
            0.827738
          ],
          [
            -0.092661,
            0.157612,
            0.173628
          ],
          [
            0.322049,
            -0.133235,
            0.412905
          ],
          [
            0.017999,
            -0.11368,
            0.236453
          ],
          [
            -0.324384,
            -0.037027,
            0.273684
          ],
          [
            -0.07157,
            0.189151,
            0.494854
          ],
          [
            -0.194575,
            -0.135661,
            0.515449
          ],
          [
            0.247015,
            -0.314448,
            0.205282
          ],
          [
            0.49318,
            0.541522,
            -0.587786
          ],
          [
            -0.254428,
            -0.512437,
            -0.620534
          ],
          [
            -0.630888,
            -0.394501,
            -0.142154
          ],
          [
            0.781151,
            -0.349361,
            0.356355
          ],
          [
            -0.215007,
            -0.872572,
            -1.136264
          ],
          [
            -0.153533,
            -0.518133,
            0.638827
          ],
          [
            -0.074873,
            0.00766,
            -1.181696
          ],
          [
            -0.128279,
            0.65634,
            0.224933
          ],
          [
            0.449226,
            -0.647791,
            -0.81813
          ],
          [
            -1.413595,
            -0.045358,
            -1.080013
          ],
          [
            0.342217,
            0.778555,
            -0.733981
          ],
          [
            0.110546,
            -0.089489,
            0.382225
          ],
          [
            0.732959,
            -0.071219,
            0.271593
          ],
          [
            0.759093,
            -0.299536,
            0.029818
          ],
          [
            -0.468229,
            0.4316,
            0.576967
          ],
          [
            -0.063881,
            1.130909,
            -0.455078
          ],
          [
            -0.065375,
            0.049073,
            -0.651762
          ],
          [
            0.466245,
            0.882983,
            -0.260467
          ],
          [
            0.382768,
            -0.37959,
            -0.423833
          ],
          [
            0.338992,
            0.112762,
            -0.788776
          ],
          [
            0.162697,
            0.817953,
            0.461837
          ],
          [
            -0.425039,
            -0.189647,
            -0.215681
          ],
          [
            0.067493,
            -0.289429,
            -0.301362
          ],
          [
            0.366514,
            0.010288,
            -0.474181
          ],
          [
            0.390277,
            -0.045115,
            0.402971
          ],
          [
            -0.315538,
            0.210184,
            0.926618
          ],
          [
            -0.519871,
            0.455291,
            1.077231
          ],
          [
            -0.196336,
            0.46063,
            -0.306094
          ],
          [
            -0.356282,
            -0.160221,
            0.202987
          ],
          [
            0.54638,
            -0.508721,
            0.110676
          ],
          [
            -0.675472,
            -0.371694,
            -0.462081
          ],
          [
            -0.413037,
            -0.259089,
            -0.249111
          ],
          [
            0.375095,
            -0.721283,
            -0.326341
          ],
          [
            0.526743,
            0.888601,
            1.28903
          ],
          [
            -0.976138,
            1.263645,
            0.831749
          ],
          [
            -1.205392,
            0.990788,
            -0.621866
          ],
          [
            1.86606,
            -0.486944,
            -0.770381
          ],
          [
            -1.118901,
            0.765942,
            -2.131718
          ],
          [
            -0.007774,
            0.152979,
            -2.473006
          ],
          [
            1.184711,
            0.301245,
            1.870806
          ],
          [
            0.544202,
            0.897205,
            0.378235
          ],
          [
            0.963487,
            1.539327,
            0.19108
          ],
          [
            -0.101251,
            -2.180359,
            0.281675
          ],
          [
            2.730616,
            -1.101392,
            -0.985641
          ],
          [
            -0.51372,
            -0.156278,
            0.39208
          ],
          [
            -0.738524,
            0.16091,
            0.452609
          ],
          [
            -2.062154,
            -0.168052,
            0.155187
          ],
          [
            -0.567453,
            0.336985,
            0.91922
          ],
          [
            -1.240931,
            -1.503361,
            -0.269869
          ],
          [
            -0.31647,
            -0.660971,
            -0.087308
          ],
          [
            -0.119426,
            -0.321992,
            -1.415265
          ],
          [
            -0.703274,
            -0.346734,
            0.210494
          ],
          [
            -0.793422,
            1.186608,
            0.06492
          ],
          [
            -0.064308,
            -0.102018,
            -0.922957
          ],
          [
            0.188702,
            0.017299,
            0.039509
          ],
          [
            0.517073,
            -0.047689,
            1.090619
          ],
          [
            1.14917,
            -0.25613,
            -0.068281
          ],
          [
            0.24428,
            -0.434581,
            -0.181876
          ],
          [
            0.516592,
            0.107654,
            0.303616
          ],
          [
            -0.760694,
            0.542605,
            2.157141
          ],
          [
            -0.133615,
            -0.508822,
            0.663998
          ],
          [
            0.200707,
            0.463729,
            -0.16094
          ],
          [
            1.024346,
            -0.336789,
            -0.800855
          ],
          [
            -0.526975,
            -0.319694,
            -0.046829
          ]
        ],
        "Lattice": [
          [
            11.254311534,
            0.0,
            0.0
          ],
          [
            5.627155767,
            9.746519691,
            0.0
          ],
          [
            0.0,
            0.0,
            21.483230925
          ]
        ],
        "NumAtoms": 96,
        "Positions": [
          [
            4.22079,
            2.43687,
            0.0
          ],
          [
            7.03437,
            7.31013,
            0.0
          ],
          [
            9.84794,
            2.43687,
            0.0
          ],
          [
            12.66152,
            7.31013,
            0.0
          ],
          [
            1.40693,
            2.43687,
            0.0
          ],
          [
            4.22051,
            7.31013,
            0.0
          ],
          [
            7.03409,
            2.43687,
            0.0
          ],
          [
            9.84766,
            7.31013,
            0.0
          ],
          [
            2.81385,
            0.0,
            0.0
          ],
          [
            5.62743,
            4.87326,
            0.0
          ],
          [
            8.44101,
            0.0,
            0.0
          ],
          [
            11.25459,
            4.87326,
            0.0
          ],
          [
            0.0,
            0.0,
            0.0
          ],
          [
            2.81358,
            4.87326,
            0.0
          ],
          [
            5.62716,
            0.0,
            0.0
          ],
          [
            8.44073,
            4.87326,
            0.0
          ],
          [
            7.03462,
            4.06144,
            2.2975
          ],
          [
            9.8482,
            8.9347,
            2.2975
          ],
          [
            12.66177,
            4.06144,
            2.2975
          ],
          [
            15.47535,
            8.9347,
            2.2975
          ],
          [
            5.62769,
            1.62456,
            2.2975
          ],
          [
            8.44127,
            6.49782,
            2.2975
          ],
          [
            11.25484,
            1.62456,
            2.2975
          ],
          [
            14.06842,
            6.49782,
            2.2975
          ],
          [
            2.81383,
            1.62456,
            2.2975
          ],
          [
            5.62741,
            6.49782,
            2.2975
          ],
          [
            8.44098,
            1.62456,
            2.2975
          ],
          [
            11.25456,
            6.49782,
            2.2975
          ],
          [
            4.22076,
            4.06144,
            2.2975
          ],
          [
            7.03434,
            8.9347,
            2.2975
          ],
          [
            9.84791,
            4.06144,
            2.2975
          ],
          [
            12.66149,
            8.9347,
            2.2975
          ],
          [
            1.32345,
            0.68327,
            4.76881
          ],
          [
            4.28705,
            5.62581,
            4.63031
          ],
          [
            7.1454,
            0.65288,
            4.54327
          ],
          [
            9.70548,
            5.63129,
            4.59032
          ],
          [
            4.17469,
            0.86766,
            4.74151
          ],
          [
            7.04964,
            5.61587,
            4.54755
          ],
          [
            9.85027,
            0.5953,
            4.94042
          ],
          [
            12.53051,
            5.5042,
            4.63096
          ],
          [
            2.6977,
            3.2474,
            4.73178
          ],
          [
            5.79554,
            8.01943,
            4.70082
          ],
          [
            8.4295,
            3.06353,
            4.67645
          ],
          [
            11.20715,
            8.05951,
            4.5577
          ],
          [
            5.50027,
            3.19399,
            4.53422
          ],
          [
            8.44209,
            8.16309,
            4.64576
          ],
          [
            11.21692,
            3.08782,
            4.54194
          ],
          [
            14.04449,
            7.82479,
            4.69471
          ],
          [
            8.41097,
            9.47992,
            7.15639
          ],
          [
            5.54546,
            4.43725,
            7.01015
          ],
          [
            13.92598,
            9.5336,
            7.09688
          ],
          [
            11.14824,
            4.66618,
            7.0998
          ],
          [
            5.56068,
            9.3362,
            7.07763
          ],
          [
            2.81222,
            4.72489,
            7.0326
          ],
          [
            11.16865,
            9.5258,
            6.93939
          ],
          [
            8.28808,
            4.62904,
            7.03692
          ],
          [
            12.54971,
            2.27395,
            6.94186
          ],
          [
            4.27395,
            6.9892,
            6.87488
          ],
          [
            7.04034,
            2.12719,
            6.7401
          ],
          [
            9.79796,
            6.99178,
            6.99573
          ],
          [
            4.12892,
            2.207,
            6.9992
          ],
          [
            6.986,
            7.05312,
            6.9844
          ],
          [
            9.90307,
            2.29551,
            7.0871
          ],
          [
            12.63111,
            7.10522,
            6.97928
          ],
          [
            8.96715,
            9.63038,
            12.98277
          ],
          [
            8.26808,
            9.05096,
            14.1645
          ],
          [
            7.45049,
            5.75424,
            11.50266
          ],
          [
            6.52733,
            4.61419,
            11.91914
          ],
          [
            10.65261,
            2.32741,
            10.36003
          ],
          [
            10.84233,
            0.78195,
            10.44644
          ],
          [
            6.50963,
            1.26612,
            10.78456
          ],
          [
            5.11324,
            1.22744,
            10.03778
          ],
          [
            4.22357,
            0.73038,
            13.06964
          ],
          [
            8.71581,
            9.08073,
            11.79722
          ],
          [
            7.14953,
            6.99293,
            11.50149
          ],
          [
            8.663,
            5.41257,
            11.25135
          ],
          [
            11.57114,
            3.0142,
            9.88553
          ],
          [
            9.51529,
            2.90127,
            10.76079
          ],
          [
            7.58908,
            1.61262,
            10.20833
          ],
          [
            6.5723,
            0.69794,
            11.94391
          ],
          [
            8.16834,
            8.27788,
            11.80131
          ],
          [
            7.19975,
            9.28691,
            14.0968
          ],
          [
            8.6184,
            9.4799,
            15.16918
          ],
          [
            8.56108,
            7.99256,
            14.13032
          ],
          [
            9.02474,
            4.4098,
            11.12139
          ],
          [
            6.18196,
            4.79908,
            12.97905
          ],
          [
            7.01204,
            3.63499,
            11.86598
          ],
          [
            5.66657,
            4.61971,
            11.1619
          ],
          [
            8.56627,
            2.30837,
            10.67361
          ],
          [
            9.84361,
            0.36059,
            10.66708
          ],
          [
            0.29279,
            0.45517,
            11.20164
          ],
          [
            11.23367,
            0.42697,
            9.34673
          ],
          [
            5.60973,
            0.71037,
            12.2894
          ],
          [
            5.04243,
            1.96697,
            9.2415
          ],
          [
            4.22246,
            1.31407,
            10.74417
          ],
          [
            5.20083,
            0.24264,
            9.54919
          ]
        ],
        "Stress": [
          [
            -72.6774,
            4.30646,
            -0.57775
          ],
          [
            4.30646,
            -74.45328,
            -0.7293
          ],
          [
            -0.57775,
            -0.7293,
            -28.51342
          ]
        ],
        "computation_code": "VASP",
        "pseudopotential_information": [
          [
            "PAW_PBE",
            "Pt",
            "04Feb2005"
          ],
          [
            "PAW_PBE",
            "C",
            "08Apr2002"
          ],
          [
            "PAW_PBE",
            "O",
            "08Apr2002"
          ],
          [
            "PAW_PBE",
            "H",
            "15Jun2001"
          ]
        ]
      }
    ],
    "EnergyStyle": "electronvolt",
    "ForcesStyle": "electronvoltperangstrom",
    "LatticeStyle": "angstrom",
    "PositionsStyle": "angstrom",
    "StressStyle": "kB"
  }
}