{
  "Dataset": {
    "AtomTypeStyle": "chemicalsymbol",
    "Data": [
      {
        "AtomTypes": [
          "Pt",
          "Pt",
          "Pt",
          "Pt",
          "Pt",
          "Pt",
          "Pt",
          "Pt",
          "Pt",
          "Pt",
          "Pt",
          "Pt",
          "Pt",
          "Pt",
          "Pt",
          "Pt",
          "Pt",
          "Pt",
          "Pt",
          "Pt",
          "Pt",
          "Pt",
          "Pt",
          "Pt",
          "Pt",
          "Pt",
          "Pt",
          "Pt",
          "Pt",
          "Pt",
          "Pt",
          "Pt",
          "Pt",
          "Pt",
          "Pt",
          "Pt",
          "Pt",
          "Pt",
          "Pt",
          "Pt",
          "Pt",
          "Pt",
          "Pt",
          "Pt",
          "Pt",
          "Pt",
          "Pt",
          "Pt",
          "Pt",
          "Pt",
          "Pt",
          "Pt",
          "Pt",
          "Pt",
          "Pt",
          "Pt",
          "Pt",
          "Pt",
          "Pt",
          "Pt",
          "Pt",
          "Pt",
          "Pt",
          "Pt",
          "C",
          "C",
          "C",
          "C",
          "C",
          "C",
          "C",
          "C",
          "O",
          "O",
          "O",
          "O",
          "O",
          "O",
          "O",
          "O",
          "H",
          "H",
          "H",
          "H",
          "H",
          "H",
          "H",
          "H",
          "H",
          "H",
          "H",
          "H",
          "H",
          "H",
          "H",
          "H"
        ],
        "Energy": -361.73230629,
        "Forces": [
          [
            0.029048,
            0.001743,
            -0.0897
          ],
          [
            0.013961,
            0.030595,
            -0.031972
          ],
          [
            0.005371,
            -0.011335,
            0.005936
          ],
          [
            0.029432,
            0.029694,
            -0.001404
          ],
          [
            0.09237,
            0.018046,
            0.012893
          ],
          [
            0.04556,
            -0.017498,
            0.008584
          ],
          [
            -0.019645,
            0.031768,
            0.027001
          ],
          [
            0.050451,
            0.018143,
            0.017844
          ],
          [
            0.039168,
            0.056726,
            -0.070176
          ],
          [
            -0.023908,
            0.005074,
            -0.017039
          ],
          [
            0.056652,
            0.003934,
            -0.030006
          ],
          [
            0.034282,
            0.016042,
            -0.02995
          ],
          [
            0.052756,
            0.009583,
            -0.067543
          ],
          [
            0.053572,
            -0.016323,
            -0.119317
          ],
          [
            -0.031457,
            0.023827,
            -0.075781
          ],
          [
            0.048718,
            0.042799,
            -0.042095
          ],
          [
            -0.082132,
            -0.224854,
            -0.031601
          ],
          [
            0.069984,
            -0.102856,
            -0.240741
          ],
          [
            -0.062133,
            -0.119238,
            -0.208033
          ],
          [
            -0.224969,
            -0.048179,
            -0.060771
          ],
          [
            0.010107,
            0.167278,
            0.003466
          ],
          [
            -0.013653,
            -0.070243,
            -0.315916
          ],
          [
            -0.050722,
            0.034957,
            -0.179169
          ],
          [
            -0.006345,
            0.096506,
            0.015251
          ],
          [
            -0.099344,
            0.052932,
            -0.28655
          ],
          [
            -0.14588,
            -0.067939,
            -0.048711
          ],
          [
            -0.044224,
            0.029885,
            -0.287707
          ],
          [
            -0.126093,
            0.036562,
            -0.249638
          ],
          [
            0.079639,
            -0.011063,
            0.198353
          ],
          [
            -0.069872,
            -0.054723,
            -0.323094
          ],
          [
            -0.057155,
            -0.022844,
            -0.031058
          ],
          [
            0.014453,
            -0.144738,
            -0.074131
          ],
          [
            0.01369,
            0.143705,
            0.593229
          ],
          [
            0.045312,
            -0.3016,
            0.030026
          ],
          [
            -0.438614,
            -0.007213,
            0.516764
          ],
          [
            -0.140646,
            -0.341347,
            0.189408
          ],
          [
            0.216778,
            0.036794,
            0.405385
          ],
          [
            -0.01213,
            0.146395,
            0.4083
          ],
          [
            0.157039,
            -0.13431,
            0.600129
          ],
          [
            0.290736,
            -0.061622,
            0.578239
          ],
          [
            -0.067033,
            0.2165,
            0.349787
          ],
          [
            0.304528,
            -0.119925,
            0.517057
          ],
          [
            -0.194387,
            0.314087,
            0.114626
          ],
          [
            0.069157,
            0.192647,
            -0.183889
          ],
          [
            -0.110872,
            -0.069385,
            -0.468145
          ],
          [
            -0.198039,
            -0.017856,
            0.458689
          ],
          [
            0.202349,
            0.131177,
            0.179662
          ],
          [
            -0.206913,
            -0.073514,
            -0.085293
          ],
          [
            -0.198531,
            0.002697,
            -0.082469
          ],
          [
            0.269484,
            0.127133,
            -0.085775
          ],
          [
            -0.652886,
            0.331542,
            -0.412145
          ],
          [
            -0.303376,
            0.0381,
            -0.178
          ],
          [
            0.4474,
            0.102272,
            -0.436813
          ],
          [
            0.055157,
            -0.18785,
            -0.037623
          ],
          [
            0.366247,
            0.035562,
            0.567364
          ],
          [
            0.172615,
            -0.21787,
            0.295316
          ],
          [
            0.003336,
            -0.288579,
            -0.181956
          ],
          [
            0.249974,
            -0.402424,
            -0.550189
          ],
          [
            0.061329,
            -0.000843,
            -0.082811
          ],
          [
            -0.053778,
            0.067404,
            -0.034173
          ],
          [
            -0.13021,
            0.103007,
            -0.221856
          ],
          [
            0.095225,
            0.023964,
            0.148561
          ],
          [
            0.11717,
            0.242078,
            -0.313358
          ],
          [
            -0.14747,
            0.017068,
            0.337999
          ],
          [
            -0.577649,
            -0.512202,
            0.68508
          ],
          [
            1.166994,
            -1.081274,
            -0.393793
          ],
          [
            -0.502787,
            0.49108,
            1.223082
          ],
          [
            0.717304,
            1.258366,
            -0.295894
          ],
          [
            -0.816461,
            0.376742,
            0.669465
          ],
          [
            -0.18123,
            -0.977678,
            -0.388277
          ],
          [
            0.054331,
            0.039722,
            0.09997
          ],
          [
            -0.020635,
            1.476754,
            0.207236
          ],
          [
            0.286037,
            -0.027509,
            -0.470465
          ],
          [
            0.260578,
            0.231858,
            -0.240015
          ],
          [
            -0.244425,
            0.593814,
            -0.612048
          ],
          [
            0.655463,
            -1.095756,
            -1.567333
          ],
          [
            -0.013474,
            0.38374,
            0.070251
          ],
          [
            0.239038,
            -0.01805,
            -0.741819
          ],
          [
            0.200557,
            -0.144777,
            0.31826
          ],
          [
            -2.243618,
            -0.665543,
            -0.643933
          ],
          [
            -0.613898,
            0.399229,
            -0.004177
          ],
          [
            -0.138623,
            0.122354,
            0.520147
          ],
          [
            -0.385138,
            0.542943,
            0.008146
          ],
          [
            0.023267,
            0.41365,
            -0.16059
          ],
          [
            -0.137492,
            0.212219,
            0.596762
          ],
          [
            -0.338895,
            -0.916737,
            0.464658
          ],
          [
            -0.17705,
            -0.439072,
            -0.325995
          ],
          [
            0.014,
            -0.136852,
            0.112243
          ],
          [
            -0.200186,
            0.061696,
            -0.022128
          ],
          [
            0.151483,
            -0.088158,
            0.214106
          ],
          [
            -0.304432,
            0.210853,
            -0.080573
          ],
          [
            0.725457,
            0.7252,
            0.442839
          ],
          [
            1.748761,
            -0.584629,
            0.239088
          ],
          [
            0.222708,
            -0.011219,
            -0.016841
          ],
          [
            0.061734,
            -0.577059,
            -0.031681
          ],
          [
            0.386539,
            -0.08815,
            0.020898
          ]
        ],
        "Lattice": [
          [
            11.254311534,
            0.0,
            0.0
          ],
          [
            5.627155767,
            9.746519691,
            0.0
          ],
          [
            0.0,
            0.0,
            21.483230925
          ]
        ],
        "NumAtoms": 96,
        "Positions": [
          [
            4.22079,
            2.43687,
            0.0
          ],
          [
            7.03437,
            7.31013,
            0.0
          ],
          [
            9.84794,
            2.43687,
            0.0
          ],
          [
            12.66152,
            7.31013,
            0.0
          ],
          [
            1.40693,
            2.43687,
            0.0
          ],
          [
            4.22051,
            7.31013,
            0.0
          ],
          [
            7.03409,
            2.43687,
            0.0
          ],
          [
            9.84766,
            7.31013,
            0.0
          ],
          [
            2.81385,
            0.0,
            0.0
          ],
          [
            5.62743,
            4.87326,
            0.0
          ],
          [
            8.44101,
            0.0,
            0.0
          ],
          [
            11.25459,
            4.87326,
            0.0
          ],
          [
            0.0,
            0.0,
            0.0
          ],
          [
            2.81358,
            4.87326,
            0.0
          ],
          [
            5.62716,
            0.0,
            0.0
          ],
          [
            8.44073,
            4.87326,
            0.0
          ],
          [
            7.03462,
            4.06144,
            2.2975
          ],
          [
            9.8482,
            8.9347,
            2.2975
          ],
          [
            12.66177,
            4.06144,
            2.2975
          ],
          [
            15.47535,
            8.9347,
            2.2975
          ],
          [
            5.62769,
            1.62456,
            2.2975
          ],
          [
            8.44127,
            6.49782,
            2.2975
          ],
          [
            11.25484,
            1.62456,
            2.2975
          ],
          [
            14.06842,
            6.49782,
            2.2975
          ],
          [
            2.81383,
            1.62456,
            2.2975
          ],
          [
            5.62741,
            6.49782,
            2.2975
          ],
          [
            8.44098,
            1.62456,
            2.2975
          ],
          [
            11.25456,
            6.49782,
            2.2975
          ],
          [
            4.22076,
            4.06144,
            2.2975
          ],
          [
            7.03434,
            8.9347,
            2.2975
          ],
          [
            9.84791,
            4.06144,
            2.2975
          ],
          [
            12.66149,
            8.9347,
            2.2975
          ],
          [
            1.32627,
            0.75852,
            4.53169
          ],
          [
            4.14776,
            5.73391,
            4.5857
          ],
          [
            7.05885,
            0.76271,
            4.52429
          ],
          [
            9.80758,
            5.677,
            4.54083
          ],
          [
            4.14755,
            0.80069,
            4.4942
          ],
          [
            6.96797,
            5.64229,
            4.50092
          ],
          [
            9.80171,
            0.79478,
            4.54
          ],
          [
            12.58915,
            5.654,
            4.49686
          ],
          [
            2.76753,
            3.21035,
            4.53795
          ],
          [
            5.5245,
            8.12395,
            4.53782
          ],
          [
            8.42055,
            3.18446,
            4.55842
          ],
          [
            11.2187,
            8.07298,
            4.55534
          ],
          [
            5.58641,
            3.22516,
            4.62604
          ],
          [
            8.3991,
            8.09709,
            4.51249
          ],
          [
            11.18459,
            3.20179,
            4.5663
          ],
          [
            14.03888,
            8.11307,
            4.62796
          ],
          [
            8.31325,
            9.69403,
            6.84155
          ],
          [
            5.42159,
            4.81804,
            6.86666
          ],
          [
            14.03673,
            9.65257,
            7.00651
          ],
          [
            11.17505,
            4.79702,
            6.85927
          ],
          [
            16.73298,
            9.67208,
            6.99059
          ],
          [
            13.93729,
            4.84842,
            6.84886
          ],
          [
            11.09895,
            9.6918,
            6.72541
          ],
          [
            8.2594,
            4.84079,
            6.76354
          ],
          [
            12.54563,
            2.40228,
            6.88033
          ],
          [
            15.3306,
            7.29515,
            7.07329
          ],
          [
            6.92368,
            2.33065,
            6.8595
          ],
          [
            9.72496,
            7.23757,
            6.83579
          ],
          [
            4.10095,
            2.35457,
            6.90268
          ],
          [
            6.86158,
            7.27461,
            6.78994
          ],
          [
            9.72969,
            2.31482,
            6.92504
          ],
          [
            12.56756,
            7.2596,
            6.85
          ],
          [
            8.71905,
            9.39504,
            12.56299
          ],
          [
            7.67582,
            9.19257,
            11.47891
          ],
          [
            12.44132,
            7.57145,
            10.70778
          ],
          [
            13.05172,
            7.42808,
            12.08677
          ],
          [
            7.69021,
            4.65785,
            10.2421
          ],
          [
            6.26643,
            5.15252,
            10.12557
          ],
          [
            11.12771,
            2.9685,
            11.39694
          ],
          [
            9.91747,
            2.17177,
            10.88098
          ],
          [
            9.82599,
            8.88128,
            12.63345
          ],
          [
            2.64357,
            0.23331,
            13.70598
          ],
          [
            12.7667,
            6.81538,
            9.81022
          ],
          [
            11.54768,
            8.61568,
            10.61263
          ],
          [
            8.4192,
            4.25926,
            9.36188
          ],
          [
            8.18689,
            4.64497,
            11.5612
          ],
          [
            12.22234,
            2.44411,
            11.52871
          ],
          [
            11.03583,
            4.32747,
            11.66591
          ],
          [
            1.86989,
            0.77627,
            13.49348
          ],
          [
            8.12659,
            9.16099,
            10.45291
          ],
          [
            1.22672,
            0.14236,
            11.5105
          ],
          [
            7.29936,
            8.15434,
            11.68641
          ],
          [
            10.95157,
            8.66608,
            11.39895
          ],
          [
            12.75906,
            6.4973,
            12.52581
          ],
          [
            12.86216,
            8.28949,
            12.77108
          ],
          [
            14.14337,
            7.39155,
            11.91365
          ],
          [
            7.57009,
            5.02342,
            12.21453
          ],
          [
            6.18356,
            6.02294,
            9.43745
          ],
          [
            5.87573,
            5.3741,
            11.12872
          ],
          [
            5.60991,
            4.33494,
            9.65226
          ],
          [
            10.04629,
            4.63226,
            11.54262
          ],
          [
            10.15545,
            1.12218,
            10.68566
          ],
          [
            9.62203,
            2.71546,
            9.95626
          ],
          [
            9.01845,
            2.2597,
            11.53109
          ]
        ],
        "Stress": [
          [
            -65.69628,
            -2.52427,
            -0.83751
          ],
          [
            -2.52427,
            -66.73805,
            -0.31806
          ],
          [
            -0.83751,
            -0.31806,
            -16.93557
          ]
        ],
        "computation_code": "VASP",
        "pseudopotential_information": [
          [
            "PAW_PBE",
            "Pt",
            "04Feb2005"
          ],
          [
            "PAW_PBE",
            "C",
            "08Apr2002"
          ],
          [
            "PAW_PBE",
            "O",
            "08Apr2002"
          ],
          [
            "PAW_PBE",
            "H",
            "15Jun2001"
          ]
        ]
      }
    ],
    "EnergyStyle": "electronvolt",
    "ForcesStyle": "electronvoltperangstrom",
    "LatticeStyle": "angstrom",
    "PositionsStyle": "angstrom",
    "StressStyle": "kB"
  }
}