{
  "Dataset": {
    "AtomTypeStyle": "chemicalsymbol",
    "Data": [
      {
        "AtomTypes": [
          "Pt",
          "Pt",
          "Pt",
          "Pt",
          "Pt",
          "Pt",
          "Pt",
          "Pt",
          "Pt",
          "Pt",
          "Pt",
          "Pt",
          "Pt",
          "Pt",
          "Pt",
          "Pt",
          "Pt",
          "Pt",
          "Pt",
          "Pt",
          "Pt",
          "Pt",
          "Pt",
          "Pt",
          "Pt",
          "Pt",
          "Pt",
          "Pt",
          "Pt",
          "Pt",
          "Pt",
          "Pt",
          "Pt",
          "Pt",
          "Pt",
          "Pt",
          "Pt",
          "Pt",
          "Pt",
          "Pt",
          "Pt",
          "Pt",
          "Pt",
          "Pt",
          "Pt",
          "Pt",
          "Pt",
          "Pt",
          "Pt",
          "Pt",
          "Pt",
          "Pt",
          "Pt",
          "Pt",
          "Pt",
          "Pt",
          "Pt",
          "Pt",
          "Pt",
          "Pt",
          "Pt",
          "Pt",
          "Pt",
          "Pt",
          "C",
          "C",
          "C",
          "C",
          "C",
          "C",
          "C",
          "C",
          "O",
          "O",
          "O",
          "O",
          "O",
          "O",
          "O",
          "O",
          "H",
          "H",
          "H",
          "H",
          "H",
          "H",
          "H",
          "H",
          "H",
          "H",
          "H",
          "H",
          "H",
          "H",
          "H",
          "H"
        ],
        "Energy": -362.16629125,
        "Forces": [
          [
            -0.003937,
            0.075192,
            -0.049862
          ],
          [
            -0.026456,
            -0.006553,
            -0.05344
          ],
          [
            0.02352,
            0.004095,
            -0.047619
          ],
          [
            0.001616,
            -0.042998,
            -0.015297
          ],
          [
            -0.01137,
            0.002004,
            -0.085928
          ],
          [
            0.052394,
            0.011228,
            -0.057421
          ],
          [
            0.03827,
            -0.015668,
            -0.036103
          ],
          [
            -0.032993,
            -0.001973,
            -0.074791
          ],
          [
            0.009514,
            -0.005104,
            0.033835
          ],
          [
            -0.022368,
            -0.00951,
            -0.041523
          ],
          [
            -0.068373,
            0.006355,
            0.002404
          ],
          [
            0.041464,
            0.014392,
            0.018795
          ],
          [
            0.026902,
            -0.027059,
            -0.007406
          ],
          [
            0.035622,
            -0.011095,
            -0.045804
          ],
          [
            0.008023,
            0.006732,
            -0.020164
          ],
          [
            -0.004697,
            0.015052,
            -0.014893
          ],
          [
            0.058734,
            0.038311,
            -0.205405
          ],
          [
            -0.111116,
            0.222827,
            -0.155505
          ],
          [
            -0.197862,
            0.100713,
            0.103442
          ],
          [
            0.108773,
            0.075678,
            0.06459
          ],
          [
            0.031282,
            -0.112292,
            0.013104
          ],
          [
            0.073639,
            -0.035195,
            -0.162878
          ],
          [
            0.03316,
            0.057157,
            0.164704
          ],
          [
            -0.20868,
            0.007892,
            -0.070952
          ],
          [
            -0.019451,
            -0.151602,
            -0.086824
          ],
          [
            0.06717,
            0.066412,
            0.001622
          ],
          [
            -0.058453,
            0.012274,
            0.254259
          ],
          [
            0.1121,
            -0.21811,
            -0.006042
          ],
          [
            0.016848,
            -0.207882,
            -0.045714
          ],
          [
            -0.032972,
            0.115906,
            0.219683
          ],
          [
            0.003433,
            0.006761,
            -0.249819
          ],
          [
            0.247385,
            0.232751,
            -0.21903
          ],
          [
            -0.172472,
            -0.375748,
            -0.383676
          ],
          [
            0.335703,
            0.104877,
            0.706082
          ],
          [
            0.353946,
            0.250538,
            -0.222206
          ],
          [
            -0.118021,
            0.560107,
            0.163954
          ],
          [
            -0.040409,
            -0.224807,
            0.222521
          ],
          [
            -0.323732,
            -0.092683,
            0.589798
          ],
          [
            -0.068924,
            -0.206114,
            -0.075639
          ],
          [
            -0.12524,
            0.118449,
            -0.298396
          ],
          [
            0.342008,
            0.28526,
            0.443664
          ],
          [
            -0.181283,
            0.035054,
            -0.086068
          ],
          [
            -0.415712,
            -0.405626,
            0.304415
          ],
          [
            -0.402702,
            -0.434525,
            1.036657
          ],
          [
            -0.492395,
            0.332737,
            0.309418
          ],
          [
            0.048561,
            0.136508,
            0.10189
          ],
          [
            0.723885,
            -0.381317,
            0.251983
          ],
          [
            0.016956,
            -0.098278,
            0.147535
          ],
          [
            0.461219,
            0.358471,
            -0.237454
          ],
          [
            0.327965,
            0.047645,
            -0.823189
          ],
          [
            -0.038726,
            -0.055101,
            -0.308308
          ],
          [
            -0.033401,
            0.01942,
            -0.445888
          ],
          [
            0.20682,
            -0.179555,
            0.004008
          ],
          [
            0.106716,
            0.151956,
            -0.148712
          ],
          [
            -0.475739,
            -0.014534,
            -0.54629
          ],
          [
            -0.368411,
            -0.148643,
            0.262314
          ],
          [
            -0.494667,
            0.215007,
            0.313269
          ],
          [
            -0.010042,
            -0.338743,
            0.777497
          ],
          [
            0.828944,
            0.145049,
            0.415967
          ],
          [
            0.522308,
            -0.293552,
            0.539834
          ],
          [
            -0.108563,
            0.120471,
            -0.354756
          ],
          [
            -0.538164,
            -0.348935,
            -0.576324
          ],
          [
            0.063796,
            0.467995,
            -0.200989
          ],
          [
            -0.096748,
            -0.001324,
            -0.323169
          ],
          [
            1.287689,
            1.043214,
            -0.785927
          ],
          [
            -0.509672,
            -0.002464,
            1.759926
          ],
          [
            0.31157,
            -0.313893,
            -0.213121
          ],
          [
            -0.114756,
            0.62433,
            1.381107
          ],
          [
            -0.697884,
            1.850333,
            0.205841
          ],
          [
            0.012023,
            -2.073189,
            -1.255169
          ],
          [
            -0.355046,
            -1.165301,
            -1.532406
          ],
          [
            0.064538,
            0.904321,
            0.164518
          ],
          [
            -0.869913,
            -0.962556,
            -0.364113
          ],
          [
            0.701604,
            -0.135202,
            -0.565696
          ],
          [
            -0.952368,
            -0.294715,
            -0.033402
          ],
          [
            0.836052,
            -0.461084,
            -0.326373
          ],
          [
            -0.933724,
            -0.643003,
            0.576829
          ],
          [
            1.210849,
            0.366003,
            -1.25616
          ],
          [
            0.443772,
            0.938006,
            0.26268
          ],
          [
            0.275183,
            -0.113623,
            -0.476336
          ],
          [
            -0.271544,
            -0.301578,
            0.161254
          ],
          [
            0.335831,
            -0.512352,
            0.207822
          ],
          [
            -0.577662,
            0.146321,
            -0.649904
          ],
          [
            -0.118341,
            0.340768,
            0.051754
          ],
          [
            0.093493,
            0.484378,
            -0.190029
          ],
          [
            -0.22551,
            -0.058964,
            -0.272023
          ],
          [
            0.205483,
            0.312753,
            -0.518078
          ],
          [
            -0.399318,
            -0.454042,
            0.002219
          ],
          [
            -0.029673,
            0.103928,
            0.153062
          ],
          [
            1.069282,
            0.448964,
            0.157722
          ],
          [
            -0.239747,
            0.453914,
            1.194132
          ],
          [
            -0.293685,
            -0.156796,
            -0.225768
          ],
          [
            -0.102405,
            0.311531,
            0.261005
          ],
          [
            -0.324918,
            0.538009,
            0.372548
          ],
          [
            0.402806,
            -1.009123,
            0.177501
          ],
          [
            -0.263037,
            -0.221138,
            0.361277
          ]
        ],
        "Lattice": [
          [
            11.254311534,
            0.0,
            0.0
          ],
          [
            5.627155767,
            9.746519691,
            0.0
          ],
          [
            0.0,
            0.0,
            21.483230925
          ]
        ],
        "NumAtoms": 96,
        "Positions": [
          [
            4.22079,
            2.43687,
            0.0
          ],
          [
            7.03437,
            7.31013,
            0.0
          ],
          [
            9.84794,
            2.43687,
            0.0
          ],
          [
            12.66152,
            7.31013,
            0.0
          ],
          [
            1.40693,
            2.43687,
            0.0
          ],
          [
            4.22051,
            7.31013,
            0.0
          ],
          [
            7.03409,
            2.43687,
            0.0
          ],
          [
            9.84766,
            7.31013,
            0.0
          ],
          [
            2.81385,
            0.0,
            0.0
          ],
          [
            5.62743,
            4.87326,
            0.0
          ],
          [
            8.44101,
            0.0,
            0.0
          ],
          [
            11.25459,
            4.87326,
            0.0
          ],
          [
            0.0,
            0.0,
            0.0
          ],
          [
            2.81358,
            4.87326,
            0.0
          ],
          [
            5.62716,
            0.0,
            0.0
          ],
          [
            8.44073,
            4.87326,
            0.0
          ],
          [
            7.03462,
            4.06144,
            2.2975
          ],
          [
            9.8482,
            8.9347,
            2.2975
          ],
          [
            12.66177,
            4.06144,
            2.2975
          ],
          [
            15.47535,
            8.9347,
            2.2975
          ],
          [
            5.62769,
            1.62456,
            2.2975
          ],
          [
            8.44127,
            6.49782,
            2.2975
          ],
          [
            11.25484,
            1.62456,
            2.2975
          ],
          [
            14.06842,
            6.49782,
            2.2975
          ],
          [
            2.81383,
            1.62456,
            2.2975
          ],
          [
            5.62741,
            6.49782,
            2.2975
          ],
          [
            8.44098,
            1.62456,
            2.2975
          ],
          [
            11.25456,
            6.49782,
            2.2975
          ],
          [
            4.22076,
            4.06144,
            2.2975
          ],
          [
            7.03434,
            8.9347,
            2.2975
          ],
          [
            9.84791,
            4.06144,
            2.2975
          ],
          [
            12.66149,
            8.9347,
            2.2975
          ],
          [
            1.40112,
            0.84873,
            4.61164
          ],
          [
            4.1807,
            5.63079,
            4.50072
          ],
          [
            6.99787,
            0.79151,
            4.62479
          ],
          [
            9.8998,
            5.65839,
            4.55371
          ],
          [
            4.21342,
            0.83454,
            4.60816
          ],
          [
            7.05098,
            5.70385,
            4.55269
          ],
          [
            9.82753,
            0.82802,
            4.59193
          ],
          [
            12.66881,
            5.66427,
            4.64692
          ],
          [
            2.76676,
            3.20827,
            4.52578
          ],
          [
            5.68005,
            8.13346,
            4.57534
          ],
          [
            8.4487,
            3.27776,
            4.55733
          ],
          [
            11.29725,
            8.17233,
            4.46837
          ],
          [
            5.66264,
            3.23842,
            4.54164
          ],
          [
            8.43577,
            8.12557,
            4.53971
          ],
          [
            11.16193,
            3.27334,
            4.58913
          ],
          [
            14.06688,
            8.15293,
            4.54291
          ],
          [
            8.35045,
            9.68602,
            6.94864
          ],
          [
            5.54568,
            4.87451,
            6.99962
          ],
          [
            14.04078,
            9.73442,
            6.96918
          ],
          [
            11.256,
            4.8137,
            6.9902
          ],
          [
            11.17988,
            0.01563,
            6.90397
          ],
          [
            2.78599,
            4.80732,
            6.90767
          ],
          [
            11.29598,
            9.70443,
            7.01586
          ],
          [
            8.47603,
            4.88289,
            6.83322
          ],
          [
            1.45122,
            2.38563,
            6.86195
          ],
          [
            15.47264,
            7.31154,
            6.70147
          ],
          [
            6.86021,
            2.43042,
            6.8331
          ],
          [
            9.81571,
            7.37742,
            6.7387
          ],
          [
            4.18121,
            2.36064,
            6.96442
          ],
          [
            7.07787,
            7.31337,
            6.98557
          ],
          [
            9.77686,
            2.36247,
            6.93422
          ],
          [
            12.64836,
            7.2864,
            6.91174
          ],
          [
            4.51559,
            2.28827,
            11.64068
          ],
          [
            4.10315,
            2.72088,
            12.97437
          ],
          [
            0.60788,
            0.51234,
            11.57757
          ],
          [
            6.92906,
            9.0893,
            10.86232
          ],
          [
            8.37218,
            4.21392,
            10.42301
          ],
          [
            9.03784,
            2.96762,
            10.77349
          ],
          [
            14.39633,
            6.82295,
            11.85191
          ],
          [
            14.76436,
            6.44317,
            10.40368
          ],
          [
            5.7115,
            2.40668,
            11.30292
          ],
          [
            3.57007,
            1.9384,
            10.78491
          ],
          [
            1.20384,
            1.60023,
            11.68928
          ],
          [
            10.62939,
            0.36174,
            12.11267
          ],
          [
            8.89663,
            5.05861,
            9.66479
          ],
          [
            7.17278,
            4.44312,
            11.06525
          ],
          [
            15.0228,
            7.56484,
            12.56951
          ],
          [
            13.29866,
            6.17085,
            12.34812
          ],
          [
            2.63272,
            1.90021,
            11.17034
          ],
          [
            3.50839,
            3.67314,
            12.89516
          ],
          [
            4.97826,
            2.83755,
            13.6721
          ],
          [
            3.44626,
            1.93849,
            13.41303
          ],
          [
            15.95333,
            9.14045,
            12.17635
          ],
          [
            7.77758,
            8.7952,
            11.5259
          ],
          [
            7.35845,
            9.42507,
            9.92505
          ],
          [
            6.30151,
            8.22754,
            10.68139
          ],
          [
            6.72081,
            3.56841,
            11.29992
          ],
          [
            10.08232,
            3.10703,
            10.96368
          ],
          [
            9.04958,
            2.31271,
            9.81073
          ],
          [
            8.6326,
            2.43332,
            11.64295
          ],
          [
            12.98387,
            5.51312,
            11.68005
          ],
          [
            14.0403,
            6.72605,
            9.61398
          ],
          [
            3.50119,
            5.37214,
            10.27312
          ],
          [
            4.48866,
            6.8583,
            10.0739
          ]
        ],
        "Stress": [
          [
            -68.62757,
            -0.05834,
            0.70862
          ],
          [
            -0.05834,
            -67.51514,
            -0.18455
          ],
          [
            0.70862,
            -0.18455,
            -23.24916
          ]
        ],
        "computation_code": "VASP",
        "pseudopotential_information": [
          [
            "PAW_PBE",
            "Pt",
            "04Feb2005"
          ],
          [
            "PAW_PBE",
            "C",
            "08Apr2002"
          ],
          [
            "PAW_PBE",
            "O",
            "08Apr2002"
          ],
          [
            "PAW_PBE",
            "H",
            "15Jun2001"
          ]
        ]
      }
    ],
    "EnergyStyle": "electronvolt",
    "ForcesStyle": "electronvoltperangstrom",
    "LatticeStyle": "angstrom",
    "PositionsStyle": "angstrom",
    "StressStyle": "kB"
  }
}