{
  "Dataset": {
    "AtomTypeStyle": "chemicalsymbol",
    "Data": [
      {
        "AtomTypes": [
          "Pt",
          "Pt",
          "Pt",
          "Pt",
          "Pt",
          "Pt",
          "Pt",
          "Pt",
          "Pt",
          "Pt",
          "Pt",
          "Pt",
          "Pt",
          "Pt",
          "Pt",
          "Pt",
          "Pt",
          "Pt",
          "Pt",
          "Pt",
          "Pt",
          "Pt",
          "Pt",
          "Pt",
          "Pt",
          "Pt",
          "Pt",
          "Pt",
          "Pt",
          "Pt",
          "Pt",
          "Pt",
          "Pt",
          "Pt",
          "Pt",
          "Pt",
          "Pt",
          "Pt",
          "Pt",
          "Pt",
          "Pt",
          "Pt",
          "Pt",
          "Pt",
          "Pt",
          "Pt",
          "Pt",
          "Pt",
          "Pt",
          "Pt",
          "Pt",
          "Pt",
          "Pt",
          "Pt",
          "Pt",
          "Pt",
          "Pt",
          "Pt",
          "Pt",
          "Pt",
          "Pt",
          "Pt",
          "Pt",
          "Pt",
          "C",
          "C",
          "C",
          "C",
          "C",
          "C",
          "C",
          "C",
          "O",
          "O",
          "O",
          "O",
          "O",
          "O",
          "O",
          "O",
          "H",
          "H",
          "H",
          "H",
          "H",
          "H",
          "H",
          "H",
          "H",
          "H",
          "H",
          "H",
          "H",
          "H",
          "H",
          "H"
        ],
        "Energy": -361.63058435,
        "Forces": [
          [
            -0.005857,
            0.019041,
            -0.051349
          ],
          [
            -0.012499,
            0.018878,
            0.006678
          ],
          [
            0.09752,
            0.004685,
            -0.035588
          ],
          [
            0.077814,
            0.01372,
            -0.017324
          ],
          [
            0.020058,
            0.025932,
            -0.14294
          ],
          [
            0.014644,
            0.04404,
            -0.100841
          ],
          [
            -0.00271,
            -0.01452,
            -0.047219
          ],
          [
            -0.002014,
            0.027175,
            -0.026608
          ],
          [
            0.035269,
            0.086975,
            -0.020371
          ],
          [
            0.003013,
            0.027479,
            -0.053073
          ],
          [
            0.017896,
            0.010579,
            -0.044272
          ],
          [
            0.058124,
            0.000739,
            -0.019533
          ],
          [
            0.035618,
            0.026287,
            -0.052894
          ],
          [
            0.03566,
            -0.013296,
            -0.030708
          ],
          [
            0.056793,
            0.057254,
            -0.049484
          ],
          [
            -0.002815,
            -0.003347,
            0.007872
          ],
          [
            0.14222,
            0.048105,
            -0.375643
          ],
          [
            -0.066622,
            -0.162529,
            -0.204612
          ],
          [
            -0.209779,
            0.169977,
            -0.168547
          ],
          [
            -0.127802,
            0.041379,
            0.194679
          ],
          [
            0.060543,
            -0.265677,
            -0.435823
          ],
          [
            0.033464,
            -0.041889,
            -0.106809
          ],
          [
            -0.348256,
            0.00753,
            -0.221033
          ],
          [
            -0.333339,
            0.09794,
            -0.264255
          ],
          [
            0.005901,
            -0.321064,
            -0.475855
          ],
          [
            0.072472,
            0.088553,
            -0.331069
          ],
          [
            0.00619,
            -0.111311,
            0.136954
          ],
          [
            0.03665,
            -0.077528,
            0.079068
          ],
          [
            -0.104193,
            0.041707,
            -0.766443
          ],
          [
            -0.062735,
            -0.112551,
            -0.214068
          ],
          [
            -0.083939,
            -0.08771,
            -0.094315
          ],
          [
            -0.030011,
            -0.098604,
            0.162808
          ],
          [
            0.320903,
            -0.054203,
            0.33429
          ],
          [
            0.139206,
            -0.263404,
            0.680981
          ],
          [
            0.515484,
            -0.06054,
            -0.053117
          ],
          [
            0.228051,
            0.17562,
            0.117517
          ],
          [
            -0.608838,
            0.058606,
            -0.026655
          ],
          [
            -0.147254,
            -0.133102,
            0.068163
          ],
          [
            -0.158022,
            0.068956,
            -0.347495
          ],
          [
            -0.3673,
            -0.005502,
            -0.582315
          ],
          [
            -0.09316,
            0.219195,
            0.830249
          ],
          [
            -0.18656,
            0.098356,
            -0.046315
          ],
          [
            0.272041,
            -0.114771,
            -0.119199
          ],
          [
            0.311016,
            -0.14762,
            -0.161153
          ],
          [
            0.031408,
            0.130074,
            0.688374
          ],
          [
            0.143037,
            0.178521,
            -0.302347
          ],
          [
            -0.053071,
            -0.120711,
            0.042105
          ],
          [
            0.02204,
            0.389425,
            -0.23557
          ],
          [
            -0.052677,
            0.04104,
            0.676572
          ],
          [
            -0.414895,
            -0.179474,
            0.477406
          ],
          [
            0.639711,
            0.112559,
            -0.240261
          ],
          [
            0.080445,
            0.070409,
            -0.026728
          ],
          [
            -0.202152,
            0.068271,
            0.361597
          ],
          [
            0.083362,
            -0.039282,
            0.284309
          ],
          [
            -0.307189,
            0.316396,
            -0.195648
          ],
          [
            -0.02234,
            0.438377,
            -0.412818
          ],
          [
            0.521611,
            0.055513,
            -0.084624
          ],
          [
            0.409078,
            -0.015797,
            0.223575
          ],
          [
            -0.243253,
            -0.183818,
            0.515227
          ],
          [
            -0.028132,
            -0.355074,
            0.698307
          ],
          [
            -0.0331,
            0.061262,
            0.493131
          ],
          [
            0.064301,
            0.001314,
            -0.08604
          ],
          [
            -0.092865,
            -0.229996,
            -0.206507
          ],
          [
            -0.173273,
            -0.219279,
            0.217925
          ],
          [
            0.136053,
            -0.178565,
            0.333177
          ],
          [
            -1.078962,
            0.933884,
            -0.836893
          ],
          [
            -0.500844,
            0.702928,
            -0.085683
          ],
          [
            1.678785,
            -0.466022,
            0.780958
          ],
          [
            0.198536,
            0.094668,
            0.016401
          ],
          [
            -0.12002,
            0.960952,
            -0.071037
          ],
          [
            -0.970027,
            -0.538014,
            0.556143
          ],
          [
            1.72266,
            -1.361533,
            1.069374
          ],
          [
            0.058817,
            1.405879,
            0.028676
          ],
          [
            -0.109874,
            -1.686884,
            0.142129
          ],
          [
            -0.661157,
            -1.064349,
            0.000921
          ],
          [
            -0.232794,
            0.008462,
            -1.305373
          ],
          [
            -0.811449,
            0.15928,
            0.436855
          ],
          [
            0.581753,
            0.138745,
            -0.152323
          ],
          [
            0.273657,
            -0.046535,
            -0.297486
          ],
          [
            0.279389,
            1.501294,
            -0.550377
          ],
          [
            0.049842,
            0.436832,
            -0.172248
          ],
          [
            0.54334,
            -0.260718,
            0.690237
          ],
          [
            0.052412,
            -0.310368,
            -0.290571
          ],
          [
            0.284342,
            -0.018548,
            -0.121646
          ],
          [
            0.764079,
            0.719694,
            1.064149
          ],
          [
            -0.086504,
            0.050794,
            -0.387467
          ],
          [
            -1.044632,
            0.169104,
            -0.388008
          ],
          [
            0.058801,
            -0.143638,
            0.106973
          ],
          [
            -0.027593,
            0.086209,
            0.121083
          ],
          [
            0.282225,
            -0.207457,
            -0.442951
          ],
          [
            -0.437805,
            -0.79404,
            -0.222997
          ],
          [
            0.205449,
            -0.596271,
            0.333702
          ],
          [
            0.382168,
            0.016588,
            0.220786
          ],
          [
            -0.793465,
            0.565186,
            -0.526817
          ],
          [
            -0.37362,
            -0.142523,
            -0.032145
          ],
          [
            -0.317029,
            -0.056174,
            0.23965
          ]
        ],
        "Lattice": [
          [
            11.254311534,
            0.0,
            0.0
          ],
          [
            5.627155767,
            9.746519691,
            0.0
          ],
          [
            0.0,
            0.0,
            21.483230925
          ]
        ],
        "NumAtoms": 96,
        "Positions": [
          [
            4.22079,
            2.43687,
            0.0
          ],
          [
            7.03437,
            7.31013,
            0.0
          ],
          [
            9.84794,
            2.43687,
            0.0
          ],
          [
            12.66152,
            7.31013,
            0.0
          ],
          [
            1.40693,
            2.43687,
            0.0
          ],
          [
            4.22051,
            7.31013,
            0.0
          ],
          [
            7.03409,
            2.43687,
            0.0
          ],
          [
            9.84766,
            7.31013,
            0.0
          ],
          [
            2.81385,
            0.0,
            0.0
          ],
          [
            5.62743,
            4.87326,
            0.0
          ],
          [
            8.44101,
            0.0,
            0.0
          ],
          [
            11.25459,
            4.87326,
            0.0
          ],
          [
            0.0,
            0.0,
            0.0
          ],
          [
            2.81358,
            4.87326,
            0.0
          ],
          [
            5.62716,
            0.0,
            0.0
          ],
          [
            8.44073,
            4.87326,
            0.0
          ],
          [
            7.03462,
            4.06144,
            2.2975
          ],
          [
            9.8482,
            8.9347,
            2.2975
          ],
          [
            12.66177,
            4.06144,
            2.2975
          ],
          [
            15.47535,
            8.9347,
            2.2975
          ],
          [
            5.62769,
            1.62456,
            2.2975
          ],
          [
            8.44127,
            6.49782,
            2.2975
          ],
          [
            11.25484,
            1.62456,
            2.2975
          ],
          [
            14.06842,
            6.49782,
            2.2975
          ],
          [
            2.81383,
            1.62456,
            2.2975
          ],
          [
            5.62741,
            6.49782,
            2.2975
          ],
          [
            8.44098,
            1.62456,
            2.2975
          ],
          [
            11.25456,
            6.49782,
            2.2975
          ],
          [
            4.22076,
            4.06144,
            2.2975
          ],
          [
            7.03434,
            8.9347,
            2.2975
          ],
          [
            9.84791,
            4.06144,
            2.2975
          ],
          [
            12.66149,
            8.9347,
            2.2975
          ],
          [
            1.30131,
            0.79293,
            4.48427
          ],
          [
            4.16933,
            5.68821,
            4.46118
          ],
          [
            6.96542,
            0.75278,
            4.57102
          ],
          [
            9.79029,
            5.61983,
            4.55145
          ],
          [
            4.25792,
            0.74553,
            4.52508
          ],
          [
            7.03827,
            5.67352,
            4.54126
          ],
          [
            9.7515,
            0.75249,
            4.61673
          ],
          [
            12.62038,
            5.66815,
            4.60944
          ],
          [
            2.7761,
            3.18373,
            4.44937
          ],
          [
            5.5935,
            8.07189,
            4.55568
          ],
          [
            8.3833,
            3.23,
            4.55852
          ],
          [
            11.17559,
            8.08553,
            4.56437
          ],
          [
            5.60069,
            3.22689,
            4.44569
          ],
          [
            8.36195,
            8.06976,
            4.54229
          ],
          [
            11.19715,
            3.23556,
            4.53079
          ],
          [
            13.99698,
            8.06858,
            4.58143
          ],
          [
            8.35293,
            9.71451,
            6.6881
          ],
          [
            5.5919,
            4.84513,
            6.70194
          ],
          [
            13.86896,
            9.66061,
            6.96792
          ],
          [
            11.144,
            4.81416,
            6.85604
          ],
          [
            16.79413,
            9.64618,
            6.80592
          ],
          [
            13.99269,
            4.77041,
            6.75507
          ],
          [
            11.17732,
            9.64904,
            6.9357
          ],
          [
            8.36054,
            4.7645,
            6.9378
          ],
          [
            12.49861,
            2.35727,
            6.79865
          ],
          [
            15.31145,
            7.2461,
            6.82168
          ],
          [
            6.96661,
            2.38154,
            6.76314
          ],
          [
            9.74236,
            7.27948,
            6.75829
          ],
          [
            4.15518,
            2.37895,
            6.69404
          ],
          [
            6.92553,
            7.24046,
            6.88351
          ],
          [
            9.74868,
            2.3501,
            6.85651
          ],
          [
            12.56028,
            7.26082,
            6.88154
          ],
          [
            7.8731,
            9.16406,
            11.79076
          ],
          [
            7.90722,
            8.8076,
            10.33249
          ],
          [
            12.56474,
            7.6008,
            11.28185
          ],
          [
            12.45715,
            6.49901,
            12.28171
          ],
          [
            7.1535,
            4.52546,
            10.42658
          ],
          [
            5.80601,
            3.90483,
            10.61775
          ],
          [
            11.13082,
            2.70063,
            10.31585
          ],
          [
            10.09319,
            1.76468,
            10.85034
          ],
          [
            7.86373,
            8.2241,
            12.58825
          ],
          [
            2.26777,
            0.75255,
            12.15332
          ],
          [
            13.3491,
            8.54463,
            11.28073
          ],
          [
            11.49478,
            7.61148,
            10.4036
          ],
          [
            8.08815,
            4.02438,
            9.78344
          ],
          [
            7.31507,
            5.74081,
            10.95762
          ],
          [
            12.30473,
            2.7832,
            10.6461
          ],
          [
            10.59636,
            3.42892,
            9.33721
          ],
          [
            1.92985,
            1.31759,
            11.41863
          ],
          [
            7.56869,
            9.59102,
            9.58154
          ],
          [
            7.18133,
            7.99547,
            10.23426
          ],
          [
            8.89777,
            8.42666,
            10.07019
          ],
          [
            11.11245,
            6.76728,
            9.9975
          ],
          [
            12.01191,
            6.87736,
            13.229
          ],
          [
            13.50507,
            6.15435,
            12.58459
          ],
          [
            11.85648,
            5.66373,
            11.90116
          ],
          [
            6.55329,
            6.0402,
            11.49238
          ],
          [
            5.33824,
            4.17683,
            11.59892
          ],
          [
            5.94714,
            2.84098,
            10.5259
          ],
          [
            5.15871,
            4.34964,
            9.80422
          ],
          [
            9.58855,
            3.52138,
            9.38345
          ],
          [
            10.53965,
            1.19707,
            11.72736
          ],
          [
            9.95208,
            1.02662,
            10.04095
          ],
          [
            9.1567,
            2.27881,
            11.05195
          ]
        ],
        "Stress": [
          [
            -61.91716,
            0.03268,
            0.1939
          ],
          [
            0.03268,
            -60.28364,
            -0.67293
          ],
          [
            0.1939,
            -0.67293,
            -6.5694
          ]
        ],
        "computation_code": "VASP",
        "pseudopotential_information": [
          [
            "PAW_PBE",
            "Pt",
            "04Feb2005"
          ],
          [
            "PAW_PBE",
            "C",
            "08Apr2002"
          ],
          [
            "PAW_PBE",
            "O",
            "08Apr2002"
          ],
          [
            "PAW_PBE",
            "H",
            "15Jun2001"
          ]
        ]
      }
    ],
    "EnergyStyle": "electronvolt",
    "ForcesStyle": "electronvoltperangstrom",
    "LatticeStyle": "angstrom",
    "PositionsStyle": "angstrom",
    "StressStyle": "kB"
  }
}