{
  "Dataset": {
    "AtomTypeStyle": "chemicalsymbol",
    "Data": [
      {
        "AtomTypes": [
          "Pt",
          "Pt",
          "Pt",
          "Pt",
          "Pt",
          "Pt",
          "Pt",
          "Pt",
          "Pt",
          "Pt",
          "Pt",
          "Pt",
          "Pt",
          "Pt",
          "Pt",
          "Pt",
          "Pt",
          "Pt",
          "Pt",
          "Pt",
          "Pt",
          "Pt",
          "Pt",
          "Pt",
          "Pt",
          "Pt",
          "Pt",
          "Pt",
          "Pt",
          "Pt",
          "Pt",
          "Pt",
          "Pt",
          "Pt",
          "Pt",
          "Pt",
          "Pt",
          "Pt",
          "Pt",
          "Pt",
          "Pt",
          "Pt",
          "Pt",
          "Pt",
          "Pt",
          "Pt",
          "Pt",
          "Pt",
          "Pt",
          "Pt",
          "Pt",
          "Pt",
          "Pt",
          "Pt",
          "Pt",
          "Pt",
          "Pt",
          "Pt",
          "Pt",
          "Pt",
          "Pt",
          "Pt",
          "Pt",
          "Pt",
          "C",
          "C",
          "C",
          "C",
          "C",
          "C",
          "C",
          "C",
          "O",
          "O",
          "O",
          "O",
          "O",
          "O",
          "O",
          "O",
          "H",
          "H",
          "H",
          "H",
          "H",
          "H",
          "H",
          "H",
          "H",
          "H",
          "H",
          "H",
          "H",
          "H",
          "H",
          "H"
        ],
        "Energy": -361.87642673,
        "Forces": [
          [
            -0.008348,
            0.010174,
            -0.097199
          ],
          [
            -0.017521,
            0.004115,
            -0.012259
          ],
          [
            0.078588,
            0.009744,
            -0.029284
          ],
          [
            0.084933,
            0.013708,
            -0.030351
          ],
          [
            0.03955,
            0.027982,
            -0.126209
          ],
          [
            0.018962,
            0.034001,
            -0.115631
          ],
          [
            -0.024808,
            -0.019349,
            -0.052763
          ],
          [
            -0.002326,
            0.03351,
            -0.023036
          ],
          [
            0.051183,
            0.095156,
            -0.033517
          ],
          [
            -0.005457,
            0.02774,
            -0.060299
          ],
          [
            0.018839,
            0.003268,
            -0.046419
          ],
          [
            0.060448,
            0.007326,
            -0.010273
          ],
          [
            0.038147,
            0.007327,
            -0.032482
          ],
          [
            0.056421,
            -0.016683,
            -0.044281
          ],
          [
            0.05146,
            0.061895,
            -0.049646
          ],
          [
            -0.001883,
            0.010911,
            -0.000284
          ],
          [
            0.119258,
            0.053612,
            -0.35067
          ],
          [
            -0.105483,
            -0.167327,
            -0.175174
          ],
          [
            -0.179463,
            0.093643,
            -0.138329
          ],
          [
            -0.087472,
            0.092692,
            0.174845
          ],
          [
            0.102709,
            -0.23168,
            -0.39395
          ],
          [
            0.031264,
            -0.081137,
            0.026136
          ],
          [
            -0.276222,
            -0.029576,
            -0.179473
          ],
          [
            -0.28626,
            0.03825,
            -0.312475
          ],
          [
            -0.05273,
            -0.239579,
            -0.211816
          ],
          [
            0.093022,
            0.043954,
            -0.099444
          ],
          [
            0.022006,
            -0.092907,
            0.164909
          ],
          [
            -0.014026,
            -0.134291,
            0.008689
          ],
          [
            -0.095017,
            0.097914,
            -0.462105
          ],
          [
            -0.098134,
            -0.001558,
            -0.11043
          ],
          [
            -0.054819,
            -0.109804,
            -0.106269
          ],
          [
            -0.07224,
            -0.026769,
            0.004969
          ],
          [
            0.481817,
            -0.19553,
            -0.345366
          ],
          [
            0.261845,
            -0.522776,
            0.267049
          ],
          [
            0.305984,
            0.043329,
            -0.374924
          ],
          [
            0.07336,
            0.530252,
            -0.068349
          ],
          [
            -0.625817,
            -0.011008,
            -0.082537
          ],
          [
            -0.253345,
            0.056462,
            -0.28721
          ],
          [
            -0.362723,
            -0.016933,
            -0.598241
          ],
          [
            -0.363767,
            0.130888,
            -0.482519
          ],
          [
            0.064588,
            -0.013387,
            0.265062
          ],
          [
            -0.086924,
            -0.014906,
            -0.339087
          ],
          [
            0.138263,
            -0.311689,
            -0.118828
          ],
          [
            0.042679,
            -0.108882,
            0.072577
          ],
          [
            -0.1183,
            0.263256,
            0.66743
          ],
          [
            0.419463,
            0.076273,
            -0.333238
          ],
          [
            0.017428,
            0.099736,
            -0.133516
          ],
          [
            0.116537,
            0.151247,
            0.195755
          ],
          [
            0.196525,
            -0.117581,
            0.916536
          ],
          [
            -0.187474,
            -0.451624,
            0.457188
          ],
          [
            0.578437,
            -0.170266,
            -0.17173
          ],
          [
            0.085501,
            -0.014626,
            0.039333
          ],
          [
            -0.263534,
            0.257755,
            0.720903
          ],
          [
            -0.120993,
            0.268162,
            0.810418
          ],
          [
            -0.391423,
            -0.015151,
            -0.02237
          ],
          [
            -0.016938,
            0.097873,
            -0.120661
          ],
          [
            0.515102,
            0.110382,
            0.34775
          ],
          [
            0.174766,
            -0.041408,
            -0.022125
          ],
          [
            -0.222246,
            0.336534,
            0.629471
          ],
          [
            0.115239,
            -0.070347,
            0.523464
          ],
          [
            0.136179,
            0.04176,
            0.340228
          ],
          [
            0.237552,
            -0.017396,
            0.222948
          ],
          [
            -0.158033,
            0.172583,
            0.088284
          ],
          [
            -0.259742,
            -0.238736,
            -0.021343
          ],
          [
            -0.998237,
            0.773547,
            0.397832
          ],
          [
            -0.150394,
            2.110874,
            0.065338
          ],
          [
            -0.875446,
            0.114407,
            0.73374
          ],
          [
            0.603634,
            0.176443,
            0.354526
          ],
          [
            0.0856,
            -0.209102,
            -0.044155
          ],
          [
            0.548442,
            1.338563,
            1.0772
          ],
          [
            -0.370511,
            0.005603,
            0.335052
          ],
          [
            1.585066,
            -0.005598,
            0.478191
          ],
          [
            0.325698,
            -1.020421,
            -0.460226
          ],
          [
            0.51938,
            -0.774367,
            -0.167277
          ],
          [
            -0.10869,
            -0.335114,
            -0.304746
          ],
          [
            0.508223,
            0.136858,
            0.45841
          ],
          [
            0.51564,
            0.009185,
            0.08832
          ],
          [
            -0.344172,
            -0.626869,
            -0.310354
          ],
          [
            -1.15037,
            0.1084,
            -0.799488
          ],
          [
            -0.72745,
            -0.53974,
            0.542511
          ],
          [
            -0.325861,
            -0.014894,
            -0.34469
          ],
          [
            -0.066997,
            -0.888731,
            0.557167
          ],
          [
            0.205229,
            0.132737,
            0.367493
          ],
          [
            0.557801,
            -0.657336,
            -0.365899
          ],
          [
            0.038013,
            -0.011164,
            -0.507035
          ],
          [
            0.497088,
            -0.058941,
            -0.332075
          ],
          [
            -0.805539,
            0.09303,
            -0.321839
          ],
          [
            0.083723,
            -0.11089,
            -0.064546
          ],
          [
            -0.256533,
            -0.080303,
            0.01322
          ],
          [
            -0.140037,
            0.201749,
            -0.212839
          ],
          [
            -0.230095,
            0.04881,
            -0.233813
          ],
          [
            0.14025,
            -0.697445,
            -0.097785
          ],
          [
            0.476751,
            -0.309383,
            0.213645
          ],
          [
            -0.241155,
            0.973794,
            -0.990075
          ],
          [
            0.064953,
            0.251561,
            -0.126424
          ],
          [
            0.041203,
            -0.070453,
            -0.029794
          ]
        ],
        "Lattice": [
          [
            11.254311534,
            0.0,
            0.0
          ],
          [
            5.627155767,
            9.746519691,
            0.0
          ],
          [
            0.0,
            0.0,
            21.483230925
          ]
        ],
        "NumAtoms": 96,
        "Positions": [
          [
            4.22079,
            2.43687,
            0.0
          ],
          [
            7.03437,
            7.31013,
            0.0
          ],
          [
            9.84794,
            2.43687,
            0.0
          ],
          [
            12.66152,
            7.31013,
            0.0
          ],
          [
            1.40693,
            2.43687,
            0.0
          ],
          [
            4.22051,
            7.31013,
            0.0
          ],
          [
            7.03409,
            2.43687,
            0.0
          ],
          [
            9.84766,
            7.31013,
            0.0
          ],
          [
            2.81385,
            0.0,
            0.0
          ],
          [
            5.62743,
            4.87326,
            0.0
          ],
          [
            8.44101,
            0.0,
            0.0
          ],
          [
            11.25459,
            4.87326,
            0.0
          ],
          [
            0.0,
            0.0,
            0.0
          ],
          [
            2.81358,
            4.87326,
            0.0
          ],
          [
            5.62716,
            0.0,
            0.0
          ],
          [
            8.44073,
            4.87326,
            0.0
          ],
          [
            7.03462,
            4.06144,
            2.2975
          ],
          [
            9.8482,
            8.9347,
            2.2975
          ],
          [
            12.66177,
            4.06144,
            2.2975
          ],
          [
            15.47535,
            8.9347,
            2.2975
          ],
          [
            5.62769,
            1.62456,
            2.2975
          ],
          [
            8.44127,
            6.49782,
            2.2975
          ],
          [
            11.25484,
            1.62456,
            2.2975
          ],
          [
            14.06842,
            6.49782,
            2.2975
          ],
          [
            2.81383,
            1.62456,
            2.2975
          ],
          [
            5.62741,
            6.49782,
            2.2975
          ],
          [
            8.44098,
            1.62456,
            2.2975
          ],
          [
            11.25456,
            6.49782,
            2.2975
          ],
          [
            4.22076,
            4.06144,
            2.2975
          ],
          [
            7.03434,
            8.9347,
            2.2975
          ],
          [
            9.84791,
            4.06144,
            2.2975
          ],
          [
            12.66149,
            8.9347,
            2.2975
          ],
          [
            1.27526,
            0.80702,
            4.52198
          ],
          [
            4.15326,
            5.73818,
            4.4891
          ],
          [
            7.00318,
            0.73641,
            4.58042
          ],
          [
            9.80966,
            5.59154,
            4.55924
          ],
          [
            4.26873,
            0.7564,
            4.51813
          ],
          [
            7.04361,
            5.65152,
            4.55931
          ],
          [
            9.76765,
            0.76544,
            4.63125
          ],
          [
            12.61473,
            5.65819,
            4.59316
          ],
          [
            2.76567,
            3.19451,
            4.47459
          ],
          [
            5.56974,
            8.08199,
            4.5666
          ],
          [
            8.39544,
            3.23758,
            4.55958
          ],
          [
            11.19162,
            8.07303,
            4.54412
          ],
          [
            5.61171,
            3.21595,
            4.45486
          ],
          [
            8.33634,
            8.07443,
            4.53783
          ],
          [
            11.1828,
            3.21323,
            4.54383
          ],
          [
            13.99702,
            8.09589,
            4.55681
          ],
          [
            8.33044,
            9.73013,
            6.65435
          ],
          [
            5.54692,
            4.87124,
            6.69966
          ],
          [
            13.88642,
            9.67905,
            6.99182
          ],
          [
            11.14495,
            4.81569,
            6.85273
          ],
          [
            16.79031,
            9.6205,
            6.79919
          ],
          [
            2.76095,
            4.74933,
            6.69797
          ],
          [
            11.17993,
            9.67667,
            6.88717
          ],
          [
            8.34241,
            4.79126,
            6.89849
          ],
          [
            12.47775,
            2.36362,
            6.78127
          ],
          [
            15.30976,
            7.27088,
            6.8894
          ],
          [
            6.96649,
            2.33426,
            6.74274
          ],
          [
            9.72735,
            7.25852,
            6.74842
          ],
          [
            4.13238,
            2.37404,
            6.71827
          ],
          [
            6.88909,
            7.24633,
            6.84248
          ],
          [
            9.74881,
            2.31592,
            6.86628
          ],
          [
            12.57935,
            7.2741,
            6.88269
          ],
          [
            8.02036,
            9.21969,
            11.97938
          ],
          [
            7.79466,
            8.77518,
            10.51341
          ],
          [
            12.60515,
            7.61844,
            11.16589
          ],
          [
            12.5305,
            6.64029,
            12.33101
          ],
          [
            7.18636,
            4.5618,
            10.33973
          ],
          [
            5.77784,
            3.97905,
            10.41595
          ],
          [
            11.15981,
            2.68737,
            10.55376
          ],
          [
            9.96239,
            1.74708,
            10.98474
          ],
          [
            8.30836,
            8.47494,
            12.90439
          ],
          [
            2.19395,
            0.77288,
            12.32042
          ],
          [
            13.53216,
            8.35445,
            10.90337
          ],
          [
            11.38946,
            7.68268,
            10.4832
          ],
          [
            7.99335,
            4.05641,
            9.56057
          ],
          [
            7.65359,
            5.59785,
            11.10515
          ],
          [
            12.32892,
            2.58995,
            10.95671
          ],
          [
            10.88583,
            3.73852,
            9.71564
          ],
          [
            1.86721,
            1.41864,
            11.63907
          ],
          [
            7.75785,
            9.69862,
            9.83689
          ],
          [
            6.87818,
            8.17918,
            10.31916
          ],
          [
            8.66807,
            8.22029,
            10.22105
          ],
          [
            10.72136,
            7.25582,
            11.07489
          ],
          [
            11.75291,
            6.9836,
            13.06836
          ],
          [
            13.53382,
            6.55557,
            12.83841
          ],
          [
            12.20836,
            5.64765,
            11.97911
          ],
          [
            7.04313,
            5.98874,
            11.76334
          ],
          [
            5.69155,
            3.43219,
            11.38484
          ],
          [
            5.67668,
            3.26192,
            9.59857
          ],
          [
            5.0359,
            4.82465,
            10.40097
          ],
          [
            9.89364,
            3.89714,
            9.56111
          ],
          [
            10.27623,
            1.07774,
            11.86603
          ],
          [
            9.6613,
            1.06066,
            10.16867
          ],
          [
            9.09322,
            2.36556,
            11.26225
          ]
        ],
        "Stress": [
          [
            -63.25183,
            -3.13021,
            -0.00951
          ],
          [
            -3.13021,
            -62.28238,
            0.34908
          ],
          [
            -0.00951,
            0.34908,
            -8.02053
          ]
        ],
        "computation_code": "VASP",
        "pseudopotential_information": [
          [
            "PAW_PBE",
            "Pt",
            "04Feb2005"
          ],
          [
            "PAW_PBE",
            "C",
            "08Apr2002"
          ],
          [
            "PAW_PBE",
            "O",
            "08Apr2002"
          ],
          [
            "PAW_PBE",
            "H",
            "15Jun2001"
          ]
        ]
      }
    ],
    "EnergyStyle": "electronvolt",
    "ForcesStyle": "electronvoltperangstrom",
    "LatticeStyle": "angstrom",
    "PositionsStyle": "angstrom",
    "StressStyle": "kB"
  }
}