{
  "Dataset": {
    "AtomTypeStyle": "chemicalsymbol",
    "Data": [
      {
        "AtomTypes": [
          "Pt",
          "Pt",
          "Pt",
          "Pt",
          "Pt",
          "Pt",
          "Pt",
          "Pt",
          "Pt",
          "Pt",
          "Pt",
          "Pt",
          "Pt",
          "Pt",
          "Pt",
          "Pt",
          "Pt",
          "Pt",
          "Pt",
          "Pt",
          "Pt",
          "Pt",
          "Pt",
          "Pt",
          "Pt",
          "Pt",
          "Pt",
          "Pt",
          "Pt",
          "Pt",
          "Pt",
          "Pt",
          "Pt",
          "Pt",
          "Pt",
          "Pt",
          "Pt",
          "Pt",
          "Pt",
          "Pt",
          "Pt",
          "Pt",
          "Pt",
          "Pt",
          "Pt",
          "Pt",
          "Pt",
          "Pt",
          "Pt",
          "Pt",
          "Pt",
          "Pt",
          "Pt",
          "Pt",
          "Pt",
          "Pt",
          "Pt",
          "Pt",
          "Pt",
          "Pt",
          "Pt",
          "Pt",
          "Pt",
          "Pt",
          "C",
          "C",
          "C",
          "C",
          "C",
          "C",
          "C",
          "C",
          "O",
          "O",
          "O",
          "O",
          "O",
          "O",
          "O",
          "O",
          "H",
          "H",
          "H",
          "H",
          "H",
          "H",
          "H",
          "H",
          "H",
          "H",
          "H",
          "H",
          "H",
          "H",
          "H",
          "H"
        ],
        "Energy": -361.77821612,
        "Forces": [
          [
            0.024254,
            0.039691,
            0.016088
          ],
          [
            0.042446,
            0.064421,
            -0.051576
          ],
          [
            0.046173,
            0.011255,
            -0.073187
          ],
          [
            0.013314,
            0.025867,
            -0.055697
          ],
          [
            0.012551,
            0.012544,
            -0.052684
          ],
          [
            0.019544,
            0.030406,
            0.013994
          ],
          [
            0.063365,
            0.006886,
            -0.04263
          ],
          [
            0.040253,
            0.015487,
            -0.030422
          ],
          [
            -0.015532,
            -0.024015,
            -0.051107
          ],
          [
            0.040316,
            0.007201,
            -0.037441
          ],
          [
            0.017586,
            0.038206,
            -0.03489
          ],
          [
            0.009208,
            0.008421,
            -0.060761
          ],
          [
            0.029774,
            0.053268,
            -0.047881
          ],
          [
            -0.014645,
            0.031056,
            -0.000406
          ],
          [
            0.034951,
            0.006538,
            -0.024862
          ],
          [
            0.015056,
            -0.012601,
            -0.010747
          ],
          [
            -0.026861,
            -0.004556,
            -0.022878
          ],
          [
            0.074471,
            -0.037972,
            -0.143554
          ],
          [
            -0.003036,
            -0.036998,
            -0.050887
          ],
          [
            -0.073036,
            -0.1283,
            -0.05572
          ],
          [
            -0.110928,
            -0.128541,
            0.013907
          ],
          [
            -0.008118,
            -0.039775,
            -0.188137
          ],
          [
            -0.121672,
            -0.045584,
            0.025528
          ],
          [
            -0.006063,
            -0.037155,
            0.125102
          ],
          [
            -0.01496,
            0.037622,
            -0.266178
          ],
          [
            -0.096763,
            -0.027475,
            -0.1454
          ],
          [
            -0.131725,
            -0.061483,
            -0.183578
          ],
          [
            -0.079849,
            0.066186,
            -0.070018
          ],
          [
            -0.164399,
            -0.176754,
            -0.164684
          ],
          [
            -0.096113,
            -0.09569,
            -0.15338
          ],
          [
            -0.04096,
            0.050025,
            -0.109224
          ],
          [
            -0.02611,
            -0.033303,
            0.087271
          ],
          [
            -0.571953,
            0.304598,
            0.455141
          ],
          [
            -0.320695,
            0.710077,
            -0.022724
          ],
          [
            -0.055445,
            -0.003809,
            0.267955
          ],
          [
            0.1454,
            -0.347682,
            0.04267
          ],
          [
            0.663656,
            0.27203,
            0.221119
          ],
          [
            0.095337,
            -0.203723,
            0.302887
          ],
          [
            0.657088,
            0.117341,
            0.176958
          ],
          [
            0.366496,
            -0.143914,
            0.23505
          ],
          [
            -0.072421,
            0.076447,
            -0.147938
          ],
          [
            -0.13204,
            0.102852,
            0.160444
          ],
          [
            -0.104734,
            0.28889,
            0.145278
          ],
          [
            -0.015081,
            0.050886,
            0.12787
          ],
          [
            0.198313,
            -0.407875,
            -0.100098
          ],
          [
            -0.289138,
            -0.116658,
            0.458857
          ],
          [
            -0.135306,
            -0.312945,
            0.205956
          ],
          [
            0.091318,
            -0.043754,
            -0.112284
          ],
          [
            -0.127586,
            -0.070693,
            -0.558602
          ],
          [
            -0.261713,
            0.392329,
            0.264984
          ],
          [
            -0.03277,
            0.089576,
            0.109288
          ],
          [
            -0.022954,
            -0.151412,
            -0.023501
          ],
          [
            0.061555,
            -0.336785,
            -0.382131
          ],
          [
            0.217102,
            0.071317,
            -0.463168
          ],
          [
            0.371206,
            0.115679,
            -0.552242
          ],
          [
            -0.119066,
            -0.042495,
            -0.378873
          ],
          [
            -0.525492,
            0.151619,
            0.267927
          ],
          [
            -0.018362,
            0.314641,
            0.782978
          ],
          [
            0.295267,
            -0.542564,
            -0.234703
          ],
          [
            -0.009413,
            0.026284,
            -0.137412
          ],
          [
            -0.081018,
            -0.128092,
            0.583448
          ],
          [
            -0.436265,
            0.092166,
            -0.607032
          ],
          [
            -0.034203,
            -0.151679,
            0.028063
          ],
          [
            0.463213,
            0.372668,
            -0.192137
          ],
          [
            0.495208,
            0.465013,
            0.137333
          ],
          [
            -1.086539,
            -0.501184,
            0.78422
          ],
          [
            1.221545,
            1.70427,
            0.815366
          ],
          [
            0.186121,
            -0.512149,
            0.358865
          ],
          [
            0.23298,
            0.02083,
            -0.014398
          ],
          [
            0.61556,
            -0.061368,
            -0.73716
          ],
          [
            0.464982,
            -0.252829,
            -0.371595
          ],
          [
            -0.293059,
            1.597468,
            -0.082483
          ],
          [
            -0.094437,
            -0.727197,
            -0.531974
          ],
          [
            -0.062961,
            -0.318996,
            -0.329012
          ],
          [
            -0.524565,
            -0.937747,
            -0.46219
          ],
          [
            0.260579,
            -1.278482,
            -0.601726
          ],
          [
            -0.761998,
            -0.407567,
            0.371779
          ],
          [
            -0.079946,
            0.386726,
            0.542732
          ],
          [
            -0.490332,
            -0.827533,
            0.948779
          ],
          [
            0.486473,
            -0.417126,
            0.515262
          ],
          [
            0.349479,
            0.082143,
            -0.283521
          ],
          [
            0.053674,
            -0.084789,
            0.685136
          ],
          [
            -0.304427,
            -0.20081,
            0.247925
          ],
          [
            0.995933,
            0.764565,
            0.192426
          ],
          [
            -0.607954,
            1.060724,
            0.336426
          ],
          [
            -0.850059,
            0.452406,
            -0.578186
          ],
          [
            -0.191733,
            -0.285539,
            -0.246819
          ],
          [
            0.425861,
            -0.16735,
            0.175235
          ],
          [
            0.021568,
            -0.08914,
            -0.185982
          ],
          [
            -0.236893,
            -0.263382,
            0.372472
          ],
          [
            0.083346,
            0.056993,
            0.065475
          ],
          [
            -0.007502,
            0.508397,
            -0.261807
          ],
          [
            -0.260573,
            0.08897,
            -0.257586
          ],
          [
            -0.100192,
            0.225675,
            -0.357263
          ],
          [
            0.057605,
            -0.248969,
            -0.381202
          ],
          [
            0.263465,
            0.012124,
            -0.176761
          ]
        ],
        "Lattice": [
          [
            11.254311534,
            0.0,
            0.0
          ],
          [
            5.627155767,
            9.746519691,
            0.0
          ],
          [
            0.0,
            0.0,
            21.483230925
          ]
        ],
        "NumAtoms": 96,
        "Positions": [
          [
            4.22079,
            2.43687,
            0.0
          ],
          [
            7.03437,
            7.31013,
            0.0
          ],
          [
            9.84794,
            2.43687,
            0.0
          ],
          [
            12.66152,
            7.31013,
            0.0
          ],
          [
            1.40693,
            2.43687,
            0.0
          ],
          [
            4.22051,
            7.31013,
            0.0
          ],
          [
            7.03409,
            2.43687,
            0.0
          ],
          [
            9.84766,
            7.31013,
            0.0
          ],
          [
            2.81385,
            0.0,
            0.0
          ],
          [
            5.62743,
            4.87326,
            0.0
          ],
          [
            8.44101,
            0.0,
            0.0
          ],
          [
            11.25459,
            4.87326,
            0.0
          ],
          [
            0.0,
            0.0,
            0.0
          ],
          [
            2.81358,
            4.87326,
            0.0
          ],
          [
            5.62716,
            0.0,
            0.0
          ],
          [
            8.44073,
            4.87326,
            0.0
          ],
          [
            7.03462,
            4.06144,
            2.2975
          ],
          [
            9.8482,
            8.9347,
            2.2975
          ],
          [
            12.66177,
            4.06144,
            2.2975
          ],
          [
            15.47535,
            8.9347,
            2.2975
          ],
          [
            5.62769,
            1.62456,
            2.2975
          ],
          [
            8.44127,
            6.49782,
            2.2975
          ],
          [
            11.25484,
            1.62456,
            2.2975
          ],
          [
            14.06842,
            6.49782,
            2.2975
          ],
          [
            2.81383,
            1.62456,
            2.2975
          ],
          [
            5.62741,
            6.49782,
            2.2975
          ],
          [
            8.44098,
            1.62456,
            2.2975
          ],
          [
            11.25456,
            6.49782,
            2.2975
          ],
          [
            4.22076,
            4.06144,
            2.2975
          ],
          [
            7.03434,
            8.9347,
            2.2975
          ],
          [
            9.84791,
            4.06144,
            2.2975
          ],
          [
            12.66149,
            8.9347,
            2.2975
          ],
          [
            1.40967,
            0.75456,
            4.5204
          ],
          [
            4.20672,
            5.5407,
            4.54861
          ],
          [
            6.93353,
            0.79496,
            4.57579
          ],
          [
            9.78289,
            5.70221,
            4.57124
          ],
          [
            4.13887,
            0.74081,
            4.56167
          ],
          [
            7.01256,
            5.69454,
            4.54658
          ],
          [
            9.72866,
            0.74034,
            4.5326
          ],
          [
            12.59483,
            5.68013,
            4.55074
          ],
          [
            2.76628,
            3.21573,
            4.57069
          ],
          [
            5.62014,
            8.08288,
            4.55023
          ],
          [
            8.40262,
            3.21234,
            4.54014
          ],
          [
            11.21513,
            8.10768,
            4.59029
          ],
          [
            5.6061,
            3.23352,
            4.54217
          ],
          [
            8.43724,
            8.09524,
            4.53919
          ],
          [
            11.22577,
            3.25031,
            4.52576
          ],
          [
            13.99183,
            8.06224,
            4.56973
          ],
          [
            8.38801,
            9.67707,
            6.90194
          ],
          [
            5.62845,
            4.78302,
            6.83704
          ],
          [
            13.93911,
            9.64345,
            6.83098
          ],
          [
            11.16534,
            4.82629,
            6.84626
          ],
          [
            16.77529,
            9.72157,
            6.85158
          ],
          [
            13.94405,
            4.82098,
            6.94853
          ],
          [
            11.13644,
            9.6557,
            7.01556
          ],
          [
            8.40368,
            4.81522,
            6.92924
          ],
          [
            1.41389,
            2.34936,
            6.80877
          ],
          [
            4.1768,
            7.16409,
            6.6962
          ],
          [
            6.93429,
            2.42168,
            6.9222
          ],
          [
            9.76519,
            7.25132,
            6.94423
          ],
          [
            4.19911,
            2.39508,
            6.77027
          ],
          [
            7.03353,
            7.22551,
            6.94446
          ],
          [
            9.74273,
            2.37871,
            6.77403
          ],
          [
            12.4963,
            7.19075,
            6.93064
          ],
          [
            7.34631,
            9.03656,
            11.07408
          ],
          [
            8.1105,
            9.05522,
            9.74279
          ],
          [
            12.20196,
            7.51888,
            11.42103
          ],
          [
            12.33868,
            6.10304,
            11.88456
          ],
          [
            6.8624,
            4.42006,
            10.71552
          ],
          [
            5.55177,
            3.84191,
            11.23405
          ],
          [
            11.07521,
            2.49739,
            9.80035
          ],
          [
            10.68395,
            1.313,
            10.73874
          ],
          [
            6.41861,
            8.31497,
            11.38907
          ],
          [
            2.08143,
            0.21412,
            12.03766
          ],
          [
            12.10343,
            8.50264,
            12.15508
          ],
          [
            12.35999,
            7.74434,
            10.08644
          ],
          [
            7.91392,
            3.79196,
            10.59585
          ],
          [
            6.83483,
            5.65707,
            10.18401
          ],
          [
            12.1865,
            2.61426,
            9.227
          ],
          [
            10.15409,
            3.41838,
            9.48026
          ],
          [
            2.77465,
            0.82992,
            11.74535
          ],
          [
            7.50035,
            9.54645,
            8.91823
          ],
          [
            8.34041,
            8.03753,
            9.38626
          ],
          [
            9.0531,
            9.54944,
            9.81757
          ],
          [
            12.67784,
            6.90197,
            9.60703
          ],
          [
            12.8746,
            5.98769,
            12.87432
          ],
          [
            12.96429,
            5.5431,
            11.1741
          ],
          [
            11.31078,
            5.67084,
            11.90146
          ],
          [
            6.21186,
            6.30791,
            10.6037
          ],
          [
            5.00755,
            3.72852,
            10.26306
          ],
          [
            4.97523,
            4.54183,
            11.85661
          ],
          [
            5.69524,
            2.8533,
            11.72988
          ],
          [
            9.32337,
            3.43312,
            10.0503
          ],
          [
            11.36774,
            1.21301,
            11.6056
          ],
          [
            10.71423,
            0.38015,
            10.17611
          ],
          [
            9.64904,
            1.43966,
            11.1271
          ]
        ],
        "Stress": [
          [
            -64.23665,
            -0.17089,
            1.44275
          ],
          [
            -0.17089,
            -65.60852,
            1.05376
          ],
          [
            1.44275,
            1.05376,
            -16.68122
          ]
        ],
        "computation_code": "VASP",
        "pseudopotential_information": [
          [
            "PAW_PBE",
            "Pt",
            "04Feb2005"
          ],
          [
            "PAW_PBE",
            "C",
            "08Apr2002"
          ],
          [
            "PAW_PBE",
            "O",
            "08Apr2002"
          ],
          [
            "PAW_PBE",
            "H",
            "15Jun2001"
          ]
        ]
      }
    ],
    "EnergyStyle": "electronvolt",
    "ForcesStyle": "electronvoltperangstrom",
    "LatticeStyle": "angstrom",
    "PositionsStyle": "angstrom",
    "StressStyle": "kB"
  }
}