{
  "Dataset": {
    "AtomTypeStyle": "chemicalsymbol",
    "Data": [
      {
        "AtomTypes": [
          "Pt",
          "Pt",
          "Pt",
          "Pt",
          "Pt",
          "Pt",
          "Pt",
          "Pt",
          "Pt",
          "Pt",
          "Pt",
          "Pt",
          "Pt",
          "Pt",
          "Pt",
          "Pt",
          "Pt",
          "Pt",
          "Pt",
          "Pt",
          "Pt",
          "Pt",
          "Pt",
          "Pt",
          "Pt",
          "Pt",
          "Pt",
          "Pt",
          "Pt",
          "Pt",
          "Pt",
          "Pt",
          "Pt",
          "Pt",
          "Pt",
          "Pt",
          "Pt",
          "Pt",
          "Pt",
          "Pt",
          "Pt",
          "Pt",
          "Pt",
          "Pt",
          "Pt",
          "Pt",
          "Pt",
          "Pt",
          "Pt",
          "Pt",
          "Pt",
          "Pt",
          "Pt",
          "Pt",
          "Pt",
          "Pt",
          "Pt",
          "Pt",
          "Pt",
          "Pt",
          "Pt",
          "Pt",
          "Pt",
          "Pt",
          "C",
          "C",
          "C",
          "C",
          "C",
          "C",
          "C",
          "C",
          "O",
          "O",
          "O",
          "O",
          "O",
          "O",
          "O",
          "O",
          "H",
          "H",
          "H",
          "H",
          "H",
          "H",
          "H",
          "H",
          "H",
          "H",
          "H",
          "H",
          "H",
          "H",
          "H",
          "H"
        ],
        "Energy": -360.65949922,
        "Forces": [
          [
            0.005525,
            -0.042059,
            0.002143
          ],
          [
            0.044527,
            -0.02505,
            -0.0642
          ],
          [
            -0.033147,
            0.01375,
            0.008467
          ],
          [
            -0.045923,
            0.055743,
            0.004363
          ],
          [
            0.003047,
            0.020811,
            -0.02351
          ],
          [
            0.018144,
            0.004699,
            -0.000299
          ],
          [
            -0.022453,
            0.0405,
            -0.018076
          ],
          [
            -0.007598,
            -0.015743,
            -0.124482
          ],
          [
            0.041312,
            -0.022465,
            -0.030076
          ],
          [
            0.06708,
            0.032704,
            0.008454
          ],
          [
            0.006303,
            0.013843,
            -0.01028
          ],
          [
            -0.057714,
            0.058295,
            -0.055309
          ],
          [
            -0.023328,
            0.021827,
            -0.014034
          ],
          [
            -0.036771,
            -0.005646,
            -0.01921
          ],
          [
            -0.047702,
            -0.032414,
            -0.112417
          ],
          [
            0.072572,
            0.065437,
            -0.114562
          ],
          [
            -0.2794,
            -0.097189,
            0.110175
          ],
          [
            -0.051929,
            0.111387,
            0.18874
          ],
          [
            0.17122,
            0.007094,
            0.331921
          ],
          [
            -0.017943,
            -0.026899,
            0.196046
          ],
          [
            -0.180893,
            0.220982,
            0.459934
          ],
          [
            0.012362,
            0.001872,
            0.083324
          ],
          [
            0.146192,
            0.036145,
            0.300032
          ],
          [
            -0.082424,
            -0.149506,
            0.209223
          ],
          [
            0.115741,
            0.100328,
            0.426815
          ],
          [
            -0.134568,
            -0.179387,
            -0.104175
          ],
          [
            0.153905,
            0.031748,
            -0.240131
          ],
          [
            0.110822,
            -0.104762,
            0.187221
          ],
          [
            -0.008251,
            -0.123644,
            0.513794
          ],
          [
            0.164321,
            0.090316,
            -0.062619
          ],
          [
            0.038938,
            -0.006233,
            0.152387
          ],
          [
            -0.04774,
            -0.262981,
            -0.048958
          ],
          [
            -0.443545,
            0.044804,
            0.170391
          ],
          [
            0.019076,
            -0.047547,
            0.1413
          ],
          [
            -0.616513,
            0.067685,
            0.812804
          ],
          [
            -0.112374,
            -0.26905,
            0.104701
          ],
          [
            0.17824,
            -0.302264,
            -0.213095
          ],
          [
            0.445381,
            0.060678,
            0.374333
          ],
          [
            0.391556,
            -0.006955,
            0.007682
          ],
          [
            -0.340648,
            0.199819,
            -0.529917
          ],
          [
            -0.531433,
            0.185198,
            0.032895
          ],
          [
            -0.083093,
            0.505268,
            0.680793
          ],
          [
            0.373039,
            0.114935,
            0.240369
          ],
          [
            0.435489,
            0.144173,
            -0.058917
          ],
          [
            0.628918,
            -0.430387,
            -0.63689
          ],
          [
            -0.221594,
            0.036531,
            0.201582
          ],
          [
            -0.165914,
            -0.477749,
            0.032673
          ],
          [
            -0.097395,
            0.144034,
            -0.139147
          ],
          [
            -0.114986,
            -0.204095,
            -0.146176
          ],
          [
            0.266518,
            0.324553,
            -0.353809
          ],
          [
            -0.130131,
            0.204365,
            -0.239853
          ],
          [
            -0.039159,
            -0.132405,
            0.12476
          ],
          [
            -0.18019,
            0.204259,
            -0.098391
          ],
          [
            -0.617404,
            -0.355914,
            -0.023106
          ],
          [
            -0.040568,
            0.400897,
            -0.028902
          ],
          [
            0.259327,
            0.424845,
            0.019512
          ],
          [
            0.206478,
            -0.198932,
            -0.931352
          ],
          [
            0.889543,
            -0.168428,
            -0.920215
          ],
          [
            0.068015,
            -0.351389,
            -0.141809
          ],
          [
            -0.311523,
            -0.053003,
            -0.261265
          ],
          [
            -0.049329,
            0.046904,
            -0.756174
          ],
          [
            0.270841,
            0.054702,
            -0.174717
          ],
          [
            0.21466,
            0.260355,
            -0.27355
          ],
          [
            -0.655439,
            -0.317309,
            0.095358
          ],
          [
            -1.242687,
            -0.359993,
            -0.277097
          ],
          [
            1.958416,
            0.870554,
            2.017404
          ],
          [
            0.407669,
            -0.553846,
            -0.570193
          ],
          [
            -0.785502,
            1.907204,
            1.242731
          ],
          [
            0.523543,
            1.786124,
            0.180984
          ],
          [
            0.24103,
            -0.344095,
            0.356082
          ],
          [
            -1.358906,
            -2.108505,
            -0.058436
          ],
          [
            0.556439,
            0.241619,
            0.131248
          ],
          [
            -0.247939,
            -0.997116,
            0.822662
          ],
          [
            0.184284,
            0.267139,
            -0.740545
          ],
          [
            -0.921674,
            -0.0056,
            0.731791
          ],
          [
            -0.263675,
            -0.724119,
            -0.52815
          ],
          [
            0.024369,
            -0.807167,
            -0.797578
          ],
          [
            -1.477605,
            -0.227896,
            0.158881
          ],
          [
            0.385196,
            1.646261,
            -0.324683
          ],
          [
            -0.261131,
            -0.411682,
            0.733867
          ],
          [
            -0.397295,
            -0.17583,
            -0.461363
          ],
          [
            -0.217591,
            0.339774,
            -0.285747
          ],
          [
            0.329666,
            0.0905,
            -0.606553
          ],
          [
            -0.064026,
            -0.000474,
            -0.388299
          ],
          [
            0.355284,
            0.269335,
            -0.320375
          ],
          [
            -0.044799,
            0.141095,
            -0.242642
          ],
          [
            0.480939,
            0.053402,
            -0.198558
          ],
          [
            0.691486,
            -1.068003,
            0.06416
          ],
          [
            0.023893,
            -0.147779,
            -0.324546
          ],
          [
            0.475879,
            0.148071,
            -0.02754
          ],
          [
            0.350519,
            -0.108768,
            -0.04113
          ],
          [
            -0.179936,
            -0.438292,
            0.379989
          ],
          [
            0.574121,
            0.054191,
            -0.007643
          ],
          [
            0.151944,
            0.779009,
            -0.303037
          ],
          [
            0.112096,
            -0.018699,
            0.250653
          ],
          [
            -0.348034,
            -0.055804,
            0.144658
          ]
        ],
        "Lattice": [
          [
            11.254311534,
            0.0,
            0.0
          ],
          [
            5.627155767,
            9.746519691,
            0.0
          ],
          [
            0.0,
            0.0,
            21.483230925
          ]
        ],
        "NumAtoms": 96,
        "Positions": [
          [
            4.22079,
            2.43687,
            0.0
          ],
          [
            7.03437,
            7.31013,
            0.0
          ],
          [
            9.84794,
            2.43687,
            0.0
          ],
          [
            12.66152,
            7.31013,
            0.0
          ],
          [
            1.40693,
            2.43687,
            0.0
          ],
          [
            4.22051,
            7.31013,
            0.0
          ],
          [
            7.03409,
            2.43687,
            0.0
          ],
          [
            9.84766,
            7.31013,
            0.0
          ],
          [
            2.81385,
            0.0,
            0.0
          ],
          [
            5.62743,
            4.87326,
            0.0
          ],
          [
            8.44101,
            0.0,
            0.0
          ],
          [
            11.25459,
            4.87326,
            0.0
          ],
          [
            0.0,
            0.0,
            0.0
          ],
          [
            2.81358,
            4.87326,
            0.0
          ],
          [
            5.62716,
            0.0,
            0.0
          ],
          [
            8.44073,
            4.87326,
            0.0
          ],
          [
            7.03462,
            4.06144,
            2.2975
          ],
          [
            9.8482,
            8.9347,
            2.2975
          ],
          [
            12.66177,
            4.06144,
            2.2975
          ],
          [
            15.47535,
            8.9347,
            2.2975
          ],
          [
            5.62769,
            1.62456,
            2.2975
          ],
          [
            8.44127,
            6.49782,
            2.2975
          ],
          [
            11.25484,
            1.62456,
            2.2975
          ],
          [
            14.06842,
            6.49782,
            2.2975
          ],
          [
            2.81383,
            1.62456,
            2.2975
          ],
          [
            5.62741,
            6.49782,
            2.2975
          ],
          [
            8.44098,
            1.62456,
            2.2975
          ],
          [
            11.25456,
            6.49782,
            2.2975
          ],
          [
            4.22076,
            4.06144,
            2.2975
          ],
          [
            7.03434,
            8.9347,
            2.2975
          ],
          [
            9.84791,
            4.06144,
            2.2975
          ],
          [
            12.66149,
            8.9347,
            2.2975
          ],
          [
            1.45976,
            0.80709,
            4.59909
          ],
          [
            4.20569,
            5.70126,
            4.63167
          ],
          [
            7.09617,
            0.76247,
            4.50184
          ],
          [
            9.84038,
            5.68163,
            4.56815
          ],
          [
            4.24693,
            0.86695,
            4.65617
          ],
          [
            6.94775,
            5.62877,
            4.55533
          ],
          [
            9.85437,
            0.79349,
            4.57137
          ],
          [
            12.73091,
            5.62828,
            4.6449
          ],
          [
            2.85403,
            3.1951,
            4.69852
          ],
          [
            5.65129,
            8.05545,
            4.52783
          ],
          [
            8.3566,
            3.21395,
            4.53457
          ],
          [
            11.2129,
            8.09374,
            4.5696
          ],
          [
            5.50369,
            3.28351,
            4.7561
          ],
          [
            8.45368,
            8.10485,
            4.59017
          ],
          [
            11.30714,
            3.26299,
            4.58985
          ],
          [
            14.11962,
            8.07653,
            4.59982
          ],
          [
            8.46229,
            9.73746,
            6.93297
          ],
          [
            5.57332,
            4.77017,
            7.06222
          ],
          [
            14.09874,
            9.70861,
            6.92391
          ],
          [
            11.24684,
            4.84967,
            6.85059
          ],
          [
            5.6842,
            9.65754,
            6.86459
          ],
          [
            2.90804,
            4.85441,
            6.98307
          ],
          [
            11.2666,
            9.66957,
            6.88939
          ],
          [
            8.36311,
            4.76674,
            6.84177
          ],
          [
            12.63879,
            2.45089,
            7.13133
          ],
          [
            15.38286,
            7.30265,
            7.15517
          ],
          [
            6.99135,
            2.3731,
            6.91606
          ],
          [
            9.88199,
            7.25464,
            6.92622
          ],
          [
            4.19465,
            2.3497,
            7.24594
          ],
          [
            6.95517,
            7.2137,
            6.88959
          ],
          [
            9.81885,
            2.35865,
            6.84667
          ],
          [
            12.73639,
            7.33274,
            6.84124
          ],
          [
            6.66723,
            7.74077,
            10.77639
          ],
          [
            7.57495,
            8.77638,
            11.15116
          ],
          [
            12.35773,
            7.28557,
            11.28722
          ],
          [
            13.08128,
            7.18802,
            9.92244
          ],
          [
            6.49184,
            4.22966,
            11.15021
          ],
          [
            5.25233,
            4.51082,
            10.29423
          ],
          [
            10.724,
            2.2741,
            10.21994
          ],
          [
            9.29243,
            1.67995,
            10.33521
          ],
          [
            6.22843,
            7.65368,
            9.62723
          ],
          [
            6.20073,
            6.97029,
            11.83455
          ],
          [
            11.49422,
            6.45692,
            11.44187
          ],
          [
            12.59396,
            8.24183,
            12.26501
          ],
          [
            6.45628,
            4.08248,
            12.35343
          ],
          [
            7.78326,
            4.49494,
            10.55354
          ],
          [
            11.65827,
            1.51321,
            10.45106
          ],
          [
            10.80493,
            3.55226,
            9.76079
          ],
          [
            6.76427,
            7.14804,
            12.63183
          ],
          [
            7.06583,
            9.73912,
            11.13121
          ],
          [
            8.45306,
            8.82615,
            10.51641
          ],
          [
            7.95927,
            8.66412,
            12.19805
          ],
          [
            13.51131,
            8.55956,
            12.27849
          ],
          [
            13.56541,
            8.13459,
            9.63984
          ],
          [
            12.22971,
            6.91128,
            9.2656
          ],
          [
            13.83631,
            6.43621,
            9.93208
          ],
          [
            7.61786,
            4.99746,
            9.72272
          ],
          [
            5.36431,
            4.44511,
            9.19036
          ],
          [
            4.84502,
            5.50634,
            10.55775
          ],
          [
            4.45672,
            3.79507,
            10.50222
          ],
          [
            9.874,
            3.9197,
            9.77347
          ],
          [
            9.3293,
            0.61177,
            10.68871
          ],
          [
            8.76938,
            1.73714,
            9.35039
          ],
          [
            8.74128,
            2.30487,
            11.04747
          ]
        ],
        "Stress": [
          [
            -70.49268,
            1.53293,
            -0.57042
          ],
          [
            1.53293,
            -70.66415,
            0.08001
          ],
          [
            -0.57042,
            0.08001,
            -26.71944
          ]
        ],
        "computation_code": "VASP",
        "pseudopotential_information": [
          [
            "PAW_PBE",
            "Pt",
            "04Feb2005"
          ],
          [
            "PAW_PBE",
            "C",
            "08Apr2002"
          ],
          [
            "PAW_PBE",
            "O",
            "08Apr2002"
          ],
          [
            "PAW_PBE",
            "H",
            "15Jun2001"
          ]
        ]
      }
    ],
    "EnergyStyle": "electronvolt",
    "ForcesStyle": "electronvoltperangstrom",
    "LatticeStyle": "angstrom",
    "PositionsStyle": "angstrom",
    "StressStyle": "kB"
  }
}