{
  "Dataset": {
    "AtomTypeStyle": "chemicalsymbol",
    "Data": [
      {
        "AtomTypes": [
          "Pt",
          "Pt",
          "Pt",
          "Pt",
          "Pt",
          "Pt",
          "Pt",
          "Pt",
          "Pt",
          "Pt",
          "Pt",
          "Pt",
          "Pt",
          "Pt",
          "Pt",
          "Pt",
          "Pt",
          "Pt",
          "Pt",
          "Pt",
          "Pt",
          "Pt",
          "Pt",
          "Pt",
          "Pt",
          "Pt",
          "Pt",
          "Pt",
          "Pt",
          "Pt",
          "Pt",
          "Pt",
          "Pt",
          "Pt",
          "Pt",
          "Pt",
          "Pt",
          "Pt",
          "Pt",
          "Pt",
          "Pt",
          "Pt",
          "Pt",
          "Pt",
          "Pt",
          "Pt",
          "Pt",
          "Pt",
          "Pt",
          "Pt",
          "Pt",
          "Pt",
          "Pt",
          "Pt",
          "Pt",
          "Pt",
          "Pt",
          "Pt",
          "Pt",
          "Pt",
          "Pt",
          "Pt",
          "Pt",
          "Pt",
          "C",
          "C",
          "C",
          "C",
          "C",
          "C",
          "C",
          "C",
          "O",
          "O",
          "O",
          "O",
          "O",
          "O",
          "O",
          "O",
          "H",
          "H",
          "H",
          "H",
          "H",
          "H",
          "H",
          "H",
          "H",
          "H",
          "H",
          "H",
          "H",
          "H",
          "H",
          "H"
        ],
        "Energy": -361.15173345,
        "Forces": [
          [
            -0.039356,
            0.057534,
            -0.02637
          ],
          [
            0.012923,
            0.076174,
            -0.074229
          ],
          [
            0.036439,
            0.03736,
            0.02421
          ],
          [
            -0.033759,
            0.027434,
            -0.017573
          ],
          [
            0.073413,
            0.037894,
            -0.062939
          ],
          [
            -0.015757,
            0.071615,
            -0.099279
          ],
          [
            -0.017551,
            0.032707,
            -0.055019
          ],
          [
            -0.032017,
            0.037133,
            -0.052911
          ],
          [
            -0.047348,
            0.038749,
            -0.078696
          ],
          [
            0.048369,
            0.100313,
            0.02575
          ],
          [
            0.038196,
            0.089222,
            -0.003582
          ],
          [
            0.026339,
            0.009545,
            -0.014904
          ],
          [
            0.042572,
            0.018209,
            -0.112893
          ],
          [
            0.024031,
            0.074369,
            -0.083944
          ],
          [
            -0.036943,
            0.050602,
            0.00105
          ],
          [
            -0.040894,
            0.106657,
            -0.089088
          ],
          [
            -0.078636,
            0.177535,
            0.185339
          ],
          [
            0.122022,
            -0.18022,
            0.03949
          ],
          [
            -0.209938,
            0.041577,
            0.283374
          ],
          [
            0.068113,
            -0.049349,
            -0.427458
          ],
          [
            0.122452,
            -0.128521,
            -0.198876
          ],
          [
            -0.09682,
            -0.14158,
            0.334478
          ],
          [
            -0.238231,
            0.177519,
            0.219343
          ],
          [
            0.107949,
            -0.261049,
            0.182983
          ],
          [
            0.020647,
            0.008125,
            -0.326639
          ],
          [
            0.098326,
            -0.631359,
            -0.095698
          ],
          [
            0.073256,
            -0.259761,
            -0.192565
          ],
          [
            0.129066,
            0.087619,
            0.079597
          ],
          [
            0.121149,
            -0.153825,
            0.288304
          ],
          [
            0.071251,
            -0.232686,
            0.308547
          ],
          [
            0.085464,
            -0.03648,
            -0.101804
          ],
          [
            -0.073531,
            -0.189081,
            0.052153
          ],
          [
            -0.42807,
            -0.876429,
            0.589746
          ],
          [
            -0.078063,
            0.140177,
            0.158099
          ],
          [
            -0.119304,
            -0.338129,
            0.169592
          ],
          [
            -0.731645,
            0.04326,
            -0.224152
          ],
          [
            0.124478,
            -0.377835,
            0.597249
          ],
          [
            -0.391076,
            0.223779,
            -1.111275
          ],
          [
            0.536876,
            0.661921,
            0.213904
          ],
          [
            0.41604,
            -0.393295,
            -0.16889
          ],
          [
            0.474134,
            0.447827,
            0.687205
          ],
          [
            1.023553,
            0.471338,
            1.1889
          ],
          [
            0.165583,
            0.062743,
            0.421209
          ],
          [
            0.261535,
            0.156873,
            -0.620592
          ],
          [
            -0.776155,
            0.927827,
            0.047516
          ],
          [
            -1.025409,
            0.151108,
            -0.311676
          ],
          [
            0.576351,
            -0.663419,
            -0.553882
          ],
          [
            -0.685582,
            -0.760975,
            0.301694
          ],
          [
            -0.296294,
            -0.281951,
            -0.088115
          ],
          [
            -0.389558,
            -0.100282,
            -0.026838
          ],
          [
            0.371135,
            0.464452,
            0.138396
          ],
          [
            0.081692,
            0.100536,
            0.211536
          ],
          [
            -0.615114,
            -0.421036,
            -0.511523
          ],
          [
            0.654624,
            0.562744,
            -0.566127
          ],
          [
            0.582239,
            -0.055241,
            0.112345
          ],
          [
            -0.195962,
            -0.155287,
            0.4009
          ],
          [
            -0.496454,
            0.19445,
            -0.325445
          ],
          [
            0.008655,
            0.127853,
            -0.440716
          ],
          [
            0.165841,
            -0.173031,
            0.170634
          ],
          [
            -0.10253,
            0.198046,
            0.755824
          ],
          [
            0.509288,
            0.192111,
            -0.809061
          ],
          [
            -0.503543,
            0.460773,
            -0.212292
          ],
          [
            0.160813,
            -0.113499,
            0.227968
          ],
          [
            0.353973,
            -0.005987,
            0.045665
          ],
          [
            0.912441,
            1.528865,
            0.711484
          ],
          [
            0.707564,
            -0.970497,
            2.162465
          ],
          [
            -4.112141,
            2.438415,
            1.206255
          ],
          [
            0.697554,
            0.605624,
            1.676224
          ],
          [
            -1.878696,
            0.03878,
            -0.609029
          ],
          [
            1.249762,
            -1.117039,
            1.401524
          ],
          [
            -1.83565,
            -1.209866,
            -1.584316
          ],
          [
            1.517648,
            -0.888002,
            0.171724
          ],
          [
            -0.206775,
            -0.535118,
            -0.548612
          ],
          [
            0.672209,
            0.700997,
            -0.601261
          ],
          [
            0.847432,
            -2.17023,
            -1.330125
          ],
          [
            1.498774,
            -0.645054,
            -0.814207
          ],
          [
            1.345046,
            1.280408,
            -0.30887
          ],
          [
            0.526681,
            -1.339175,
            0.231223
          ],
          [
            0.228618,
            0.889787,
            1.680668
          ],
          [
            0.187473,
            -0.040346,
            0.085947
          ],
          [
            -0.352376,
            -0.598207,
            0.505526
          ],
          [
            -0.740323,
            0.099564,
            -0.681255
          ],
          [
            -0.001949,
            -0.365977,
            -0.911429
          ],
          [
            -0.17714,
            1.009986,
            -0.031218
          ],
          [
            0.369451,
            -0.373305,
            -0.027039
          ],
          [
            0.669776,
            -0.637656,
            -0.153839
          ],
          [
            -0.313306,
            -0.082026,
            -1.408807
          ],
          [
            -0.032163,
            0.227618,
            -0.13678
          ],
          [
            0.200067,
            0.762676,
            -0.306928
          ],
          [
            0.523496,
            -0.066458,
            -0.03467
          ],
          [
            -1.805566,
            0.210866,
            -0.625628
          ],
          [
            -0.332631,
            0.323832,
            -0.194058
          ],
          [
            0.501703,
            -0.052738,
            -0.278318
          ],
          [
            -0.800719,
            0.163923,
            0.562131
          ],
          [
            -0.094027,
            0.405084,
            -0.148116
          ],
          [
            0.023893,
            0.444455,
            -0.210788
          ]
        ],
        "Lattice": [
          [
            11.254311534,
            0.0,
            0.0
          ],
          [
            5.627155767,
            9.746519691,
            0.0
          ],
          [
            0.0,
            0.0,
            21.483230925
          ]
        ],
        "NumAtoms": 96,
        "Positions": [
          [
            4.22079,
            2.43687,
            0.0
          ],
          [
            7.03437,
            7.31013,
            0.0
          ],
          [
            9.84794,
            2.43687,
            0.0
          ],
          [
            12.66152,
            7.31013,
            0.0
          ],
          [
            1.40693,
            2.43687,
            0.0
          ],
          [
            4.22051,
            7.31013,
            0.0
          ],
          [
            7.03409,
            2.43687,
            0.0
          ],
          [
            9.84766,
            7.31013,
            0.0
          ],
          [
            2.81385,
            0.0,
            0.0
          ],
          [
            5.62743,
            4.87326,
            0.0
          ],
          [
            8.44101,
            0.0,
            0.0
          ],
          [
            11.25459,
            4.87326,
            0.0
          ],
          [
            0.0,
            0.0,
            0.0
          ],
          [
            2.81358,
            4.87326,
            0.0
          ],
          [
            5.62716,
            0.0,
            0.0
          ],
          [
            8.44073,
            4.87326,
            0.0
          ],
          [
            7.03462,
            4.06144,
            2.2975
          ],
          [
            9.8482,
            8.9347,
            2.2975
          ],
          [
            12.66177,
            4.06144,
            2.2975
          ],
          [
            15.47535,
            8.9347,
            2.2975
          ],
          [
            5.62769,
            1.62456,
            2.2975
          ],
          [
            8.44127,
            6.49782,
            2.2975
          ],
          [
            11.25484,
            1.62456,
            2.2975
          ],
          [
            14.06842,
            6.49782,
            2.2975
          ],
          [
            2.81383,
            1.62456,
            2.2975
          ],
          [
            5.62741,
            6.49782,
            2.2975
          ],
          [
            8.44098,
            1.62456,
            2.2975
          ],
          [
            11.25456,
            6.49782,
            2.2975
          ],
          [
            4.22076,
            4.06144,
            2.2975
          ],
          [
            7.03434,
            8.9347,
            2.2975
          ],
          [
            9.84791,
            4.06144,
            2.2975
          ],
          [
            12.66149,
            8.9347,
            2.2975
          ],
          [
            1.3915,
            0.82148,
            4.51728
          ],
          [
            4.2034,
            5.47835,
            4.63033
          ],
          [
            7.04538,
            0.72274,
            4.56463
          ],
          [
            9.96019,
            5.58583,
            4.55585
          ],
          [
            4.17691,
            0.81134,
            4.52548
          ],
          [
            7.09711,
            5.5713,
            4.6936
          ],
          [
            9.8136,
            0.60866,
            4.57687
          ],
          [
            12.66709,
            5.63959,
            4.62178
          ],
          [
            2.71107,
            3.16739,
            4.56242
          ],
          [
            5.55563,
            7.91974,
            4.49289
          ],
          [
            8.43707,
            3.13391,
            4.50599
          ],
          [
            11.29237,
            8.05364,
            4.63631
          ],
          [
            5.69449,
            3.06389,
            4.59823
          ],
          [
            8.55445,
            8.0364,
            4.59295
          ],
          [
            11.15888,
            3.1915,
            4.66933
          ],
          [
            14.10678,
            8.04146,
            4.54636
          ],
          [
            8.43596,
            9.54463,
            6.89792
          ],
          [
            5.63099,
            4.63862,
            6.9125
          ],
          [
            13.92019,
            9.37444,
            6.87302
          ],
          [
            11.19469,
            4.54578,
            6.97946
          ],
          [
            5.71805,
            9.49035,
            6.9036
          ],
          [
            2.62718,
            4.51187,
            7.07512
          ],
          [
            11.10593,
            9.59076,
            6.8504
          ],
          [
            8.48716,
            4.59737,
            6.82801
          ],
          [
            1.39302,
            2.12019,
            7.02264
          ],
          [
            4.18918,
            7.00935,
            6.94756
          ],
          [
            6.94956,
            2.21431,
            6.88748
          ],
          [
            9.86639,
            7.03662,
            6.80479
          ],
          [
            4.09,
            2.2254,
            7.07545
          ],
          [
            7.11104,
            7.03942,
            6.94807
          ],
          [
            9.74217,
            2.09842,
            6.83323
          ],
          [
            12.59261,
            6.99725,
            6.94627
          ],
          [
            8.38837,
            9.61084,
            13.02065
          ],
          [
            7.33418,
            8.95697,
            13.83607
          ],
          [
            7.09929,
            6.54946,
            11.06665
          ],
          [
            6.03201,
            5.47109,
            11.29137
          ],
          [
            10.28681,
            3.45529,
            10.45755
          ],
          [
            10.90257,
            2.12754,
            10.63853
          ],
          [
            5.9428,
            1.93812,
            11.12393
          ],
          [
            4.56922,
            2.0484,
            10.40258
          ],
          [
            3.46545,
            0.77217,
            13.53904
          ],
          [
            8.59094,
            9.2487,
            11.77903
          ],
          [
            6.70752,
            7.72717,
            11.42316
          ],
          [
            8.26565,
            6.38541,
            10.58019
          ],
          [
            10.8254,
            4.45617,
            10.07735
          ],
          [
            8.88491,
            3.57697,
            10.59809
          ],
          [
            6.91968,
            1.68369,
            10.38747
          ],
          [
            5.90616,
            1.89573,
            12.45688
          ],
          [
            7.82861,
            8.69146,
            11.38007
          ],
          [
            6.34359,
            9.36105,
            13.70479
          ],
          [
            7.55729,
            9.22444,
            14.91838
          ],
          [
            7.33637,
            7.82984,
            13.7382
          ],
          [
            8.44906,
            5.43196,
            10.36895
          ],
          [
            5.03865,
            5.98689,
            11.16993
          ],
          [
            6.14628,
            5.28047,
            12.43527
          ],
          [
            6.15579,
            4.51551,
            10.75916
          ],
          [
            8.39031,
            2.68853,
            10.74742
          ],
          [
            10.17982,
            1.46353,
            11.16381
          ],
          [
            11.93945,
            2.16403,
            11.19714
          ],
          [
            11.18325,
            1.63328,
            9.68435
          ],
          [
            4.95985,
            1.71144,
            12.81547
          ],
          [
            4.87683,
            2.26107,
            9.3358
          ],
          [
            3.84291,
            2.70558,
            10.88577
          ],
          [
            4.16551,
            1.00327,
            10.47348
          ]
        ],
        "Stress": [
          [
            -68.83545,
            1.71874,
            0.16572
          ],
          [
            1.71874,
            -68.01413,
            1.25774
          ],
          [
            0.16572,
            1.25774,
            -21.83277
          ]
        ],
        "computation_code": "VASP",
        "pseudopotential_information": [
          [
            "PAW_PBE",
            "Pt",
            "04Feb2005"
          ],
          [
            "PAW_PBE",
            "C",
            "08Apr2002"
          ],
          [
            "PAW_PBE",
            "O",
            "08Apr2002"
          ],
          [
            "PAW_PBE",
            "H",
            "15Jun2001"
          ]
        ]
      }
    ],
    "EnergyStyle": "electronvolt",
    "ForcesStyle": "electronvoltperangstrom",
    "LatticeStyle": "angstrom",
    "PositionsStyle": "angstrom",
    "StressStyle": "kB"
  }
}