{
  "Dataset": {
    "AtomTypeStyle": "chemicalsymbol",
    "Data": [
      {
        "AtomTypes": [
          "Pt",
          "Pt",
          "Pt",
          "Pt",
          "Pt",
          "Pt",
          "Pt",
          "Pt",
          "Pt",
          "Pt",
          "Pt",
          "Pt",
          "Pt",
          "Pt",
          "Pt",
          "Pt",
          "Pt",
          "Pt",
          "Pt",
          "Pt",
          "Pt",
          "Pt",
          "Pt",
          "Pt",
          "Pt",
          "Pt",
          "Pt",
          "Pt",
          "Pt",
          "Pt",
          "Pt",
          "Pt",
          "Pt",
          "Pt",
          "Pt",
          "Pt",
          "Pt",
          "Pt",
          "Pt",
          "Pt",
          "Pt",
          "Pt",
          "Pt",
          "Pt",
          "Pt",
          "Pt",
          "Pt",
          "Pt",
          "Pt",
          "Pt",
          "Pt",
          "Pt",
          "Pt",
          "Pt",
          "Pt",
          "Pt",
          "Pt",
          "Pt",
          "Pt",
          "Pt",
          "Pt",
          "Pt",
          "Pt",
          "Pt",
          "C",
          "C",
          "C",
          "C",
          "C",
          "C",
          "C",
          "C",
          "O",
          "O",
          "O",
          "O",
          "O",
          "O",
          "O",
          "O",
          "H",
          "H",
          "H",
          "H",
          "H",
          "H",
          "H",
          "H",
          "H",
          "H",
          "H",
          "H",
          "H",
          "H",
          "H",
          "H"
        ],
        "Energy": -361.99071456,
        "Forces": [
          [
            -0.025777,
            0.045676,
            -0.026243
          ],
          [
            -0.063782,
            0.022307,
            -0.058398
          ],
          [
            0.04771,
            0.005429,
            -0.077214
          ],
          [
            0.024045,
            -0.049992,
            -0.051157
          ],
          [
            -0.025146,
            0.030373,
            -0.108549
          ],
          [
            0.040778,
            0.019722,
            -0.092337
          ],
          [
            0.039436,
            -0.026169,
            -0.062033
          ],
          [
            0.003963,
            0.003308,
            -0.06773
          ],
          [
            -0.006194,
            0.002481,
            0.007966
          ],
          [
            -0.004903,
            0.006526,
            -0.00289
          ],
          [
            -0.062733,
            0.007004,
            0.022796
          ],
          [
            0.026741,
            -0.003424,
            -0.026595
          ],
          [
            0.028866,
            -0.019371,
            -0.004745
          ],
          [
            -0.016222,
            0.003964,
            -0.027673
          ],
          [
            -0.01026,
            0.000726,
            -0.003306
          ],
          [
            0.012691,
            0.014988,
            0.03688
          ],
          [
            0.082623,
            0.139428,
            -0.08811
          ],
          [
            0.034994,
            0.15765,
            -0.024339
          ],
          [
            -0.110105,
            0.104665,
            0.15227
          ],
          [
            -0.015667,
            0.128015,
            0.106273
          ],
          [
            0.031415,
            -0.158861,
            0.146871
          ],
          [
            0.079666,
            -0.220859,
            0.039318
          ],
          [
            -0.060434,
            0.038277,
            0.136441
          ],
          [
            -0.225116,
            0.003973,
            -0.056571
          ],
          [
            0.133214,
            -0.082309,
            0.022685
          ],
          [
            0.155647,
            -0.037548,
            0.154846
          ],
          [
            -0.051441,
            -0.027293,
            0.326469
          ],
          [
            -0.007204,
            -0.116698,
            0.136402
          ],
          [
            -0.006846,
            -0.122703,
            -0.101273
          ],
          [
            -0.03107,
            0.040999,
            0.050565
          ],
          [
            -0.004295,
            0.11059,
            0.047279
          ],
          [
            0.248369,
            0.192155,
            0.10777
          ],
          [
            -0.13256,
            -0.108063,
            0.067974
          ],
          [
            0.36749,
            -0.099979,
            0.579528
          ],
          [
            0.612341,
            -0.193739,
            -0.226085
          ],
          [
            -0.469171,
            0.122645,
            -0.322681
          ],
          [
            -0.453102,
            0.263331,
            -0.076091
          ],
          [
            -0.427181,
            0.184986,
            0.01559
          ],
          [
            -0.028291,
            -0.256441,
            -0.394698
          ],
          [
            0.472934,
            -0.033674,
            -0.393842
          ],
          [
            0.149153,
            -0.065692,
            0.496825
          ],
          [
            0.103388,
            -0.142066,
            0.046661
          ],
          [
            0.175048,
            -0.255669,
            0.207454
          ],
          [
            -0.22961,
            -0.418436,
            0.519576
          ],
          [
            -0.622646,
            0.288525,
            0.613648
          ],
          [
            0.011058,
            0.120578,
            0.218178
          ],
          [
            0.295399,
            -0.414211,
            0.299876
          ],
          [
            -0.389495,
            0.391404,
            -0.052805
          ],
          [
            -0.021811,
            0.330571,
            -0.164299
          ],
          [
            0.052892,
            0.170769,
            -0.796483
          ],
          [
            0.039495,
            -0.145913,
            -0.358366
          ],
          [
            -0.264228,
            0.010049,
            -0.517136
          ],
          [
            0.383789,
            -0.099959,
            0.017682
          ],
          [
            0.415259,
            -0.137687,
            -0.224108
          ],
          [
            -0.105294,
            -0.017111,
            -0.488535
          ],
          [
            -0.123555,
            -0.088152,
            0.191647
          ],
          [
            -0.044205,
            0.245378,
            0.024153
          ],
          [
            -0.077101,
            -0.279968,
            0.733128
          ],
          [
            1.010195,
            -0.066187,
            -0.058139
          ],
          [
            0.579139,
            -0.28739,
            0.645837
          ],
          [
            -0.66451,
            0.343132,
            -0.365528
          ],
          [
            -0.878176,
            -0.16244,
            -0.408292
          ],
          [
            0.097102,
            0.32394,
            0.094883
          ],
          [
            -0.064818,
            0.275919,
            0.121847
          ],
          [
            -2.840859,
            0.605867,
            0.695675
          ],
          [
            -0.20446,
            -1.223594,
            -1.055562
          ],
          [
            0.27589,
            0.388994,
            -0.218254
          ],
          [
            0.440863,
            0.91535,
            -1.27698
          ],
          [
            0.924573,
            -1.394887,
            -0.20821
          ],
          [
            0.23848,
            0.723039,
            -0.281757
          ],
          [
            -0.104802,
            0.368408,
            -1.626456
          ],
          [
            -0.800371,
            0.349331,
            -0.778941
          ],
          [
            2.183864,
            0.245889,
            0.369901
          ],
          [
            0.12859,
            -0.229202,
            0.021666
          ],
          [
            -0.339798,
            -0.771605,
            0.211063
          ],
          [
            0.196127,
            0.225383,
            0.098062
          ],
          [
            0.98464,
            0.416392,
            -0.815394
          ],
          [
            -0.69935,
            0.069509,
            0.709164
          ],
          [
            0.10446,
            0.212094,
            0.663867
          ],
          [
            -0.542296,
            -0.26648,
            0.073977
          ],
          [
            -1.045545,
            -0.034077,
            0.32687
          ],
          [
            0.164863,
            0.197725,
            -0.569787
          ],
          [
            0.950236,
            -0.004991,
            0.848456
          ],
          [
            0.077767,
            0.035404,
            -0.457065
          ],
          [
            -0.056785,
            -0.304519,
            0.08448
          ],
          [
            0.50401,
            -0.399269,
            0.640417
          ],
          [
            -0.44613,
            -0.220176,
            0.702928
          ],
          [
            -0.236242,
            -0.165454,
            -0.125233
          ],
          [
            -0.114527,
            -0.110115,
            -0.176753
          ],
          [
            -0.347852,
            0.595889,
            0.144804
          ],
          [
            -0.4036,
            0.122844,
            0.343899
          ],
          [
            -0.331637,
            0.184845,
            -0.308513
          ],
          [
            0.324763,
            0.103687,
            0.63032
          ],
          [
            0.38641,
            0.167444,
            0.443081
          ],
          [
            0.360008,
            -0.719376,
            0.121443
          ],
          [
            0.223221,
            -0.125048,
            0.026752
          ]
        ],
        "Lattice": [
          [
            11.254311534,
            0.0,
            0.0
          ],
          [
            5.627155767,
            9.746519691,
            0.0
          ],
          [
            0.0,
            0.0,
            21.483230925
          ]
        ],
        "NumAtoms": 96,
        "Positions": [
          [
            4.22079,
            2.43687,
            0.0
          ],
          [
            7.03437,
            7.31013,
            0.0
          ],
          [
            9.84794,
            2.43687,
            0.0
          ],
          [
            12.66152,
            7.31013,
            0.0
          ],
          [
            1.40693,
            2.43687,
            0.0
          ],
          [
            4.22051,
            7.31013,
            0.0
          ],
          [
            7.03409,
            2.43687,
            0.0
          ],
          [
            9.84766,
            7.31013,
            0.0
          ],
          [
            2.81385,
            0.0,
            0.0
          ],
          [
            5.62743,
            4.87326,
            0.0
          ],
          [
            8.44101,
            0.0,
            0.0
          ],
          [
            11.25459,
            4.87326,
            0.0
          ],
          [
            0.0,
            0.0,
            0.0
          ],
          [
            2.81358,
            4.87326,
            0.0
          ],
          [
            5.62716,
            0.0,
            0.0
          ],
          [
            8.44073,
            4.87326,
            0.0
          ],
          [
            7.03462,
            4.06144,
            2.2975
          ],
          [
            9.8482,
            8.9347,
            2.2975
          ],
          [
            12.66177,
            4.06144,
            2.2975
          ],
          [
            15.47535,
            8.9347,
            2.2975
          ],
          [
            5.62769,
            1.62456,
            2.2975
          ],
          [
            8.44127,
            6.49782,
            2.2975
          ],
          [
            11.25484,
            1.62456,
            2.2975
          ],
          [
            14.06842,
            6.49782,
            2.2975
          ],
          [
            2.81383,
            1.62456,
            2.2975
          ],
          [
            5.62741,
            6.49782,
            2.2975
          ],
          [
            8.44098,
            1.62456,
            2.2975
          ],
          [
            11.25456,
            6.49782,
            2.2975
          ],
          [
            4.22076,
            4.06144,
            2.2975
          ],
          [
            7.03434,
            8.9347,
            2.2975
          ],
          [
            9.84791,
            4.06144,
            2.2975
          ],
          [
            12.66149,
            8.9347,
            2.2975
          ],
          [
            1.42904,
            0.82219,
            4.56507
          ],
          [
            4.17884,
            5.63819,
            4.51775
          ],
          [
            6.98129,
            0.83541,
            4.66757
          ],
          [
            9.91938,
            5.66512,
            4.62943
          ],
          [
            4.26935,
            0.77722,
            4.64104
          ],
          [
            7.07803,
            5.66967,
            4.62096
          ],
          [
            9.80697,
            0.83526,
            4.61289
          ],
          [
            12.60349,
            5.66813,
            4.64123
          ],
          [
            2.813,
            3.2217,
            4.54082
          ],
          [
            5.65989,
            8.12884,
            4.55373
          ],
          [
            8.40255,
            3.25936,
            4.57133
          ],
          [
            11.3173,
            8.18941,
            4.51935
          ],
          [
            5.66574,
            3.24809,
            4.53624
          ],
          [
            8.44044,
            8.10265,
            4.51818
          ],
          [
            11.20614,
            3.27114,
            4.5731
          ],
          [
            14.11147,
            8.10218,
            4.56864
          ],
          [
            8.42736,
            9.67861,
            6.9183
          ],
          [
            5.572,
            4.82646,
            7.02645
          ],
          [
            14.01025,
            9.73848,
            6.98155
          ],
          [
            11.28516,
            4.77108,
            7.05234
          ],
          [
            16.8005,
            9.72876,
            6.86509
          ],
          [
            14.01668,
            4.82093,
            6.91098
          ],
          [
            11.27294,
            9.68366,
            7.08031
          ],
          [
            8.46601,
            4.8265,
            6.8866
          ],
          [
            1.41643,
            2.3381,
            6.86717
          ],
          [
            4.27051,
            7.28,
            6.72867
          ],
          [
            6.85761,
            2.42701,
            6.96314
          ],
          [
            9.83674,
            7.35079,
            6.74926
          ],
          [
            4.23222,
            2.33255,
            6.97568
          ],
          [
            7.15663,
            7.27822,
            6.95412
          ],
          [
            9.77577,
            2.37524,
            6.88523
          ],
          [
            12.64991,
            7.2422,
            6.86376
          ],
          [
            4.48595,
            2.68375,
            11.49441
          ],
          [
            3.86458,
            3.20246,
            12.85322
          ],
          [
            11.60188,
            0.81251,
            11.36488
          ],
          [
            6.46066,
            9.22304,
            10.87314
          ],
          [
            8.18934,
            4.60612,
            10.46211
          ],
          [
            8.71386,
            3.12412,
            10.57343
          ],
          [
            14.32224,
            6.89939,
            11.83107
          ],
          [
            14.76304,
            6.55415,
            10.43763
          ],
          [
            5.60583,
            2.89529,
            11.11542
          ],
          [
            3.70643,
            2.02966,
            10.63187
          ],
          [
            12.25719,
            1.86521,
            11.31068
          ],
          [
            10.34905,
            0.84179,
            11.85934
          ],
          [
            8.8021,
            5.4829,
            9.87448
          ],
          [
            7.02748,
            4.92351,
            10.98531
          ],
          [
            14.97532,
            7.59229,
            12.58213
          ],
          [
            13.0608,
            6.50299,
            12.10864
          ],
          [
            2.77709,
            1.91756,
            10.9189
          ],
          [
            3.57643,
            4.25829,
            12.91981
          ],
          [
            4.61814,
            3.02816,
            13.58775
          ],
          [
            2.98581,
            2.61659,
            13.19255
          ],
          [
            15.59183,
            9.68797,
            11.92738
          ],
          [
            6.98002,
            8.69089,
            11.652
          ],
          [
            7.16405,
            9.39475,
            10.00101
          ],
          [
            5.63699,
            8.59366,
            10.53913
          ],
          [
            6.53731,
            4.11952,
            11.33775
          ],
          [
            9.81601,
            3.0514,
            10.41359
          ],
          [
            8.31733,
            2.52463,
            9.7215
          ],
          [
            8.51527,
            2.6312,
            11.54571
          ],
          [
            12.61426,
            6.13468,
            11.29741
          ],
          [
            13.97265,
            6.86051,
            9.68803
          ],
          [
            3.5536,
            5.48516,
            10.25388
          ],
          [
            4.44479,
            7.04022,
            10.15541
          ]
        ],
        "Stress": [
          [
            -63.93304,
            2.7121,
            -0.05833
          ],
          [
            2.7121,
            -69.78588,
            -0.81444
          ],
          [
            -0.05833,
            -0.81444,
            -23.81562
          ]
        ],
        "computation_code": "VASP",
        "pseudopotential_information": [
          [
            "PAW_PBE",
            "Pt",
            "04Feb2005"
          ],
          [
            "PAW_PBE",
            "C",
            "08Apr2002"
          ],
          [
            "PAW_PBE",
            "O",
            "08Apr2002"
          ],
          [
            "PAW_PBE",
            "H",
            "15Jun2001"
          ]
        ]
      }
    ],
    "EnergyStyle": "electronvolt",
    "ForcesStyle": "electronvoltperangstrom",
    "LatticeStyle": "angstrom",
    "PositionsStyle": "angstrom",
    "StressStyle": "kB"
  }
}