{
  "Dataset": {
    "AtomTypeStyle": "chemicalsymbol",
    "Data": [
      {
        "AtomTypes": [
          "Pt",
          "Pt",
          "Pt",
          "Pt",
          "Pt",
          "Pt",
          "Pt",
          "Pt",
          "Pt",
          "Pt",
          "Pt",
          "Pt",
          "Pt",
          "Pt",
          "Pt",
          "Pt",
          "Pt",
          "Pt",
          "Pt",
          "Pt",
          "Pt",
          "Pt",
          "Pt",
          "Pt",
          "Pt",
          "Pt",
          "Pt",
          "Pt",
          "Pt",
          "Pt",
          "Pt",
          "Pt",
          "Pt",
          "Pt",
          "Pt",
          "Pt",
          "Pt",
          "Pt",
          "Pt",
          "Pt",
          "Pt",
          "Pt",
          "Pt",
          "Pt",
          "Pt",
          "Pt",
          "Pt",
          "Pt",
          "Pt",
          "Pt",
          "Pt",
          "Pt",
          "Pt",
          "Pt",
          "Pt",
          "Pt",
          "Pt",
          "Pt",
          "Pt",
          "Pt",
          "Pt",
          "Pt",
          "Pt",
          "Pt",
          "C",
          "C",
          "C",
          "C",
          "C",
          "C",
          "C",
          "C",
          "O",
          "O",
          "O",
          "O",
          "O",
          "O",
          "O",
          "O",
          "H",
          "H",
          "H",
          "H",
          "H",
          "H",
          "H",
          "H",
          "H",
          "H",
          "H",
          "H",
          "H",
          "H",
          "H",
          "H"
        ],
        "Energy": -360.64790426,
        "Forces": [
          [
            0.013651,
            -0.042267,
            0.00389
          ],
          [
            0.050081,
            -0.025182,
            -0.070777
          ],
          [
            -0.044548,
            0.010619,
            -0.007213
          ],
          [
            -0.060378,
            0.050563,
            0.01147
          ],
          [
            -0.001764,
            0.016011,
            -0.014566
          ],
          [
            0.020007,
            0.009467,
            0.002275
          ],
          [
            -0.006094,
            0.032998,
            -0.009519
          ],
          [
            0.001847,
            -0.015489,
            -0.12507
          ],
          [
            0.030067,
            -0.023256,
            -0.024904
          ],
          [
            0.066359,
            0.043535,
            0.021348
          ],
          [
            0.027692,
            0.024861,
            -0.018943
          ],
          [
            -0.054547,
            0.055262,
            -0.059717
          ],
          [
            -0.02477,
            0.025958,
            -0.021229
          ],
          [
            -0.038291,
            0.00586,
            -0.015722
          ],
          [
            -0.044675,
            -0.035903,
            -0.100893
          ],
          [
            0.079328,
            0.065352,
            -0.113897
          ],
          [
            -0.280758,
            -0.097163,
            0.074595
          ],
          [
            -0.038343,
            0.103874,
            0.278825
          ],
          [
            0.169984,
            0.005319,
            0.33384
          ],
          [
            -0.049511,
            -0.050624,
            0.039272
          ],
          [
            -0.195706,
            0.20314,
            0.477109
          ],
          [
            0.008066,
            0.027811,
            0.132763
          ],
          [
            0.208496,
            0.051182,
            0.207946
          ],
          [
            -0.100489,
            -0.160748,
            0.213454
          ],
          [
            0.102879,
            0.075348,
            0.406223
          ],
          [
            -0.137304,
            -0.230622,
            -0.264638
          ],
          [
            0.108925,
            0.06025,
            -0.28829
          ],
          [
            0.135387,
            -0.043604,
            0.197712
          ],
          [
            -0.027054,
            -0.152937,
            0.492165
          ],
          [
            0.220585,
            0.114275,
            -0.015571
          ],
          [
            0.035711,
            0.011676,
            0.093769
          ],
          [
            -0.099198,
            -0.258734,
            0.013666
          ],
          [
            -0.512704,
            -0.053226,
            0.207689
          ],
          [
            -0.257726,
            -0.07374,
            0.222331
          ],
          [
            -0.691471,
            0.005849,
            0.788895
          ],
          [
            -0.319591,
            -0.360045,
            0.253389
          ],
          [
            0.327373,
            -0.424777,
            -0.201471
          ],
          [
            0.743213,
            0.049782,
            0.46403
          ],
          [
            0.359962,
            -0.011881,
            0.248428
          ],
          [
            -0.211697,
            0.12897,
            -0.522977
          ],
          [
            -0.585081,
            0.352102,
            0.132928
          ],
          [
            0.077746,
            0.699157,
            0.838317
          ],
          [
            0.340516,
            0.120195,
            0.266145
          ],
          [
            0.545676,
            0.268765,
            -0.210299
          ],
          [
            0.619653,
            -0.485133,
            -0.491222
          ],
          [
            -0.337409,
            0.00995,
            0.087682
          ],
          [
            -0.048511,
            -0.395386,
            0.118642
          ],
          [
            -0.199389,
            0.07583,
            -0.164926
          ],
          [
            -0.132381,
            0.011199,
            -0.176289
          ],
          [
            0.389983,
            0.341875,
            -0.31346
          ],
          [
            -0.122349,
            0.478167,
            -0.091291
          ],
          [
            -0.078321,
            -0.032382,
            0.034225
          ],
          [
            -0.0551,
            0.365714,
            -0.182881
          ],
          [
            -0.574761,
            -0.503862,
            -0.087738
          ],
          [
            -0.029579,
            0.500747,
            0.011796
          ],
          [
            0.185693,
            0.515045,
            -0.021557
          ],
          [
            0.202203,
            -0.301408,
            -0.998143
          ],
          [
            0.906955,
            -0.271342,
            -0.85112
          ],
          [
            -0.055439,
            -0.249624,
            -0.265128
          ],
          [
            -0.314574,
            -0.193253,
            -0.381915
          ],
          [
            -0.137379,
            -0.024278,
            -0.728991
          ],
          [
            0.272517,
            -0.129346,
            -0.104009
          ],
          [
            0.339919,
            0.161968,
            -0.345155
          ],
          [
            -0.729828,
            -0.4329,
            0.015546
          ],
          [
            0.287704,
            0.194767,
            -1.955028
          ],
          [
            -0.863357,
            -0.958313,
            1.039909
          ],
          [
            0.512479,
            1.354734,
            -0.801981
          ],
          [
            -0.37727,
            -0.273573,
            0.330917
          ],
          [
            -0.371716,
            -1.228744,
            -0.568053
          ],
          [
            -0.482706,
            0.955866,
            0.710596
          ],
          [
            3.238043,
            0.880875,
            0.328113
          ],
          [
            -0.125408,
            -2.095929,
            -0.669656
          ],
          [
            0.878429,
            0.45057,
            2.03185
          ],
          [
            0.307478,
            -0.002985,
            0.594579
          ],
          [
            -1.697853,
            -1.509497,
            0.308087
          ],
          [
            1.803666,
            1.444102,
            -0.016462
          ],
          [
            0.513272,
            0.327772,
            -0.33816
          ],
          [
            1.144837,
            0.55868,
            0.577378
          ],
          [
            -1.834383,
            -0.240826,
            -0.048786
          ],
          [
            0.496833,
            -0.508156,
            0.114254
          ],
          [
            -0.724537,
            -0.299776,
            -0.060515
          ],
          [
            -0.037756,
            0.752294,
            0.085048
          ],
          [
            0.686116,
            -0.175717,
            -0.348623
          ],
          [
            -0.13097,
            0.355715,
            -1.448743
          ],
          [
            -0.969531,
            -0.951366,
            0.125236
          ],
          [
            0.263085,
            0.246762,
            0.526728
          ],
          [
            -0.401992,
            0.107131,
            -0.252523
          ],
          [
            0.774765,
            -0.42804,
            0.040688
          ],
          [
            0.058165,
            -0.332749,
            -0.179819
          ],
          [
            -0.544778,
            -0.206135,
            -0.098898
          ],
          [
            -0.500673,
            -0.31978,
            -0.315936
          ],
          [
            -0.15743,
            0.022358,
            -0.167218
          ],
          [
            -1.414754,
            0.974114,
            -0.182936
          ],
          [
            -0.190844,
            0.085177,
            -0.007786
          ],
          [
            -0.040533,
            0.087387,
            0.349784
          ],
          [
            -0.08794,
            0.715704,
            0.382297
          ]
        ],
        "Lattice": [
          [
            11.254311534,
            0.0,
            0.0
          ],
          [
            5.627155767,
            9.746519691,
            0.0
          ],
          [
            0.0,
            0.0,
            21.483230925
          ]
        ],
        "NumAtoms": 96,
        "Positions": [
          [
            4.22079,
            2.43687,
            0.0
          ],
          [
            7.03437,
            7.31013,
            0.0
          ],
          [
            9.84794,
            2.43687,
            0.0
          ],
          [
            12.66152,
            7.31013,
            0.0
          ],
          [
            1.40693,
            2.43687,
            0.0
          ],
          [
            4.22051,
            7.31013,
            0.0
          ],
          [
            7.03409,
            2.43687,
            0.0
          ],
          [
            9.84766,
            7.31013,
            0.0
          ],
          [
            2.81385,
            0.0,
            0.0
          ],
          [
            5.62743,
            4.87326,
            0.0
          ],
          [
            8.44101,
            0.0,
            0.0
          ],
          [
            11.25459,
            4.87326,
            0.0
          ],
          [
            0.0,
            0.0,
            0.0
          ],
          [
            2.81358,
            4.87326,
            0.0
          ],
          [
            5.62716,
            0.0,
            0.0
          ],
          [
            8.44073,
            4.87326,
            0.0
          ],
          [
            7.03462,
            4.06144,
            2.2975
          ],
          [
            9.8482,
            8.9347,
            2.2975
          ],
          [
            12.66177,
            4.06144,
            2.2975
          ],
          [
            15.47535,
            8.9347,
            2.2975
          ],
          [
            5.62769,
            1.62456,
            2.2975
          ],
          [
            8.44127,
            6.49782,
            2.2975
          ],
          [
            11.25484,
            1.62456,
            2.2975
          ],
          [
            14.06842,
            6.49782,
            2.2975
          ],
          [
            2.81383,
            1.62456,
            2.2975
          ],
          [
            5.62741,
            6.49782,
            2.2975
          ],
          [
            8.44098,
            1.62456,
            2.2975
          ],
          [
            11.25456,
            6.49782,
            2.2975
          ],
          [
            4.22076,
            4.06144,
            2.2975
          ],
          [
            7.03434,
            8.9347,
            2.2975
          ],
          [
            9.84791,
            4.06144,
            2.2975
          ],
          [
            12.66149,
            8.9347,
            2.2975
          ],
          [
            1.46114,
            0.81102,
            4.60805
          ],
          [
            4.2135,
            5.69081,
            4.62539
          ],
          [
            7.09313,
            0.77176,
            4.5042
          ],
          [
            9.85862,
            5.69614,
            4.56052
          ],
          [
            4.22745,
            0.87832,
            4.66484
          ],
          [
            6.92319,
            5.62698,
            4.55174
          ],
          [
            9.85837,
            0.79314,
            4.54072
          ],
          [
            12.72527,
            5.62884,
            4.64719
          ],
          [
            2.85279,
            3.18963,
            4.69421
          ],
          [
            5.6366,
            8.04011,
            4.5054
          ],
          [
            8.35297,
            3.22196,
            4.53029
          ],
          [
            11.20056,
            8.08791,
            4.59362
          ],
          [
            5.51047,
            3.27945,
            4.75398
          ],
          [
            8.46238,
            8.10493,
            4.60543
          ],
          [
            11.28896,
            3.25516,
            4.5817
          ],
          [
            14.11739,
            8.07509,
            4.59213
          ],
          [
            8.45475,
            9.70872,
            6.9495
          ],
          [
            5.55644,
            4.76383,
            7.07963
          ],
          [
            14.09408,
            9.67909,
            6.89125
          ],
          [
            11.24262,
            4.84102,
            6.8482
          ],
          [
            5.65622,
            9.63851,
            6.86029
          ],
          [
            2.89673,
            4.87928,
            6.99262
          ],
          [
            11.25844,
            9.65827,
            6.88791
          ],
          [
            8.36431,
            4.76233,
            6.83285
          ],
          [
            12.6407,
            2.46397,
            7.13896
          ],
          [
            15.38536,
            7.30436,
            7.14071
          ],
          [
            6.99573,
            2.36152,
            6.94648
          ],
          [
            9.87809,
            7.2605,
            6.97437
          ],
          [
            4.20675,
            2.35792,
            7.24763
          ],
          [
            6.95324,
            7.23324,
            6.87692
          ],
          [
            9.78664,
            2.3539,
            6.83554
          ],
          [
            12.73396,
            7.33695,
            6.85339
          ],
          [
            6.67453,
            7.83873,
            10.82979
          ],
          [
            7.81372,
            8.79986,
            11.16417
          ],
          [
            12.26894,
            7.2674,
            11.24835
          ],
          [
            13.01798,
            6.99596,
            9.96495
          ],
          [
            6.55867,
            4.36203,
            11.21419
          ],
          [
            5.34906,
            4.75512,
            10.45223
          ],
          [
            10.7014,
            2.22692,
            10.12244
          ],
          [
            9.31291,
            1.82826,
            10.34148
          ],
          [
            6.15099,
            7.65801,
            9.70022
          ],
          [
            6.26278,
            7.11659,
            11.88789
          ],
          [
            11.24387,
            6.71263,
            11.50667
          ],
          [
            12.64631,
            8.23046,
            12.11586
          ],
          [
            6.57534,
            3.8398,
            12.31061
          ],
          [
            7.65748,
            4.41182,
            10.38472
          ],
          [
            11.75651,
            1.58946,
            10.2967
          ],
          [
            10.93743,
            3.49883,
            9.67505
          ],
          [
            6.94062,
            7.28412,
            12.59589
          ],
          [
            1.79167,
            0.03445,
            10.92984
          ],
          [
            8.64997,
            8.60801,
            10.50906
          ],
          [
            8.10937,
            8.70136,
            12.27524
          ],
          [
            13.45362,
            8.78179,
            11.85159
          ],
          [
            13.67327,
            7.73448,
            9.48494
          ],
          [
            12.24545,
            6.71902,
            9.23933
          ],
          [
            13.50939,
            6.0386,
            10.11037
          ],
          [
            7.52063,
            5.12957,
            9.72224
          ],
          [
            5.6543,
            5.21522,
            9.49003
          ],
          [
            4.88163,
            5.55521,
            11.05778
          ],
          [
            4.69812,
            3.87641,
            10.34918
          ],
          [
            10.12035,
            3.94651,
            9.47493
          ],
          [
            9.35926,
            0.84712,
            10.85304
          ],
          [
            8.89162,
            1.62589,
            9.31505
          ],
          [
            8.63837,
            2.49691,
            10.84444
          ]
        ],
        "Stress": [
          [
            -67.12663,
            -0.09797,
            -0.62068
          ],
          [
            -0.09797,
            -67.62665,
            -0.59901
          ],
          [
            -0.62068,
            -0.59901,
            -27.47075
          ]
        ],
        "computation_code": "VASP",
        "pseudopotential_information": [
          [
            "PAW_PBE",
            "Pt",
            "04Feb2005"
          ],
          [
            "PAW_PBE",
            "C",
            "08Apr2002"
          ],
          [
            "PAW_PBE",
            "O",
            "08Apr2002"
          ],
          [
            "PAW_PBE",
            "H",
            "15Jun2001"
          ]
        ]
      }
    ],
    "EnergyStyle": "electronvolt",
    "ForcesStyle": "electronvoltperangstrom",
    "LatticeStyle": "angstrom",
    "PositionsStyle": "angstrom",
    "StressStyle": "kB"
  }
}