{
  "Dataset": {
    "AtomTypeStyle": "chemicalsymbol",
    "Data": [
      {
        "AtomTypes": [
          "Pt",
          "Pt",
          "Pt",
          "Pt",
          "Pt",
          "Pt",
          "Pt",
          "Pt",
          "Pt",
          "Pt",
          "Pt",
          "Pt",
          "Pt",
          "Pt",
          "Pt",
          "Pt",
          "Pt",
          "Pt",
          "Pt",
          "Pt",
          "Pt",
          "Pt",
          "Pt",
          "Pt",
          "Pt",
          "Pt",
          "Pt",
          "Pt",
          "Pt",
          "Pt",
          "Pt",
          "Pt",
          "Pt",
          "Pt",
          "Pt",
          "Pt",
          "Pt",
          "Pt",
          "Pt",
          "Pt",
          "Pt",
          "Pt",
          "Pt",
          "Pt",
          "Pt",
          "Pt",
          "Pt",
          "Pt",
          "Pt",
          "Pt",
          "Pt",
          "Pt",
          "Pt",
          "Pt",
          "Pt",
          "Pt",
          "Pt",
          "Pt",
          "Pt",
          "Pt",
          "Pt",
          "Pt",
          "Pt",
          "Pt",
          "C",
          "C",
          "C",
          "C",
          "C",
          "C",
          "C",
          "C",
          "O",
          "O",
          "O",
          "O",
          "O",
          "O",
          "O",
          "O",
          "H",
          "H",
          "H",
          "H",
          "H",
          "H",
          "H",
          "H",
          "H",
          "H",
          "H",
          "H",
          "H",
          "H",
          "H",
          "H"
        ],
        "Energy": -359.91211123,
        "Forces": [
          [
            0.042699,
            0.045759,
            -0.08927
          ],
          [
            -0.003675,
            -0.026493,
            -0.042601
          ],
          [
            -0.059252,
            0.033318,
            -0.024675
          ],
          [
            0.009501,
            0.1039,
            -0.066995
          ],
          [
            0.087174,
            0.078388,
            -0.105193
          ],
          [
            0.061841,
            -0.007016,
            -0.082259
          ],
          [
            -0.047827,
            0.134925,
            -0.146914
          ],
          [
            0.026096,
            -0.01682,
            -0.072981
          ],
          [
            0.045903,
            -0.011185,
            -0.032289
          ],
          [
            0.019167,
            0.037787,
            -0.177782
          ],
          [
            -0.033254,
            0.016875,
            -0.047718
          ],
          [
            -0.028893,
            0.097369,
            -0.066932
          ],
          [
            0.00775,
            0.084471,
            0.01812
          ],
          [
            0.069806,
            0.010913,
            0.003159
          ],
          [
            -0.010379,
            0.101807,
            -0.067771
          ],
          [
            0.048157,
            -0.030489,
            -0.089045
          ],
          [
            0.105428,
            -0.253877,
            0.271083
          ],
          [
            -0.106217,
            0.274046,
            0.491602
          ],
          [
            0.090608,
            -0.191522,
            0.205984
          ],
          [
            -0.009556,
            0.033756,
            1.091334
          ],
          [
            -0.071067,
            -0.198968,
            0.394625
          ],
          [
            0.017556,
            0.217533,
            0.000599
          ],
          [
            -0.053735,
            -0.543496,
            0.401105
          ],
          [
            -0.078011,
            -0.090794,
            0.336043
          ],
          [
            -0.097598,
            -0.035233,
            0.818255
          ],
          [
            -0.095923,
            0.172959,
            0.104707
          ],
          [
            0.29893,
            -0.126455,
            0.454493
          ],
          [
            -0.006328,
            -0.12615,
            0.282364
          ],
          [
            -0.280931,
            -0.078696,
            0.328241
          ],
          [
            -0.085929,
            0.20671,
            0.498834
          ],
          [
            -0.196387,
            -0.117243,
            0.603839
          ],
          [
            0.242674,
            -0.265629,
            0.316558
          ],
          [
            0.310971,
            0.415332,
            -0.588094
          ],
          [
            -0.254958,
            -0.716446,
            -0.503554
          ],
          [
            -0.659934,
            -0.610479,
            -0.318285
          ],
          [
            0.898732,
            -0.446569,
            0.208558
          ],
          [
            -0.166023,
            -1.142069,
            -1.392357
          ],
          [
            -0.129769,
            -0.766166,
            0.6146
          ],
          [
            0.098263,
            0.062768,
            -1.163343
          ],
          [
            -0.023266,
            0.781914,
            0.33259
          ],
          [
            0.304874,
            -0.390856,
            -0.906994
          ],
          [
            -1.525156,
            0.243446,
            -1.097542
          ],
          [
            0.374642,
            0.874133,
            -0.837242
          ],
          [
            0.184978,
            -0.037515,
            0.351467
          ],
          [
            0.770912,
            0.065563,
            -0.069185
          ],
          [
            0.947191,
            -0.205776,
            0.060621
          ],
          [
            -0.547028,
            0.40451,
            0.52788
          ],
          [
            -0.301266,
            1.140627,
            -0.508894
          ],
          [
            -0.212623,
            -0.029475,
            -0.651482
          ],
          [
            0.463934,
            0.99501,
            -0.16024
          ],
          [
            0.190815,
            -0.308771,
            -0.388607
          ],
          [
            0.391685,
            0.058546,
            -0.79657
          ],
          [
            0.327506,
            0.85331,
            0.269381
          ],
          [
            -0.588042,
            -0.141972,
            -0.253159
          ],
          [
            0.194916,
            -0.265869,
            -0.250653
          ],
          [
            0.395971,
            0.045846,
            -0.455418
          ],
          [
            0.327999,
            -0.030949,
            0.441687
          ],
          [
            -0.423881,
            0.059856,
            0.900628
          ],
          [
            -0.444783,
            0.303718,
            1.250802
          ],
          [
            -0.246323,
            0.473409,
            -0.282106
          ],
          [
            -0.315889,
            -0.043047,
            0.568176
          ],
          [
            0.635163,
            -0.406183,
            0.218227
          ],
          [
            -0.638935,
            -0.419555,
            -0.49604
          ],
          [
            -0.323797,
            -0.330179,
            -0.358527
          ],
          [
            0.467764,
            -0.426157,
            -0.122742
          ],
          [
            -0.967256,
            -0.32753,
            -3.599743
          ],
          [
            3.556965,
            -2.666232,
            -0.352694
          ],
          [
            -1.161568,
            -0.691046,
            0.259979
          ],
          [
            -1.653958,
            -0.716904,
            0.606516
          ],
          [
            0.07803,
            0.515985,
            2.323219
          ],
          [
            -0.319928,
            -1.163693,
            1.145722
          ],
          [
            -0.45883,
            -1.02695,
            -1.08792
          ],
          [
            -0.739935,
            -0.407934,
            0.637254
          ],
          [
            -1.217034,
            -1.183149,
            1.273465
          ],
          [
            -1.089174,
            0.698628,
            0.206217
          ],
          [
            -0.605427,
            2.334735,
            -0.050697
          ],
          [
            1.63861,
            0.681326,
            -0.506404
          ],
          [
            0.558912,
            0.200342,
            0.242384
          ],
          [
            -0.140415,
            0.785803,
            -1.230733
          ],
          [
            -0.248007,
            -0.255588,
            0.894034
          ],
          [
            1.143685,
            1.223485,
            -0.34362
          ],
          [
            0.532783,
            -0.082101,
            0.247916
          ],
          [
            0.601366,
            0.119706,
            1.243707
          ],
          [
            0.094496,
            0.58546,
            0.867957
          ],
          [
            -0.359158,
            -0.615482,
            -0.095736
          ],
          [
            -0.212294,
            0.502686,
            0.97473
          ],
          [
            0.689934,
            0.441628,
            -0.406748
          ],
          [
            -0.81054,
            0.317589,
            -0.704617
          ],
          [
            -0.381396,
            -0.426461,
            -0.129249
          ],
          [
            0.08198,
            0.176249,
            0.29705
          ],
          [
            -0.871515,
            0.590853,
            0.209556
          ],
          [
            0.958264,
            -0.938193,
            -3.036361
          ],
          [
            0.267106,
            0.676737,
            -0.729115
          ],
          [
            0.544544,
            0.111037,
            0.87853
          ],
          [
            -0.021149,
            0.627459,
            0.003333
          ],
          [
            0.126861,
            0.326036,
            0.060674
          ]
        ],
        "Lattice": [
          [
            11.254311534,
            0.0,
            0.0
          ],
          [
            5.627155767,
            9.746519691,
            0.0
          ],
          [
            0.0,
            0.0,
            21.483230925
          ]
        ],
        "NumAtoms": 96,
        "Positions": [
          [
            4.22079,
            2.43687,
            0.0
          ],
          [
            7.03437,
            7.31013,
            0.0
          ],
          [
            9.84794,
            2.43687,
            0.0
          ],
          [
            12.66152,
            7.31013,
            0.0
          ],
          [
            1.40693,
            2.43687,
            0.0
          ],
          [
            4.22051,
            7.31013,
            0.0
          ],
          [
            7.03409,
            2.43687,
            0.0
          ],
          [
            9.84766,
            7.31013,
            0.0
          ],
          [
            2.81385,
            0.0,
            0.0
          ],
          [
            5.62743,
            4.87326,
            0.0
          ],
          [
            8.44101,
            0.0,
            0.0
          ],
          [
            11.25459,
            4.87326,
            0.0
          ],
          [
            0.0,
            0.0,
            0.0
          ],
          [
            2.81358,
            4.87326,
            0.0
          ],
          [
            5.62716,
            0.0,
            0.0
          ],
          [
            8.44073,
            4.87326,
            0.0
          ],
          [
            7.03462,
            4.06144,
            2.2975
          ],
          [
            9.8482,
            8.9347,
            2.2975
          ],
          [
            12.66177,
            4.06144,
            2.2975
          ],
          [
            15.47535,
            8.9347,
            2.2975
          ],
          [
            5.62769,
            1.62456,
            2.2975
          ],
          [
            8.44127,
            6.49782,
            2.2975
          ],
          [
            11.25484,
            1.62456,
            2.2975
          ],
          [
            14.06842,
            6.49782,
            2.2975
          ],
          [
            2.81383,
            1.62456,
            2.2975
          ],
          [
            5.62741,
            6.49782,
            2.2975
          ],
          [
            8.44098,
            1.62456,
            2.2975
          ],
          [
            11.25456,
            6.49782,
            2.2975
          ],
          [
            4.22076,
            4.06144,
            2.2975
          ],
          [
            7.03434,
            8.9347,
            2.2975
          ],
          [
            9.84791,
            4.06144,
            2.2975
          ],
          [
            12.66149,
            8.9347,
            2.2975
          ],
          [
            1.33647,
            0.68573,
            4.77587
          ],
          [
            4.28378,
            5.64251,
            4.61737
          ],
          [
            7.14039,
            0.66663,
            4.55785
          ],
          [
            9.68592,
            5.63988,
            4.61087
          ],
          [
            4.17173,
            0.87097,
            4.7518
          ],
          [
            7.04006,
            5.6315,
            4.54484
          ],
          [
            9.84256,
            0.59363,
            4.93849
          ],
          [
            12.52153,
            5.48926,
            4.6216
          ],
          [
            2.71131,
            3.22899,
            4.73565
          ],
          [
            5.79766,
            8.01255,
            4.70745
          ],
          [
            8.43196,
            3.06121,
            4.68629
          ],
          [
            11.19752,
            8.05345,
            4.55845
          ],
          [
            5.49656,
            3.19091,
            4.5598
          ],
          [
            8.42466,
            8.1569,
            4.64394
          ],
          [
            11.22549,
            3.08253,
            4.54663
          ],
          [
            14.05978,
            7.82996,
            4.70489
          ],
          [
            8.41774,
            9.48336,
            7.16145
          ],
          [
            5.54586,
            4.43252,
            7.0049
          ],
          [
            13.95037,
            9.53581,
            7.10041
          ],
          [
            11.14173,
            4.67801,
            7.09142
          ],
          [
            5.54178,
            9.33458,
            7.09565
          ],
          [
            2.83506,
            4.73212,
            7.02422
          ],
          [
            11.16334,
            9.51729,
            6.93826
          ],
          [
            8.28286,
            4.62574,
            7.04362
          ],
          [
            12.54956,
            2.27895,
            6.93796
          ],
          [
            4.27814,
            7.00172,
            6.88145
          ],
          [
            7.03438,
            2.13739,
            6.73836
          ],
          [
            9.79549,
            6.99699,
            7.00423
          ],
          [
            4.12827,
            2.20038,
            6.97683
          ],
          [
            6.97478,
            7.04207,
            6.97813
          ],
          [
            9.90003,
            2.30362,
            7.09791
          ],
          [
            12.62237,
            7.11609,
            6.98896
          ],
          [
            8.99412,
            9.58168,
            12.9778
          ],
          [
            8.27786,
            9.00996,
            14.24
          ],
          [
            7.4428,
            5.76871,
            11.54655
          ],
          [
            6.59988,
            4.59798,
            11.85629
          ],
          [
            10.76895,
            2.25022,
            10.34289
          ],
          [
            10.77275,
            0.73782,
            10.42299
          ],
          [
            6.51398,
            1.25309,
            10.6665
          ],
          [
            5.17132,
            1.2287,
            10.03593
          ],
          [
            4.2876,
            0.67468,
            13.06278
          ],
          [
            8.71155,
            9.07666,
            11.76362
          ],
          [
            7.22462,
            6.96297,
            11.63187
          ],
          [
            8.72718,
            5.36041,
            11.25497
          ],
          [
            11.64778,
            2.93035,
            9.89429
          ],
          [
            9.61636,
            2.86349,
            10.76765
          ],
          [
            7.61358,
            1.53397,
            10.19472
          ],
          [
            6.55798,
            0.67917,
            11.8702
          ],
          [
            8.04731,
            8.19136,
            11.78729
          ],
          [
            7.17412,
            9.15044,
            14.06569
          ],
          [
            8.58339,
            9.5644,
            15.0864
          ],
          [
            8.44478,
            7.90389,
            14.13662
          ],
          [
            9.01095,
            4.42245,
            11.11473
          ],
          [
            6.26479,
            4.60974,
            12.88166
          ],
          [
            7.00699,
            3.578,
            11.77218
          ],
          [
            5.6724,
            4.56707,
            11.31098
          ],
          [
            8.84292,
            2.22687,
            10.78214
          ],
          [
            9.79729,
            0.24051,
            10.53737
          ],
          [
            0.32577,
            0.32775,
            11.10454
          ],
          [
            11.2041,
            0.42342,
            9.5475
          ],
          [
            5.66319,
            0.47867,
            12.3533
          ],
          [
            4.86907,
            1.91777,
            9.19306
          ],
          [
            4.37008,
            1.01856,
            10.7584
          ],
          [
            5.18683,
            0.22881,
            9.49346
          ]
        ],
        "Stress": [
          [
            -69.83161,
            1.60378,
            -1.78152
          ],
          [
            1.60378,
            -73.28237,
            1.80382
          ],
          [
            -1.78152,
            1.80382,
            -22.79395
          ]
        ],
        "computation_code": "VASP",
        "pseudopotential_information": [
          [
            "PAW_PBE",
            "Pt",
            "04Feb2005"
          ],
          [
            "PAW_PBE",
            "C",
            "08Apr2002"
          ],
          [
            "PAW_PBE",
            "O",
            "08Apr2002"
          ],
          [
            "PAW_PBE",
            "H",
            "15Jun2001"
          ]
        ]
      }
    ],
    "EnergyStyle": "electronvolt",
    "ForcesStyle": "electronvoltperangstrom",
    "LatticeStyle": "angstrom",
    "PositionsStyle": "angstrom",
    "StressStyle": "kB"
  }
}