{
  "Dataset": {
    "AtomTypeStyle": "chemicalsymbol",
    "Data": [
      {
        "AtomTypes": [
          "Pt",
          "Pt",
          "Pt",
          "Pt",
          "Pt",
          "Pt",
          "Pt",
          "Pt",
          "Pt",
          "Pt",
          "Pt",
          "Pt",
          "Pt",
          "Pt",
          "Pt",
          "Pt",
          "Pt",
          "Pt",
          "Pt",
          "Pt",
          "Pt",
          "Pt",
          "Pt",
          "Pt",
          "Pt",
          "Pt",
          "Pt",
          "Pt",
          "Pt",
          "Pt",
          "Pt",
          "Pt",
          "Pt",
          "Pt",
          "Pt",
          "Pt",
          "Pt",
          "Pt",
          "Pt",
          "Pt",
          "Pt",
          "Pt",
          "Pt",
          "Pt",
          "Pt",
          "Pt",
          "Pt",
          "Pt",
          "Pt",
          "Pt",
          "Pt",
          "Pt",
          "Pt",
          "Pt",
          "Pt",
          "Pt",
          "Pt",
          "Pt",
          "Pt",
          "Pt",
          "Pt",
          "Pt",
          "Pt",
          "Pt",
          "C",
          "C",
          "C",
          "C",
          "O",
          "O",
          "O",
          "O",
          "H",
          "H",
          "H",
          "H",
          "H",
          "H",
          "H",
          "H"
        ],
        "Energy": -281.48751952,
        "Forces": [
          [
            0.008043,
            0.007937,
            -0.041101
          ],
          [
            0.006628,
            -0.034044,
            -0.068554
          ],
          [
            0.006872,
            0.00781,
            -0.042387
          ],
          [
            0.003511,
            -0.032842,
            -0.067283
          ],
          [
            0.008774,
            0.002342,
            -0.042464
          ],
          [
            0.012737,
            -0.027331,
            -0.037906
          ],
          [
            0.008803,
            0.002138,
            -0.04272
          ],
          [
            0.012925,
            -0.027504,
            -0.03982
          ],
          [
            0.010945,
            -0.013243,
            -0.043364
          ],
          [
            0.008117,
            0.019834,
            -0.070616
          ],
          [
            0.009066,
            -0.010028,
            -0.042058
          ],
          [
            0.000885,
            0.021405,
            -0.072096
          ],
          [
            0.009492,
            -0.017908,
            -0.037382
          ],
          [
            -0.002486,
            0.028839,
            -0.083421
          ],
          [
            0.006741,
            -0.02001,
            -0.040091
          ],
          [
            0.003415,
            0.030094,
            -0.085049
          ],
          [
            -0.046145,
            -0.037964,
            0.09053
          ],
          [
            -0.016053,
            0.028813,
            -0.057134
          ],
          [
            -0.03181,
            -0.03899,
            0.087433
          ],
          [
            -0.014753,
            0.020034,
            -0.069235
          ],
          [
            0.048876,
            0.022128,
            0.144096
          ],
          [
            -0.056995,
            0.009035,
            -0.013498
          ],
          [
            0.05539,
            0.015917,
            0.132269
          ],
          [
            -0.052822,
            0.004894,
            -0.015737
          ],
          [
            -0.070828,
            0.009886,
            0.126616
          ],
          [
            0.035102,
            0.002693,
            -0.002503
          ],
          [
            -0.071924,
            0.003896,
            0.108966
          ],
          [
            0.036089,
            0.00422,
            -0.002545
          ],
          [
            0.011646,
            -0.10957,
            0.124154
          ],
          [
            -0.010124,
            0.113253,
            0.048965
          ],
          [
            0.013977,
            -0.099879,
            0.09341
          ],
          [
            -0.01278,
            0.109107,
            0.043535
          ],
          [
            -0.000646,
            -0.000248,
            0.000293
          ],
          [
            0.000469,
            -0.000182,
            0.001319
          ],
          [
            0.001721,
            -0.000416,
            0.000532
          ],
          [
            0.000518,
            -0.000308,
            0.001446
          ],
          [
            0.000234,
            0.000967,
            0.000417
          ],
          [
            0.000406,
            -0.000807,
            0.001625
          ],
          [
            1.2e-05,
            0.000793,
            0.001318
          ],
          [
            0.000271,
            -0.000854,
            0.001497
          ],
          [
            0.001174,
            0.000232,
            -0.001592
          ],
          [
            3.7e-05,
            0.000279,
            0.001381
          ],
          [
            0.00102,
            -0.0003,
            0.000749
          ],
          [
            0.001132,
            0.00044,
            0.000585
          ],
          [
            0.00097,
            -0.000203,
            -0.000593
          ],
          [
            0.000562,
            6.9e-05,
            0.000618
          ],
          [
            -0.000234,
            0.000388,
            0.000347
          ],
          [
            0.000982,
            5.5e-05,
            0.00178
          ],
          [
            0.000626,
            0.000227,
            7.6e-05
          ],
          [
            0.001378,
            -0.000522,
            -0.000667
          ],
          [
            0.001906,
            0.00083,
            0.000699
          ],
          [
            0.000849,
            -0.000758,
            0.002171
          ],
          [
            0.000678,
            0.000636,
            -0.000127
          ],
          [
            0.000223,
            -0.000567,
            -0.001029
          ],
          [
            0.000782,
            -0.000269,
            -0.001772
          ],
          [
            0.001124,
            -2.8e-05,
            1e-05
          ],
          [
            0.001618,
            -0.000719,
            0.00017
          ],
          [
            0.00183,
            -2e-05,
            0.00014
          ],
          [
            0.000228,
            -0.000844,
            -0.000787
          ],
          [
            0.000256,
            0.000299,
            -0.000685
          ],
          [
            0.000998,
            0.000779,
            0.00023
          ],
          [
            0.00028,
            -0.000122,
            0.000294
          ],
          [
            0.001049,
            0.000942,
            -0.00098
          ],
          [
            0.00217,
            -0.000904,
            -0.001364
          ],
          [
            -0.004108,
            -0.000763,
            0.000435
          ],
          [
            0.001841,
            0.00511,
            0.009748
          ],
          [
            0.018908,
            -0.003469,
            -0.00326
          ],
          [
            0.007585,
            0.004704,
            0.010223
          ],
          [
            0.002144,
            0.002387,
            -0.003621
          ],
          [
            -0.003274,
            -0.004415,
            -0.006969
          ],
          [
            -0.002865,
            0.001088,
            0.00506
          ],
          [
            0.000333,
            -0.004904,
            0.011042
          ],
          [
            0.000633,
            -0.005468,
            0.007401
          ],
          [
            0.002828,
            0.001012,
            -0.00339
          ],
          [
            0.000982,
            0.006807,
            -0.001573
          ],
          [
            0.003874,
            0.004212,
            0.000938
          ],
          [
            0.000252,
            -0.008504,
            -0.011195
          ],
          [
            0.009247,
            0.000548,
            -0.00177
          ],
          [
            -0.003757,
            0.004089,
            -0.004789
          ],
          [
            0.009438,
            0.003738,
            0.000605
          ]
        ],
        "Lattice": [
          [
            11.254311534,
            0.0,
            0.0
          ],
          [
            5.627155767,
            9.746519691,
            0.0
          ],
          [
            0.0,
            0.0,
            21.483230925
          ]
        ],
        "NumAtoms": 80,
        "Positions": [
          [
            4.22079,
            2.43687,
            0.0
          ],
          [
            7.03437,
            7.31013,
            0.0
          ],
          [
            9.84794,
            2.43687,
            0.0
          ],
          [
            12.66152,
            7.31013,
            0.0
          ],
          [
            1.40693,
            2.43687,
            0.0
          ],
          [
            4.22051,
            7.31013,
            0.0
          ],
          [
            7.03409,
            2.43687,
            0.0
          ],
          [
            9.84766,
            7.31013,
            0.0
          ],
          [
            2.81385,
            0.0,
            0.0
          ],
          [
            5.62743,
            4.87326,
            0.0
          ],
          [
            8.44101,
            0.0,
            0.0
          ],
          [
            11.25459,
            4.87326,
            0.0
          ],
          [
            0.0,
            0.0,
            0.0
          ],
          [
            2.81358,
            4.87326,
            0.0
          ],
          [
            5.62716,
            0.0,
            0.0
          ],
          [
            8.44073,
            4.87326,
            0.0
          ],
          [
            7.03462,
            4.06144,
            2.2975
          ],
          [
            9.8482,
            8.9347,
            2.2975
          ],
          [
            12.66177,
            4.06144,
            2.2975
          ],
          [
            15.47535,
            8.9347,
            2.2975
          ],
          [
            5.62769,
            1.62456,
            2.2975
          ],
          [
            8.44127,
            6.49782,
            2.2975
          ],
          [
            11.25484,
            1.62456,
            2.2975
          ],
          [
            14.06842,
            6.49782,
            2.2975
          ],
          [
            2.81383,
            1.62456,
            2.2975
          ],
          [
            5.62741,
            6.49782,
            2.2975
          ],
          [
            8.44098,
            1.62456,
            2.2975
          ],
          [
            11.25456,
            6.49782,
            2.2975
          ],
          [
            4.22076,
            4.06144,
            2.2975
          ],
          [
            7.03434,
            8.9347,
            2.2975
          ],
          [
            9.84791,
            4.06144,
            2.2975
          ],
          [
            12.66149,
            8.9347,
            2.2975
          ],
          [
            1.395,
            0.83817,
            4.59435
          ],
          [
            4.20996,
            5.68541,
            4.55106
          ],
          [
            7.02098,
            0.83698,
            4.5927
          ],
          [
            9.83671,
            5.68752,
            4.55013
          ],
          [
            4.2073,
            0.81647,
            4.5603
          ],
          [
            7.01956,
            5.69848,
            4.57149
          ],
          [
            9.83502,
            0.81421,
            4.55661
          ],
          [
            12.64886,
            5.6985,
            4.57118
          ],
          [
            2.7889,
            3.25945,
            4.58227
          ],
          [
            5.61757,
            8.12429,
            4.55841
          ],
          [
            8.41494,
            3.26101,
            4.57636
          ],
          [
            11.2441,
            8.12515,
            4.55881
          ],
          [
            5.63175,
            3.25419,
            4.59424
          ],
          [
            8.42794,
            8.12548,
            4.55676
          ],
          [
            11.26074,
            3.25638,
            4.5886
          ],
          [
            14.055,
            8.12341,
            4.55571
          ],
          [
            8.42651,
            9.73664,
            6.85735
          ],
          [
            5.58512,
            4.92854,
            6.87631
          ],
          [
            14.05455,
            9.73449,
            6.85264
          ],
          [
            11.2141,
            4.93002,
            6.87208
          ],
          [
            16.83992,
            9.7371,
            6.85656
          ],
          [
            14.05109,
            4.91955,
            6.86445
          ],
          [
            11.21286,
            9.73757,
            6.85898
          ],
          [
            8.42338,
            4.92066,
            6.86117
          ],
          [
            12.61621,
            2.46977,
            6.95611
          ],
          [
            15.44784,
            7.32297,
            6.88092
          ],
          [
            6.9878,
            2.47012,
            6.95218
          ],
          [
            9.82042,
            7.32444,
            6.88175
          ],
          [
            4.18582,
            2.4463,
            6.84996
          ],
          [
            7.00868,
            7.33664,
            6.8812
          ],
          [
            9.8133,
            2.44827,
            6.83437
          ],
          [
            12.63438,
            7.337,
            6.88131
          ],
          [
            6.42435,
            2.39884,
            10.04597
          ],
          [
            6.87997,
            2.21752,
            11.46083
          ],
          [
            11.98208,
            2.46473,
            10.04752
          ],
          [
            12.40268,
            2.28869,
            11.47422
          ],
          [
            7.25941,
            2.38336,
            9.11972
          ],
          [
            5.12457,
            2.54291,
            9.90519
          ],
          [
            1.57492,
            2.388,
            9.13543
          ],
          [
            10.69309,
            2.67317,
            9.88674
          ],
          [
            4.84548,
            2.60242,
            8.91614
          ],
          [
            6.39914,
            2.95926,
            12.11432
          ],
          [
            7.97178,
            2.29636,
            11.51388
          ],
          [
            6.56647,
            1.21697,
            11.80156
          ],
          [
            10.42783,
            2.72498,
            8.89418
          ],
          [
            11.9415,
            3.06272,
            12.10409
          ],
          [
            2.24133,
            2.31973,
            11.55007
          ],
          [
            0.78304,
            1.30955,
            11.82558
          ]
        ],
        "Stress": [
          [
            -49.28539,
            0.05722,
            0.10752
          ],
          [
            0.05722,
            -49.13371,
            0.17205
          ],
          [
            0.10752,
            0.17205,
            -1.62133
          ]
        ],
        "computation_code": "VASP",
        "pseudopotential_information": [
          [
            "PAW_PBE",
            "Pt",
            "04Feb2005"
          ],
          [
            "PAW_PBE",
            "C",
            "08Apr2002"
          ],
          [
            "PAW_PBE",
            "O",
            "08Apr2002"
          ],
          [
            "PAW_PBE",
            "H",
            "15Jun2001"
          ]
        ]
      }
    ],
    "EnergyStyle": "electronvolt",
    "ForcesStyle": "electronvoltperangstrom",
    "LatticeStyle": "angstrom",
    "PositionsStyle": "angstrom",
    "StressStyle": "kB"
  }
}