{
  "Dataset": {
    "AtomTypeStyle": "chemicalsymbol",
    "Data": [
      {
        "AtomTypes": [
          "Pt",
          "Pt",
          "Pt",
          "Pt",
          "Pt",
          "Pt",
          "Pt",
          "Pt",
          "Pt",
          "Pt",
          "Pt",
          "Pt",
          "Pt",
          "Pt",
          "Pt",
          "Pt",
          "Pt",
          "Pt",
          "Pt",
          "Pt",
          "Pt",
          "Pt",
          "Pt",
          "Pt",
          "Pt",
          "Pt",
          "Pt",
          "Pt",
          "Pt",
          "Pt",
          "Pt",
          "Pt",
          "Pt",
          "Pt",
          "Pt",
          "Pt",
          "Pt",
          "Pt",
          "Pt",
          "Pt",
          "Pt",
          "Pt",
          "Pt",
          "Pt",
          "Pt",
          "Pt",
          "Pt",
          "Pt",
          "Pt",
          "Pt",
          "Pt",
          "Pt",
          "Pt",
          "Pt",
          "Pt",
          "Pt",
          "Pt",
          "Pt",
          "Pt",
          "Pt",
          "Pt",
          "Pt",
          "Pt",
          "Pt",
          "C",
          "C",
          "C",
          "C",
          "C",
          "C",
          "C",
          "C",
          "O",
          "O",
          "O",
          "O",
          "O",
          "O",
          "O",
          "O",
          "O",
          "O",
          "O",
          "O",
          "H",
          "H",
          "H",
          "H",
          "H",
          "H",
          "H",
          "H",
          "H",
          "H",
          "H",
          "H",
          "H",
          "H",
          "H",
          "H"
        ],
        "Energy": -379.28717373,
        "Forces": [
          [
            0.029307,
            -0.011046,
            -0.035603
          ],
          [
            -0.093966,
            0.027507,
            -0.122618
          ],
          [
            -0.081781,
            0.045176,
            -0.067525
          ],
          [
            -0.106935,
            0.057083,
            -0.0392
          ],
          [
            -0.094821,
            0.036216,
            -0.032103
          ],
          [
            -0.002521,
            0.011665,
            -0.045484
          ],
          [
            -0.080571,
            0.073609,
            -0.093617
          ],
          [
            -0.070617,
            -0.02356,
            -0.052559
          ],
          [
            -0.0512,
            0.038948,
            -0.067625
          ],
          [
            -0.042528,
            0.038148,
            -0.10256
          ],
          [
            -0.081185,
            0.057915,
            -0.074073
          ],
          [
            -0.07998,
            0.028646,
            -0.113398
          ],
          [
            -0.081798,
            -0.008192,
            -0.024099
          ],
          [
            -0.03811,
            0.053537,
            0.008573
          ],
          [
            -0.06883,
            0.012639,
            -0.065405
          ],
          [
            -0.058066,
            0.051878,
            -0.050041
          ],
          [
            0.089472,
            -0.233463,
            -0.286469
          ],
          [
            0.302558,
            0.227946,
            -0.357668
          ],
          [
            0.218606,
            -0.14087,
            -0.350658
          ],
          [
            0.284244,
            0.064551,
            -0.093792
          ],
          [
            0.020701,
            -0.020545,
            -0.127939
          ],
          [
            0.232208,
            -0.088683,
            -0.871919
          ],
          [
            0.318767,
            0.003838,
            -0.209252
          ],
          [
            0.149962,
            -0.182608,
            -0.522297
          ],
          [
            0.043455,
            -0.072945,
            -0.055294
          ],
          [
            0.039907,
            0.100495,
            -0.140578
          ],
          [
            0.220753,
            -0.118783,
            -0.340523
          ],
          [
            0.133419,
            0.152729,
            -0.28535
          ],
          [
            -0.088771,
            -0.134511,
            -0.280058
          ],
          [
            0.033303,
            0.093183,
            -0.226288
          ],
          [
            0.057767,
            -0.231217,
            -0.279956
          ],
          [
            0.127248,
            -0.021525,
            -0.452712
          ],
          [
            0.241958,
            0.146437,
            -0.236431
          ],
          [
            0.126154,
            0.24563,
            0.254222
          ],
          [
            0.217249,
            0.038378,
            -0.142684
          ],
          [
            0.084305,
            0.172331,
            0.085628
          ],
          [
            -0.026613,
            -0.258106,
            -0.703209
          ],
          [
            -0.508232,
            -0.356901,
            0.510166
          ],
          [
            -0.314125,
            -0.073914,
            -0.284805
          ],
          [
            0.153343,
            -0.149957,
            0.129473
          ],
          [
            -0.137338,
            0.193415,
            -0.520389
          ],
          [
            -0.363077,
            -0.049133,
            -0.260469
          ],
          [
            0.148823,
            0.163677,
            -0.313406
          ],
          [
            -0.25823,
            -0.320538,
            -0.176691
          ],
          [
            0.613122,
            -0.022723,
            -0.107801
          ],
          [
            -0.030955,
            0.158867,
            0.680853
          ],
          [
            -0.187072,
            -0.16816,
            0.123358
          ],
          [
            0.266273,
            0.141908,
            -0.13659
          ],
          [
            -0.291611,
            0.052572,
            0.987293
          ],
          [
            -0.21828,
            -0.150063,
            0.075785
          ],
          [
            -0.072556,
            0.059381,
            1.280551
          ],
          [
            0.294289,
            -0.108445,
            -0.044048
          ],
          [
            -0.120496,
            0.554894,
            -0.060082
          ],
          [
            0.145323,
            0.098101,
            0.577321
          ],
          [
            0.1037,
            0.033499,
            0.144861
          ],
          [
            -0.0401,
            -0.576731,
            0.67871
          ],
          [
            -0.131246,
            -0.270829,
            0.310995
          ],
          [
            -0.079028,
            -0.39393,
            0.160605
          ],
          [
            -0.044296,
            0.113933,
            0.628321
          ],
          [
            0.424115,
            -0.011157,
            0.34656
          ],
          [
            -0.086478,
            0.112695,
            0.580329
          ],
          [
            -0.465446,
            0.507203,
            0.289266
          ],
          [
            -0.060205,
            0.019214,
            0.357376
          ],
          [
            -0.551583,
            0.063349,
            0.701666
          ],
          [
            -0.552398,
            -1.774125,
            -0.315983
          ],
          [
            1.299842,
            2.755386,
            -0.975981
          ],
          [
            -0.891077,
            1.653515,
            1.177612
          ],
          [
            2.141946,
            0.379373,
            -1.193351
          ],
          [
            -1.464839,
            -1.305616,
            0.861018
          ],
          [
            1.784583,
            0.081102,
            -0.529274
          ],
          [
            -1.49972,
            -1.311511,
            -1.917558
          ],
          [
            -0.346983,
            0.284415,
            0.309834
          ],
          [
            0.130595,
            0.595186,
            -0.334351
          ],
          [
            0.492897,
            0.040091,
            -2.531658
          ],
          [
            -0.650825,
            -1.443936,
            0.492542
          ],
          [
            -0.633088,
            -0.179744,
            0.31046
          ],
          [
            0.147262,
            -1.276379,
            -0.829366
          ],
          [
            1.494374,
            -0.44008,
            -0.086897
          ],
          [
            0.837923,
            0.136928,
            -1.223672
          ],
          [
            -0.140074,
            0.080721,
            -0.183378
          ],
          [
            0.044122,
            -1.767888,
            -0.65992
          ],
          [
            0.88306,
            1.889915,
            0.62663
          ],
          [
            1.579267,
            1.171585,
            2.430761
          ],
          [
            -0.531414,
            0.357539,
            -0.45624
          ],
          [
            0.031963,
            0.214549,
            -0.307739
          ],
          [
            0.078779,
            -0.719702,
            -0.267012
          ],
          [
            -0.119227,
            -0.436537,
            1.318907
          ],
          [
            0.580731,
            0.62226,
            -0.282769
          ],
          [
            -0.808721,
            -0.024759,
            -0.136208
          ],
          [
            0.25139,
            -0.411269,
            -0.462817
          ],
          [
            -1.791366,
            0.212411,
            2.161844
          ],
          [
            -0.929856,
            0.215484,
            2.145764
          ],
          [
            0.291636,
            0.525895,
            0.156895
          ],
          [
            -0.92393,
            -0.735036,
            -0.453808
          ],
          [
            -0.635822,
            0.248307,
            0.059495
          ],
          [
            -0.647624,
            1.493827,
            1.234934
          ],
          [
            0.082302,
            -0.04679,
            0.611466
          ],
          [
            0.21507,
            -0.603668,
            0.281814
          ],
          [
            0.148624,
            -0.198064,
            -0.629243
          ],
          [
            0.052733,
            -0.142246,
            -0.361839
          ]
        ],
        "Lattice": [
          [
            11.254311534,
            0.0,
            0.0
          ],
          [
            5.627155767,
            9.746519691,
            0.0
          ],
          [
            0.0,
            0.0,
            21.483230925
          ]
        ],
        "NumAtoms": 100,
        "Positions": [
          [
            4.22079,
            2.43687,
            0.0
          ],
          [
            7.03437,
            7.31013,
            0.0
          ],
          [
            9.84794,
            2.43687,
            0.0
          ],
          [
            12.66152,
            7.31013,
            0.0
          ],
          [
            1.40693,
            2.43687,
            0.0
          ],
          [
            4.22051,
            7.31013,
            0.0
          ],
          [
            7.03409,
            2.43687,
            0.0
          ],
          [
            9.84766,
            7.31013,
            0.0
          ],
          [
            2.81385,
            0.0,
            0.0
          ],
          [
            5.62743,
            4.87326,
            0.0
          ],
          [
            8.44101,
            0.0,
            0.0
          ],
          [
            11.25459,
            4.87326,
            0.0
          ],
          [
            0.0,
            0.0,
            0.0
          ],
          [
            2.81358,
            4.87326,
            0.0
          ],
          [
            5.62716,
            0.0,
            0.0
          ],
          [
            8.44073,
            4.87326,
            0.0
          ],
          [
            7.03462,
            4.06144,
            2.2975
          ],
          [
            9.8482,
            8.9347,
            2.2975
          ],
          [
            12.66177,
            4.06144,
            2.2975
          ],
          [
            15.47535,
            8.9347,
            2.2975
          ],
          [
            5.62769,
            1.62456,
            2.2975
          ],
          [
            8.44127,
            6.49782,
            2.2975
          ],
          [
            11.25484,
            1.62456,
            2.2975
          ],
          [
            14.06842,
            6.49782,
            2.2975
          ],
          [
            2.81383,
            1.62456,
            2.2975
          ],
          [
            5.62741,
            6.49782,
            2.2975
          ],
          [
            8.44098,
            1.62456,
            2.2975
          ],
          [
            11.25456,
            6.49782,
            2.2975
          ],
          [
            4.22076,
            4.06144,
            2.2975
          ],
          [
            7.03434,
            8.9347,
            2.2975
          ],
          [
            9.84791,
            4.06144,
            2.2975
          ],
          [
            12.66149,
            8.9347,
            2.2975
          ],
          [
            1.53115,
            0.73143,
            4.59143
          ],
          [
            4.33249,
            5.62338,
            4.52528
          ],
          [
            7.12002,
            0.75746,
            4.49265
          ],
          [
            9.99749,
            5.61124,
            4.49435
          ],
          [
            4.34609,
            0.78818,
            4.56995
          ],
          [
            7.19993,
            5.64013,
            4.46282
          ],
          [
            10.08519,
            0.76857,
            4.53114
          ],
          [
            12.74869,
            5.61702,
            4.49847
          ],
          [
            2.91981,
            3.14984,
            4.57953
          ],
          [
            5.82134,
            8.0589,
            4.57793
          ],
          [
            8.55936,
            3.14597,
            4.53204
          ],
          [
            11.41211,
            8.11398,
            4.5428
          ],
          [
            5.66737,
            3.24292,
            4.52102
          ],
          [
            8.59576,
            8.03366,
            4.44998
          ],
          [
            11.41616,
            3.22018,
            4.52631
          ],
          [
            14.22134,
            8.01792,
            4.47475
          ],
          [
            8.74298,
            9.57546,
            6.70581
          ],
          [
            5.94645,
            4.77612,
            6.80527
          ],
          [
            14.34954,
            9.63132,
            6.57258
          ],
          [
            11.4732,
            4.76828,
            6.86477
          ],
          [
            5.98173,
            9.49801,
            6.91973
          ],
          [
            3.05347,
            4.74799,
            6.75894
          ],
          [
            11.50336,
            9.61215,
            6.8263
          ],
          [
            8.72955,
            4.80102,
            6.70957
          ],
          [
            1.65641,
            2.33581,
            6.84308
          ],
          [
            4.5329,
            7.21679,
            6.83243
          ],
          [
            7.26393,
            2.28718,
            6.69568
          ],
          [
            10.11673,
            7.18876,
            6.76553
          ],
          [
            4.48259,
            2.34,
            6.79651
          ],
          [
            7.37417,
            7.09406,
            6.81947
          ],
          [
            10.14262,
            2.31367,
            6.77433
          ],
          [
            13.01946,
            7.15803,
            6.69423
          ],
          [
            11.43046,
            2.47065,
            10.84123
          ],
          [
            12.19431,
            3.60316,
            11.34733
          ],
          [
            14.56791,
            9.35569,
            10.0982
          ],
          [
            13.51414,
            8.26337,
            9.89429
          ],
          [
            5.49547,
            2.04759,
            10.84305
          ],
          [
            6.48912,
            3.19734,
            10.80647
          ],
          [
            9.39289,
            8.3274,
            10.62455
          ],
          [
            9.25226,
            6.94806,
            10.05027
          ],
          [
            11.80444,
            1.27713,
            11.02388
          ],
          [
            14.00294,
            6.93617,
            10.07157
          ],
          [
            11.59749,
            4.92536,
            11.15063
          ],
          [
            10.31434,
            2.76055,
            10.21841
          ],
          [
            8.60724,
            0.81182,
            10.36782
          ],
          [
            15.80352,
            8.97197,
            10.0862
          ],
          [
            4.71223,
            2.00653,
            11.80303
          ],
          [
            7.89452,
            6.59679,
            9.86176
          ],
          [
            7.17965,
            3.56399,
            9.57854
          ],
          [
            5.4434,
            1.05725,
            9.84053
          ],
          [
            10.11349,
            8.56529,
            11.52318
          ],
          [
            8.75141,
            9.24811,
            9.81886
          ],
          [
            9.68162,
            1.91625,
            10.25942
          ],
          [
            13.18012,
            3.69707,
            10.84955
          ],
          [
            12.48813,
            3.48006,
            12.36801
          ],
          [
            12.30092,
            5.49131,
            10.81586
          ],
          [
            16.5097,
            9.67874,
            10.38077
          ],
          [
            13.04894,
            8.50125,
            8.90942
          ],
          [
            12.70708,
            8.49491,
            10.4976
          ],
          [
            14.47113,
            6.70886,
            9.13942
          ],
          [
            4.64262,
            0.47292,
            9.96855
          ],
          [
            7.30053,
            3.1413,
            11.61166
          ],
          [
            5.95271,
            4.104,
            11.07875
          ],
          [
            7.5379,
            2.72511,
            9.0608
          ],
          [
            2.62057,
            0.26194,
            10.19285
          ],
          [
            9.79271,
            6.28034,
            10.70866
          ],
          [
            9.81188,
            6.99503,
            9.09098
          ],
          [
            7.73823,
            5.70423,
            10.23236
          ]
        ],
        "Stress": [
          [
            -55.94723,
            -0.12808,
            -1.07015
          ],
          [
            -0.12808,
            -61.23618,
            -1.36317
          ],
          [
            -1.07015,
            -1.36317,
            -0.92999
          ]
        ],
        "computation_code": "VASP",
        "pseudopotential_information": [
          [
            "PAW_PBE",
            "Pt",
            "04Feb2005"
          ],
          [
            "PAW_PBE",
            "C",
            "08Apr2002"
          ],
          [
            "PAW_PBE",
            "O",
            "08Apr2002"
          ],
          [
            "PAW_PBE",
            "H",
            "15Jun2001"
          ]
        ]
      }
    ],
    "EnergyStyle": "electronvolt",
    "ForcesStyle": "electronvoltperangstrom",
    "LatticeStyle": "angstrom",
    "PositionsStyle": "angstrom",
    "StressStyle": "kB"
  }
}