{
  "Dataset": {
    "AtomTypeStyle": "chemicalsymbol",
    "Data": [
      {
        "AtomTypes": [
          "Pt",
          "Pt",
          "Pt",
          "Pt",
          "Pt",
          "Pt",
          "Pt",
          "Pt",
          "Pt",
          "Pt",
          "Pt",
          "Pt",
          "Pt",
          "Pt",
          "Pt",
          "Pt",
          "Pt",
          "Pt",
          "Pt",
          "Pt",
          "Pt",
          "Pt",
          "Pt",
          "Pt",
          "Pt",
          "Pt",
          "Pt",
          "Pt",
          "Pt",
          "Pt",
          "Pt",
          "Pt",
          "Pt",
          "Pt",
          "Pt",
          "Pt",
          "Pt",
          "Pt",
          "Pt",
          "Pt",
          "Pt",
          "Pt",
          "Pt",
          "Pt",
          "Pt",
          "Pt",
          "Pt",
          "Pt",
          "Pt",
          "Pt",
          "Pt",
          "Pt",
          "Pt",
          "Pt",
          "Pt",
          "Pt",
          "Pt",
          "Pt",
          "Pt",
          "Pt",
          "Pt",
          "Pt",
          "Pt",
          "Pt",
          "C",
          "C",
          "C",
          "C",
          "C",
          "C",
          "C",
          "C",
          "O",
          "O",
          "O",
          "O",
          "O",
          "O",
          "O",
          "O",
          "O",
          "O",
          "O",
          "O",
          "H",
          "H",
          "H",
          "H",
          "H",
          "H",
          "H",
          "H",
          "H",
          "H",
          "H",
          "H",
          "H",
          "H",
          "H",
          "H"
        ],
        "Energy": -380.94031634,
        "Forces": [
          [
            -0.018312,
            -0.020078,
            -0.108246
          ],
          [
            -0.014114,
            -0.035623,
            -0.047391
          ],
          [
            -0.032968,
            -0.013081,
            -0.072972
          ],
          [
            -0.015332,
            -0.008011,
            -0.035855
          ],
          [
            -0.030615,
            -0.064625,
            -0.084811
          ],
          [
            -0.00666,
            0.027357,
            -0.016956
          ],
          [
            -0.024824,
            -0.051611,
            -0.053552
          ],
          [
            -0.018169,
            -0.007445,
            -0.021243
          ],
          [
            -0.024976,
            0.043877,
            -0.07311
          ],
          [
            -0.028093,
            -0.052812,
            -0.061921
          ],
          [
            -0.023163,
            0.003805,
            -0.115641
          ],
          [
            0.001661,
            -0.075497,
            -0.056566
          ],
          [
            5.4e-05,
            0.017799,
            -0.087826
          ],
          [
            0.023368,
            -0.051802,
            -0.058441
          ],
          [
            -0.005435,
            0.006508,
            -0.104144
          ],
          [
            0.005345,
            -0.064909,
            -0.050257
          ],
          [
            0.17843,
            0.139974,
            0.281089
          ],
          [
            0.058683,
            -0.142525,
            0.3175
          ],
          [
            -0.114581,
            0.211983,
            0.068504
          ],
          [
            0.064531,
            -0.184628,
            0.433702
          ],
          [
            0.292947,
            -0.039814,
            -0.343332
          ],
          [
            -0.00132,
            0.137571,
            0.343758
          ],
          [
            0.085537,
            -0.087232,
            0.271526
          ],
          [
            0.001959,
            0.132942,
            0.161247
          ],
          [
            -0.150203,
            -0.270508,
            -0.175769
          ],
          [
            0.072511,
            0.090171,
            0.325812
          ],
          [
            0.096295,
            0.033071,
            0.184268
          ],
          [
            0.017768,
            0.203531,
            0.176079
          ],
          [
            0.02451,
            0.198306,
            -0.255178
          ],
          [
            -0.028006,
            -0.025008,
            0.40711
          ],
          [
            -0.112044,
            0.105608,
            0.479716
          ],
          [
            0.090932,
            -0.06428,
            0.379927
          ],
          [
            -0.108114,
            0.176969,
            -0.642714
          ],
          [
            0.071352,
            -0.127906,
            -0.019723
          ],
          [
            0.00122,
            -0.369101,
            0.319045
          ],
          [
            -0.240621,
            -0.44346,
            -0.205564
          ],
          [
            -0.236032,
            -0.782538,
            0.495186
          ],
          [
            0.112164,
            -0.275249,
            -0.083492
          ],
          [
            -0.131929,
            0.045317,
            -0.378295
          ],
          [
            0.029803,
            -0.577541,
            0.324859
          ],
          [
            -0.251425,
            0.756912,
            0.702349
          ],
          [
            -0.421423,
            0.178375,
            -0.329289
          ],
          [
            0.31834,
            0.571144,
            -0.879219
          ],
          [
            -0.258626,
            0.21445,
            -0.156115
          ],
          [
            0.520766,
            0.44509,
            0.313656
          ],
          [
            0.231723,
            -0.411497,
            -0.053047
          ],
          [
            0.037255,
            0.108516,
            0.009067
          ],
          [
            0.231868,
            0.690937,
            -0.239889
          ],
          [
            -0.316217,
            0.070094,
            -0.105642
          ],
          [
            -0.045671,
            -0.138778,
            0.18756
          ],
          [
            -0.574912,
            -0.139409,
            -0.15322
          ],
          [
            -0.349662,
            -0.299648,
            0.106232
          ],
          [
            -0.160538,
            -0.333767,
            0.535622
          ],
          [
            -0.208967,
            -0.542209,
            -0.290529
          ],
          [
            0.356644,
            0.050953,
            -0.489008
          ],
          [
            0.228883,
            0.119017,
            -0.071086
          ],
          [
            0.21239,
            0.30302,
            0.013641
          ],
          [
            -0.148299,
            0.176566,
            -0.412396
          ],
          [
            -0.617609,
            -0.603587,
            0.495175
          ],
          [
            -0.403294,
            0.491555,
            -0.011559
          ],
          [
            0.116414,
            -0.088874,
            0.013686
          ],
          [
            0.487619,
            0.057862,
            -0.220022
          ],
          [
            0.266075,
            0.404851,
            -0.132684
          ],
          [
            0.679109,
            0.383523,
            -0.35142
          ],
          [
            -0.189308,
            -0.180258,
            -0.4633
          ],
          [
            0.098688,
            -0.784418,
            0.524751
          ],
          [
            -0.810832,
            0.283967,
            0.109023
          ],
          [
            -0.976434,
            0.168415,
            0.728271
          ],
          [
            1.531705,
            1.84263,
            -0.221379
          ],
          [
            -1.126498,
            0.017727,
            0.153281
          ],
          [
            -0.377732,
            -0.045848,
            1.175163
          ],
          [
            0.265122,
            0.782161,
            0.15214
          ],
          [
            0.536343,
            0.543643,
            0.099892
          ],
          [
            0.105177,
            -0.676416,
            0.363533
          ],
          [
            -0.06983,
            0.687052,
            -0.087992
          ],
          [
            0.070055,
            -0.517833,
            -0.153285
          ],
          [
            0.820982,
            0.783242,
            0.512831
          ],
          [
            0.341152,
            -0.192286,
            -1.498229
          ],
          [
            0.320229,
            -0.809159,
            -0.020763
          ],
          [
            -2.066522,
            -0.899034,
            -0.155053
          ],
          [
            0.538597,
            1.197675,
            -0.552224
          ],
          [
            1.542488,
            1.134385,
            -1.086066
          ],
          [
            -1.045144,
            -1.315208,
            0.384609
          ],
          [
            0.492032,
            -0.63785,
            0.383074
          ],
          [
            -0.589753,
            0.399481,
            0.136657
          ],
          [
            -0.308707,
            0.301477,
            -0.513351
          ],
          [
            0.280119,
            0.260351,
            -0.034809
          ],
          [
            0.146892,
            -0.515208,
            0.353113
          ],
          [
            0.198005,
            -0.068196,
            -0.440808
          ],
          [
            0.4999,
            -0.316466,
            0.052994
          ],
          [
            0.298523,
            0.197358,
            -0.269253
          ],
          [
            -0.359812,
            -0.227148,
            0.625329
          ],
          [
            0.546654,
            0.13649,
            0.190529
          ],
          [
            0.412135,
            -0.541121,
            -0.226889
          ],
          [
            -0.101682,
            -0.256043,
            -0.156785
          ],
          [
            -0.302238,
            -0.919476,
            0.815348
          ],
          [
            0.009681,
            0.169264,
            0.116074
          ],
          [
            -0.291734,
            -0.175939,
            -0.406493
          ],
          [
            -0.027301,
            0.427646,
            -0.621036
          ],
          [
            -0.209875,
            -0.459549,
            0.002413
          ]
        ],
        "Lattice": [
          [
            11.254311534,
            0.0,
            0.0
          ],
          [
            5.627155767,
            9.746519691,
            0.0
          ],
          [
            0.0,
            0.0,
            21.483230925
          ]
        ],
        "NumAtoms": 100,
        "Positions": [
          [
            4.22079,
            2.43687,
            0.0
          ],
          [
            7.03437,
            7.31013,
            0.0
          ],
          [
            9.84794,
            2.43687,
            0.0
          ],
          [
            12.66152,
            7.31013,
            0.0
          ],
          [
            1.40693,
            2.43687,
            0.0
          ],
          [
            4.22051,
            7.31013,
            0.0
          ],
          [
            7.03409,
            2.43687,
            0.0
          ],
          [
            9.84766,
            7.31013,
            0.0
          ],
          [
            2.81385,
            0.0,
            0.0
          ],
          [
            5.62743,
            4.87326,
            0.0
          ],
          [
            8.44101,
            0.0,
            0.0
          ],
          [
            11.25459,
            4.87326,
            0.0
          ],
          [
            0.0,
            0.0,
            0.0
          ],
          [
            2.81358,
            4.87326,
            0.0
          ],
          [
            5.62716,
            0.0,
            0.0
          ],
          [
            8.44073,
            4.87326,
            0.0
          ],
          [
            7.03462,
            4.06144,
            2.2975
          ],
          [
            9.8482,
            8.9347,
            2.2975
          ],
          [
            12.66177,
            4.06144,
            2.2975
          ],
          [
            15.47535,
            8.9347,
            2.2975
          ],
          [
            5.62769,
            1.62456,
            2.2975
          ],
          [
            8.44127,
            6.49782,
            2.2975
          ],
          [
            11.25484,
            1.62456,
            2.2975
          ],
          [
            14.06842,
            6.49782,
            2.2975
          ],
          [
            2.81383,
            1.62456,
            2.2975
          ],
          [
            5.62741,
            6.49782,
            2.2975
          ],
          [
            8.44098,
            1.62456,
            2.2975
          ],
          [
            11.25456,
            6.49782,
            2.2975
          ],
          [
            4.22076,
            4.06144,
            2.2975
          ],
          [
            7.03434,
            8.9347,
            2.2975
          ],
          [
            9.84791,
            4.06144,
            2.2975
          ],
          [
            12.66149,
            8.9347,
            2.2975
          ],
          [
            1.46298,
            0.83345,
            4.64423
          ],
          [
            4.21964,
            5.73226,
            4.57909
          ],
          [
            7.0831,
            0.86684,
            4.58098
          ],
          [
            9.87935,
            5.78927,
            4.60592
          ],
          [
            4.29433,
            0.91073,
            4.52487
          ],
          [
            7.0749,
            5.76677,
            4.61319
          ],
          [
            9.9034,
            0.79756,
            4.58405
          ],
          [
            12.66518,
            5.79525,
            4.58974
          ],
          [
            2.81684,
            3.23127,
            4.49649
          ],
          [
            5.72017,
            8.12111,
            4.68253
          ],
          [
            8.46632,
            3.25393,
            4.63994
          ],
          [
            11.30974,
            8.19449,
            4.66135
          ],
          [
            5.60085,
            3.28123,
            4.52944
          ],
          [
            8.46348,
            8.22475,
            4.64823
          ],
          [
            11.25796,
            3.28242,
            4.57496
          ],
          [
            14.08309,
            8.09169,
            4.66179
          ],
          [
            2.93312,
            0.08384,
            6.92073
          ],
          [
            5.63676,
            4.9825,
            6.85386
          ],
          [
            8.59946,
            0.11731,
            6.89742
          ],
          [
            11.33471,
            4.96162,
            6.90307
          ],
          [
            0.10538,
            0.15988,
            6.87881
          ],
          [
            14.12388,
            5.0316,
            6.93201
          ],
          [
            5.61504,
            0.18714,
            6.93787
          ],
          [
            8.45371,
            4.95624,
            6.94098
          ],
          [
            12.68444,
            2.5607,
            6.88777
          ],
          [
            15.49616,
            7.39487,
            6.98478
          ],
          [
            7.13388,
            2.62391,
            6.83493
          ],
          [
            9.8534,
            7.29142,
            6.93708
          ],
          [
            4.21803,
            2.58242,
            6.87774
          ],
          [
            6.97479,
            7.41005,
            7.12123
          ],
          [
            9.89385,
            2.49125,
            6.96409
          ],
          [
            12.57537,
            7.4275,
            7.0531
          ],
          [
            2.89212,
            1.54589,
            10.63569
          ],
          [
            3.70398,
            0.28365,
            10.49091
          ],
          [
            5.87588,
            7.11746,
            10.21676
          ],
          [
            5.41169,
            7.86046,
            11.46372
          ],
          [
            10.06329,
            3.5808,
            11.02961
          ],
          [
            9.11615,
            2.46919,
            10.78912
          ],
          [
            12.20351,
            7.69236,
            10.11968
          ],
          [
            12.32768,
            8.34458,
            11.49207
          ],
          [
            3.36171,
            2.66232,
            10.66217
          ],
          [
            1.57005,
            1.30682,
            10.63533
          ],
          [
            4.93204,
            0.51284,
            9.79576
          ],
          [
            6.75701,
            7.59254,
            9.48349
          ],
          [
            5.03599,
            6.08682,
            9.97068
          ],
          [
            6.28448,
            8.74031,
            12.15583
          ],
          [
            11.26089,
            3.39412,
            11.26269
          ],
          [
            9.66286,
            4.85872,
            10.93058
          ],
          [
            7.81524,
            2.76642,
            10.27319
          ],
          [
            12.80873,
            8.07543,
            9.14063
          ],
          [
            11.39119,
            6.67659,
            10.02321
          ],
          [
            12.81735,
            9.67816,
            11.39599
          ],
          [
            12.33674,
            2.15203,
            10.84535
          ],
          [
            9.60171,
            9.64389,
            11.52097
          ],
          [
            8.71099,
            9.23398,
            10.00621
          ],
          [
            4.86358,
            1.39748,
            9.32369
          ],
          [
            5.15124,
            5.67631,
            9.07009
          ],
          [
            15.745,
            8.42735,
            11.09413
          ],
          [
            5.00669,
            7.12765,
            12.20295
          ],
          [
            6.66391,
            9.38008,
            11.48029
          ],
          [
            10.4116,
            5.48564,
            10.8754
          ],
          [
            9.62785,
            1.78617,
            10.10997
          ],
          [
            8.98563,
            1.97979,
            11.77381
          ],
          [
            7.93193,
            3.46137,
            9.53913
          ],
          [
            11.38853,
            6.28706,
            9.07487
          ],
          [
            11.38027,
            8.31258,
            12.06718
          ],
          [
            13.01459,
            7.72607,
            12.1414
          ],
          [
            6.61655,
            0.51576,
            10.83865
          ]
        ],
        "Stress": [
          [
            -69.5686,
            1.41941,
            -1.71533
          ],
          [
            1.41941,
            -73.46185,
            -0.42312
          ],
          [
            -1.71533,
            -0.42312,
            -28.72624
          ]
        ],
        "computation_code": "VASP",
        "pseudopotential_information": [
          [
            "PAW_PBE",
            "Pt",
            "04Feb2005"
          ],
          [
            "PAW_PBE",
            "C",
            "08Apr2002"
          ],
          [
            "PAW_PBE",
            "O",
            "08Apr2002"
          ],
          [
            "PAW_PBE",
            "H",
            "15Jun2001"
          ]
        ]
      }
    ],
    "EnergyStyle": "electronvolt",
    "ForcesStyle": "electronvoltperangstrom",
    "LatticeStyle": "angstrom",
    "PositionsStyle": "angstrom",
    "StressStyle": "kB"
  }
}