{
  "Dataset": {
    "AtomTypeStyle": "chemicalsymbol",
    "Data": [
      {
        "AtomTypes": [
          "Pt",
          "Pt",
          "Pt",
          "Pt",
          "Pt",
          "Pt",
          "Pt",
          "Pt",
          "Pt",
          "Pt",
          "Pt",
          "Pt",
          "Pt",
          "Pt",
          "Pt",
          "Pt",
          "Pt",
          "Pt",
          "Pt",
          "Pt",
          "Pt",
          "Pt",
          "Pt",
          "Pt",
          "Pt",
          "Pt",
          "Pt",
          "Pt",
          "Pt",
          "Pt",
          "Pt",
          "Pt",
          "Pt",
          "Pt",
          "Pt",
          "Pt",
          "Pt",
          "Pt",
          "Pt",
          "Pt",
          "Pt",
          "Pt",
          "Pt",
          "Pt",
          "Pt",
          "Pt",
          "Pt",
          "Pt",
          "Pt",
          "Pt",
          "Pt",
          "Pt",
          "Pt",
          "Pt",
          "Pt",
          "Pt",
          "Pt",
          "Pt",
          "Pt",
          "Pt",
          "Pt",
          "Pt",
          "Pt",
          "Pt",
          "C",
          "C",
          "C",
          "C",
          "C",
          "C",
          "C",
          "C",
          "O",
          "O",
          "O",
          "O",
          "O",
          "O",
          "O",
          "O",
          "O",
          "O",
          "O",
          "O",
          "H",
          "H",
          "H",
          "H",
          "H",
          "H",
          "H",
          "H",
          "H",
          "H",
          "H",
          "H",
          "H",
          "H",
          "H",
          "H"
        ],
        "Energy": -380.51351034,
        "Forces": [
          [
            -0.034899,
            -0.158448,
            -0.104797
          ],
          [
            -0.017288,
            -0.104105,
            -0.118953
          ],
          [
            0.00656,
            -0.156772,
            -0.069275
          ],
          [
            -0.012382,
            -0.108687,
            -0.127948
          ],
          [
            0.001766,
            -0.138146,
            -0.171311
          ],
          [
            -0.019913,
            -0.079666,
            -0.1255
          ],
          [
            0.008029,
            -0.110939,
            -0.088626
          ],
          [
            -0.00223,
            -0.126758,
            -0.070056
          ],
          [
            -0.049215,
            -0.083421,
            -0.168967
          ],
          [
            -0.033807,
            -0.107729,
            -0.136922
          ],
          [
            0.020735,
            -0.160746,
            -0.179263
          ],
          [
            0.040356,
            -0.111875,
            -0.150079
          ],
          [
            0.026178,
            -0.129261,
            -0.200884
          ],
          [
            0.019995,
            -0.141448,
            -0.106902
          ],
          [
            -0.003336,
            -0.113733,
            -0.119149
          ],
          [
            -0.01258,
            -0.126461,
            -0.090022
          ],
          [
            0.12373,
            0.039398,
            0.345159
          ],
          [
            0.159475,
            0.142526,
            -0.098962
          ],
          [
            -0.025525,
            0.197377,
            0.033104
          ],
          [
            0.060413,
            0.143534,
            -0.037154
          ],
          [
            0.003154,
            0.22236,
            -0.146029
          ],
          [
            -0.08911,
            0.127789,
            -0.527202
          ],
          [
            -0.046716,
            0.332121,
            -0.280301
          ],
          [
            0.171807,
            0.167146,
            -0.059385
          ],
          [
            0.298996,
            0.241537,
            -0.166945
          ],
          [
            0.070509,
            0.105469,
            -0.210157
          ],
          [
            -0.058192,
            0.378644,
            -0.403345
          ],
          [
            0.034667,
            0.188032,
            -0.287907
          ],
          [
            0.041802,
            0.229693,
            0.06287
          ],
          [
            0.040361,
            0.117916,
            -0.139587
          ],
          [
            -0.232406,
            0.054961,
            0.120243
          ],
          [
            -0.111344,
            0.089878,
            -0.304046
          ],
          [
            -0.05801,
            -0.053772,
            0.177935
          ],
          [
            -0.405136,
            -0.496564,
            -0.05097
          ],
          [
            -0.531702,
            0.433455,
            0.154867
          ],
          [
            0.275281,
            -0.205456,
            0.439205
          ],
          [
            -0.204573,
            0.221363,
            -0.390677
          ],
          [
            -0.394464,
            -0.2741,
            0.466486
          ],
          [
            0.597061,
            -0.406254,
            -0.058389
          ],
          [
            0.201341,
            -0.648978,
            0.295872
          ],
          [
            -0.105374,
            0.032735,
            -0.11618
          ],
          [
            0.145854,
            0.60557,
            -0.042827
          ],
          [
            -0.145506,
            0.31022,
            -0.481223
          ],
          [
            -0.086719,
            0.512336,
            0.034717
          ],
          [
            0.215361,
            -0.135607,
            -0.30592
          ],
          [
            -0.39663,
            0.452956,
            -0.06457
          ],
          [
            0.129675,
            -0.512072,
            -0.226731
          ],
          [
            0.549509,
            -0.279461,
            0.266955
          ],
          [
            0.422239,
            0.062023,
            0.377566
          ],
          [
            0.138521,
            0.042522,
            -0.108817
          ],
          [
            -0.056158,
            0.196418,
            0.702536
          ],
          [
            0.019608,
            0.988474,
            0.181829
          ],
          [
            -0.286101,
            -0.781243,
            0.491546
          ],
          [
            0.019625,
            -0.409667,
            0.336761
          ],
          [
            -0.120214,
            -0.514868,
            0.702804
          ],
          [
            -0.322477,
            -0.188865,
            -0.165523
          ],
          [
            0.881378,
            0.362304,
            -0.054612
          ],
          [
            -0.232731,
            0.096875,
            0.140571
          ],
          [
            0.548783,
            0.510566,
            -0.026049
          ],
          [
            0.361809,
            0.037969,
            0.70242
          ],
          [
            -0.29632,
            0.138885,
            0.407377
          ],
          [
            -0.067516,
            -0.387606,
            0.303581
          ],
          [
            -0.70286,
            -0.133369,
            0.182635
          ],
          [
            -0.323927,
            -0.188793,
            0.200485
          ],
          [
            -0.563942,
            -0.005643,
            0.631036
          ],
          [
            -0.098302,
            0.342509,
            0.752408
          ],
          [
            0.230959,
            -0.585705,
            -0.393584
          ],
          [
            0.410515,
            -0.631038,
            0.501825
          ],
          [
            -0.675615,
            0.433235,
            -0.944164
          ],
          [
            1.338863,
            -0.477201,
            -0.797881
          ],
          [
            -0.591245,
            -1.029175,
            1.000015
          ],
          [
            2.205238,
            0.302003,
            -1.083144
          ],
          [
            0.290053,
            -0.716956,
            -0.610788
          ],
          [
            -0.205706,
            0.93426,
            -0.038822
          ],
          [
            -0.430955,
            -0.786805,
            -0.645449
          ],
          [
            0.187289,
            -0.613057,
            0.342099
          ],
          [
            -0.369329,
            0.539397,
            -0.076983
          ],
          [
            -0.229404,
            0.676892,
            -0.015928
          ],
          [
            0.106985,
            -0.283689,
            0.153517
          ],
          [
            0.460931,
            -0.008284,
            0.527548
          ],
          [
            -0.362129,
            0.118332,
            0.516274
          ],
          [
            0.275009,
            0.354967,
            -0.888383
          ],
          [
            -0.309455,
            0.164181,
            -0.58894
          ],
          [
            0.246374,
            -0.199561,
            -0.136633
          ],
          [
            -0.017418,
            -0.569724,
            -0.002524
          ],
          [
            -0.027113,
            -0.307116,
            -0.549267
          ],
          [
            0.51982,
            0.418931,
            0.137378
          ],
          [
            0.473611,
            0.652781,
            0.377232
          ],
          [
            -0.01187,
            -0.087647,
            -0.186614
          ],
          [
            0.512884,
            0.427235,
            -0.947794
          ],
          [
            -0.496263,
            -0.177943,
            0.398832
          ],
          [
            -0.285813,
            0.322398,
            0.044553
          ],
          [
            0.155931,
            0.117587,
            0.106526
          ],
          [
            -0.337585,
            -0.020825,
            -0.228478
          ],
          [
            -1.157696,
            0.062975,
            1.396224
          ],
          [
            0.431346,
            0.09974,
            -0.450005
          ],
          [
            -0.071674,
            -0.097002,
            -0.084173
          ],
          [
            -1.133317,
            0.146809,
            1.113622
          ],
          [
            -0.251411,
            0.294414,
            0.042061
          ],
          [
            -0.371003,
            0.002729,
            0.432206
          ]
        ],
        "Lattice": [
          [
            11.254311534,
            0.0,
            0.0
          ],
          [
            5.627155767,
            9.746519691,
            0.0
          ],
          [
            0.0,
            0.0,
            21.483230925
          ]
        ],
        "NumAtoms": 100,
        "Positions": [
          [
            4.22079,
            2.43687,
            0.0
          ],
          [
            7.03437,
            7.31013,
            0.0
          ],
          [
            9.84794,
            2.43687,
            0.0
          ],
          [
            12.66152,
            7.31013,
            0.0
          ],
          [
            1.40693,
            2.43687,
            0.0
          ],
          [
            4.22051,
            7.31013,
            0.0
          ],
          [
            7.03409,
            2.43687,
            0.0
          ],
          [
            9.84766,
            7.31013,
            0.0
          ],
          [
            2.81385,
            0.0,
            0.0
          ],
          [
            5.62743,
            4.87326,
            0.0
          ],
          [
            8.44101,
            0.0,
            0.0
          ],
          [
            11.25459,
            4.87326,
            0.0
          ],
          [
            0.0,
            0.0,
            0.0
          ],
          [
            2.81358,
            4.87326,
            0.0
          ],
          [
            5.62716,
            0.0,
            0.0
          ],
          [
            8.44073,
            4.87326,
            0.0
          ],
          [
            7.03462,
            4.06144,
            2.2975
          ],
          [
            9.8482,
            8.9347,
            2.2975
          ],
          [
            12.66177,
            4.06144,
            2.2975
          ],
          [
            15.47535,
            8.9347,
            2.2975
          ],
          [
            5.62769,
            1.62456,
            2.2975
          ],
          [
            8.44127,
            6.49782,
            2.2975
          ],
          [
            11.25484,
            1.62456,
            2.2975
          ],
          [
            14.06842,
            6.49782,
            2.2975
          ],
          [
            2.81383,
            1.62456,
            2.2975
          ],
          [
            5.62741,
            6.49782,
            2.2975
          ],
          [
            8.44098,
            1.62456,
            2.2975
          ],
          [
            11.25456,
            6.49782,
            2.2975
          ],
          [
            4.22076,
            4.06144,
            2.2975
          ],
          [
            7.03434,
            8.9347,
            2.2975
          ],
          [
            9.84791,
            4.06144,
            2.2975
          ],
          [
            12.66149,
            8.9347,
            2.2975
          ],
          [
            1.41484,
            1.11858,
            4.48162
          ],
          [
            4.29619,
            6.04281,
            4.57555
          ],
          [
            7.071,
            1.07179,
            4.51075
          ],
          [
            9.82063,
            5.95328,
            4.52638
          ],
          [
            4.25074,
            1.04144,
            4.54804
          ],
          [
            7.09254,
            5.94765,
            4.55159
          ],
          [
            9.83028,
            1.19283,
            4.51218
          ],
          [
            12.65904,
            6.03365,
            4.54599
          ],
          [
            2.81538,
            3.56683,
            4.56954
          ],
          [
            5.64932,
            8.38078,
            4.53788
          ],
          [
            8.43461,
            3.51471,
            4.69312
          ],
          [
            11.29948,
            8.34178,
            4.57273
          ],
          [
            5.61085,
            3.55041,
            4.58547
          ],
          [
            8.46899,
            8.34575,
            4.5248
          ],
          [
            11.24829,
            3.62476,
            4.57582
          ],
          [
            14.04274,
            8.43453,
            4.53993
          ],
          [
            2.74486,
            0.5774,
            6.7733
          ],
          [
            5.68337,
            5.42463,
            6.91697
          ],
          [
            8.52263,
            0.55837,
            6.73662
          ],
          [
            11.28293,
            5.32628,
            6.85797
          ],
          [
            11.28426,
            0.66648,
            6.76597
          ],
          [
            14.10351,
            5.4956,
            6.79341
          ],
          [
            5.62829,
            0.60287,
            6.77856
          ],
          [
            8.50402,
            5.43577,
            6.94202
          ],
          [
            12.62364,
            2.97616,
            6.88697
          ],
          [
            15.59392,
            7.87059,
            6.83683
          ],
          [
            6.93352,
            2.93102,
            6.94295
          ],
          [
            9.83179,
            7.83465,
            6.75882
          ],
          [
            4.21165,
            2.98496,
            6.82707
          ],
          [
            7.07225,
            7.93479,
            6.8621
          ],
          [
            9.91992,
            3.03781,
            6.95853
          ],
          [
            12.73928,
            7.94384,
            6.91315
          ],
          [
            3.68926,
            1.91297,
            10.35153
          ],
          [
            4.37963,
            0.55041,
            10.45076
          ],
          [
            7.47798,
            7.17428,
            10.37989
          ],
          [
            7.99784,
            7.33676,
            11.78693
          ],
          [
            9.91539,
            1.95431,
            10.18688
          ],
          [
            10.6526,
            1.25403,
            11.28755
          ],
          [
            12.40684,
            7.53731,
            9.99452
          ],
          [
            12.93193,
            7.41246,
            11.39146
          ],
          [
            4.03407,
            2.97439,
            10.86266
          ],
          [
            2.46602,
            1.75127,
            9.76875
          ],
          [
            5.58465,
            0.46799,
            9.70273
          ],
          [
            7.17053,
            8.08908,
            9.60348
          ],
          [
            7.55797,
            5.86609,
            10.05887
          ],
          [
            7.95241,
            8.63755,
            12.27588
          ],
          [
            10.34607,
            2.9578,
            9.60912
          ],
          [
            8.76827,
            1.33199,
            9.81159
          ],
          [
            16.7296,
            9.70324,
            10.83058
          ],
          [
            13.11879,
            7.99581,
            9.10741
          ],
          [
            11.22976,
            6.95247,
            9.8726
          ],
          [
            13.73601,
            8.54215,
            11.70419
          ],
          [
            2.0748,
            2.67293,
            9.67444
          ],
          [
            4.57256,
            0.44984,
            11.55863
          ],
          [
            9.30793,
            9.49639,
            10.09842
          ],
          [
            6.18639,
            1.19457,
            9.89482
          ],
          [
            7.31268,
            5.73373,
            9.09744
          ],
          [
            7.50318,
            6.6043,
            12.52089
          ],
          [
            9.08668,
            7.07097,
            11.64569
          ],
          [
            7.1434,
            9.05052,
            11.90565
          ],
          [
            8.47835,
            1.62875,
            8.88794
          ],
          [
            11.5086,
            1.86478,
            11.65837
          ],
          [
            10.01495,
            0.97243,
            12.07805
          ],
          [
            5.97066,
            9.7312,
            9.99572
          ],
          [
            10.95196,
            6.90839,
            8.89957
          ],
          [
            12.16143,
            7.26271,
            12.09644
          ],
          [
            13.54685,
            6.46062,
            11.3731
          ],
          [
            14.40006,
            8.6634,
            10.97217
          ]
        ],
        "Stress": [
          [
            -63.70062,
            0.50491,
            -2.09773
          ],
          [
            0.50491,
            -63.28337,
            2.2213
          ],
          [
            -2.09773,
            2.2213,
            -5.69251
          ]
        ],
        "computation_code": "VASP",
        "pseudopotential_information": [
          [
            "PAW_PBE",
            "Pt",
            "04Feb2005"
          ],
          [
            "PAW_PBE",
            "C",
            "08Apr2002"
          ],
          [
            "PAW_PBE",
            "O",
            "08Apr2002"
          ],
          [
            "PAW_PBE",
            "H",
            "15Jun2001"
          ]
        ]
      }
    ],
    "EnergyStyle": "electronvolt",
    "ForcesStyle": "electronvoltperangstrom",
    "LatticeStyle": "angstrom",
    "PositionsStyle": "angstrom",
    "StressStyle": "kB"
  }
}