{
  "Dataset": {
    "AtomTypeStyle": "chemicalsymbol",
    "Data": [
      {
        "AtomTypes": [
          "Pt",
          "Pt",
          "Pt",
          "Pt",
          "Pt",
          "Pt",
          "Pt",
          "Pt",
          "Pt",
          "Pt",
          "Pt",
          "Pt",
          "Pt",
          "Pt",
          "Pt",
          "Pt",
          "Pt",
          "Pt",
          "Pt",
          "Pt",
          "Pt",
          "Pt",
          "Pt",
          "Pt",
          "Pt",
          "Pt",
          "Pt",
          "Pt",
          "Pt",
          "Pt",
          "Pt",
          "Pt",
          "Pt",
          "Pt",
          "Pt",
          "Pt",
          "Pt",
          "Pt",
          "Pt",
          "Pt",
          "Pt",
          "Pt",
          "Pt",
          "Pt",
          "Pt",
          "Pt",
          "Pt",
          "Pt",
          "Pt",
          "Pt",
          "Pt",
          "Pt",
          "Pt",
          "Pt",
          "Pt",
          "Pt",
          "Pt",
          "Pt",
          "Pt",
          "Pt",
          "Pt",
          "Pt",
          "Pt",
          "Pt",
          "C",
          "C",
          "C",
          "C",
          "C",
          "C",
          "C",
          "C",
          "O",
          "O",
          "O",
          "O",
          "O",
          "O",
          "O",
          "O",
          "O",
          "O",
          "O",
          "O",
          "H",
          "H",
          "H",
          "H",
          "H",
          "H",
          "H",
          "H",
          "H",
          "H",
          "H",
          "H",
          "H",
          "H",
          "H",
          "H"
        ],
        "Energy": -381.90512264,
        "Forces": [
          [
            0.002023,
            -0.052495,
            -0.091449
          ],
          [
            -0.00694,
            -0.036392,
            -0.076785
          ],
          [
            -0.008673,
            -0.04913,
            -0.089889
          ],
          [
            -0.007145,
            -0.027095,
            -0.067956
          ],
          [
            0.006377,
            -0.013985,
            -0.080527
          ],
          [
            0.006863,
            -0.034384,
            -0.069591
          ],
          [
            0.008241,
            -0.019373,
            -0.083788
          ],
          [
            0.002055,
            -0.034389,
            -0.063899
          ],
          [
            0.02838,
            -0.0082,
            -0.037626
          ],
          [
            0.000684,
            -0.025708,
            -0.051966
          ],
          [
            0.011884,
            -0.009923,
            -0.054337
          ],
          [
            0.014821,
            -0.025541,
            -0.052948
          ],
          [
            -0.016093,
            0.000607,
            -0.040939
          ],
          [
            0.002728,
            -0.03629,
            -0.035251
          ],
          [
            -0.000605,
            0.003795,
            -0.056223
          ],
          [
            0.010895,
            -0.039612,
            -0.039213
          ],
          [
            -0.010647,
            0.074645,
            0.149605
          ],
          [
            -0.055426,
            0.076854,
            0.298186
          ],
          [
            -0.010373,
            0.075895,
            0.16492
          ],
          [
            -0.007315,
            0.077773,
            0.271677
          ],
          [
            -0.015706,
            -0.061451,
            0.235326
          ],
          [
            -0.007295,
            0.006528,
            0.239536
          ],
          [
            0.000905,
            -0.065908,
            0.228017
          ],
          [
            0.010226,
            -0.032616,
            0.226166
          ],
          [
            0.003907,
            -0.039364,
            0.232845
          ],
          [
            -0.003729,
            0.003371,
            0.257023
          ],
          [
            0.024453,
            -0.030668,
            0.246571
          ],
          [
            0.003691,
            -0.017443,
            0.217769
          ],
          [
            -0.068953,
            0.123886,
            -0.006288
          ],
          [
            -0.021274,
            0.036486,
            0.065188
          ],
          [
            -0.069123,
            0.089807,
            -0.030507
          ],
          [
            -0.017997,
            0.059409,
            0.018109
          ],
          [
            -0.073558,
            0.37053,
            -0.279302
          ],
          [
            -0.071424,
            0.286066,
            -0.357139
          ],
          [
            -0.074062,
            0.388446,
            -0.237417
          ],
          [
            -0.066642,
            0.303572,
            -0.312264
          ],
          [
            -0.037448,
            0.084498,
            -0.273842
          ],
          [
            -0.060232,
            -0.020245,
            -0.361299
          ],
          [
            -0.00032,
            0.096892,
            -0.223308
          ],
          [
            -0.034354,
            0.032109,
            -0.343193
          ],
          [
            -0.111402,
            -0.153451,
            0.047034
          ],
          [
            -0.061795,
            -0.161857,
            -0.012294
          ],
          [
            -0.110356,
            -0.163951,
            0.009853
          ],
          [
            -0.045626,
            -0.196463,
            -0.050276
          ],
          [
            0.209795,
            -0.161663,
            0.017472
          ],
          [
            0.107132,
            -0.074604,
            -0.101347
          ],
          [
            0.206936,
            -0.178075,
            0.086551
          ],
          [
            0.127354,
            -0.108199,
            -0.124114
          ],
          [
            -0.088997,
            0.298685,
            0.033657
          ],
          [
            -0.127407,
            0.093773,
            -0.009268
          ],
          [
            -0.080924,
            0.211329,
            -0.033097
          ],
          [
            0.006729,
            0.164873,
            -0.020228
          ],
          [
            -0.016957,
            0.019,
            -0.071153
          ],
          [
            -0.039784,
            -0.059365,
            -0.05485
          ],
          [
            -0.007294,
            0.014656,
            -0.021754
          ],
          [
            -0.037364,
            -0.089058,
            -0.051722
          ],
          [
            0.23954,
            -0.087986,
            0.283822
          ],
          [
            0.154028,
            -0.241198,
            0.249258
          ],
          [
            0.254746,
            -0.126264,
            0.295718
          ],
          [
            0.282279,
            -0.234947,
            0.318057
          ],
          [
            -0.096589,
            -0.054831,
            0.082824
          ],
          [
            -0.237072,
            -0.088321,
            0.016005
          ],
          [
            -0.092921,
            -0.118122,
            0.107629
          ],
          [
            -0.122133,
            -0.151292,
            0.168639
          ],
          [
            -0.321925,
            -0.252445,
            -0.170035
          ],
          [
            0.866844,
            0.23782,
            -0.46488
          ],
          [
            -0.580491,
            -0.88815,
            0.72765
          ],
          [
            0.003264,
            -0.059648,
            -1.120695
          ],
          [
            0.294008,
            -0.266792,
            0.225726
          ],
          [
            0.060266,
            0.477358,
            -0.492667
          ],
          [
            -0.573513,
            -0.779682,
            0.963372
          ],
          [
            0.764372,
            0.138214,
            -1.622067
          ],
          [
            0.262035,
            0.093361,
            0.244095
          ],
          [
            0.031949,
            0.100359,
            0.302618
          ],
          [
            -0.288877,
            -0.384886,
            -0.413267
          ],
          [
            0.84476,
            0.602499,
            -0.353825
          ],
          [
            0.101074,
            -0.072721,
            0.279083
          ],
          [
            -0.006595,
            0.072516,
            0.065422
          ],
          [
            0.433656,
            0.098354,
            0.189128
          ],
          [
            -0.237042,
            -0.036327,
            -0.029403
          ],
          [
            -0.329384,
            -0.301075,
            -0.507471
          ],
          [
            0.732289,
            0.373893,
            -0.559814
          ],
          [
            -0.110249,
            0.23576,
            -0.470772
          ],
          [
            0.141429,
            0.202265,
            -0.035041
          ],
          [
            0.132514,
            -0.068828,
            -0.069174
          ],
          [
            -0.147927,
            0.023144,
            0.121906
          ],
          [
            -0.307432,
            -0.235001,
            0.092923
          ],
          [
            -0.197954,
            0.126304,
            0.217294
          ],
          [
            0.086579,
            0.157621,
            -0.129851
          ],
          [
            -0.11139,
            0.480839,
            0.725761
          ],
          [
            0.031971,
            0.164388,
            -0.00712
          ],
          [
            -0.226108,
            -0.244615,
            0.242493
          ],
          [
            -0.018462,
            -0.008463,
            0.084252
          ],
          [
            0.144407,
            -0.22697,
            -0.144382
          ],
          [
            -0.213329,
            0.004984,
            -0.016717
          ],
          [
            -0.152627,
            -0.025256,
            0.207801
          ],
          [
            0.272028,
            -0.047933,
            0.261049
          ],
          [
            -0.575891,
            0.449189,
            1.014509
          ],
          [
            -0.13314,
            0.018321,
            0.070123
          ],
          [
            -0.358169,
            -0.033926,
            0.09727
          ]
        ],
        "Lattice": [
          [
            11.254311534,
            0.0,
            0.0
          ],
          [
            5.627155767,
            9.746519691,
            0.0
          ],
          [
            0.0,
            0.0,
            21.483230925
          ]
        ],
        "NumAtoms": 100,
        "Positions": [
          [
            4.22079,
            2.43687,
            0.0
          ],
          [
            7.03437,
            7.31013,
            0.0
          ],
          [
            9.84794,
            2.43687,
            0.0
          ],
          [
            12.66152,
            7.31013,
            0.0
          ],
          [
            1.40693,
            2.43687,
            0.0
          ],
          [
            4.22051,
            7.31013,
            0.0
          ],
          [
            7.03409,
            2.43687,
            0.0
          ],
          [
            9.84766,
            7.31013,
            0.0
          ],
          [
            2.81385,
            0.0,
            0.0
          ],
          [
            5.62743,
            4.87326,
            0.0
          ],
          [
            8.44101,
            0.0,
            0.0
          ],
          [
            11.25459,
            4.87326,
            0.0
          ],
          [
            0.0,
            0.0,
            0.0
          ],
          [
            2.81358,
            4.87326,
            0.0
          ],
          [
            5.62716,
            0.0,
            0.0
          ],
          [
            8.44073,
            4.87326,
            0.0
          ],
          [
            7.03462,
            4.06144,
            2.2975
          ],
          [
            9.8482,
            8.9347,
            2.2975
          ],
          [
            12.66177,
            4.06144,
            2.2975
          ],
          [
            15.47535,
            8.9347,
            2.2975
          ],
          [
            5.62769,
            1.62456,
            2.2975
          ],
          [
            8.44127,
            6.49782,
            2.2975
          ],
          [
            11.25484,
            1.62456,
            2.2975
          ],
          [
            14.06842,
            6.49782,
            2.2975
          ],
          [
            2.81383,
            1.62456,
            2.2975
          ],
          [
            5.62741,
            6.49782,
            2.2975
          ],
          [
            8.44098,
            1.62456,
            2.2975
          ],
          [
            11.25456,
            6.49782,
            2.2975
          ],
          [
            4.22076,
            4.06144,
            2.2975
          ],
          [
            7.03434,
            8.9347,
            2.2975
          ],
          [
            9.84791,
            4.06144,
            2.2975
          ],
          [
            12.66149,
            8.9347,
            2.2975
          ],
          [
            1.40933,
            0.8218,
            4.61124
          ],
          [
            4.22221,
            5.72854,
            4.61595
          ],
          [
            7.03962,
            0.82032,
            4.61044
          ],
          [
            9.85527,
            5.72297,
            4.60606
          ],
          [
            4.22047,
            0.85802,
            4.62509
          ],
          [
            7.03932,
            5.7395,
            4.60674
          ],
          [
            9.84167,
            0.85857,
            4.62573
          ],
          [
            12.66019,
            5.73705,
            4.61018
          ],
          [
            2.81644,
            3.30457,
            4.5621
          ],
          [
            5.63421,
            8.18212,
            4.58122
          ],
          [
            8.43817,
            3.30194,
            4.56646
          ],
          [
            11.25622,
            8.18729,
            4.5714
          ],
          [
            5.58852,
            3.30114,
            4.54664
          ],
          [
            8.40902,
            8.16797,
            4.58325
          ],
          [
            11.2114,
            3.30433,
            4.54624
          ],
          [
            14.0445,
            8.17645,
            4.57043
          ],
          [
            2.81403,
            0.09487,
            6.91555
          ],
          [
            5.62912,
            4.9595,
            6.86585
          ],
          [
            8.43748,
            0.10688,
            6.93545
          ],
          [
            11.24552,
            4.97603,
            6.89195
          ],
          [
            11.23997,
            0.13039,
            6.93346
          ],
          [
            14.06049,
            5.01285,
            6.90072
          ],
          [
            5.62128,
            0.119,
            6.93134
          ],
          [
            8.44853,
            5.00627,
            6.89136
          ],
          [
            12.61267,
            2.55881,
            6.80864
          ],
          [
            15.44572,
            7.47029,
            6.84896
          ],
          [
            6.98139,
            2.55537,
            6.82313
          ],
          [
            9.82918,
            7.46234,
            6.84124
          ],
          [
            4.18828,
            2.57608,
            6.93042
          ],
          [
            7.02618,
            7.4413,
            6.93306
          ],
          [
            9.81212,
            2.59071,
            6.93656
          ],
          [
            12.65805,
            7.45696,
            6.91046
          ],
          [
            3.42901,
            2.9759,
            10.27756
          ],
          [
            3.78071,
            3.13371,
            11.75007
          ],
          [
            6.33956,
            6.54115,
            10.03159
          ],
          [
            6.94765,
            5.8816,
            11.27437
          ],
          [
            9.09998,
            2.78509,
            10.30344
          ],
          [
            9.5909,
            2.6982,
            11.76648
          ],
          [
            11.89141,
            6.75225,
            10.23281
          ],
          [
            12.18447,
            5.97313,
            11.52037
          ],
          [
            4.26961,
            2.73848,
            9.40601
          ],
          [
            2.11178,
            3.07093,
            10.03723
          ],
          [
            5.18738,
            3.34612,
            11.95289
          ],
          [
            7.05933,
            6.98038,
            9.14557
          ],
          [
            5.00274,
            6.50986,
            9.99303
          ],
          [
            8.33626,
            5.66311,
            11.15161
          ],
          [
            9.90501,
            2.75041,
            9.36713
          ],
          [
            7.78393,
            2.78882,
            10.13604
          ],
          [
            10.94496,
            3.12635,
            11.91439
          ],
          [
            12.76508,
            7.01644,
            9.42584
          ],
          [
            10.58064,
            6.98473,
            10.06537
          ],
          [
            13.56739,
            5.93576,
            11.83646
          ],
          [
            1.89142,
            2.97765,
            9.05013
          ],
          [
            3.25197,
            4.01602,
            12.13609
          ],
          [
            3.46001,
            2.22915,
            12.28572
          ],
          [
            5.69362,
            2.82908,
            11.27657
          ],
          [
            4.64695,
            6.78694,
            9.08811
          ],
          [
            6.67762,
            6.50137,
            12.12339
          ],
          [
            6.44005,
            4.90728,
            11.41686
          ],
          [
            8.80885,
            6.39569,
            10.68381
          ],
          [
            7.56189,
            2.76309,
            9.14304
          ],
          [
            8.95427,
            3.34816,
            12.40306
          ],
          [
            9.49115,
            1.63751,
            12.08004
          ],
          [
            11.46804,
            2.84649,
            11.12238
          ],
          [
            10.35839,
            7.27325,
            9.10352
          ],
          [
            11.62374,
            6.39379,
            12.32496
          ],
          [
            11.79948,
            4.95299,
            11.33337
          ],
          [
            14.12346,
            6.23186,
            11.07498
          ]
        ],
        "Stress": [
          [
            -70.27338,
            0.88313,
            -1.65709
          ],
          [
            0.88313,
            -69.28827,
            0.75898
          ],
          [
            -1.65709,
            0.75898,
            -24.69998
          ]
        ],
        "computation_code": "VASP",
        "pseudopotential_information": [
          [
            "PAW_PBE",
            "Pt",
            "04Feb2005"
          ],
          [
            "PAW_PBE",
            "C",
            "08Apr2002"
          ],
          [
            "PAW_PBE",
            "O",
            "08Apr2002"
          ],
          [
            "PAW_PBE",
            "H",
            "15Jun2001"
          ]
        ]
      }
    ],
    "EnergyStyle": "electronvolt",
    "ForcesStyle": "electronvoltperangstrom",
    "LatticeStyle": "angstrom",
    "PositionsStyle": "angstrom",
    "StressStyle": "kB"
  }
}