{
  "Dataset": {
    "AtomTypeStyle": "chemicalsymbol",
    "Data": [
      {
        "AtomTypes": [
          "Pt",
          "Pt",
          "Pt",
          "Pt",
          "Pt",
          "Pt",
          "Pt",
          "Pt",
          "Pt",
          "Pt",
          "Pt",
          "Pt",
          "Pt",
          "Pt",
          "Pt",
          "Pt",
          "Pt",
          "Pt",
          "Pt",
          "Pt",
          "Pt",
          "Pt",
          "Pt",
          "Pt",
          "Pt",
          "Pt",
          "Pt",
          "Pt",
          "Pt",
          "Pt",
          "Pt",
          "Pt",
          "Pt",
          "Pt",
          "Pt",
          "Pt",
          "Pt",
          "Pt",
          "Pt",
          "Pt",
          "Pt",
          "Pt",
          "Pt",
          "Pt",
          "Pt",
          "Pt",
          "Pt",
          "Pt",
          "Pt",
          "Pt",
          "Pt",
          "Pt",
          "Pt",
          "Pt",
          "Pt",
          "Pt",
          "Pt",
          "Pt",
          "Pt",
          "Pt",
          "Pt",
          "Pt",
          "Pt",
          "Pt",
          "C",
          "C",
          "C",
          "C",
          "C",
          "C",
          "C",
          "C",
          "O",
          "O",
          "O",
          "O",
          "O",
          "O",
          "O",
          "O",
          "O",
          "O",
          "O",
          "O",
          "H",
          "H",
          "H",
          "H",
          "H",
          "H",
          "H",
          "H",
          "H",
          "H",
          "H",
          "H",
          "H",
          "H",
          "H",
          "H"
        ],
        "Energy": -379.58013909,
        "Forces": [
          [
            -0.011675,
            5e-05,
            -0.072293
          ],
          [
            -0.05412,
            0.011973,
            -0.11951
          ],
          [
            -0.08582,
            -0.00275,
            -0.037602
          ],
          [
            -0.104236,
            0.040117,
            -0.077003
          ],
          [
            -0.096617,
            0.004157,
            -0.054974
          ],
          [
            -0.041578,
            0.00765,
            -0.072057
          ],
          [
            -0.113138,
            -0.002014,
            -0.061692
          ],
          [
            -0.064558,
            0.079514,
            -0.065416
          ],
          [
            -0.080473,
            0.020934,
            -0.052742
          ],
          [
            -0.091977,
            0.030024,
            -0.036311
          ],
          [
            -0.045881,
            0.02195,
            -0.050663
          ],
          [
            -0.00973,
            -0.019424,
            -0.006155
          ],
          [
            -0.057105,
            -0.024969,
            -0.049056
          ],
          [
            -0.040931,
            0.064598,
            -0.039738
          ],
          [
            -0.08632,
            -0.018299,
            -0.077989
          ],
          [
            -0.097511,
            0.078426,
            -0.041706
          ],
          [
            0.197716,
            -0.011221,
            -0.345421
          ],
          [
            0.180092,
            -0.159606,
            -0.242597
          ],
          [
            -0.040643,
            0.023321,
            0.017922
          ],
          [
            0.148038,
            0.158563,
            -0.238518
          ],
          [
            0.233708,
            0.134844,
            -0.209804
          ],
          [
            0.036557,
            -0.196024,
            -0.255511
          ],
          [
            0.257335,
            0.028195,
            -0.018935
          ],
          [
            0.022835,
            -0.111928,
            0.015289
          ],
          [
            0.013866,
            -0.109489,
            -0.395408
          ],
          [
            -0.064304,
            -0.168641,
            -0.15772
          ],
          [
            0.234154,
            0.025648,
            0.046243
          ],
          [
            0.174788,
            -0.037602,
            -0.086997
          ],
          [
            0.252615,
            0.11087,
            -0.079236
          ],
          [
            0.123935,
            0.124498,
            -0.130257
          ],
          [
            0.173686,
            0.061972,
            -0.132802
          ],
          [
            0.077909,
            -0.05315,
            -0.033897
          ],
          [
            -0.225369,
            -0.109939,
            0.010494
          ],
          [
            0.137702,
            -0.16652,
            -0.313086
          ],
          [
            0.126683,
            -0.052499,
            0.24524
          ],
          [
            -0.127069,
            -0.26023,
            0.176513
          ],
          [
            -0.049119,
            0.143639,
            0.875036
          ],
          [
            0.420753,
            0.209793,
            0.136941
          ],
          [
            -0.621081,
            0.023988,
            0.182848
          ],
          [
            -0.093406,
            0.393077,
            -0.019493
          ],
          [
            0.222201,
            -0.180851,
            0.768361
          ],
          [
            0.205616,
            0.229406,
            0.452048
          ],
          [
            -0.049163,
            -0.269525,
            0.406606
          ],
          [
            0.34073,
            0.181908,
            -0.098771
          ],
          [
            -0.502733,
            -0.467356,
            0.231471
          ],
          [
            -0.035194,
            0.206666,
            0.274592
          ],
          [
            0.325772,
            -0.025134,
            -0.056484
          ],
          [
            -0.555289,
            0.131164,
            0.56533
          ],
          [
            0.396494,
            0.453822,
            0.01273
          ],
          [
            -0.525937,
            -0.109728,
            -0.222096
          ],
          [
            0.234119,
            0.047148,
            -0.05121
          ],
          [
            -0.026877,
            -0.298382,
            -0.348346
          ],
          [
            -0.0001,
            0.05435,
            -0.24688
          ],
          [
            -0.464694,
            -0.126028,
            -0.158617
          ],
          [
            -0.35674,
            0.144295,
            -0.308456
          ],
          [
            0.220496,
            -0.144727,
            -0.144019
          ],
          [
            0.091498,
            0.178015,
            -0.054041
          ],
          [
            -0.569232,
            0.491355,
            0.100343
          ],
          [
            0.219382,
            -0.448867,
            -0.030418
          ],
          [
            -0.077878,
            0.099724,
            0.014916
          ],
          [
            0.04119,
            -0.331608,
            0.043989
          ],
          [
            0.23873,
            -0.277201,
            0.162471
          ],
          [
            -0.234725,
            -0.180151,
            0.131959
          ],
          [
            0.273038,
            0.224947,
            0.121278
          ],
          [
            1.128472,
            0.10745,
            -0.981892
          ],
          [
            0.794428,
            0.953234,
            -0.394861
          ],
          [
            -0.153215,
            -1.507341,
            0.881141
          ],
          [
            1.372746,
            -0.855592,
            -2.340264
          ],
          [
            -0.019869,
            -2.264988,
            -1.424106
          ],
          [
            -1.31732,
            0.887701,
            -0.807754
          ],
          [
            0.266405,
            1.616909,
            2.997455
          ],
          [
            -0.250645,
            0.529143,
            -0.658349
          ],
          [
            0.298269,
            -0.032896,
            0.220308
          ],
          [
            -4.708741,
            1.250535,
            0.168753
          ],
          [
            0.76359,
            -0.544628,
            -0.741791
          ],
          [
            -0.978025,
            -0.592774,
            -0.101081
          ],
          [
            -0.071102,
            1.454778,
            0.027533
          ],
          [
            0.265444,
            1.426336,
            -0.252262
          ],
          [
            -0.278348,
            1.391769,
            -1.105851
          ],
          [
            0.696683,
            0.720575,
            0.464341
          ],
          [
            -1.132917,
            0.373122,
            0.194635
          ],
          [
            0.292572,
            -0.019772,
            1.162152
          ],
          [
            -0.884956,
            -0.652048,
            -1.544223
          ],
          [
            -0.234719,
            -0.264215,
            1.12021
          ],
          [
            0.458559,
            0.263823,
            -0.169914
          ],
          [
            -1.45408,
            0.38476,
            1.019104
          ],
          [
            -0.244398,
            -0.135616,
            -0.230949
          ],
          [
            -0.441318,
            -0.712124,
            0.579276
          ],
          [
            -0.214047,
            -0.842242,
            0.251604
          ],
          [
            -0.640744,
            -0.087138,
            -0.5294
          ],
          [
            0.032149,
            -0.207347,
            1.296976
          ],
          [
            3.881364,
            -0.460129,
            0.881759
          ],
          [
            -0.184303,
            -0.006441,
            0.484505
          ],
          [
            0.215205,
            0.544851,
            1.472708
          ],
          [
            1.132788,
            -0.633497,
            0.293464
          ],
          [
            1.137051,
            -0.147931,
            -0.055242
          ],
          [
            0.110249,
            -0.572917,
            -0.958581
          ],
          [
            0.003427,
            -0.032079,
            -0.02841
          ],
          [
            0.571792,
            -0.796981,
            -0.74249
          ],
          [
            -0.155825,
            -0.420233,
            -0.368905
          ]
        ],
        "Lattice": [
          [
            11.254311534,
            0.0,
            0.0
          ],
          [
            5.627155767,
            9.746519691,
            0.0
          ],
          [
            0.0,
            0.0,
            21.483230925
          ]
        ],
        "NumAtoms": 100,
        "Positions": [
          [
            4.22079,
            2.43687,
            0.0
          ],
          [
            7.03437,
            7.31013,
            0.0
          ],
          [
            9.84794,
            2.43687,
            0.0
          ],
          [
            12.66152,
            7.31013,
            0.0
          ],
          [
            1.40693,
            2.43687,
            0.0
          ],
          [
            4.22051,
            7.31013,
            0.0
          ],
          [
            7.03409,
            2.43687,
            0.0
          ],
          [
            9.84766,
            7.31013,
            0.0
          ],
          [
            2.81385,
            0.0,
            0.0
          ],
          [
            5.62743,
            4.87326,
            0.0
          ],
          [
            8.44101,
            0.0,
            0.0
          ],
          [
            11.25459,
            4.87326,
            0.0
          ],
          [
            0.0,
            0.0,
            0.0
          ],
          [
            2.81358,
            4.87326,
            0.0
          ],
          [
            5.62716,
            0.0,
            0.0
          ],
          [
            8.44073,
            4.87326,
            0.0
          ],
          [
            7.03462,
            4.06144,
            2.2975
          ],
          [
            9.8482,
            8.9347,
            2.2975
          ],
          [
            12.66177,
            4.06144,
            2.2975
          ],
          [
            15.47535,
            8.9347,
            2.2975
          ],
          [
            5.62769,
            1.62456,
            2.2975
          ],
          [
            8.44127,
            6.49782,
            2.2975
          ],
          [
            11.25484,
            1.62456,
            2.2975
          ],
          [
            14.06842,
            6.49782,
            2.2975
          ],
          [
            2.81383,
            1.62456,
            2.2975
          ],
          [
            5.62741,
            6.49782,
            2.2975
          ],
          [
            8.44098,
            1.62456,
            2.2975
          ],
          [
            11.25456,
            6.49782,
            2.2975
          ],
          [
            4.22076,
            4.06144,
            2.2975
          ],
          [
            7.03434,
            8.9347,
            2.2975
          ],
          [
            9.84791,
            4.06144,
            2.2975
          ],
          [
            12.66149,
            8.9347,
            2.2975
          ],
          [
            1.5848,
            0.7744,
            4.59132
          ],
          [
            4.31609,
            5.63489,
            4.61439
          ],
          [
            7.17127,
            0.78736,
            4.5405
          ],
          [
            10.00023,
            5.66432,
            4.5602
          ],
          [
            4.36793,
            0.7542,
            4.48778
          ],
          [
            7.10328,
            5.64173,
            4.54355
          ],
          [
            10.07767,
            0.78254,
            4.57399
          ],
          [
            12.80782,
            5.58417,
            4.60097
          ],
          [
            2.90762,
            3.22704,
            4.49474
          ],
          [
            5.73455,
            8.07185,
            4.51723
          ],
          [
            8.5951,
            3.24974,
            4.54189
          ],
          [
            11.39694,
            8.05865,
            4.56278
          ],
          [
            5.80775,
            3.27341,
            4.54887
          ],
          [
            8.57107,
            8.03042,
            4.5073
          ],
          [
            11.34674,
            3.23592,
            4.58903
          ],
          [
            14.25377,
            8.07223,
            4.5202
          ],
          [
            8.70004,
            9.58981,
            6.81104
          ],
          [
            6.02301,
            4.83152,
            6.97153
          ],
          [
            14.3221,
            9.66865,
            6.82797
          ],
          [
            11.57252,
            4.82661,
            6.99278
          ],
          [
            5.85308,
            9.66105,
            6.9362
          ],
          [
            3.22095,
            4.78884,
            6.97717
          ],
          [
            11.61046,
            9.64818,
            6.89891
          ],
          [
            8.71878,
            4.82174,
            6.89154
          ],
          [
            1.69811,
            2.35801,
            6.88489
          ],
          [
            4.59748,
            7.14969,
            6.89855
          ],
          [
            7.28407,
            2.43491,
            6.84934
          ],
          [
            10.18054,
            7.22127,
            6.84182
          ],
          [
            4.45918,
            2.37429,
            6.76211
          ],
          [
            7.28415,
            7.30108,
            6.81026
          ],
          [
            10.18807,
            2.40179,
            6.88193
          ],
          [
            12.97743,
            7.16684,
            6.83425
          ],
          [
            11.79242,
            1.83265,
            10.84826
          ],
          [
            1.69304,
            2.83012,
            10.81894
          ],
          [
            14.93726,
            8.76144,
            10.48802
          ],
          [
            13.84068,
            7.72547,
            10.64568
          ],
          [
            6.31714,
            1.65783,
            10.96172
          ],
          [
            6.85434,
            3.02022,
            11.23012
          ],
          [
            9.46397,
            7.75627,
            10.33659
          ],
          [
            9.40092,
            6.34628,
            9.87839
          ],
          [
            0.78904,
            0.62083,
            10.95675
          ],
          [
            14.39851,
            6.53263,
            9.84368
          ],
          [
            12.48258,
            4.20785,
            10.75806
          ],
          [
            10.59067,
            2.29733,
            10.59578
          ],
          [
            9.09661,
            0.12374,
            10.01824
          ],
          [
            4.88146,
            8.29637,
            10.84209
          ],
          [
            6.46613,
            0.66971,
            11.68565
          ],
          [
            8.1499,
            5.82235,
            9.41211
          ],
          [
            7.87961,
            3.3406,
            10.26985
          ],
          [
            5.79444,
            1.64779,
            9.65663
          ],
          [
            10.10295,
            8.07816,
            11.36499
          ],
          [
            8.8569,
            8.75765,
            9.60234
          ],
          [
            9.97915,
            1.45819,
            10.43006
          ],
          [
            2.44934,
            2.54221,
            9.953
          ],
          [
            2.28901,
            2.69628,
            11.75957
          ],
          [
            13.09231,
            4.78594,
            10.19708
          ],
          [
            5.53832,
            9.1423,
            10.76822
          ],
          [
            12.95663,
            8.12047,
            10.17257
          ],
          [
            13.59242,
            7.40149,
            11.62872
          ],
          [
            4.01208,
            6.55722,
            10.13175
          ],
          [
            5.9414,
            0.81681,
            9.10541
          ],
          [
            7.30495,
            2.93682,
            12.18951
          ],
          [
            5.99813,
            3.78343,
            11.13427
          ],
          [
            8.65383,
            2.87248,
            10.58468
          ],
          [
            8.80731,
            9.51842,
            10.27254
          ],
          [
            9.9143,
            5.70022,
            10.60537
          ],
          [
            10.06241,
            6.52472,
            9.00219
          ],
          [
            7.98784,
            5.02232,
            9.97448
          ]
        ],
        "Stress": [
          [
            -66.54709,
            -0.6465,
            0.85289
          ],
          [
            -0.6465,
            -71.89122,
            -0.56415
          ],
          [
            0.85289,
            -0.56415,
            -18.33645
          ]
        ],
        "computation_code": "VASP",
        "pseudopotential_information": [
          [
            "PAW_PBE",
            "Pt",
            "04Feb2005"
          ],
          [
            "PAW_PBE",
            "C",
            "08Apr2002"
          ],
          [
            "PAW_PBE",
            "O",
            "08Apr2002"
          ],
          [
            "PAW_PBE",
            "H",
            "15Jun2001"
          ]
        ]
      }
    ],
    "EnergyStyle": "electronvolt",
    "ForcesStyle": "electronvoltperangstrom",
    "LatticeStyle": "angstrom",
    "PositionsStyle": "angstrom",
    "StressStyle": "kB"
  }
}