{
  "Dataset": {
    "AtomTypeStyle": "chemicalsymbol",
    "Data": [
      {
        "AtomTypes": [
          "Pt",
          "Pt",
          "Pt",
          "Pt",
          "Pt",
          "Pt",
          "Pt",
          "Pt",
          "Pt",
          "Pt",
          "Pt",
          "Pt",
          "Pt",
          "Pt",
          "Pt",
          "Pt",
          "Pt",
          "Pt",
          "Pt",
          "Pt",
          "Pt",
          "Pt",
          "Pt",
          "Pt",
          "Pt",
          "Pt",
          "Pt",
          "Pt",
          "Pt",
          "Pt",
          "Pt",
          "Pt",
          "Pt",
          "Pt",
          "Pt",
          "Pt",
          "Pt",
          "Pt",
          "Pt",
          "Pt",
          "Pt",
          "Pt",
          "Pt",
          "Pt",
          "Pt",
          "Pt",
          "Pt",
          "Pt",
          "Pt",
          "Pt",
          "Pt",
          "Pt",
          "Pt",
          "Pt",
          "Pt",
          "Pt",
          "Pt",
          "Pt",
          "Pt",
          "Pt",
          "Pt",
          "Pt",
          "Pt",
          "Pt",
          "C",
          "C",
          "C",
          "C",
          "C",
          "C",
          "C",
          "C",
          "O",
          "O",
          "O",
          "O",
          "O",
          "O",
          "O",
          "O",
          "O",
          "O",
          "O",
          "O",
          "H",
          "H",
          "H",
          "H",
          "H",
          "H",
          "H",
          "H",
          "H",
          "H",
          "H",
          "H",
          "H",
          "H",
          "H",
          "H"
        ],
        "Energy": -382.93031891,
        "Forces": [
          [
            -0.002098,
            -0.000804,
            -0.035411
          ],
          [
            -0.014266,
            0.000693,
            -0.023756
          ],
          [
            -0.002991,
            -0.024895,
            -0.046735
          ],
          [
            -0.014176,
            0.021316,
            -0.041976
          ],
          [
            -0.002205,
            0.025773,
            -0.022101
          ],
          [
            -0.018745,
            0.002451,
            -0.030371
          ],
          [
            -0.012691,
            -0.017155,
            -0.044054
          ],
          [
            0.017727,
            -0.006128,
            -0.029345
          ],
          [
            0.000383,
            0.000574,
            -0.048725
          ],
          [
            -0.001762,
            0.006303,
            -0.027005
          ],
          [
            -0.009762,
            0.025119,
            -0.051005
          ],
          [
            -0.010115,
            0.008284,
            -0.039511
          ],
          [
            -0.025941,
            0.01148,
            -0.031136
          ],
          [
            -0.012265,
            0.001649,
            -0.03121
          ],
          [
            0.008739,
            0.003889,
            -0.040107
          ],
          [
            0.004116,
            -0.004507,
            -0.033344
          ],
          [
            0.043945,
            0.04283,
            0.02609
          ],
          [
            0.02158,
            -0.017279,
            -0.039593
          ],
          [
            0.021509,
            -0.011059,
            0.002585
          ],
          [
            0.015434,
            -0.020594,
            -0.050175
          ],
          [
            0.040795,
            0.008444,
            0.011569
          ],
          [
            0.01084,
            0.039551,
            0.012379
          ],
          [
            -0.032173,
            -0.010525,
            0.022784
          ],
          [
            0.060692,
            -0.00795,
            -0.062297
          ],
          [
            0.042086,
            0.040414,
            -0.04861
          ],
          [
            -0.017454,
            -0.055613,
            0.016362
          ],
          [
            0.003975,
            0.044673,
            0.065806
          ],
          [
            -0.006231,
            -0.014924,
            -0.060358
          ],
          [
            0.010339,
            0.02586,
            -0.001132
          ],
          [
            0.011627,
            -0.012717,
            -0.037825
          ],
          [
            -0.029844,
            0.053543,
            -0.026492
          ],
          [
            0.022746,
            -0.033397,
            -0.017925
          ],
          [
            0.029234,
            -0.077263,
            0.196461
          ],
          [
            -0.029249,
            -0.035018,
            -0.056184
          ],
          [
            -0.006875,
            0.050635,
            -0.173722
          ],
          [
            0.01696,
            -0.130148,
            -0.088938
          ],
          [
            -0.058801,
            0.016704,
            0.195772
          ],
          [
            -0.006155,
            -0.117364,
            -0.034695
          ],
          [
            0.121983,
            0.094139,
            -0.106965
          ],
          [
            -0.032525,
            -0.143987,
            0.015919
          ],
          [
            -0.053991,
            -0.088156,
            -0.022861
          ],
          [
            -0.006825,
            0.166124,
            0.036115
          ],
          [
            -0.034819,
            -0.074105,
            -0.097672
          ],
          [
            0.001811,
            0.154896,
            -0.067284
          ],
          [
            -0.047791,
            -0.061029,
            -0.022863
          ],
          [
            -0.019154,
            0.047747,
            0.238859
          ],
          [
            0.097559,
            -0.093602,
            -0.044201
          ],
          [
            -0.053832,
            -0.035715,
            0.067651
          ],
          [
            -0.008878,
            -0.141957,
            0.218784
          ],
          [
            0.044825,
            0.072124,
            0.015855
          ],
          [
            0.042717,
            -0.20326,
            0.216177
          ],
          [
            0.032035,
            0.012935,
            0.046824
          ],
          [
            -0.027169,
            -0.001826,
            0.045553
          ],
          [
            -0.039663,
            0.079493,
            0.133168
          ],
          [
            -0.015444,
            0.005872,
            -0.052321
          ],
          [
            -0.014399,
            -0.027492,
            0.105647
          ],
          [
            0.062772,
            0.092623,
            0.036889
          ],
          [
            -0.1028,
            0.006831,
            0.030787
          ],
          [
            -0.004874,
            0.192439,
            0.047022
          ],
          [
            -0.046747,
            0.00977,
            -0.024918
          ],
          [
            0.04443,
            -0.030925,
            -0.099353
          ],
          [
            -0.091034,
            -0.01096,
            -0.05702
          ],
          [
            -0.053769,
            0.042522,
            -0.035027
          ],
          [
            0.162475,
            0.113537,
            0.228914
          ],
          [
            -0.349,
            0.262959,
            -0.001511
          ],
          [
            0.131735,
            -0.780634,
            -1.180578
          ],
          [
            0.338327,
            -0.077106,
            -0.006896
          ],
          [
            -0.123988,
            0.044456,
            1.066443
          ],
          [
            0.23969,
            -0.627241,
            0.206282
          ],
          [
            0.225336,
            0.818546,
            0.399435
          ],
          [
            -0.058069,
            -0.846597,
            0.107863
          ],
          [
            -0.004596,
            -0.058334,
            0.514832
          ],
          [
            -0.180108,
            0.194476,
            -0.137279
          ],
          [
            -0.043562,
            -0.062506,
            0.186495
          ],
          [
            -0.022129,
            -0.337221,
            0.106742
          ],
          [
            0.84866,
            -0.088094,
            0.089329
          ],
          [
            -0.241884,
            0.068931,
            -0.021956
          ],
          [
            0.228391,
            -0.221282,
            0.080625
          ],
          [
            -0.1802,
            -0.123693,
            -0.043012
          ],
          [
            -0.159335,
            -0.004337,
            0.090892
          ],
          [
            0.430898,
            0.259732,
            -0.20383
          ],
          [
            -0.436913,
            -0.025093,
            -0.265884
          ],
          [
            -0.118349,
            0.623296,
            0.064193
          ],
          [
            -0.135113,
            -0.175497,
            0.209921
          ],
          [
            -0.095713,
            -0.374927,
            -0.024805
          ],
          [
            -0.504088,
            0.318103,
            0.197426
          ],
          [
            0.171408,
            0.443008,
            0.686136
          ],
          [
            0.232014,
            0.366074,
            0.090722
          ],
          [
            -0.271592,
            0.111282,
            -0.136862
          ],
          [
            -0.327245,
            0.081985,
            -0.2407
          ],
          [
            0.360934,
            -0.134163,
            -0.954835
          ],
          [
            -0.128639,
            0.056952,
            0.005947
          ],
          [
            0.198135,
            0.003568,
            0.110847
          ],
          [
            -0.282895,
            -0.164707,
            -0.108796
          ],
          [
            -0.077627,
            0.070093,
            -0.16089
          ],
          [
            -0.137696,
            -0.061571,
            -0.016315
          ],
          [
            0.299883,
            0.335939,
            -0.165793
          ],
          [
            -0.157604,
            0.055273,
            -0.448359
          ],
          [
            0.049904,
            -0.028869,
            0.003067
          ],
          [
            0.251683,
            0.071908,
            -0.070564
          ]
        ],
        "Lattice": [
          [
            11.254311534,
            0.0,
            0.0
          ],
          [
            5.627155767,
            9.746519691,
            0.0
          ],
          [
            0.0,
            0.0,
            21.483230925
          ]
        ],
        "NumAtoms": 100,
        "Positions": [
          [
            4.22079,
            2.43687,
            0.0
          ],
          [
            7.03437,
            7.31013,
            0.0
          ],
          [
            9.84794,
            2.43687,
            0.0
          ],
          [
            12.66152,
            7.31013,
            0.0
          ],
          [
            1.40693,
            2.43687,
            0.0
          ],
          [
            4.22051,
            7.31013,
            0.0
          ],
          [
            7.03409,
            2.43687,
            0.0
          ],
          [
            9.84766,
            7.31013,
            0.0
          ],
          [
            2.81385,
            0.0,
            0.0
          ],
          [
            5.62743,
            4.87326,
            0.0
          ],
          [
            8.44101,
            0.0,
            0.0
          ],
          [
            11.25459,
            4.87326,
            0.0
          ],
          [
            0.0,
            0.0,
            0.0
          ],
          [
            2.81358,
            4.87326,
            0.0
          ],
          [
            5.62716,
            0.0,
            0.0
          ],
          [
            8.44073,
            4.87326,
            0.0
          ],
          [
            7.03462,
            4.06144,
            2.2975
          ],
          [
            9.8482,
            8.9347,
            2.2975
          ],
          [
            12.66177,
            4.06144,
            2.2975
          ],
          [
            15.47535,
            8.9347,
            2.2975
          ],
          [
            5.62769,
            1.62456,
            2.2975
          ],
          [
            8.44127,
            6.49782,
            2.2975
          ],
          [
            11.25484,
            1.62456,
            2.2975
          ],
          [
            14.06842,
            6.49782,
            2.2975
          ],
          [
            2.81383,
            1.62456,
            2.2975
          ],
          [
            5.62741,
            6.49782,
            2.2975
          ],
          [
            8.44098,
            1.62456,
            2.2975
          ],
          [
            11.25456,
            6.49782,
            2.2975
          ],
          [
            4.22076,
            4.06144,
            2.2975
          ],
          [
            7.03434,
            8.9347,
            2.2975
          ],
          [
            9.84791,
            4.06144,
            2.2975
          ],
          [
            12.66149,
            8.9347,
            2.2975
          ],
          [
            1.41553,
            0.81179,
            4.54171
          ],
          [
            4.24367,
            5.67654,
            4.57574
          ],
          [
            7.04144,
            0.79767,
            4.56532
          ],
          [
            9.84436,
            5.70203,
            4.57014
          ],
          [
            4.23999,
            0.80993,
            4.54538
          ],
          [
            7.04929,
            5.69754,
            4.57406
          ],
          [
            9.84534,
            0.79064,
            4.56019
          ],
          [
            12.67568,
            5.6826,
            4.54398
          ],
          [
            2.83011,
            3.25436,
            4.56204
          ],
          [
            5.64949,
            8.09191,
            4.56156
          ],
          [
            8.44547,
            3.25877,
            4.57758
          ],
          [
            11.25636,
            8.10228,
            4.56027
          ],
          [
            5.65957,
            3.25269,
            4.56141
          ],
          [
            8.45041,
            8.13222,
            4.5611
          ],
          [
            11.24004,
            3.25489,
            4.54935
          ],
          [
            14.09574,
            8.10945,
            4.55513
          ],
          [
            2.84539,
            0.01446,
            6.86813
          ],
          [
            5.65617,
            4.83234,
            6.88259
          ],
          [
            14.07572,
            9.73425,
            6.84213
          ],
          [
            11.2585,
            4.84169,
            6.8468
          ],
          [
            5.64493,
            9.70463,
            6.84894
          ],
          [
            2.84038,
            4.85161,
            6.85229
          ],
          [
            11.29518,
            9.70881,
            6.86362
          ],
          [
            8.45148,
            4.86116,
            6.87403
          ],
          [
            1.39569,
            2.41083,
            6.8351
          ],
          [
            4.27042,
            7.29228,
            6.87326
          ],
          [
            7.04907,
            2.38045,
            6.88189
          ],
          [
            9.87589,
            7.28646,
            6.88495
          ],
          [
            4.24365,
            2.44532,
            6.85372
          ],
          [
            7.07663,
            7.28432,
            6.89595
          ],
          [
            9.86421,
            2.4081,
            6.84488
          ],
          [
            12.66008,
            7.25991,
            6.81248
          ],
          [
            8.28375,
            7.89437,
            10.32851
          ],
          [
            9.28121,
            9.00977,
            10.10029
          ],
          [
            5.99005,
            4.88831,
            10.54496
          ],
          [
            4.97224,
            3.7812,
            10.37597
          ],
          [
            12.96987,
            6.14413,
            10.13458
          ],
          [
            14.00085,
            7.19654,
            10.31623
          ],
          [
            10.6051,
            3.15872,
            10.15723
          ],
          [
            9.59841,
            2.02561,
            10.17438
          ],
          [
            8.69227,
            6.76296,
            10.61045
          ],
          [
            5.46171,
            2.48837,
            10.04746
          ],
          [
            3.09003,
            0.31086,
            9.28304
          ],
          [
            6.9895,
            8.26224,
            10.26473
          ],
          [
            5.62657,
            6.05397,
            10.74806
          ],
          [
            7.25194,
            4.50472,
            10.47279
          ],
          [
            13.32393,
            4.99108,
            9.80565
          ],
          [
            10.0318,
            0.7585,
            10.65091
          ],
          [
            13.38899,
            8.47706,
            10.35759
          ],
          [
            11.75012,
            6.47216,
            10.49047
          ],
          [
            10.21187,
            4.31764,
            10.0313
          ],
          [
            11.87406,
            2.78844,
            10.22597
          ],
          [
            6.42272,
            7.45714,
            10.50151
          ],
          [
            10.2008,
            8.54803,
            9.63316
          ],
          [
            9.57475,
            9.38618,
            11.07217
          ],
          [
            3.73986,
            1.04584,
            9.25928
          ],
          [
            7.90573,
            5.27959,
            10.58771
          ],
          [
            4.23289,
            4.14928,
            9.65816
          ],
          [
            4.44698,
            3.72035,
            11.39168
          ],
          [
            6.11548,
            2.54289,
            9.30512
          ],
          [
            11.09097,
            5.70967,
            10.29888
          ],
          [
            14.8144,
            7.128,
            9.55516
          ],
          [
            14.5024,
            6.94249,
            11.28774
          ],
          [
            14.10126,
            9.14968,
            10.50865
          ],
          [
            12.45174,
            3.61077,
            10.11685
          ],
          [
            9.21373,
            1.94444,
            9.14034
          ],
          [
            8.7388,
            2.34374,
            10.79116
          ],
          [
            10.71678,
            0.38084,
            10.06176
          ]
        ],
        "Stress": [
          [
            -68.49341,
            -0.34905,
            0.43041
          ],
          [
            -0.34905,
            -67.197,
            0.00661
          ],
          [
            0.43041,
            0.00661,
            -19.58198
          ]
        ],
        "computation_code": "VASP",
        "pseudopotential_information": [
          [
            "PAW_PBE",
            "Pt",
            "04Feb2005"
          ],
          [
            "PAW_PBE",
            "C",
            "08Apr2002"
          ],
          [
            "PAW_PBE",
            "O",
            "08Apr2002"
          ],
          [
            "PAW_PBE",
            "H",
            "15Jun2001"
          ]
        ]
      }
    ],
    "EnergyStyle": "electronvolt",
    "ForcesStyle": "electronvoltperangstrom",
    "LatticeStyle": "angstrom",
    "PositionsStyle": "angstrom",
    "StressStyle": "kB"
  }
}