{
  "Dataset": {
    "AtomTypeStyle": "chemicalsymbol",
    "Data": [
      {
        "AtomTypes": [
          "Pt",
          "Pt",
          "Pt",
          "Pt",
          "Pt",
          "Pt",
          "Pt",
          "Pt",
          "Pt",
          "Pt",
          "Pt",
          "Pt",
          "Pt",
          "Pt",
          "Pt",
          "Pt",
          "Pt",
          "Pt",
          "Pt",
          "Pt",
          "Pt",
          "Pt",
          "Pt",
          "Pt",
          "Pt",
          "Pt",
          "Pt",
          "Pt",
          "Pt",
          "Pt",
          "Pt",
          "Pt",
          "Pt",
          "Pt",
          "Pt",
          "Pt",
          "Pt",
          "Pt",
          "Pt",
          "Pt",
          "Pt",
          "Pt",
          "Pt",
          "Pt",
          "Pt",
          "Pt",
          "Pt",
          "Pt",
          "Pt",
          "Pt",
          "Pt",
          "Pt",
          "Pt",
          "Pt",
          "Pt",
          "Pt",
          "Pt",
          "Pt",
          "Pt",
          "Pt",
          "Pt",
          "Pt",
          "Pt",
          "Pt",
          "C",
          "C",
          "C",
          "C",
          "C",
          "C",
          "C",
          "C",
          "O",
          "O",
          "O",
          "O",
          "O",
          "O",
          "O",
          "O",
          "O",
          "O",
          "O",
          "O",
          "H",
          "H",
          "H",
          "H",
          "H",
          "H",
          "H",
          "H",
          "H",
          "H",
          "H",
          "H",
          "H",
          "H",
          "H",
          "H"
        ],
        "Energy": -379.22023972,
        "Forces": [
          [
            0.01026,
            -0.007077,
            -0.072845
          ],
          [
            -0.060884,
            0.012246,
            -0.136806
          ],
          [
            -0.093251,
            0.010188,
            -0.05025
          ],
          [
            -0.112087,
            0.049738,
            -0.068304
          ],
          [
            -0.10377,
            0.003776,
            -0.049788
          ],
          [
            -0.028397,
            0.015804,
            -0.063792
          ],
          [
            -0.111147,
            0.005833,
            -0.070379
          ],
          [
            -0.066147,
            0.068841,
            -0.064819
          ],
          [
            -0.080843,
            0.029605,
            -0.047401
          ],
          [
            -0.085742,
            0.029951,
            -0.040861
          ],
          [
            -0.051262,
            0.036795,
            -0.069615
          ],
          [
            -0.02171,
            -0.020097,
            -0.020415
          ],
          [
            -0.058799,
            -0.034913,
            -0.044943
          ],
          [
            -0.038145,
            0.073072,
            -0.023072
          ],
          [
            -0.081337,
            -0.020809,
            -0.07794
          ],
          [
            -0.088462,
            0.077969,
            -0.039241
          ],
          [
            0.195048,
            -0.064176,
            -0.415947
          ],
          [
            0.213414,
            -0.153099,
            -0.282386
          ],
          [
            -0.015762,
            0.019374,
            -0.058323
          ],
          [
            0.213031,
            0.184819,
            -0.285311
          ],
          [
            0.229773,
            0.140381,
            -0.17227
          ],
          [
            0.072264,
            -0.177886,
            -0.314392
          ],
          [
            0.315743,
            0.039217,
            -0.064989
          ],
          [
            0.015068,
            -0.168933,
            -0.035708
          ],
          [
            -0.031503,
            -0.145426,
            -0.382333
          ],
          [
            -0.098501,
            -0.135821,
            -0.205443
          ],
          [
            0.237239,
            -0.007037,
            -0.0007
          ],
          [
            0.185919,
            0.017385,
            -0.129642
          ],
          [
            0.226281,
            0.090997,
            -0.097808
          ],
          [
            0.108117,
            0.140252,
            -0.115474
          ],
          [
            0.157775,
            0.030578,
            -0.153474
          ],
          [
            0.059892,
            -0.058141,
            -0.066076
          ],
          [
            -0.236546,
            0.000123,
            -0.284912
          ],
          [
            -0.032266,
            -0.131564,
            -0.356471
          ],
          [
            0.173748,
            0.038256,
            0.149551
          ],
          [
            -0.298765,
            -0.169853,
            0.082026
          ],
          [
            0.030109,
            0.229559,
            0.793393
          ],
          [
            0.539999,
            0.187025,
            0.186814
          ],
          [
            -0.716996,
            0.027026,
            0.255446
          ],
          [
            0.22391,
            0.404623,
            -0.137086
          ],
          [
            0.240483,
            -0.080227,
            0.760564
          ],
          [
            0.102251,
            0.338417,
            0.298073
          ],
          [
            0.03065,
            -0.29316,
            0.335935
          ],
          [
            0.299277,
            0.161651,
            -0.174466
          ],
          [
            -0.48602,
            -0.62888,
            0.123826
          ],
          [
            -0.000158,
            0.013946,
            0.083142
          ],
          [
            0.194701,
            -0.243106,
            -0.001379
          ],
          [
            -0.551203,
            0.095395,
            0.640163
          ],
          [
            0.516734,
            0.595741,
            0.403781
          ],
          [
            -0.588197,
            -0.110096,
            -0.088423
          ],
          [
            0.308057,
            0.048676,
            0.125948
          ],
          [
            0.020929,
            -0.441505,
            -0.285242
          ],
          [
            -0.224822,
            0.227376,
            -0.226485
          ],
          [
            -0.414444,
            -0.138781,
            -0.059538
          ],
          [
            -0.404064,
            0.081326,
            -0.324253
          ],
          [
            0.211128,
            -0.423636,
            -0.270093
          ],
          [
            0.109607,
            0.229728,
            0.010747
          ],
          [
            -0.621405,
            0.396667,
            0.163043
          ],
          [
            0.323912,
            -0.385778,
            0.101778
          ],
          [
            0.126561,
            0.21039,
            0.094878
          ],
          [
            -0.066472,
            -0.321121,
            0.020853
          ],
          [
            0.12054,
            -0.366478,
            0.374644
          ],
          [
            -0.258702,
            -0.177159,
            0.106521
          ],
          [
            0.29153,
            0.299873,
            0.27708
          ],
          [
            -0.168219,
            -0.057406,
            1.479607
          ],
          [
            0.811599,
            -0.517735,
            -1.20985
          ],
          [
            0.687094,
            -1.800683,
            0.390673
          ],
          [
            0.761127,
            1.694497,
            -0.499316
          ],
          [
            0.880983,
            -1.315765,
            5.053127
          ],
          [
            0.073316,
            0.757889,
            -0.367789
          ],
          [
            0.379705,
            -0.165546,
            -1.198008
          ],
          [
            -1.003258,
            -0.814291,
            1.268305
          ],
          [
            -0.179374,
            -0.387677,
            -0.77258
          ],
          [
            0.574412,
            -3.108434,
            -1.287805
          ],
          [
            -0.382418,
            0.841284,
            0.163814
          ],
          [
            0.674725,
            -0.644813,
            -0.285274
          ],
          [
            -0.347316,
            2.26398,
            -0.077783
          ],
          [
            0.509662,
            0.751551,
            0.564874
          ],
          [
            -0.333629,
            1.6451,
            -2.898586
          ],
          [
            -0.345511,
            0.342628,
            -0.251686
          ],
          [
            -1.672999,
            1.093193,
            -0.541899
          ],
          [
            -0.787449,
            -0.279382,
            -1.146743
          ],
          [
            0.702309,
            -0.469697,
            1.408331
          ],
          [
            -0.354556,
            0.362105,
            -0.813135
          ],
          [
            -0.109366,
            0.359342,
            -0.508224
          ],
          [
            -0.894469,
            0.245037,
            1.020091
          ],
          [
            0.173284,
            0.22215,
            -0.36452
          ],
          [
            0.246317,
            0.021095,
            -0.072539
          ],
          [
            -0.655714,
            -0.101043,
            -0.452371
          ],
          [
            -0.505912,
            0.126613,
            -0.010282
          ],
          [
            -0.572029,
            -0.339338,
            1.27372
          ],
          [
            -0.790591,
            0.447117,
            0.238902
          ],
          [
            0.127165,
            -0.120022,
            0.066006
          ],
          [
            0.178906,
            -0.521448,
            -0.199342
          ],
          [
            0.095861,
            -0.679845,
            -0.665536
          ],
          [
            2.009378,
            -0.372908,
            0.835679
          ],
          [
            -0.670559,
            -0.144316,
            0.28006
          ],
          [
            0.264632,
            -0.198472,
            0.490756
          ],
          [
            0.391219,
            0.627091,
            -0.481488
          ],
          [
            0.241734,
            0.47742,
            0.136157
          ]
        ],
        "Lattice": [
          [
            11.254311534,
            0.0,
            0.0
          ],
          [
            5.627155767,
            9.746519691,
            0.0
          ],
          [
            0.0,
            0.0,
            21.483230925
          ]
        ],
        "NumAtoms": 100,
        "Positions": [
          [
            4.22079,
            2.43687,
            0.0
          ],
          [
            7.03437,
            7.31013,
            0.0
          ],
          [
            9.84794,
            2.43687,
            0.0
          ],
          [
            12.66152,
            7.31013,
            0.0
          ],
          [
            1.40693,
            2.43687,
            0.0
          ],
          [
            4.22051,
            7.31013,
            0.0
          ],
          [
            7.03409,
            2.43687,
            0.0
          ],
          [
            9.84766,
            7.31013,
            0.0
          ],
          [
            2.81385,
            0.0,
            0.0
          ],
          [
            5.62743,
            4.87326,
            0.0
          ],
          [
            8.44101,
            0.0,
            0.0
          ],
          [
            11.25459,
            4.87326,
            0.0
          ],
          [
            0.0,
            0.0,
            0.0
          ],
          [
            2.81358,
            4.87326,
            0.0
          ],
          [
            5.62716,
            0.0,
            0.0
          ],
          [
            8.44073,
            4.87326,
            0.0
          ],
          [
            7.03462,
            4.06144,
            2.2975
          ],
          [
            9.8482,
            8.9347,
            2.2975
          ],
          [
            12.66177,
            4.06144,
            2.2975
          ],
          [
            15.47535,
            8.9347,
            2.2975
          ],
          [
            5.62769,
            1.62456,
            2.2975
          ],
          [
            8.44127,
            6.49782,
            2.2975
          ],
          [
            11.25484,
            1.62456,
            2.2975
          ],
          [
            14.06842,
            6.49782,
            2.2975
          ],
          [
            2.81383,
            1.62456,
            2.2975
          ],
          [
            5.62741,
            6.49782,
            2.2975
          ],
          [
            8.44098,
            1.62456,
            2.2975
          ],
          [
            11.25456,
            6.49782,
            2.2975
          ],
          [
            4.22076,
            4.06144,
            2.2975
          ],
          [
            7.03434,
            8.9347,
            2.2975
          ],
          [
            9.84791,
            4.06144,
            2.2975
          ],
          [
            12.66149,
            8.9347,
            2.2975
          ],
          [
            1.58334,
            0.76275,
            4.61012
          ],
          [
            4.32232,
            5.63195,
            4.61025
          ],
          [
            7.15728,
            0.77843,
            4.53373
          ],
          [
            10.01227,
            5.65684,
            4.55168
          ],
          [
            4.36021,
            0.75288,
            4.48937
          ],
          [
            7.104,
            5.64179,
            4.52189
          ],
          [
            10.10237,
            0.77933,
            4.56142
          ],
          [
            12.78325,
            5.57905,
            4.59295
          ],
          [
            2.90385,
            3.21359,
            4.49165
          ],
          [
            5.75123,
            8.05845,
            4.52494
          ],
          [
            8.58613,
            3.24179,
            4.536
          ],
          [
            11.39518,
            8.06483,
            4.56797
          ],
          [
            5.79392,
            3.28939,
            4.54672
          ],
          [
            8.57215,
            8.0353,
            4.49899
          ],
          [
            11.35601,
            3.24789,
            4.57805
          ],
          [
            14.2602,
            8.06355,
            4.49707
          ],
          [
            8.69093,
            9.56892,
            6.76492
          ],
          [
            6.03054,
            4.82791,
            6.94624
          ],
          [
            14.31663,
            9.66111,
            6.77232
          ],
          [
            11.55447,
            4.83337,
            6.97998
          ],
          [
            5.88363,
            9.62319,
            6.93858
          ],
          [
            3.20549,
            4.78673,
            6.94134
          ],
          [
            11.60483,
            9.64182,
            6.89883
          ],
          [
            8.71414,
            4.84236,
            6.86605
          ],
          [
            1.69033,
            2.34884,
            6.87423
          ],
          [
            4.60701,
            7.15447,
            6.88244
          ],
          [
            7.27064,
            2.42097,
            6.81369
          ],
          [
            10.15886,
            7.20931,
            6.8212
          ],
          [
            4.46651,
            2.37576,
            6.76003
          ],
          [
            7.30299,
            7.27544,
            6.79458
          ],
          [
            10.18969,
            2.39309,
            6.86186
          ],
          [
            12.9788,
            7.155,
            6.79626
          ],
          [
            11.72408,
            1.94251,
            10.74811
          ],
          [
            12.83171,
            2.95137,
            10.94665
          ],
          [
            14.89141,
            8.85891,
            10.42037
          ],
          [
            13.83205,
            7.79825,
            10.53825
          ],
          [
            6.15323,
            1.67273,
            10.85651
          ],
          [
            6.74859,
            3.02936,
            11.20761
          ],
          [
            9.42874,
            7.85937,
            10.37263
          ],
          [
            9.44861,
            6.46511,
            9.75626
          ],
          [
            0.74945,
            0.77623,
            11.05978
          ],
          [
            14.32614,
            6.69315,
            9.90343
          ],
          [
            12.39715,
            4.26509,
            10.87516
          ],
          [
            10.45739,
            2.36657,
            10.56741
          ],
          [
            9.06915,
            0.23621,
            10.03101
          ],
          [
            4.83846,
            8.32766,
            10.71207
          ],
          [
            6.15458,
            0.78734,
            11.77154
          ],
          [
            8.14841,
            5.92945,
            9.51675
          ],
          [
            7.68281,
            3.24879,
            10.11794
          ],
          [
            5.81282,
            1.60034,
            9.60461
          ],
          [
            10.05986,
            8.20286,
            11.33472
          ],
          [
            8.85152,
            8.81489,
            9.60011
          ],
          [
            9.91962,
            1.48231,
            10.53514
          ],
          [
            2.4033,
            2.70293,
            10.16128
          ],
          [
            1.94686,
            2.68539,
            11.97093
          ],
          [
            12.92508,
            4.82092,
            10.27008
          ],
          [
            5.56862,
            9.04583,
            10.86578
          ],
          [
            12.93814,
            8.13222,
            10.01401
          ],
          [
            13.66043,
            7.67002,
            11.58737
          ],
          [
            4.05485,
            6.54944,
            9.97999
          ],
          [
            5.68718,
            0.69382,
            9.2082
          ],
          [
            7.23954,
            3.02351,
            12.1967
          ],
          [
            6.03872,
            3.9047,
            11.31993
          ],
          [
            8.57807,
            3.23568,
            10.407
          ],
          [
            9.32314,
            9.6614,
            9.81665
          ],
          [
            10.01306,
            5.81328,
            10.42524
          ],
          [
            10.03018,
            6.41848,
            8.8143
          ],
          [
            8.03869,
            4.93486,
            9.64291
          ]
        ],
        "Stress": [
          [
            -63.87829,
            0.21332,
            1.31135
          ],
          [
            0.21332,
            -62.1689,
            -0.60957
          ],
          [
            1.31135,
            -0.60957,
            -12.12374
          ]
        ],
        "computation_code": "VASP",
        "pseudopotential_information": [
          [
            "PAW_PBE",
            "Pt",
            "04Feb2005"
          ],
          [
            "PAW_PBE",
            "C",
            "08Apr2002"
          ],
          [
            "PAW_PBE",
            "O",
            "08Apr2002"
          ],
          [
            "PAW_PBE",
            "H",
            "15Jun2001"
          ]
        ]
      }
    ],
    "EnergyStyle": "electronvolt",
    "ForcesStyle": "electronvoltperangstrom",
    "LatticeStyle": "angstrom",
    "PositionsStyle": "angstrom",
    "StressStyle": "kB"
  }
}