{
  "Dataset": {
    "AtomTypeStyle": "chemicalsymbol",
    "Data": [
      {
        "AtomTypes": [
          "Pt",
          "Pt",
          "Pt",
          "Pt",
          "Pt",
          "Pt",
          "Pt",
          "Pt",
          "Pt",
          "Pt",
          "Pt",
          "Pt",
          "Pt",
          "Pt",
          "Pt",
          "Pt",
          "Pt",
          "Pt",
          "Pt",
          "Pt",
          "Pt",
          "Pt",
          "Pt",
          "Pt",
          "Pt",
          "Pt",
          "Pt",
          "Pt",
          "Pt",
          "Pt",
          "Pt",
          "Pt",
          "Pt",
          "Pt",
          "Pt",
          "Pt",
          "Pt",
          "Pt",
          "Pt",
          "Pt",
          "Pt",
          "Pt",
          "Pt",
          "Pt",
          "Pt",
          "Pt",
          "Pt",
          "Pt",
          "Pt",
          "Pt",
          "Pt",
          "Pt",
          "Pt",
          "Pt",
          "Pt",
          "Pt",
          "Pt",
          "Pt",
          "Pt",
          "Pt",
          "Pt",
          "Pt",
          "Pt",
          "Pt",
          "C",
          "C",
          "C",
          "C",
          "C",
          "C",
          "C",
          "C",
          "O",
          "O",
          "O",
          "O",
          "O",
          "O",
          "O",
          "O",
          "O",
          "O",
          "O",
          "O",
          "H",
          "H",
          "H",
          "H",
          "H",
          "H",
          "H",
          "H",
          "H",
          "H",
          "H",
          "H",
          "H",
          "H",
          "H",
          "H"
        ],
        "Energy": -380.80780697,
        "Forces": [
          [
            -0.001668,
            -0.080032,
            -0.085553
          ],
          [
            -0.004454,
            -0.03339,
            -0.022861
          ],
          [
            -0.01021,
            -0.04255,
            -0.048246
          ],
          [
            -0.013006,
            -0.091873,
            -0.039233
          ],
          [
            -0.020602,
            -0.022432,
            -0.062887
          ],
          [
            0.024942,
            0.001507,
            -0.128234
          ],
          [
            -0.036135,
            -0.084249,
            -0.114516
          ],
          [
            0.039095,
            0.008927,
            -0.077474
          ],
          [
            -0.011344,
            0.017612,
            -0.113349
          ],
          [
            0.00599,
            -0.082814,
            -0.045531
          ],
          [
            -0.005595,
            -0.014694,
            -0.100902
          ],
          [
            0.023091,
            -0.086993,
            -0.095137
          ],
          [
            0.010774,
            -0.087933,
            -0.092817
          ],
          [
            0.039828,
            -0.032155,
            -0.055798
          ],
          [
            -0.00849,
            -0.019535,
            -0.077812
          ],
          [
            0.003851,
            -0.067016,
            -0.073465
          ],
          [
            -0.040069,
            0.214003,
            0.160072
          ],
          [
            0.166566,
            -0.092628,
            0.345194
          ],
          [
            -0.130886,
            0.087711,
            0.372125
          ],
          [
            -0.013636,
            -0.027621,
            0.120072
          ],
          [
            0.093407,
            0.042932,
            0.511071
          ],
          [
            -0.178469,
            0.063655,
            -0.109574
          ],
          [
            0.109631,
            0.11203,
            0.066652
          ],
          [
            -0.270437,
            0.078739,
            0.224758
          ],
          [
            0.117472,
            0.075549,
            0.292073
          ],
          [
            0.056082,
            0.017532,
            0.332973
          ],
          [
            0.017789,
            0.027743,
            0.233926
          ],
          [
            0.173524,
            0.255071,
            0.275335
          ],
          [
            -0.094326,
            0.074716,
            0.107677
          ],
          [
            -0.099652,
            -0.038781,
            0.238168
          ],
          [
            0.020427,
            0.046489,
            0.057854
          ],
          [
            -0.06162,
            0.033934,
            0.399694
          ],
          [
            -0.052435,
            -0.029819,
            0.242396
          ],
          [
            0.178654,
            0.094974,
            0.096396
          ],
          [
            -0.172395,
            0.439761,
            -0.492161
          ],
          [
            0.18397,
            -0.171389,
            0.417599
          ],
          [
            -0.107383,
            0.724879,
            -0.34586
          ],
          [
            -0.597272,
            -0.312715,
            -0.316665
          ],
          [
            -0.392949,
            0.266668,
            0.26618
          ],
          [
            0.207071,
            0.577712,
            -0.230827
          ],
          [
            0.198759,
            -0.539795,
            -0.523216
          ],
          [
            0.517419,
            0.128076,
            0.150532
          ],
          [
            -0.105319,
            -0.184783,
            0.341607
          ],
          [
            -0.368483,
            -0.657269,
            -0.373682
          ],
          [
            0.197044,
            -0.799696,
            0.048592
          ],
          [
            0.029754,
            0.453589,
            0.153883
          ],
          [
            0.537707,
            0.153647,
            -0.214102
          ],
          [
            -0.242473,
            -0.306316,
            -0.248981
          ],
          [
            -0.264347,
            0.17494,
            0.184472
          ],
          [
            0.104053,
            0.333279,
            -0.048874
          ],
          [
            0.473888,
            0.374184,
            0.005983
          ],
          [
            0.501005,
            0.386804,
            0.068855
          ],
          [
            -0.11944,
            0.199405,
            -0.591016
          ],
          [
            0.154202,
            0.938779,
            0.374174
          ],
          [
            -0.565098,
            -0.733956,
            0.100941
          ],
          [
            -0.275685,
            -0.387129,
            0.047805
          ],
          [
            -0.520815,
            -0.930195,
            0.122301
          ],
          [
            0.433531,
            0.157599,
            -0.406292
          ],
          [
            0.867451,
            0.455339,
            -0.248146
          ],
          [
            0.32972,
            -0.385398,
            -0.001609
          ],
          [
            -0.389355,
            -0.104413,
            -0.558687
          ],
          [
            0.130228,
            -0.292507,
            -0.226094
          ],
          [
            -0.171577,
            -0.126824,
            -0.371941
          ],
          [
            -0.698263,
            -0.024675,
            0.1269
          ],
          [
            -0.627469,
            -0.524772,
            0.541827
          ],
          [
            0.354985,
            0.43457,
            -1.200931
          ],
          [
            -0.52942,
            0.328379,
            -0.62617
          ],
          [
            0.026356,
            -0.112716,
            -0.249562
          ],
          [
            -0.53281,
            -1.797198,
            -0.520774
          ],
          [
            -0.414652,
            1.289777,
            -0.321215
          ],
          [
            1.138836,
            0.199155,
            -0.904861
          ],
          [
            1.222188,
            0.579584,
            -0.386998
          ],
          [
            1.262002,
            0.936176,
            -0.662588
          ],
          [
            -1.34879,
            -0.435854,
            -0.166827
          ],
          [
            -0.634403,
            -0.838729,
            0.694073
          ],
          [
            -0.463133,
            -0.448844,
            -0.033808
          ],
          [
            0.68918,
            0.416577,
            0.842279
          ],
          [
            -0.234762,
            0.393637,
            -0.746756
          ],
          [
            1.111747,
            -0.022765,
            0.086508
          ],
          [
            -0.654264,
            1.060959,
            0.048452
          ],
          [
            -0.049428,
            0.939082,
            -0.040111
          ],
          [
            -1.131676,
            -0.383245,
            0.662577
          ],
          [
            -0.094221,
            0.11586,
            -0.532114
          ],
          [
            -0.954822,
            -0.899274,
            0.08499
          ],
          [
            0.943202,
            -0.456538,
            0.154522
          ],
          [
            0.079816,
            -0.147536,
            0.448383
          ],
          [
            -0.099367,
            0.412055,
            0.654036
          ],
          [
            -0.083369,
            0.60412,
            -0.375641
          ],
          [
            0.468962,
            0.013036,
            -0.107373
          ],
          [
            0.097289,
            -0.038591,
            0.238408
          ],
          [
            0.08986,
            0.170198,
            0.320981
          ],
          [
            0.181103,
            -0.718898,
            0.292248
          ],
          [
            -0.433809,
            -0.099141,
            0.278055
          ],
          [
            0.295575,
            -0.323053,
            0.689675
          ],
          [
            0.158917,
            -0.595335,
            -0.023374
          ],
          [
            0.314298,
            -0.638601,
            0.161981
          ],
          [
            0.030225,
            -0.005634,
            -0.012393
          ],
          [
            -0.157297,
            -0.065831,
            0.234159
          ],
          [
            -0.045088,
            -0.262992,
            0.591828
          ],
          [
            0.11786,
            0.808177,
            -0.223555
          ]
        ],
        "Lattice": [
          [
            11.254311534,
            0.0,
            0.0
          ],
          [
            5.627155767,
            9.746519691,
            0.0
          ],
          [
            0.0,
            0.0,
            21.483230925
          ]
        ],
        "NumAtoms": 100,
        "Positions": [
          [
            4.22079,
            2.43687,
            0.0
          ],
          [
            7.03437,
            7.31013,
            0.0
          ],
          [
            9.84794,
            2.43687,
            0.0
          ],
          [
            12.66152,
            7.31013,
            0.0
          ],
          [
            1.40693,
            2.43687,
            0.0
          ],
          [
            4.22051,
            7.31013,
            0.0
          ],
          [
            7.03409,
            2.43687,
            0.0
          ],
          [
            9.84766,
            7.31013,
            0.0
          ],
          [
            2.81385,
            0.0,
            0.0
          ],
          [
            5.62743,
            4.87326,
            0.0
          ],
          [
            8.44101,
            0.0,
            0.0
          ],
          [
            11.25459,
            4.87326,
            0.0
          ],
          [
            0.0,
            0.0,
            0.0
          ],
          [
            2.81358,
            4.87326,
            0.0
          ],
          [
            5.62716,
            0.0,
            0.0
          ],
          [
            8.44073,
            4.87326,
            0.0
          ],
          [
            7.03462,
            4.06144,
            2.2975
          ],
          [
            9.8482,
            8.9347,
            2.2975
          ],
          [
            12.66177,
            4.06144,
            2.2975
          ],
          [
            15.47535,
            8.9347,
            2.2975
          ],
          [
            5.62769,
            1.62456,
            2.2975
          ],
          [
            8.44127,
            6.49782,
            2.2975
          ],
          [
            11.25484,
            1.62456,
            2.2975
          ],
          [
            14.06842,
            6.49782,
            2.2975
          ],
          [
            2.81383,
            1.62456,
            2.2975
          ],
          [
            5.62741,
            6.49782,
            2.2975
          ],
          [
            8.44098,
            1.62456,
            2.2975
          ],
          [
            11.25456,
            6.49782,
            2.2975
          ],
          [
            4.22076,
            4.06144,
            2.2975
          ],
          [
            7.03434,
            8.9347,
            2.2975
          ],
          [
            9.84791,
            4.06144,
            2.2975
          ],
          [
            12.66149,
            8.9347,
            2.2975
          ],
          [
            1.42089,
            0.8973,
            4.58146
          ],
          [
            4.15675,
            5.78031,
            4.57703
          ],
          [
            7.10496,
            0.93333,
            4.63222
          ],
          [
            9.83204,
            5.8326,
            4.53069
          ],
          [
            4.25897,
            0.8357,
            4.60944
          ],
          [
            7.07126,
            5.87114,
            4.65937
          ],
          [
            9.92322,
            0.85856,
            4.5819
          ],
          [
            12.56428,
            5.70521,
            4.65582
          ],
          [
            2.80612,
            3.33557,
            4.60481
          ],
          [
            5.58028,
            8.18303,
            4.62315
          ],
          [
            8.39973,
            3.37283,
            4.57826
          ],
          [
            11.37249,
            8.30975,
            4.70483
          ],
          [
            5.59885,
            3.46352,
            4.58409
          ],
          [
            8.40366,
            8.18878,
            4.57609
          ],
          [
            11.14487,
            3.29806,
            4.61956
          ],
          [
            14.09689,
            8.21261,
            4.60746
          ],
          [
            2.85792,
            0.21418,
            6.86708
          ],
          [
            5.61818,
            5.04741,
            6.93394
          ],
          [
            8.43371,
            0.15124,
            6.90686
          ],
          [
            11.07037,
            5.01874,
            6.94018
          ],
          [
            11.25987,
            0.24666,
            7.04331
          ],
          [
            14.05899,
            4.91298,
            6.85882
          ],
          [
            5.71531,
            0.33414,
            6.94102
          ],
          [
            8.41735,
            5.16845,
            6.90899
          ],
          [
            12.67989,
            2.70933,
            6.88766
          ],
          [
            15.43012,
            7.44281,
            6.94004
          ],
          [
            6.92976,
            2.66403,
            6.97233
          ],
          [
            9.80047,
            7.59072,
            6.85461
          ],
          [
            4.26399,
            2.65174,
            7.06232
          ],
          [
            6.93122,
            7.61005,
            7.08681
          ],
          [
            9.78296,
            2.605,
            6.96576
          ],
          [
            12.7613,
            7.41844,
            6.97115
          ],
          [
            2.89306,
            1.57333,
            10.29934
          ],
          [
            3.72175,
            0.30149,
            10.16865
          ],
          [
            5.74876,
            7.3374,
            10.14083
          ],
          [
            5.29177,
            8.0405,
            11.41808
          ],
          [
            10.00412,
            3.53791,
            10.64759
          ],
          [
            9.07932,
            2.42186,
            10.1315
          ],
          [
            12.18022,
            7.46172,
            10.10146
          ],
          [
            12.3015,
            8.05421,
            11.47492
          ],
          [
            3.24085,
            2.68336,
            9.96655
          ],
          [
            1.67797,
            1.38097,
            10.81996
          ],
          [
            5.13924,
            0.54588,
            10.23524
          ],
          [
            6.77682,
            7.65963,
            9.51816
          ],
          [
            4.74802,
            6.51754,
            9.73175
          ],
          [
            6.26868,
            8.74992,
            12.1439
          ],
          [
            11.21369,
            3.33661,
            10.626
          ],
          [
            9.50618,
            4.70327,
            10.94286
          ],
          [
            7.71718,
            2.36989,
            10.52204
          ],
          [
            12.96332,
            7.79682,
            9.1789
          ],
          [
            11.28131,
            6.48487,
            10.02103
          ],
          [
            13.22344,
            9.15622,
            11.49434
          ],
          [
            12.23815,
            2.16404,
            10.66156
          ],
          [
            9.0442,
            9.27878,
            10.87794
          ],
          [
            9.11568,
            9.5988,
            9.12578
          ],
          [
            5.36672,
            1.40059,
            9.83922
          ],
          [
            4.77727,
            6.17639,
            8.78165
          ],
          [
            15.71087,
            8.68323,
            11.03561
          ],
          [
            4.81337,
            7.25728,
            12.03108
          ],
          [
            6.43059,
            9.63203,
            11.69413
          ],
          [
            10.25721,
            5.37556,
            10.89339
          ],
          [
            9.1143,
            2.60546,
            8.97019
          ],
          [
            9.54217,
            1.47416,
            10.37036
          ],
          [
            7.27941,
            3.23642,
            10.28761
          ],
          [
            11.23174,
            6.11174,
            9.06404
          ],
          [
            11.30629,
            8.32294,
            11.84972
          ],
          [
            12.7561,
            7.24481,
            12.05307
          ],
          [
            7.03204,
            0.14107,
            11.18847
          ]
        ],
        "Stress": [
          [
            -74.71423,
            -0.37804,
            -0.26928
          ],
          [
            -0.37804,
            -71.15588,
            -0.43859
          ],
          [
            -0.26928,
            -0.43859,
            -27.0798
          ]
        ],
        "computation_code": "VASP",
        "pseudopotential_information": [
          [
            "PAW_PBE",
            "Pt",
            "04Feb2005"
          ],
          [
            "PAW_PBE",
            "C",
            "08Apr2002"
          ],
          [
            "PAW_PBE",
            "O",
            "08Apr2002"
          ],
          [
            "PAW_PBE",
            "H",
            "15Jun2001"
          ]
        ]
      }
    ],
    "EnergyStyle": "electronvolt",
    "ForcesStyle": "electronvoltperangstrom",
    "LatticeStyle": "angstrom",
    "PositionsStyle": "angstrom",
    "StressStyle": "kB"
  }
}