{
  "Dataset": {
    "AtomTypeStyle": "chemicalsymbol",
    "Data": [
      {
        "AtomTypes": [
          "Pt",
          "Pt",
          "Pt",
          "Pt",
          "Pt",
          "Pt",
          "Pt",
          "Pt",
          "Pt",
          "Pt",
          "Pt",
          "Pt",
          "Pt",
          "Pt",
          "Pt",
          "Pt",
          "Pt",
          "Pt",
          "Pt",
          "Pt",
          "Pt",
          "Pt",
          "Pt",
          "Pt",
          "Pt",
          "Pt",
          "Pt",
          "Pt",
          "Pt",
          "Pt",
          "Pt",
          "Pt",
          "Pt",
          "Pt",
          "Pt",
          "Pt",
          "Pt",
          "Pt",
          "Pt",
          "Pt",
          "Pt",
          "Pt",
          "Pt",
          "Pt",
          "Pt",
          "Pt",
          "Pt",
          "Pt",
          "Pt",
          "Pt",
          "Pt",
          "Pt",
          "Pt",
          "Pt",
          "Pt",
          "Pt",
          "Pt",
          "Pt",
          "Pt",
          "Pt",
          "Pt",
          "Pt",
          "Pt",
          "Pt",
          "C",
          "C",
          "C",
          "C",
          "C",
          "C",
          "C",
          "C",
          "O",
          "O",
          "O",
          "O",
          "O",
          "O",
          "O",
          "O",
          "O",
          "O",
          "O",
          "O",
          "H",
          "H",
          "H",
          "H",
          "H",
          "H",
          "H",
          "H",
          "H",
          "H",
          "H",
          "H",
          "H",
          "H",
          "H",
          "H"
        ],
        "Energy": -380.77894838,
        "Forces": [
          [
            -0.041123,
            -0.164725,
            -0.117262
          ],
          [
            -0.028335,
            -0.04419,
            -0.12324
          ],
          [
            0.026478,
            -0.17957,
            -0.106787
          ],
          [
            -0.025852,
            -0.104482,
            -0.154652
          ],
          [
            -0.032867,
            -0.134416,
            -0.125648
          ],
          [
            0.001243,
            -0.076681,
            -0.041284
          ],
          [
            -0.028512,
            -0.129591,
            -0.090895
          ],
          [
            -0.013279,
            -0.098393,
            -0.044877
          ],
          [
            -0.079785,
            -0.086948,
            -0.210658
          ],
          [
            -0.03121,
            -0.164696,
            -0.091098
          ],
          [
            -0.022356,
            -0.125989,
            -0.130718
          ],
          [
            0.016583,
            -0.145323,
            -0.101946
          ],
          [
            0.055289,
            -0.137095,
            -0.212328
          ],
          [
            -0.002272,
            -0.147716,
            -0.149899
          ],
          [
            -0.026784,
            -0.118757,
            -0.128401
          ],
          [
            -0.021877,
            -0.106908,
            -0.07463
          ],
          [
            0.146354,
            0.217821,
            -0.421239
          ],
          [
            0.210912,
            0.005882,
            -0.113117
          ],
          [
            0.03639,
            0.241069,
            0.011882
          ],
          [
            0.034076,
            -0.058211,
            -0.137434
          ],
          [
            0.185943,
            0.215827,
            -0.314595
          ],
          [
            0.155422,
            0.046881,
            -0.006198
          ],
          [
            0.181581,
            0.461979,
            -0.874065
          ],
          [
            0.179365,
            0.247396,
            -0.26574
          ],
          [
            0.267946,
            0.253599,
            -0.544587
          ],
          [
            -0.106625,
            0.15775,
            -0.059586
          ],
          [
            -0.025762,
            0.170117,
            -0.454381
          ],
          [
            0.087884,
            0.28407,
            -0.057282
          ],
          [
            0.194993,
            0.229536,
            -0.151573
          ],
          [
            0.048449,
            0.043679,
            -0.135716
          ],
          [
            0.050724,
            0.174974,
            -0.043344
          ],
          [
            0.13161,
            0.095203,
            0.171006
          ],
          [
            0.170437,
            -0.151449,
            1.149371
          ],
          [
            0.463641,
            0.070588,
            -0.126155
          ],
          [
            -0.261497,
            -0.523893,
            0.547987
          ],
          [
            -0.634873,
            0.265117,
            0.031375
          ],
          [
            -0.167227,
            0.355365,
            0.651654
          ],
          [
            0.316597,
            0.222012,
            0.548259
          ],
          [
            -0.454898,
            0.247322,
            1.123452
          ],
          [
            -0.392443,
            -0.107189,
            0.576977
          ],
          [
            -0.17561,
            -0.215536,
            -0.274932
          ],
          [
            0.226739,
            -0.08649,
            0.038247
          ],
          [
            0.848254,
            0.279187,
            0.469618
          ],
          [
            0.288191,
            -0.338592,
            0.204084
          ],
          [
            -0.834774,
            -0.312739,
            0.316544
          ],
          [
            -0.225111,
            0.034673,
            0.292199
          ],
          [
            -0.154668,
            -0.50907,
            0.124037
          ],
          [
            -0.487764,
            -0.020034,
            -0.163074
          ],
          [
            -0.096165,
            -0.300746,
            -0.129991
          ],
          [
            -0.414649,
            -0.237497,
            -0.243489
          ],
          [
            -0.358755,
            0.104322,
            -0.290403
          ],
          [
            0.084199,
            -0.092092,
            0.051021
          ],
          [
            0.598766,
            -0.307218,
            -0.362073
          ],
          [
            0.068498,
            -0.359056,
            0.326344
          ],
          [
            0.110428,
            0.110562,
            -0.113759
          ],
          [
            0.451239,
            0.160061,
            -0.408041
          ],
          [
            -0.546369,
            0.143573,
            0.151729
          ],
          [
            0.269565,
            0.317742,
            0.098851
          ],
          [
            -0.024457,
            0.291935,
            0.151493
          ],
          [
            -0.247844,
            0.119865,
            0.026205
          ],
          [
            0.630272,
            -0.1503,
            0.458137
          ],
          [
            0.056975,
            -0.084933,
            0.415832
          ],
          [
            -0.300385,
            0.268671,
            -0.046887
          ],
          [
            -0.185204,
            0.174715,
            -0.18201
          ],
          [
            -0.717497,
            -0.779199,
            -0.818522
          ],
          [
            0.141598,
            -0.145906,
            -0.564996
          ],
          [
            -0.28309,
            -0.682635,
            -0.353363
          ],
          [
            0.239932,
            0.974516,
            0.019088
          ],
          [
            -0.356721,
            -0.87954,
            -0.151854
          ],
          [
            0.277635,
            1.912937,
            0.463053
          ],
          [
            1.056887,
            0.059174,
            -0.373487
          ],
          [
            -0.721037,
            -0.44082,
            0.362086
          ],
          [
            -0.27033,
            0.394381,
            0.160822
          ],
          [
            0.788007,
            0.65187,
            0.4741
          ],
          [
            0.078523,
            -0.052434,
            0.092603
          ],
          [
            -0.154871,
            -0.275716,
            -0.218168
          ],
          [
            -0.223429,
            0.646436,
            -0.356501
          ],
          [
            0.173973,
            0.660706,
            0.443285
          ],
          [
            0.050142,
            0.378714,
            -0.250246
          ],
          [
            0.360886,
            0.260825,
            0.222681
          ],
          [
            0.570719,
            -0.531625,
            -1.08181
          ],
          [
            -1.143328,
            -0.336699,
            0.759397
          ],
          [
            -0.57682,
            -0.023279,
            -0.471736
          ],
          [
            0.500671,
            0.463291,
            0.038806
          ],
          [
            0.348735,
            -0.210317,
            -0.013971
          ],
          [
            -0.065002,
            0.120935,
            0.114583
          ],
          [
            -0.263615,
            -0.188933,
            0.089029
          ],
          [
            0.193896,
            0.197331,
            0.064069
          ],
          [
            0.114099,
            -0.182053,
            -0.014337
          ],
          [
            -0.48047,
            -0.697916,
            0.137856
          ],
          [
            0.584779,
            -0.306477,
            0.340273
          ],
          [
            0.110519,
            -0.182915,
            -0.027313
          ],
          [
            0.132262,
            0.032415,
            0.016964
          ],
          [
            -0.742056,
            -0.793147,
            0.216604
          ],
          [
            -0.082213,
            -0.122637,
            -0.166689
          ],
          [
            -0.453863,
            -0.267666,
            0.50936
          ],
          [
            0.218464,
            0.117208,
            0.018278
          ],
          [
            0.444427,
            0.062976,
            -0.352968
          ],
          [
            0.143501,
            -0.010568,
            0.212776
          ],
          [
            -0.135424,
            -0.006114,
            0.128226
          ]
        ],
        "Lattice": [
          [
            11.254311534,
            0.0,
            0.0
          ],
          [
            5.627155767,
            9.746519691,
            0.0
          ],
          [
            0.0,
            0.0,
            21.483230925
          ]
        ],
        "NumAtoms": 100,
        "Positions": [
          [
            4.22079,
            2.43687,
            0.0
          ],
          [
            7.03437,
            7.31013,
            0.0
          ],
          [
            9.84794,
            2.43687,
            0.0
          ],
          [
            12.66152,
            7.31013,
            0.0
          ],
          [
            1.40693,
            2.43687,
            0.0
          ],
          [
            4.22051,
            7.31013,
            0.0
          ],
          [
            7.03409,
            2.43687,
            0.0
          ],
          [
            9.84766,
            7.31013,
            0.0
          ],
          [
            2.81385,
            0.0,
            0.0
          ],
          [
            5.62743,
            4.87326,
            0.0
          ],
          [
            8.44101,
            0.0,
            0.0
          ],
          [
            11.25459,
            4.87326,
            0.0
          ],
          [
            0.0,
            0.0,
            0.0
          ],
          [
            2.81358,
            4.87326,
            0.0
          ],
          [
            5.62716,
            0.0,
            0.0
          ],
          [
            8.44073,
            4.87326,
            0.0
          ],
          [
            7.03462,
            4.06144,
            2.2975
          ],
          [
            9.8482,
            8.9347,
            2.2975
          ],
          [
            12.66177,
            4.06144,
            2.2975
          ],
          [
            15.47535,
            8.9347,
            2.2975
          ],
          [
            5.62769,
            1.62456,
            2.2975
          ],
          [
            8.44127,
            6.49782,
            2.2975
          ],
          [
            11.25484,
            1.62456,
            2.2975
          ],
          [
            14.06842,
            6.49782,
            2.2975
          ],
          [
            2.81383,
            1.62456,
            2.2975
          ],
          [
            5.62741,
            6.49782,
            2.2975
          ],
          [
            8.44098,
            1.62456,
            2.2975
          ],
          [
            11.25456,
            6.49782,
            2.2975
          ],
          [
            4.22076,
            4.06144,
            2.2975
          ],
          [
            7.03434,
            8.9347,
            2.2975
          ],
          [
            9.84791,
            4.06144,
            2.2975
          ],
          [
            12.66149,
            8.9347,
            2.2975
          ],
          [
            1.41719,
            1.12348,
            4.46186
          ],
          [
            4.22203,
            5.96653,
            4.59563
          ],
          [
            7.08722,
            1.15141,
            4.5493
          ],
          [
            9.92841,
            5.92819,
            4.58646
          ],
          [
            4.2629,
            1.03226,
            4.48777
          ],
          [
            7.03871,
            5.94192,
            4.53463
          ],
          [
            9.93378,
            1.06625,
            4.45433
          ],
          [
            12.72455,
            6.02956,
            4.54065
          ],
          [
            2.86709,
            3.55897,
            4.53681
          ],
          [
            5.656,
            8.39697,
            4.56926
          ],
          [
            8.43349,
            3.49512,
            4.54242
          ],
          [
            11.33067,
            8.45414,
            4.60349
          ],
          [
            5.71207,
            3.57684,
            4.54969
          ],
          [
            8.48589,
            8.33447,
            4.52556
          ],
          [
            11.29744,
            3.61272,
            4.57531
          ],
          [
            14.12548,
            8.43268,
            4.60418
          ],
          [
            2.83249,
            0.59014,
            6.81584
          ],
          [
            5.76523,
            5.46759,
            6.95961
          ],
          [
            8.58386,
            0.56821,
            6.85209
          ],
          [
            11.27046,
            5.43776,
            6.91366
          ],
          [
            11.26832,
            0.62276,
            6.908
          ],
          [
            14.10425,
            5.47209,
            6.86355
          ],
          [
            5.61207,
            0.58295,
            6.89265
          ],
          [
            8.43828,
            5.3491,
            6.94733
          ],
          [
            12.79363,
            3.00581,
            6.84808
          ],
          [
            15.54346,
            7.8064,
            6.87417
          ],
          [
            7.05434,
            2.92094,
            6.88442
          ],
          [
            9.90922,
            7.83751,
            6.84598
          ],
          [
            4.21193,
            3.04624,
            6.79021
          ],
          [
            7.09142,
            7.91623,
            6.84444
          ],
          [
            9.96884,
            2.9982,
            6.88861
          ],
          [
            12.74433,
            7.91274,
            6.96939
          ],
          [
            3.56776,
            1.83584,
            10.45439
          ],
          [
            4.26417,
            0.49381,
            10.59346
          ],
          [
            7.50828,
            7.09566,
            10.45968
          ],
          [
            7.72017,
            7.41847,
            11.89821
          ],
          [
            9.84256,
            2.02963,
            10.13031
          ],
          [
            10.7408,
            1.44344,
            11.21994
          ],
          [
            12.39909,
            7.71419,
            10.00093
          ],
          [
            12.83193,
            7.77517,
            11.43516
          ],
          [
            4.11957,
            2.89471,
            10.64618
          ],
          [
            2.29131,
            1.66137,
            9.90084
          ],
          [
            5.39914,
            0.47893,
            9.69752
          ],
          [
            7.29971,
            7.96734,
            9.61589
          ],
          [
            7.62748,
            5.77011,
            10.23232
          ],
          [
            7.65758,
            8.79747,
            12.11677
          ],
          [
            10.18392,
            3.01458,
            9.48808
          ],
          [
            8.72573,
            1.30723,
            9.88446
          ],
          [
            11.01413,
            0.08143,
            11.07565
          ],
          [
            13.19763,
            8.09023,
            9.09296
          ],
          [
            11.28979,
            7.03601,
            9.87437
          ],
          [
            13.85223,
            8.64569,
            11.757
          ],
          [
            1.88946,
            2.54261,
            9.65488
          ],
          [
            4.58491,
            0.2983,
            11.63013
          ],
          [
            9.24976,
            9.43619,
            10.23544
          ],
          [
            5.94621,
            1.26797,
            9.87728
          ],
          [
            7.48254,
            5.61107,
            9.24935
          ],
          [
            7.07316,
            6.88493,
            12.58627
          ],
          [
            8.7473,
            7.11501,
            12.09165
          ],
          [
            6.7395,
            9.14774,
            11.99144
          ],
          [
            8.31473,
            1.59018,
            9.0056
          ],
          [
            11.67134,
            2.10311,
            11.17503
          ],
          [
            10.28151,
            1.60619,
            12.21729
          ],
          [
            5.99543,
            9.73109,
            10.27798
          ],
          [
            11.03268,
            6.80361,
            8.90917
          ],
          [
            11.94019,
            7.95829,
            12.09509
          ],
          [
            13.09589,
            6.69982,
            11.60388
          ],
          [
            14.47955,
            8.76947,
            11.00577
          ]
        ],
        "Stress": [
          [
            -68.70113,
            0.87325,
            -1.62541
          ],
          [
            0.87325,
            -64.355,
            2.30021
          ],
          [
            -1.62541,
            2.30021,
            -11.34347
          ]
        ],
        "computation_code": "VASP",
        "pseudopotential_information": [
          [
            "PAW_PBE",
            "Pt",
            "04Feb2005"
          ],
          [
            "PAW_PBE",
            "C",
            "08Apr2002"
          ],
          [
            "PAW_PBE",
            "O",
            "08Apr2002"
          ],
          [
            "PAW_PBE",
            "H",
            "15Jun2001"
          ]
        ]
      }
    ],
    "EnergyStyle": "electronvolt",
    "ForcesStyle": "electronvoltperangstrom",
    "LatticeStyle": "angstrom",
    "PositionsStyle": "angstrom",
    "StressStyle": "kB"
  }
}