{
  "Dataset": {
    "AtomTypeStyle": "chemicalsymbol",
    "Data": [
      {
        "AtomTypes": [
          "Pt",
          "Pt",
          "Pt",
          "Pt",
          "Pt",
          "Pt",
          "Pt",
          "Pt",
          "Pt",
          "Pt",
          "Pt",
          "Pt",
          "Pt",
          "Pt",
          "Pt",
          "Pt",
          "Pt",
          "Pt",
          "Pt",
          "Pt",
          "Pt",
          "Pt",
          "Pt",
          "Pt",
          "Pt",
          "Pt",
          "Pt",
          "Pt",
          "Pt",
          "Pt",
          "Pt",
          "Pt",
          "Pt",
          "Pt",
          "Pt",
          "Pt",
          "Pt",
          "Pt",
          "Pt",
          "Pt",
          "Pt",
          "Pt",
          "Pt",
          "Pt",
          "Pt",
          "Pt",
          "Pt",
          "Pt",
          "Pt",
          "Pt",
          "Pt",
          "Pt",
          "Pt",
          "Pt",
          "Pt",
          "Pt",
          "Pt",
          "Pt",
          "Pt",
          "Pt",
          "Pt",
          "Pt",
          "Pt",
          "Pt",
          "C",
          "C",
          "C",
          "C",
          "C",
          "C",
          "C",
          "C",
          "O",
          "O",
          "O",
          "O",
          "O",
          "O",
          "O",
          "O",
          "O",
          "O",
          "O",
          "O",
          "H",
          "H",
          "H",
          "H",
          "H",
          "H",
          "H",
          "H",
          "H",
          "H",
          "H",
          "H",
          "H",
          "H",
          "H",
          "H"
        ],
        "Energy": -381.60284284,
        "Forces": [
          [
            -0.005934,
            -0.018324,
            -0.087072
          ],
          [
            -0.005819,
            -0.013816,
            -0.086104
          ],
          [
            -0.002613,
            -0.020359,
            -0.088329
          ],
          [
            -0.002512,
            -0.014973,
            -0.086428
          ],
          [
            -0.004222,
            0.00038,
            -0.077701
          ],
          [
            -0.004137,
            -0.001339,
            -0.075913
          ],
          [
            -0.002701,
            -0.000718,
            -0.073025
          ],
          [
            -0.002706,
            -0.002467,
            -0.070379
          ],
          [
            0.005319,
            -0.006744,
            -0.046568
          ],
          [
            0.005544,
            -0.008602,
            -0.044705
          ],
          [
            0.013324,
            -0.008548,
            -0.046761
          ],
          [
            0.009742,
            -0.012921,
            -0.046432
          ],
          [
            -0.001919,
            -0.01116,
            -0.053029
          ],
          [
            -6.5e-05,
            -0.015449,
            -0.049928
          ],
          [
            -0.004194,
            -0.008208,
            -0.04841
          ],
          [
            -0.002149,
            -0.012689,
            -0.047262
          ],
          [
            0.013915,
            0.054706,
            0.273565
          ],
          [
            0.015633,
            0.055331,
            0.297297
          ],
          [
            0.001756,
            0.056735,
            0.259608
          ],
          [
            -0.00296,
            0.060524,
            0.277285
          ],
          [
            -0.008961,
            -0.011331,
            0.302477
          ],
          [
            -0.001838,
            -0.007124,
            0.295427
          ],
          [
            -0.013728,
            -0.01041,
            0.301726
          ],
          [
            -0.008689,
            -0.003513,
            0.294226
          ],
          [
            0.017299,
            -0.027468,
            0.263668
          ],
          [
            0.009981,
            -0.024878,
            0.25206
          ],
          [
            0.013249,
            -0.014206,
            0.282448
          ],
          [
            0.00466,
            -0.007165,
            0.280915
          ],
          [
            -0.012102,
            0.037504,
            0.147453
          ],
          [
            -0.006574,
            0.033693,
            0.14739
          ],
          [
            -0.024757,
            0.030393,
            0.152486
          ],
          [
            -0.031411,
            0.023431,
            0.153246
          ],
          [
            -0.029812,
            0.217777,
            -0.240204
          ],
          [
            -0.02781,
            0.200562,
            -0.2695
          ],
          [
            -0.029714,
            0.24869,
            -0.241519
          ],
          [
            -0.019959,
            0.222867,
            -0.276798
          ],
          [
            0.015664,
            0.214775,
            -0.252349
          ],
          [
            0.011943,
            0.183953,
            -0.246247
          ],
          [
            0.021371,
            0.228206,
            -0.248659
          ],
          [
            0.017969,
            0.206143,
            -0.236086
          ],
          [
            0.039901,
            -0.163618,
            -0.030048
          ],
          [
            0.04978,
            -0.139298,
            -0.039422
          ],
          [
            0.025727,
            -0.170843,
            -0.079538
          ],
          [
            0.039873,
            -0.151238,
            -0.09986
          ],
          [
            -0.027309,
            -0.306786,
            -0.105398
          ],
          [
            -0.041754,
            -0.277241,
            -0.126654
          ],
          [
            -0.023199,
            -0.319429,
            -0.079329
          ],
          [
            -0.024053,
            -0.305552,
            -0.10176
          ],
          [
            -0.172441,
            0.080025,
            -0.180468
          ],
          [
            -0.15175,
            0.058862,
            -0.168897
          ],
          [
            -0.183941,
            0.090776,
            -0.186561
          ],
          [
            -0.149364,
            0.063617,
            -0.185085
          ],
          [
            -0.001423,
            -0.084913,
            -0.217789
          ],
          [
            -0.025774,
            -0.113676,
            -0.194885
          ],
          [
            -0.035503,
            -0.040445,
            -0.188737
          ],
          [
            -0.05929,
            -0.06422,
            -0.182868
          ],
          [
            0.15823,
            -0.013595,
            0.30117
          ],
          [
            0.175071,
            -0.035713,
            0.318835
          ],
          [
            0.170916,
            -0.04154,
            0.30278
          ],
          [
            0.19055,
            -0.035288,
            0.316902
          ],
          [
            0.043091,
            0.082622,
            0.261533
          ],
          [
            0.004701,
            0.071135,
            0.276426
          ],
          [
            -0.004163,
            0.065902,
            0.252648
          ],
          [
            -0.033057,
            0.06308,
            0.282393
          ],
          [
            0.738772,
            -0.095548,
            -0.785441
          ],
          [
            -0.310561,
            0.642009,
            -0.644143
          ],
          [
            1.246129,
            -0.031728,
            -0.568961
          ],
          [
            -0.388503,
            0.677407,
            -0.769422
          ],
          [
            0.488562,
            -0.057946,
            -0.460893
          ],
          [
            -0.213236,
            0.588138,
            -0.766159
          ],
          [
            1.358725,
            -0.155984,
            -0.520921
          ],
          [
            -0.24219,
            0.943763,
            -0.875643
          ],
          [
            -0.120058,
            -0.003939,
            0.873437
          ],
          [
            0.109452,
            0.087079,
            -0.751238
          ],
          [
            -0.089189,
            0.049723,
            -0.060653
          ],
          [
            -0.417844,
            -0.104969,
            0.98217
          ],
          [
            -0.040183,
            0.157552,
            -0.605522
          ],
          [
            0.035567,
            -0.018017,
            -0.043457
          ],
          [
            0.304047,
            -0.042683,
            0.563506
          ],
          [
            0.061274,
            0.075841,
            -0.597044
          ],
          [
            -0.136075,
            0.099616,
            -0.149927
          ],
          [
            -0.262733,
            -0.092975,
            1.021986
          ],
          [
            -0.251175,
            0.22467,
            -0.80709
          ],
          [
            0.008092,
            0.014944,
            -0.218718
          ],
          [
            -0.15026,
            -0.086173,
            0.603993
          ],
          [
            0.021299,
            -0.197195,
            -0.050248
          ],
          [
            -0.274882,
            -0.391089,
            0.456172
          ],
          [
            0.068442,
            -0.03347,
            0.062418
          ],
          [
            -0.251204,
            -0.082094,
            0.341745
          ],
          [
            0.080038,
            -0.164371,
            -0.061763
          ],
          [
            -0.251293,
            -0.477757,
            0.417724
          ],
          [
            0.024581,
            -0.013077,
            0.008644
          ],
          [
            -0.154475,
            -0.077422,
            0.562889
          ],
          [
            0.013292,
            -0.149927,
            -0.02273
          ],
          [
            -0.355177,
            -0.415731,
            0.469102
          ],
          [
            0.016443,
            -0.027472,
            0.092512
          ],
          [
            -0.197031,
            -0.141139,
            0.524215
          ],
          [
            0.075215,
            -0.212621,
            -0.086946
          ],
          [
            -0.472421,
            -0.642889,
            0.503217
          ],
          [
            0.014717,
            -0.010482,
            0.05487
          ]
        ],
        "Lattice": [
          [
            11.254311534,
            0.0,
            0.0
          ],
          [
            5.627155767,
            9.746519691,
            0.0
          ],
          [
            0.0,
            0.0,
            21.483230925
          ]
        ],
        "NumAtoms": 100,
        "Positions": [
          [
            4.22079,
            2.43687,
            0.0
          ],
          [
            7.03437,
            7.31013,
            0.0
          ],
          [
            9.84794,
            2.43687,
            0.0
          ],
          [
            12.66152,
            7.31013,
            0.0
          ],
          [
            1.40693,
            2.43687,
            0.0
          ],
          [
            4.22051,
            7.31013,
            0.0
          ],
          [
            7.03409,
            2.43687,
            0.0
          ],
          [
            9.84766,
            7.31013,
            0.0
          ],
          [
            2.81385,
            0.0,
            0.0
          ],
          [
            5.62743,
            4.87326,
            0.0
          ],
          [
            8.44101,
            0.0,
            0.0
          ],
          [
            11.25459,
            4.87326,
            0.0
          ],
          [
            0.0,
            0.0,
            0.0
          ],
          [
            2.81358,
            4.87326,
            0.0
          ],
          [
            5.62716,
            0.0,
            0.0
          ],
          [
            8.44073,
            4.87326,
            0.0
          ],
          [
            7.03462,
            4.06144,
            2.2975
          ],
          [
            9.8482,
            8.9347,
            2.2975
          ],
          [
            12.66177,
            4.06144,
            2.2975
          ],
          [
            15.47535,
            8.9347,
            2.2975
          ],
          [
            5.62769,
            1.62456,
            2.2975
          ],
          [
            8.44127,
            6.49782,
            2.2975
          ],
          [
            11.25484,
            1.62456,
            2.2975
          ],
          [
            14.06842,
            6.49782,
            2.2975
          ],
          [
            2.81383,
            1.62456,
            2.2975
          ],
          [
            5.62741,
            6.49782,
            2.2975
          ],
          [
            8.44098,
            1.62456,
            2.2975
          ],
          [
            11.25456,
            6.49782,
            2.2975
          ],
          [
            4.22076,
            4.06144,
            2.2975
          ],
          [
            7.03434,
            8.9347,
            2.2975
          ],
          [
            9.84791,
            4.06144,
            2.2975
          ],
          [
            12.66149,
            8.9347,
            2.2975
          ],
          [
            1.41125,
            0.80622,
            4.62209
          ],
          [
            4.22435,
            5.68527,
            4.62327
          ],
          [
            7.03841,
            0.80299,
            4.62216
          ],
          [
            9.85134,
            5.6822,
            4.62494
          ],
          [
            4.22737,
            0.82057,
            4.62471
          ],
          [
            7.0416,
            5.69656,
            4.62037
          ],
          [
            9.85426,
            0.81994,
            4.62447
          ],
          [
            12.66705,
            5.69524,
            4.62018
          ],
          [
            2.81886,
            3.27903,
            4.58014
          ],
          [
            5.6319,
            8.15054,
            4.58045
          ],
          [
            8.4467,
            3.27749,
            4.58644
          ],
          [
            11.2586,
            8.14775,
            4.59084
          ],
          [
            5.61997,
            3.29422,
            4.58148
          ],
          [
            8.43631,
            8.16454,
            4.58468
          ],
          [
            11.24654,
            3.29436,
            4.58115
          ],
          [
            14.06004,
            8.16551,
            4.58354
          ],
          [
            2.83787,
            0.0256,
            6.9585
          ],
          [
            5.65075,
            4.90124,
            6.95125
          ],
          [
            8.46871,
            0.02586,
            6.95915
          ],
          [
            11.27781,
            4.90259,
            6.95536
          ],
          [
            11.26998,
            0.05053,
            6.96902
          ],
          [
            14.08552,
            4.92876,
            6.96133
          ],
          [
            5.64853,
            0.0431,
            6.96516
          ],
          [
            8.4643,
            4.92109,
            6.96071
          ],
          [
            12.65065,
            2.47793,
            6.84528
          ],
          [
            15.46839,
            7.35442,
            6.8501
          ],
          [
            7.01688,
            2.47843,
            6.84503
          ],
          [
            9.83027,
            7.35305,
            6.85389
          ],
          [
            4.20205,
            2.46782,
            6.90822
          ],
          [
            7.02125,
            7.344,
            6.90488
          ],
          [
            9.8358,
            2.46899,
            6.91085
          ],
          [
            12.65549,
            7.34402,
            6.90954
          ],
          [
            3.62291,
            2.51986,
            10.30676
          ],
          [
            4.14038,
            2.27816,
            11.72314
          ],
          [
            6.42038,
            7.199,
            10.29904
          ],
          [
            6.95979,
            6.83518,
            11.68623
          ],
          [
            9.24194,
            2.47278,
            10.28948
          ],
          [
            9.79209,
            2.25195,
            11.70479
          ],
          [
            12.0548,
            7.24924,
            10.27737
          ],
          [
            12.59192,
            6.9078,
            11.67928
          ],
          [
            4.40225,
            2.48937,
            9.33136
          ],
          [
            2.31543,
            2.74849,
            10.17186
          ],
          [
            5.48616,
            1.87937,
            11.77309
          ],
          [
            7.20566,
            7.32799,
            9.33289
          ],
          [
            5.10529,
            7.34599,
            10.19869
          ],
          [
            8.31951,
            6.50112,
            11.6743
          ],
          [
            10.00211,
            2.4886,
            9.30812
          ],
          [
            7.92414,
            2.64101,
            10.16395
          ],
          [
            11.1471,
            1.87135,
            11.73928
          ],
          [
            12.83052,
            7.31478,
            9.29562
          ],
          [
            10.75256,
            7.4571,
            10.18756
          ],
          [
            13.93531,
            6.51151,
            11.69902
          ],
          [
            2.14728,
            2.88411,
            9.15957
          ],
          [
            3.94472,
            3.21925,
            12.29785
          ],
          [
            3.5027,
            1.49412,
            12.12718
          ],
          [
            5.94646,
            2.19219,
            10.96254
          ],
          [
            4.91994,
            7.54561,
            9.20885
          ],
          [
            6.7139,
            7.69144,
            12.36372
          ],
          [
            6.37068,
            5.97588,
            11.99929
          ],
          [
            8.77171,
            6.95918,
            10.93344
          ],
          [
            7.74408,
            2.76836,
            9.15316
          ],
          [
            9.5904,
            3.19434,
            12.27112
          ],
          [
            9.19113,
            1.45603,
            12.13235
          ],
          [
            11.61715,
            2.23804,
            10.95664
          ],
          [
            10.5615,
            7.66453,
            9.1929
          ],
          [
            12.38353,
            7.80503,
            12.31927
          ],
          [
            11.97372,
            6.09532,
            12.02881
          ],
          [
            14.42432,
            6.91973,
            10.95161
          ]
        ],
        "Stress": [
          [
            -72.48159,
            0.75765,
            -1.72056
          ],
          [
            0.75765,
            -74.14799,
            -0.64918
          ],
          [
            -1.72056,
            -0.64918,
            -33.07909
          ]
        ],
        "computation_code": "VASP",
        "pseudopotential_information": [
          [
            "PAW_PBE",
            "Pt",
            "04Feb2005"
          ],
          [
            "PAW_PBE",
            "C",
            "08Apr2002"
          ],
          [
            "PAW_PBE",
            "O",
            "08Apr2002"
          ],
          [
            "PAW_PBE",
            "H",
            "15Jun2001"
          ]
        ]
      }
    ],
    "EnergyStyle": "electronvolt",
    "ForcesStyle": "electronvoltperangstrom",
    "LatticeStyle": "angstrom",
    "PositionsStyle": "angstrom",
    "StressStyle": "kB"
  }
}