{
  "Dataset": {
    "AtomTypeStyle": "chemicalsymbol",
    "Data": [
      {
        "AtomTypes": [
          "Pt",
          "Pt",
          "Pt",
          "Pt",
          "Pt",
          "Pt",
          "Pt",
          "Pt",
          "Pt",
          "Pt",
          "Pt",
          "Pt",
          "Pt",
          "Pt",
          "Pt",
          "Pt",
          "Pt",
          "Pt",
          "Pt",
          "Pt",
          "Pt",
          "Pt",
          "Pt",
          "Pt",
          "Pt",
          "Pt",
          "Pt",
          "Pt",
          "Pt",
          "Pt",
          "Pt",
          "Pt",
          "Pt",
          "Pt",
          "Pt",
          "Pt",
          "Pt",
          "Pt",
          "Pt",
          "Pt",
          "Pt",
          "Pt",
          "Pt",
          "Pt",
          "Pt",
          "Pt",
          "Pt",
          "Pt",
          "Pt",
          "Pt",
          "Pt",
          "Pt",
          "Pt",
          "Pt",
          "Pt",
          "Pt",
          "Pt",
          "Pt",
          "Pt",
          "Pt",
          "Pt",
          "Pt",
          "Pt",
          "Pt",
          "C",
          "C",
          "C",
          "C",
          "C",
          "C",
          "C",
          "C",
          "O",
          "O",
          "O",
          "O",
          "O",
          "O",
          "O",
          "O",
          "O",
          "O",
          "O",
          "O",
          "H",
          "H",
          "H",
          "H",
          "H",
          "H",
          "H",
          "H",
          "H",
          "H",
          "H",
          "H",
          "H",
          "H",
          "H",
          "H"
        ],
        "Energy": -381.81908972,
        "Forces": [
          [
            0.018479,
            -0.023576,
            -0.039016
          ],
          [
            -0.003016,
            -0.041671,
            -0.03059
          ],
          [
            0.001099,
            -0.039639,
            -0.036522
          ],
          [
            0.011725,
            -0.034578,
            -0.014312
          ],
          [
            0.02137,
            -0.030271,
            -0.055472
          ],
          [
            0.008211,
            -0.008214,
            -0.084011
          ],
          [
            -0.006292,
            -0.031337,
            -0.063711
          ],
          [
            0.00413,
            0.007636,
            -0.048334
          ],
          [
            -0.019508,
            -0.003089,
            -0.062321
          ],
          [
            0.008624,
            -0.018212,
            -0.048523
          ],
          [
            0.029205,
            0.002945,
            -0.072472
          ],
          [
            0.010834,
            -0.033901,
            -0.06286
          ],
          [
            -0.013226,
            -0.010081,
            -0.076691
          ],
          [
            -0.001638,
            -0.003464,
            -0.065657
          ],
          [
            0.013079,
            -0.010161,
            -0.063468
          ],
          [
            0.006612,
            -0.006337,
            -0.064267
          ],
          [
            -0.045565,
            0.070437,
            -0.041544
          ],
          [
            0.0295,
            -0.086913,
            0.206818
          ],
          [
            -0.075186,
            0.085837,
            -0.026105
          ],
          [
            -0.04632,
            0.026769,
            0.015623
          ],
          [
            -0.037363,
            0.033002,
            -0.225281
          ],
          [
            -0.081287,
            0.03956,
            -0.06145
          ],
          [
            -0.044469,
            -0.017055,
            -0.137974
          ],
          [
            -0.135536,
            -0.01383,
            -0.049003
          ],
          [
            -0.057913,
            -0.010323,
            -0.212328
          ],
          [
            0.051922,
            -0.004076,
            -0.070954
          ],
          [
            0.002151,
            -0.026968,
            -0.203574
          ],
          [
            0.079166,
            0.080818,
            0.036233
          ],
          [
            -0.014443,
            0.046727,
            -0.309964
          ],
          [
            0.074592,
            -0.022595,
            -0.167489
          ],
          [
            -0.021773,
            0.046633,
            -0.372342
          ],
          [
            -0.104821,
            -0.064479,
            -0.137519
          ],
          [
            0.073255,
            0.142601,
            -0.153702
          ],
          [
            0.114982,
            0.172741,
            0.025874
          ],
          [
            0.116411,
            0.113667,
            -0.051846
          ],
          [
            0.12605,
            0.184107,
            0.031704
          ],
          [
            0.017225,
            -0.23813,
            -0.03478
          ],
          [
            -0.097629,
            0.010882,
            -0.286418
          ],
          [
            0.067464,
            -0.274955,
            -0.167885
          ],
          [
            0.000891,
            0.105997,
            -0.299974
          ],
          [
            -0.196691,
            -0.017292,
            -0.06075
          ],
          [
            -0.100442,
            -0.090769,
            -0.095507
          ],
          [
            -0.335325,
            0.084919,
            -0.017994
          ],
          [
            -0.298961,
            -0.014381,
            -0.299682
          ],
          [
            0.186486,
            0.100752,
            -0.299024
          ],
          [
            0.149276,
            0.270932,
            -0.443244
          ],
          [
            0.363707,
            0.101883,
            -0.157614
          ],
          [
            0.166464,
            0.101184,
            -0.315364
          ],
          [
            0.167535,
            -0.005197,
            0.337726
          ],
          [
            0.037687,
            0.141894,
            0.126499
          ],
          [
            0.036887,
            0.031441,
            0.205133
          ],
          [
            0.359644,
            0.365588,
            0.15639
          ],
          [
            -0.041577,
            -0.113215,
            0.131694
          ],
          [
            -0.140276,
            0.15813,
            0.039054
          ],
          [
            -0.116856,
            -0.433832,
            0.309026
          ],
          [
            -0.216269,
            0.14595,
            0.054152
          ],
          [
            0.213229,
            -0.029695,
            0.449638
          ],
          [
            -0.070672,
            -0.19965,
            0.378328
          ],
          [
            0.210549,
            -0.063986,
            0.36232
          ],
          [
            0.349345,
            -0.049725,
            0.481149
          ],
          [
            -0.235909,
            -0.03938,
            0.494347
          ],
          [
            -0.075989,
            -0.047725,
            0.331356
          ],
          [
            -0.321251,
            -0.242167,
            0.53682
          ],
          [
            -0.186676,
            -0.208985,
            0.481663
          ],
          [
            -0.464821,
            -0.430316,
            -0.427635
          ],
          [
            0.143072,
            1.045259,
            -0.505002
          ],
          [
            -0.398335,
            -0.532787,
            0.231531
          ],
          [
            -0.192386,
            0.155771,
            -0.942021
          ],
          [
            -1.129999,
            -0.516153,
            -1.181056
          ],
          [
            0.126934,
            0.53103,
            -0.32119
          ],
          [
            -0.626642,
            -0.242924,
            -0.521879
          ],
          [
            -0.209661,
            -0.123866,
            -0.857123
          ],
          [
            0.211713,
            0.033205,
            0.291296
          ],
          [
            0.422856,
            0.203598,
            0.443641
          ],
          [
            -0.590209,
            -0.079309,
            0.224385
          ],
          [
            0.058552,
            0.121596,
            0.129549
          ],
          [
            0.518873,
            -0.284528,
            1.378317
          ],
          [
            0.574086,
            -0.40099,
            0.255809
          ],
          [
            0.083271,
            -0.013551,
            0.765777
          ],
          [
            1.095315,
            0.098664,
            0.374767
          ],
          [
            0.427041,
            0.399548,
            0.304424
          ],
          [
            -0.055256,
            0.036106,
            0.73296
          ],
          [
            0.150206,
            0.035096,
            -0.085594
          ],
          [
            0.593239,
            -0.027043,
            0.372599
          ],
          [
            -0.019548,
            -0.026661,
            -0.019475
          ],
          [
            0.005148,
            -0.737402,
            -0.053529
          ],
          [
            -0.01418,
            -0.099656,
            0.244406
          ],
          [
            0.246953,
            -0.027494,
            -0.172271
          ],
          [
            -0.223276,
            0.335346,
            -1.104568
          ],
          [
            -0.140348,
            0.547557,
            0.497075
          ],
          [
            -0.193818,
            -0.129702,
            -0.064171
          ],
          [
            0.162902,
            0.16166,
            -0.157366
          ],
          [
            0.008176,
            0.168744,
            0.121196
          ],
          [
            -0.214899,
            0.067055,
            0.260431
          ],
          [
            -0.51553,
            -0.598927,
            0.205002
          ],
          [
            0.175174,
            -0.022968,
            -0.268533
          ],
          [
            0.019381,
            -0.014636,
            0.062159
          ],
          [
            -0.010886,
            -1.7e-05,
            0.272157
          ],
          [
            -0.162557,
            0.157501,
            0.082813
          ],
          [
            0.146347,
            0.132891,
            -0.018158
          ]
        ],
        "Lattice": [
          [
            11.254311534,
            0.0,
            0.0
          ],
          [
            5.627155767,
            9.746519691,
            0.0
          ],
          [
            0.0,
            0.0,
            21.483230925
          ]
        ],
        "NumAtoms": 100,
        "Positions": [
          [
            4.22079,
            2.43687,
            0.0
          ],
          [
            7.03437,
            7.31013,
            0.0
          ],
          [
            9.84794,
            2.43687,
            0.0
          ],
          [
            12.66152,
            7.31013,
            0.0
          ],
          [
            1.40693,
            2.43687,
            0.0
          ],
          [
            4.22051,
            7.31013,
            0.0
          ],
          [
            7.03409,
            2.43687,
            0.0
          ],
          [
            9.84766,
            7.31013,
            0.0
          ],
          [
            2.81385,
            0.0,
            0.0
          ],
          [
            5.62743,
            4.87326,
            0.0
          ],
          [
            8.44101,
            0.0,
            0.0
          ],
          [
            11.25459,
            4.87326,
            0.0
          ],
          [
            0.0,
            0.0,
            0.0
          ],
          [
            2.81358,
            4.87326,
            0.0
          ],
          [
            5.62716,
            0.0,
            0.0
          ],
          [
            8.44073,
            4.87326,
            0.0
          ],
          [
            7.03462,
            4.06144,
            2.2975
          ],
          [
            9.8482,
            8.9347,
            2.2975
          ],
          [
            12.66177,
            4.06144,
            2.2975
          ],
          [
            15.47535,
            8.9347,
            2.2975
          ],
          [
            5.62769,
            1.62456,
            2.2975
          ],
          [
            8.44127,
            6.49782,
            2.2975
          ],
          [
            11.25484,
            1.62456,
            2.2975
          ],
          [
            14.06842,
            6.49782,
            2.2975
          ],
          [
            2.81383,
            1.62456,
            2.2975
          ],
          [
            5.62741,
            6.49782,
            2.2975
          ],
          [
            8.44098,
            1.62456,
            2.2975
          ],
          [
            11.25456,
            6.49782,
            2.2975
          ],
          [
            4.22076,
            4.06144,
            2.2975
          ],
          [
            7.03434,
            8.9347,
            2.2975
          ],
          [
            9.84791,
            4.06144,
            2.2975
          ],
          [
            12.66149,
            8.9347,
            2.2975
          ],
          [
            1.38833,
            0.83892,
            4.5388
          ],
          [
            4.2077,
            5.70912,
            4.52386
          ],
          [
            7.01593,
            0.84386,
            4.52463
          ],
          [
            9.8309,
            5.70634,
            4.52609
          ],
          [
            4.20095,
            0.86507,
            4.52846
          ],
          [
            7.03992,
            5.71231,
            4.56905
          ],
          [
            9.83234,
            0.86513,
            4.55242
          ],
          [
            12.64359,
            5.6994,
            4.58211
          ],
          [
            2.81887,
            3.28059,
            4.51961
          ],
          [
            5.6549,
            8.17383,
            4.52619
          ],
          [
            8.46097,
            3.2727,
            4.52199
          ],
          [
            11.28098,
            8.15459,
            4.5883
          ],
          [
            5.60148,
            3.28042,
            4.53196
          ],
          [
            8.41553,
            8.13112,
            4.56383
          ],
          [
            11.20985,
            3.27392,
            4.52915
          ],
          [
            14.03023,
            8.14979,
            4.53616
          ],
          [
            2.78717,
            0.10736,
            6.77883
          ],
          [
            5.62708,
            4.95859,
            6.79225
          ],
          [
            8.42823,
            0.10822,
            6.79305
          ],
          [
            11.19593,
            4.94282,
            6.80664
          ],
          [
            11.25107,
            0.12491,
            6.82568
          ],
          [
            14.09142,
            4.94344,
            6.80029
          ],
          [
            5.6157,
            0.18616,
            6.79307
          ],
          [
            8.4537,
            4.93812,
            6.82961
          ],
          [
            12.64476,
            2.54178,
            6.75326
          ],
          [
            15.49567,
            7.44202,
            6.70377
          ],
          [
            7.02481,
            2.54279,
            6.75394
          ],
          [
            9.80477,
            7.39937,
            6.76423
          ],
          [
            4.22388,
            2.55787,
            6.82147
          ],
          [
            7.02664,
            7.41561,
            6.86362
          ],
          [
            9.8651,
            2.55436,
            6.83145
          ],
          [
            12.66212,
            7.44485,
            6.84633
          ],
          [
            3.64912,
            3.17411,
            10.06903
          ],
          [
            4.10528,
            3.39265,
            11.50159
          ],
          [
            6.30486,
            6.8425,
            9.95422
          ],
          [
            6.67082,
            6.35718,
            11.36197
          ],
          [
            9.1462,
            2.55215,
            10.03654
          ],
          [
            9.58812,
            2.77218,
            11.44931
          ],
          [
            12.21206,
            7.15604,
            9.99772
          ],
          [
            12.61285,
            6.71454,
            11.39281
          ],
          [
            4.44609,
            2.80074,
            9.19832
          ],
          [
            2.33525,
            3.33017,
            9.84167
          ],
          [
            5.51922,
            3.29996,
            11.61297
          ],
          [
            7.19329,
            7.16727,
            9.15644
          ],
          [
            4.99997,
            6.83682,
            9.68313
          ],
          [
            7.96374,
            5.83364,
            11.38402
          ],
          [
            9.95456,
            2.63487,
            9.09219
          ],
          [
            7.83252,
            2.2616,
            9.85983
          ],
          [
            10.92832,
            3.17914,
            11.52213
          ],
          [
            13.02338,
            7.19005,
            9.04681
          ],
          [
            10.90864,
            7.38087,
            9.87627
          ],
          [
            13.9949,
            6.75074,
            11.55752
          ],
          [
            2.12993,
            3.19215,
            8.85031
          ],
          [
            3.80596,
            4.4439,
            11.80144
          ],
          [
            3.55234,
            2.67108,
            12.12638
          ],
          [
            5.84507,
            2.69956,
            10.91226
          ],
          [
            4.80743,
            7.17901,
            8.77065
          ],
          [
            6.56616,
            7.22654,
            12.0128
          ],
          [
            5.98654,
            5.57404,
            11.70277
          ],
          [
            8.54905,
            6.36719,
            10.81438
          ],
          [
            7.64232,
            2.08452,
            8.86627
          ],
          [
            8.95465,
            3.58407,
            11.83746
          ],
          [
            9.46072,
            1.87503,
            12.05251
          ],
          [
            11.41811,
            2.85379,
            10.74528
          ],
          [
            10.64277,
            7.52522,
            8.89433
          ],
          [
            12.11082,
            7.37738,
            12.10936
          ],
          [
            12.21107,
            5.67507,
            11.49698
          ],
          [
            14.42809,
            6.58685,
            10.69145
          ]
        ],
        "Stress": [
          [
            -56.26866,
            0.03642,
            -0.48129
          ],
          [
            0.03642,
            -58.99201,
            -0.33067
          ],
          [
            -0.48129,
            -0.33067,
            -8.04541
          ]
        ],
        "computation_code": "VASP",
        "pseudopotential_information": [
          [
            "PAW_PBE",
            "Pt",
            "04Feb2005"
          ],
          [
            "PAW_PBE",
            "C",
            "08Apr2002"
          ],
          [
            "PAW_PBE",
            "O",
            "08Apr2002"
          ],
          [
            "PAW_PBE",
            "H",
            "15Jun2001"
          ]
        ]
      }
    ],
    "EnergyStyle": "electronvolt",
    "ForcesStyle": "electronvoltperangstrom",
    "LatticeStyle": "angstrom",
    "PositionsStyle": "angstrom",
    "StressStyle": "kB"
  }
}