{
  "Dataset": {
    "AtomTypeStyle": "chemicalsymbol",
    "Data": [
      {
        "AtomTypes": [
          "Pt",
          "Pt",
          "Pt",
          "Pt",
          "Pt",
          "Pt",
          "Pt",
          "Pt",
          "Pt",
          "Pt",
          "Pt",
          "Pt",
          "Pt",
          "Pt",
          "Pt",
          "Pt",
          "Pt",
          "Pt",
          "Pt",
          "Pt",
          "Pt",
          "Pt",
          "Pt",
          "Pt",
          "Pt",
          "Pt",
          "Pt",
          "Pt",
          "Pt",
          "Pt",
          "Pt",
          "Pt",
          "Pt",
          "Pt",
          "Pt",
          "Pt",
          "Pt",
          "Pt",
          "Pt",
          "Pt",
          "Pt",
          "Pt",
          "Pt",
          "Pt",
          "Pt",
          "Pt",
          "Pt",
          "Pt",
          "Pt",
          "Pt",
          "Pt",
          "Pt",
          "Pt",
          "Pt",
          "Pt",
          "Pt",
          "Pt",
          "Pt",
          "Pt",
          "Pt",
          "Pt",
          "Pt",
          "Pt",
          "Pt",
          "C",
          "C",
          "C",
          "C",
          "C",
          "C",
          "O",
          "O",
          "O",
          "O",
          "H",
          "H",
          "H",
          "H",
          "H",
          "H",
          "H",
          "H",
          "H",
          "H",
          "H",
          "H"
        ],
        "Energy": -312.44888666,
        "Forces": [
          [
            -0.005996,
            0.00378,
            -0.032135
          ],
          [
            -0.010292,
            -0.000225,
            -0.01793
          ],
          [
            0.001717,
            -0.011644,
            -0.040331
          ],
          [
            0.000604,
            0.002419,
            -0.021572
          ],
          [
            0.001391,
            -0.003309,
            -0.045859
          ],
          [
            0.000584,
            0.00198,
            -0.044123
          ],
          [
            0.000986,
            -0.014736,
            -0.04657
          ],
          [
            0.005818,
            0.002856,
            -0.043223
          ],
          [
            -0.010345,
            0.013554,
            -0.033488
          ],
          [
            -0.00643,
            0.003723,
            -0.022402
          ],
          [
            0.009293,
            0.018032,
            -0.051545
          ],
          [
            0.004281,
            -0.007892,
            -0.025032
          ],
          [
            -0.001783,
            0.010179,
            -0.049543
          ],
          [
            0.004201,
            -0.00385,
            -0.0422
          ],
          [
            0.003147,
            0.009926,
            -0.027238
          ],
          [
            -0.002406,
            0.000546,
            -0.033533
          ],
          [
            -0.022962,
            0.026322,
            -0.044237
          ],
          [
            0.011649,
            -0.0085,
            0.006575
          ],
          [
            0.019637,
            0.003927,
            0.021506
          ],
          [
            -0.012661,
            -0.004801,
            0.02044
          ],
          [
            -0.016794,
            0.006291,
            -0.00013
          ],
          [
            -0.007454,
            -0.004431,
            -0.03229
          ],
          [
            0.024137,
            0.00223,
            0.01921
          ],
          [
            -0.011786,
            -0.010827,
            0.007107
          ],
          [
            0.017925,
            0.016402,
            0.026522
          ],
          [
            0.043307,
            -0.036168,
            0.057958
          ],
          [
            -0.00355,
            -0.007363,
            -0.014949
          ],
          [
            -0.007391,
            0.011495,
            0.011249
          ],
          [
            -0.003134,
            -0.006514,
            0.027072
          ],
          [
            0.031371,
            -6.8e-05,
            0.006854
          ],
          [
            0.024381,
            0.02819,
            -0.076469
          ],
          [
            -0.04705,
            -0.039986,
            0.087872
          ],
          [
            -0.040759,
            -0.006999,
            -0.069213
          ],
          [
            -0.008994,
            0.01465,
            -0.017567
          ],
          [
            0.005519,
            -0.044296,
            -0.080073
          ],
          [
            0.035949,
            -3.2e-05,
            -0.000448
          ],
          [
            -0.005833,
            -0.007537,
            -0.021562
          ],
          [
            -0.056615,
            0.024323,
            -0.11328
          ],
          [
            0.007862,
            -0.051969,
            -0.004918
          ],
          [
            0.024619,
            0.001232,
            -0.029097
          ],
          [
            -0.016652,
            -0.002495,
            -0.031208
          ],
          [
            -0.047355,
            0.025738,
            -0.062306
          ],
          [
            -0.003725,
            -0.107211,
            -0.067413
          ],
          [
            0.017144,
            -0.000489,
            0.04638
          ],
          [
            -0.020208,
            0.016986,
            0.004614
          ],
          [
            -0.02704,
            0.015394,
            0.062117
          ],
          [
            0.005116,
            -0.018224,
            -0.038889
          ],
          [
            -0.013659,
            0.004482,
            -0.01951
          ],
          [
            -0.10539,
            0.117943,
            -0.101831
          ],
          [
            -0.102998,
            0.000879,
            -0.004569
          ],
          [
            0.057123,
            -0.033149,
            0.013162
          ],
          [
            0.063276,
            -0.062452,
            -0.030049
          ],
          [
            0.005721,
            0.007984,
            0.057998
          ],
          [
            0.023825,
            -0.036133,
            0.030811
          ],
          [
            0.051684,
            0.041916,
            -0.021264
          ],
          [
            -0.019517,
            -0.091718,
            -0.157029
          ],
          [
            0.016865,
            -0.009099,
            0.039548
          ],
          [
            -0.034335,
            0.033596,
            0.043558
          ],
          [
            -0.023485,
            -0.092849,
            -0.087495
          ],
          [
            0.127447,
            0.043062,
            -0.161198
          ],
          [
            -0.020204,
            0.028968,
            0.014407
          ],
          [
            -0.149655,
            -0.025887,
            -0.12959
          ],
          [
            0.020415,
            -0.042618,
            -0.03522
          ],
          [
            0.09755,
            0.028103,
            -0.001886
          ],
          [
            -0.426723,
            -0.68432,
            0.385195
          ],
          [
            -0.073564,
            0.590755,
            -0.63983
          ],
          [
            0.487263,
            0.1839,
            1.363618
          ],
          [
            0.031938,
            0.996427,
            -0.079237
          ],
          [
            0.936079,
            0.329115,
            0.855204
          ],
          [
            0.501809,
            -0.507664,
            0.195661
          ],
          [
            -0.281424,
            0.433235,
            0.62896
          ],
          [
            0.719303,
            0.450318,
            -0.575632
          ],
          [
            0.582264,
            -1.04829,
            -0.316131
          ],
          [
            -0.127168,
            0.767836,
            0.645482
          ],
          [
            -0.440814,
            -0.447564,
            0.030853
          ],
          [
            0.561265,
            -0.606843,
            0.255391
          ],
          [
            -0.508976,
            0.013293,
            0.331728
          ],
          [
            -0.343667,
            -0.766963,
            -0.24027
          ],
          [
            0.796364,
            0.098812,
            -0.417696
          ],
          [
            -0.665982,
            0.819348,
            -0.345847
          ],
          [
            0.071714,
            -0.496802,
            0.039629
          ],
          [
            -0.35893,
            -0.368929,
            -1.073936
          ],
          [
            -0.675798,
            -0.058503,
            0.52447
          ],
          [
            -0.306156,
            -0.31737,
            -0.652282
          ],
          [
            0.241344,
            0.821159,
            -0.147012
          ],
          [
            -0.630388,
            0.025509,
            0.588513
          ]
        ],
        "Lattice": [
          [
            11.254311534,
            0.0,
            0.0
          ],
          [
            5.627155767,
            9.746519691,
            0.0
          ],
          [
            0.0,
            0.0,
            21.483230925
          ]
        ],
        "NumAtoms": 86,
        "Positions": [
          [
            4.22079,
            2.43687,
            0.0
          ],
          [
            7.03437,
            7.31013,
            0.0
          ],
          [
            9.84794,
            2.43687,
            0.0
          ],
          [
            12.66152,
            7.31013,
            0.0
          ],
          [
            1.40693,
            2.43687,
            0.0
          ],
          [
            4.22051,
            7.31013,
            0.0
          ],
          [
            7.03409,
            2.43687,
            0.0
          ],
          [
            9.84766,
            7.31013,
            0.0
          ],
          [
            2.81385,
            0.0,
            0.0
          ],
          [
            5.62743,
            4.87326,
            0.0
          ],
          [
            8.44101,
            0.0,
            0.0
          ],
          [
            11.25459,
            4.87326,
            0.0
          ],
          [
            0.0,
            0.0,
            0.0
          ],
          [
            2.81358,
            4.87326,
            0.0
          ],
          [
            5.62716,
            0.0,
            0.0
          ],
          [
            8.44073,
            4.87326,
            0.0
          ],
          [
            7.03462,
            4.06144,
            2.2975
          ],
          [
            9.8482,
            8.9347,
            2.2975
          ],
          [
            12.66177,
            4.06144,
            2.2975
          ],
          [
            15.47535,
            8.9347,
            2.2975
          ],
          [
            5.62769,
            1.62456,
            2.2975
          ],
          [
            8.44127,
            6.49782,
            2.2975
          ],
          [
            11.25484,
            1.62456,
            2.2975
          ],
          [
            14.06842,
            6.49782,
            2.2975
          ],
          [
            2.81383,
            1.62456,
            2.2975
          ],
          [
            5.62741,
            6.49782,
            2.2975
          ],
          [
            8.44098,
            1.62456,
            2.2975
          ],
          [
            11.25456,
            6.49782,
            2.2975
          ],
          [
            4.22076,
            4.06144,
            2.2975
          ],
          [
            7.03434,
            8.9347,
            2.2975
          ],
          [
            9.84791,
            4.06144,
            2.2975
          ],
          [
            12.66149,
            8.9347,
            2.2975
          ],
          [
            1.408,
            0.8125,
            4.56582
          ],
          [
            4.22133,
            5.6872,
            4.56153
          ],
          [
            7.03951,
            0.80891,
            4.5623
          ],
          [
            9.85058,
            5.68571,
            4.5513
          ],
          [
            4.2263,
            0.81442,
            4.56421
          ],
          [
            7.03475,
            5.68454,
            4.56779
          ],
          [
            9.84625,
            0.81009,
            4.56465
          ],
          [
            12.66609,
            5.68778,
            4.56451
          ],
          [
            2.81533,
            3.24899,
            4.56753
          ],
          [
            5.63013,
            8.12353,
            4.56167
          ],
          [
            8.44675,
            3.24498,
            4.54592
          ],
          [
            11.24693,
            8.11508,
            4.57091
          ],
          [
            5.62945,
            3.24671,
            4.56002
          ],
          [
            8.44658,
            8.11856,
            4.55608
          ],
          [
            11.25717,
            3.24425,
            4.56194
          ],
          [
            14.07085,
            8.12414,
            4.56706
          ],
          [
            2.81265,
            0.00048,
            6.85239
          ],
          [
            5.62155,
            4.86804,
            6.86879
          ],
          [
            14.06318,
            9.74344,
            6.87967
          ],
          [
            11.27167,
            4.85256,
            6.85
          ],
          [
            16.87617,
            9.74011,
            6.86913
          ],
          [
            2.81822,
            4.87212,
            6.87133
          ],
          [
            5.63718,
            0.00525,
            6.8657
          ],
          [
            8.42407,
            4.8465,
            6.80241
          ],
          [
            1.41126,
            2.4308,
            6.8742
          ],
          [
            4.22542,
            7.30121,
            6.87028
          ],
          [
            7.02212,
            2.42548,
            6.85458
          ],
          [
            9.85946,
            7.3046,
            6.86156
          ],
          [
            4.21741,
            2.43245,
            6.87361
          ],
          [
            7.01985,
            7.31685,
            6.86204
          ],
          [
            9.85654,
            2.41996,
            6.86238
          ],
          [
            12.67324,
            7.30015,
            6.87097
          ],
          [
            8.93107,
            7.95392,
            9.7259
          ],
          [
            9.5541,
            9.28046,
            9.9653
          ],
          [
            9.78975,
            9.40018,
            11.46269
          ],
          [
            7.46983,
            4.34104,
            10.01917
          ],
          [
            7.11622,
            2.90542,
            10.19429
          ],
          [
            8.29764,
            2.06739,
            10.716
          ],
          [
            9.47983,
            7.00759,
            9.07184
          ],
          [
            7.80616,
            7.74926,
            10.39665
          ],
          [
            6.81146,
            5.33794,
            10.40059
          ],
          [
            8.6382,
            4.48802,
            9.34693
          ],
          [
            7.46079,
            6.79805,
            10.29636
          ],
          [
            3.21851,
            0.35058,
            9.60158
          ],
          [
            10.5052,
            9.34949,
            9.36591
          ],
          [
            4.63971,
            0.64804,
            11.72206
          ],
          [
            8.81599,
            9.3183,
            12.03203
          ],
          [
            10.48773,
            8.57253,
            11.83498
          ],
          [
            8.89097,
            5.49197,
            9.28264
          ],
          [
            6.85223,
            2.53039,
            9.21482
          ],
          [
            6.23946,
            2.83718,
            10.81482
          ],
          [
            8.71817,
            2.48916,
            11.67671
          ],
          [
            7.96439,
            1.00189,
            10.91001
          ],
          [
            9.13169,
            2.03204,
            9.95022
          ]
        ],
        "Stress": [
          [
            -60.63579,
            0.9838,
            1.09196
          ],
          [
            0.9838,
            -61.04191,
            0.94185
          ],
          [
            1.09196,
            0.94185,
            -5.39164
          ]
        ],
        "computation_code": "VASP",
        "pseudopotential_information": [
          [
            "PAW_PBE",
            "Pt",
            "04Feb2005"
          ],
          [
            "PAW_PBE",
            "C",
            "08Apr2002"
          ],
          [
            "PAW_PBE",
            "O",
            "08Apr2002"
          ],
          [
            "PAW_PBE",
            "H",
            "15Jun2001"
          ]
        ]
      }
    ],
    "EnergyStyle": "electronvolt",
    "ForcesStyle": "electronvoltperangstrom",
    "LatticeStyle": "angstrom",
    "PositionsStyle": "angstrom",
    "StressStyle": "kB"
  }
}