{
  "Dataset": {
    "AtomTypeStyle": "chemicalsymbol",
    "Data": [
      {
        "AtomTypes": [
          "Pt",
          "Pt",
          "Pt",
          "Pt",
          "Pt",
          "Pt",
          "Pt",
          "Pt",
          "Pt",
          "Pt",
          "Pt",
          "Pt",
          "Pt",
          "Pt",
          "Pt",
          "Pt",
          "Pt",
          "Pt",
          "Pt",
          "Pt",
          "Pt",
          "Pt",
          "Pt",
          "Pt",
          "Pt",
          "Pt",
          "Pt",
          "Pt",
          "Pt",
          "Pt",
          "Pt",
          "Pt",
          "Pt",
          "Pt",
          "Pt",
          "Pt",
          "Pt",
          "Pt",
          "Pt",
          "Pt",
          "Pt",
          "Pt",
          "Pt",
          "Pt",
          "Pt",
          "Pt",
          "Pt",
          "Pt",
          "Pt",
          "Pt",
          "Pt",
          "Pt",
          "Pt",
          "Pt",
          "Pt",
          "Pt",
          "Pt",
          "Pt",
          "Pt",
          "Pt",
          "Pt",
          "Pt",
          "Pt",
          "Pt",
          "C",
          "C",
          "C",
          "C",
          "C",
          "C",
          "O",
          "O",
          "O",
          "O",
          "H",
          "H",
          "H",
          "H",
          "H",
          "H",
          "H",
          "H",
          "H",
          "H",
          "H",
          "H"
        ],
        "Energy": -312.83081801,
        "Forces": [
          [
            -0.004185,
            0.000181,
            -0.0444
          ],
          [
            0.007882,
            7e-05,
            -0.035463
          ],
          [
            0.007496,
            0.010026,
            -0.03018
          ],
          [
            -0.002996,
            -0.006793,
            -0.038542
          ],
          [
            0.007545,
            -0.00159,
            -0.032905
          ],
          [
            0.005768,
            0.003047,
            -0.025982
          ],
          [
            0.001058,
            0.009027,
            -0.015499
          ],
          [
            -0.000551,
            -0.000474,
            -0.046537
          ],
          [
            0.00701,
            0.004147,
            -0.041477
          ],
          [
            0.001591,
            0.00065,
            -0.042225
          ],
          [
            -0.005502,
            -0.004867,
            -0.029301
          ],
          [
            0.000766,
            0.011932,
            -0.038249
          ],
          [
            0.016122,
            0.002378,
            -0.025275
          ],
          [
            0.005242,
            -0.002271,
            -0.030055
          ],
          [
            -0.01055,
            0.001368,
            -0.025674
          ],
          [
            0.00843,
            0.01556,
            -0.028547
          ],
          [
            -0.021073,
            -0.044564,
            0.007433
          ],
          [
            0.013106,
            0.03094,
            -0.07418
          ],
          [
            0.008971,
            -0.013024,
            0.042565
          ],
          [
            -0.01088,
            -0.016647,
            0.066478
          ],
          [
            0.028222,
            -0.005168,
            0.038336
          ],
          [
            -0.034719,
            -0.035277,
            -0.082047
          ],
          [
            -0.025804,
            -0.013425,
            0.033929
          ],
          [
            0.008392,
            -0.008489,
            0.050119
          ],
          [
            -0.023448,
            0.02816,
            0.023339
          ],
          [
            -0.057549,
            0.018796,
            0.059262
          ],
          [
            -0.015086,
            -0.025966,
            0.045132
          ],
          [
            0.047113,
            -0.023957,
            -0.037503
          ],
          [
            -0.025975,
            0.018305,
            0.058026
          ],
          [
            -0.069699,
            0.006025,
            0.027101
          ],
          [
            -0.011361,
            -0.059985,
            0.007419
          ],
          [
            0.065742,
            0.034079,
            0.01562
          ],
          [
            0.015707,
            -0.059312,
            -0.032705
          ],
          [
            0.089521,
            -0.038161,
            -0.060971
          ],
          [
            0.009472,
            -0.005245,
            -0.115096
          ],
          [
            0.041985,
            0.002789,
            0.004637
          ],
          [
            0.00881,
            -0.051223,
            0.026449
          ],
          [
            -0.022376,
            0.11206,
            -0.029793
          ],
          [
            0.033125,
            0.033824,
            0.001523
          ],
          [
            -0.041957,
            0.009658,
            -0.017388
          ],
          [
            -0.016297,
            0.025842,
            -0.030877
          ],
          [
            0.095256,
            -0.043388,
            -0.09213
          ],
          [
            0.054885,
            -0.002772,
            -0.111676
          ],
          [
            -0.06422,
            -0.044885,
            0.122549
          ],
          [
            0.001526,
            0.020579,
            -0.026227
          ],
          [
            -0.072302,
            0.060149,
            0.096352
          ],
          [
            -0.008008,
            0.012458,
            -0.020901
          ],
          [
            -0.027728,
            0.056369,
            0.003428
          ],
          [
            -0.070739,
            0.119049,
            0.064552
          ],
          [
            -0.110048,
            -0.011112,
            0.111265
          ],
          [
            -0.015465,
            -0.046623,
            -0.01087
          ],
          [
            0.121479,
            -0.121289,
            0.105603
          ],
          [
            -0.055917,
            -0.016238,
            -0.025201
          ],
          [
            0.032402,
            0.013182,
            -0.007238
          ],
          [
            0.101506,
            0.117273,
            0.045888
          ],
          [
            -0.07162,
            -0.22155,
            0.010621
          ],
          [
            0.04956,
            0.001257,
            0.041224
          ],
          [
            0.00765,
            -0.036398,
            -0.003084
          ],
          [
            -0.095353,
            -0.037596,
            0.119522
          ],
          [
            0.146488,
            0.115537,
            0.113149
          ],
          [
            -0.023582,
            -0.000615,
            0.033607
          ],
          [
            -0.214861,
            0.195594,
            0.133496
          ],
          [
            0.058902,
            -0.060079,
            0.098646
          ],
          [
            0.121425,
            0.023119,
            -0.012906
          ],
          [
            0.329413,
            0.060101,
            0.226111
          ],
          [
            -0.550941,
            -0.46703,
            -0.398581
          ],
          [
            0.754295,
            0.325676,
            0.660519
          ],
          [
            1.037437,
            -0.50082,
            0.205882
          ],
          [
            -0.645963,
            -0.458608,
            -0.485764
          ],
          [
            0.358824,
            -0.256284,
            0.042188
          ],
          [
            0.068942,
            -0.186698,
            -0.043682
          ],
          [
            -0.673839,
            -0.422798,
            -0.032679
          ],
          [
            -0.813956,
            0.850753,
            -0.110048
          ],
          [
            -0.041538,
            0.229827,
            -0.261221
          ],
          [
            0.314086,
            0.41974,
            0.079791
          ],
          [
            0.026872,
            0.129374,
            0.108224
          ],
          [
            0.102725,
            0.076891,
            -0.026644
          ],
          [
            0.082581,
            -0.370863,
            -0.09839
          ],
          [
            -0.199997,
            0.21935,
            -0.504604
          ],
          [
            -0.24893,
            0.013866,
            -0.010307
          ],
          [
            -0.159432,
            -0.286655,
            0.113291
          ],
          [
            0.245862,
            0.033644,
            0.440885
          ],
          [
            0.033899,
            0.157791,
            -0.053022
          ],
          [
            -0.097623,
            0.118023,
            -0.120048
          ],
          [
            0.076413,
            0.239419,
            0.012989
          ],
          [
            -0.001023,
            0.02329,
            0.057217
          ]
        ],
        "Lattice": [
          [
            11.254311534,
            0.0,
            0.0
          ],
          [
            5.627155767,
            9.746519691,
            0.0
          ],
          [
            0.0,
            0.0,
            21.483230925
          ]
        ],
        "NumAtoms": 86,
        "Positions": [
          [
            4.22079,
            2.43687,
            0.0
          ],
          [
            7.03437,
            7.31013,
            0.0
          ],
          [
            9.84794,
            2.43687,
            0.0
          ],
          [
            12.66152,
            7.31013,
            0.0
          ],
          [
            1.40693,
            2.43687,
            0.0
          ],
          [
            4.22051,
            7.31013,
            0.0
          ],
          [
            7.03409,
            2.43687,
            0.0
          ],
          [
            9.84766,
            7.31013,
            0.0
          ],
          [
            2.81385,
            0.0,
            0.0
          ],
          [
            5.62743,
            4.87326,
            0.0
          ],
          [
            8.44101,
            0.0,
            0.0
          ],
          [
            11.25459,
            4.87326,
            0.0
          ],
          [
            0.0,
            0.0,
            0.0
          ],
          [
            2.81358,
            4.87326,
            0.0
          ],
          [
            5.62716,
            0.0,
            0.0
          ],
          [
            8.44073,
            4.87326,
            0.0
          ],
          [
            7.03462,
            4.06144,
            2.2975
          ],
          [
            9.8482,
            8.9347,
            2.2975
          ],
          [
            12.66177,
            4.06144,
            2.2975
          ],
          [
            15.47535,
            8.9347,
            2.2975
          ],
          [
            5.62769,
            1.62456,
            2.2975
          ],
          [
            8.44127,
            6.49782,
            2.2975
          ],
          [
            11.25484,
            1.62456,
            2.2975
          ],
          [
            14.06842,
            6.49782,
            2.2975
          ],
          [
            2.81383,
            1.62456,
            2.2975
          ],
          [
            5.62741,
            6.49782,
            2.2975
          ],
          [
            8.44098,
            1.62456,
            2.2975
          ],
          [
            11.25456,
            6.49782,
            2.2975
          ],
          [
            4.22076,
            4.06144,
            2.2975
          ],
          [
            7.03434,
            8.9347,
            2.2975
          ],
          [
            9.84791,
            4.06144,
            2.2975
          ],
          [
            12.66149,
            8.9347,
            2.2975
          ],
          [
            1.39709,
            0.81358,
            4.56548
          ],
          [
            4.20636,
            5.6874,
            4.57754
          ],
          [
            7.03143,
            0.80546,
            4.57983
          ],
          [
            9.84429,
            5.67895,
            4.54677
          ],
          [
            4.21841,
            0.81755,
            4.55651
          ],
          [
            7.02675,
            5.66594,
            4.55138
          ],
          [
            9.83745,
            0.80448,
            4.56774
          ],
          [
            12.66367,
            5.68044,
            4.56839
          ],
          [
            2.81073,
            3.24551,
            4.5733
          ],
          [
            5.61343,
            8.12232,
            4.57664
          ],
          [
            8.43154,
            3.24299,
            4.56895
          ],
          [
            11.26305,
            8.12245,
            4.54624
          ],
          [
            5.61719,
            3.24244,
            4.56282
          ],
          [
            8.44525,
            8.11367,
            4.53562
          ],
          [
            11.2512,
            3.24522,
            4.56243
          ],
          [
            14.0653,
            8.11323,
            4.57212
          ],
          [
            8.44164,
            9.72381,
            6.83967
          ],
          [
            5.63444,
            4.8682,
            6.85352
          ],
          [
            14.06184,
            9.74281,
            6.87918
          ],
          [
            11.23299,
            4.88376,
            6.85452
          ],
          [
            5.63449,
            9.741,
            6.87595
          ],
          [
            14.0536,
            4.86505,
            6.87912
          ],
          [
            11.22886,
            9.7175,
            6.86261
          ],
          [
            8.45033,
            4.89201,
            6.86381
          ],
          [
            12.64632,
            2.43212,
            6.86581
          ],
          [
            15.46589,
            7.31018,
            6.88051
          ],
          [
            7.03506,
            2.43621,
            6.85309
          ],
          [
            9.83166,
            7.29039,
            6.84752
          ],
          [
            4.21829,
            2.42768,
            6.87057
          ],
          [
            7.05313,
            7.27817,
            6.83203
          ],
          [
            9.83407,
            2.44214,
            6.8558
          ],
          [
            12.6358,
            7.30293,
            6.87629
          ],
          [
            8.78435,
            8.36439,
            10.3137
          ],
          [
            3.33191,
            0.08015,
            10.66551
          ],
          [
            4.56958,
            0.42233,
            11.44242
          ],
          [
            7.91617,
            4.65312,
            10.34025
          ],
          [
            7.47595,
            3.22691,
            10.45135
          ],
          [
            8.49509,
            2.10676,
            10.49705
          ],
          [
            9.72082,
            7.54509,
            10.30657
          ],
          [
            7.53859,
            8.04799,
            10.03809
          ],
          [
            7.07574,
            5.53981,
            10.20193
          ],
          [
            9.2263,
            4.88447,
            10.38871
          ],
          [
            7.35849,
            7.00374,
            10.00902
          ],
          [
            2.40207,
            0.36618,
            11.1855
          ],
          [
            3.282,
            0.62477,
            9.69679
          ],
          [
            4.55004,
            1.50866,
            11.70214
          ],
          [
            10.28754,
            9.60102,
            12.4065
          ],
          [
            5.50559,
            0.2223,
            10.87947
          ],
          [
            9.43945,
            5.89643,
            10.28221
          ],
          [
            6.81485,
            3.08749,
            9.54027
          ],
          [
            6.77416,
            3.15129,
            11.30701
          ],
          [
            9.1135,
            2.10863,
            11.41619
          ],
          [
            7.98009,
            1.12226,
            10.44482
          ],
          [
            9.18368,
            2.15484,
            9.62965
          ]
        ],
        "Stress": [
          [
            -58.68279,
            -0.8295,
            0.21322
          ],
          [
            -0.8295,
            -60.74631,
            0.09961
          ],
          [
            0.21322,
            0.09961,
            -10.16247
          ]
        ],
        "computation_code": "VASP",
        "pseudopotential_information": [
          [
            "PAW_PBE",
            "Pt",
            "04Feb2005"
          ],
          [
            "PAW_PBE",
            "C",
            "08Apr2002"
          ],
          [
            "PAW_PBE",
            "O",
            "08Apr2002"
          ],
          [
            "PAW_PBE",
            "H",
            "15Jun2001"
          ]
        ]
      }
    ],
    "EnergyStyle": "electronvolt",
    "ForcesStyle": "electronvoltperangstrom",
    "LatticeStyle": "angstrom",
    "PositionsStyle": "angstrom",
    "StressStyle": "kB"
  }
}