{
  "Dataset": {
    "AtomTypeStyle": "chemicalsymbol",
    "Data": [
      {
        "AtomTypes": [
          "Pt",
          "Pt",
          "Pt",
          "Pt",
          "Pt",
          "Pt",
          "Pt",
          "Pt",
          "Pt",
          "Pt",
          "Pt",
          "Pt",
          "Pt",
          "Pt",
          "Pt",
          "Pt",
          "Pt",
          "Pt",
          "Pt",
          "Pt",
          "Pt",
          "Pt",
          "Pt",
          "Pt",
          "Pt",
          "Pt",
          "Pt",
          "Pt",
          "Pt",
          "Pt",
          "Pt",
          "Pt",
          "Pt",
          "Pt",
          "Pt",
          "Pt",
          "Pt",
          "Pt",
          "Pt",
          "Pt",
          "Pt",
          "Pt",
          "Pt",
          "Pt",
          "Pt",
          "Pt",
          "Pt",
          "Pt",
          "Pt",
          "Pt",
          "Pt",
          "Pt",
          "Pt",
          "Pt",
          "Pt",
          "Pt",
          "Pt",
          "Pt",
          "Pt",
          "Pt",
          "Pt",
          "Pt",
          "Pt",
          "Pt",
          "C",
          "C",
          "C",
          "C",
          "C",
          "C",
          "O",
          "O",
          "O",
          "O",
          "H",
          "H",
          "H",
          "H",
          "H",
          "H",
          "H",
          "H",
          "H",
          "H",
          "H",
          "H"
        ],
        "Energy": -312.79354027,
        "Forces": [
          [
            -0.00466,
            -0.001695,
            -0.046247
          ],
          [
            0.007405,
            0.000804,
            -0.032077
          ],
          [
            0.013235,
            0.007029,
            -0.026711
          ],
          [
            -0.007224,
            -0.005551,
            -0.029463
          ],
          [
            0.013054,
            0.001775,
            -0.043388
          ],
          [
            0.012915,
            -0.010478,
            -0.018132
          ],
          [
            -0.011117,
            0.016876,
            -0.020148
          ],
          [
            -0.003393,
            -0.000931,
            -0.036009
          ],
          [
            0.00443,
            0.006478,
            -0.040229
          ],
          [
            0.003566,
            -0.004084,
            -0.043512
          ],
          [
            -0.002569,
            0.006176,
            -0.014
          ],
          [
            -0.001692,
            0.005981,
            -0.037337
          ],
          [
            0.016916,
            0.011235,
            -0.033392
          ],
          [
            0.003171,
            -0.010268,
            -0.036648
          ],
          [
            -0.010314,
            0.004637,
            -0.037243
          ],
          [
            0.007315,
            0.011328,
            -0.035996
          ],
          [
            -0.02709,
            -0.0494,
            -0.07083
          ],
          [
            -0.013684,
            0.001021,
            -0.050284
          ],
          [
            0.017854,
            -0.003421,
            -0.018306
          ],
          [
            -0.036875,
            -0.009988,
            -0.028686
          ],
          [
            0.008099,
            0.012158,
            -0.019972
          ],
          [
            0.016258,
            0.008426,
            -0.068672
          ],
          [
            -0.040111,
            -0.013662,
            -0.035149
          ],
          [
            0.004301,
            -0.003274,
            -0.031316
          ],
          [
            -0.001304,
            0.03293,
            -0.033857
          ],
          [
            -0.081023,
            0.030556,
            -0.051837
          ],
          [
            0.003393,
            -0.064489,
            -0.055383
          ],
          [
            0.02841,
            -0.006243,
            -0.043133
          ],
          [
            -0.023148,
            0.012071,
            0.021466
          ],
          [
            -0.01794,
            -0.011932,
            -0.027794
          ],
          [
            -0.000839,
            -0.021667,
            -0.055374
          ],
          [
            0.045562,
            0.001333,
            -0.070533
          ],
          [
            0.049573,
            -0.066769,
            0.084408
          ],
          [
            0.091136,
            -0.070008,
            0.0101
          ],
          [
            0.01939,
            0.074913,
            0.017498
          ],
          [
            -0.031481,
            0.033727,
            -0.017713
          ],
          [
            -0.018519,
            -0.041198,
            0.071869
          ],
          [
            0.094311,
            0.021246,
            0.141977
          ],
          [
            -0.000289,
            0.105731,
            0.002907
          ],
          [
            -0.088669,
            -0.025951,
            0.046668
          ],
          [
            -0.000728,
            0.024388,
            0.017672
          ],
          [
            0.138437,
            -0.095272,
            0.040857
          ],
          [
            0.03085,
            0.138793,
            0.011825
          ],
          [
            -0.159671,
            -0.124203,
            0.149122
          ],
          [
            0.000317,
            -0.012481,
            0.012135
          ],
          [
            0.013118,
            0.016837,
            -0.029684
          ],
          [
            -0.030757,
            0.026086,
            0.057167
          ],
          [
            -0.002994,
            0.040293,
            0.029493
          ],
          [
            0.006048,
            0.013556,
            0.120881
          ],
          [
            0.017956,
            0.002459,
            0.064621
          ],
          [
            -0.082684,
            -0.025793,
            -0.010976
          ],
          [
            0.044456,
            -0.040062,
            0.144386
          ],
          [
            0.026255,
            -0.019652,
            -0.042727
          ],
          [
            -0.01747,
            0.022389,
            -0.02093
          ],
          [
            0.035473,
            0.04356,
            0.035681
          ],
          [
            -0.046713,
            -0.057577,
            0.091404
          ],
          [
            -0.015568,
            -0.000137,
            -0.011927
          ],
          [
            0.07683,
            -0.06039,
            -0.004581
          ],
          [
            -0.083378,
            0.008042,
            0.094154
          ],
          [
            0.054777,
            0.055146,
            0.068638
          ],
          [
            0.042523,
            -0.050909,
            0.006119
          ],
          [
            -0.071917,
            0.123102,
            0.197949
          ],
          [
            0.05004,
            0.004577,
            0.100006
          ],
          [
            -0.041194,
            0.023819,
            -0.004559
          ],
          [
            -0.059182,
            -0.066615,
            -0.219347
          ],
          [
            -0.042821,
            0.015692,
            0.937358
          ],
          [
            -0.346946,
            -0.242261,
            -0.833631
          ],
          [
            0.058387,
            -0.136757,
            0.295107
          ],
          [
            0.463957,
            0.306944,
            -0.330138
          ],
          [
            0.128554,
            0.255951,
            0.383169
          ],
          [
            0.273128,
            -0.113095,
            0.103984
          ],
          [
            -0.504531,
            -0.089547,
            0.144488
          ],
          [
            -0.206436,
            0.086492,
            -0.292953
          ],
          [
            -0.205687,
            -0.096335,
            -0.17875
          ],
          [
            0.170469,
            0.207381,
            -0.070016
          ],
          [
            0.12478,
            -0.156993,
            -0.017105
          ],
          [
            0.241284,
            0.349267,
            -0.707445
          ],
          [
            0.019264,
            0.519469,
            0.045018
          ],
          [
            -0.161175,
            -0.353706,
            0.538186
          ],
          [
            0.265249,
            -0.117265,
            -0.138421
          ],
          [
            0.082306,
            -0.231218,
            0.042308
          ],
          [
            -0.16088,
            -0.035209,
            -0.273848
          ],
          [
            -0.49932,
            0.126685,
            0.552586
          ],
          [
            0.112831,
            0.126057,
            0.157193
          ],
          [
            -0.258392,
            -0.403221,
            0.028738
          ],
          [
            0.492138,
            0.009095,
            -0.672599
          ]
        ],
        "Lattice": [
          [
            11.254311534,
            0.0,
            0.0
          ],
          [
            5.627155767,
            9.746519691,
            0.0
          ],
          [
            0.0,
            0.0,
            21.483230925
          ]
        ],
        "NumAtoms": 86,
        "Positions": [
          [
            4.22079,
            2.43687,
            0.0
          ],
          [
            7.03437,
            7.31013,
            0.0
          ],
          [
            9.84794,
            2.43687,
            0.0
          ],
          [
            12.66152,
            7.31013,
            0.0
          ],
          [
            1.40693,
            2.43687,
            0.0
          ],
          [
            4.22051,
            7.31013,
            0.0
          ],
          [
            7.03409,
            2.43687,
            0.0
          ],
          [
            9.84766,
            7.31013,
            0.0
          ],
          [
            2.81385,
            0.0,
            0.0
          ],
          [
            5.62743,
            4.87326,
            0.0
          ],
          [
            8.44101,
            0.0,
            0.0
          ],
          [
            11.25459,
            4.87326,
            0.0
          ],
          [
            0.0,
            0.0,
            0.0
          ],
          [
            2.81358,
            4.87326,
            0.0
          ],
          [
            5.62716,
            0.0,
            0.0
          ],
          [
            8.44073,
            4.87326,
            0.0
          ],
          [
            7.03462,
            4.06144,
            2.2975
          ],
          [
            9.8482,
            8.9347,
            2.2975
          ],
          [
            12.66177,
            4.06144,
            2.2975
          ],
          [
            15.47535,
            8.9347,
            2.2975
          ],
          [
            5.62769,
            1.62456,
            2.2975
          ],
          [
            8.44127,
            6.49782,
            2.2975
          ],
          [
            11.25484,
            1.62456,
            2.2975
          ],
          [
            14.06842,
            6.49782,
            2.2975
          ],
          [
            2.81383,
            1.62456,
            2.2975
          ],
          [
            5.62741,
            6.49782,
            2.2975
          ],
          [
            8.44098,
            1.62456,
            2.2975
          ],
          [
            11.25456,
            6.49782,
            2.2975
          ],
          [
            4.22076,
            4.06144,
            2.2975
          ],
          [
            7.03434,
            8.9347,
            2.2975
          ],
          [
            9.84791,
            4.06144,
            2.2975
          ],
          [
            12.66149,
            8.9347,
            2.2975
          ],
          [
            1.39231,
            0.81799,
            4.55054
          ],
          [
            4.20368,
            5.69419,
            4.56804
          ],
          [
            7.03316,
            0.79561,
            4.56198
          ],
          [
            9.85391,
            5.67882,
            4.54454
          ],
          [
            4.2228,
            0.82008,
            4.55017
          ],
          [
            7.01229,
            5.67532,
            4.52936
          ],
          [
            9.84056,
            0.79319,
            4.56402
          ],
          [
            12.67382,
            5.68635,
            4.55851
          ],
          [
            2.81063,
            3.24639,
            4.56682
          ],
          [
            5.60402,
            8.13386,
            4.55872
          ],
          [
            8.43475,
            3.2206,
            4.54572
          ],
          [
            11.27167,
            8.13029,
            4.54545
          ],
          [
            5.61855,
            3.24682,
            4.55903
          ],
          [
            8.44004,
            8.11691,
            4.547
          ],
          [
            11.25633,
            3.24107,
            4.55073
          ],
          [
            14.06411,
            8.11618,
            4.56622
          ],
          [
            8.43026,
            9.7435,
            6.81997
          ],
          [
            5.61481,
            4.86727,
            6.85149
          ],
          [
            14.07206,
            9.74219,
            6.88105
          ],
          [
            11.25011,
            4.86824,
            6.83204
          ],
          [
            5.62526,
            9.74282,
            6.87905
          ],
          [
            2.80887,
            4.8636,
            6.87801
          ],
          [
            11.2422,
            9.73236,
            6.8575
          ],
          [
            8.4394,
            4.8677,
            6.8149
          ],
          [
            12.65589,
            2.43064,
            6.87191
          ],
          [
            15.45875,
            7.31498,
            6.87904
          ],
          [
            7.03176,
            2.42334,
            6.84206
          ],
          [
            9.84736,
            7.29672,
            6.83826
          ],
          [
            4.21016,
            2.43669,
            6.87266
          ],
          [
            7.02948,
            7.2832,
            6.80993
          ],
          [
            9.8399,
            2.42904,
            6.84305
          ],
          [
            12.66201,
            7.30249,
            6.8724
          ],
          [
            8.7711,
            8.30447,
            10.26135
          ],
          [
            3.39308,
            0.01366,
            10.53374
          ],
          [
            4.53414,
            0.30664,
            11.53434
          ],
          [
            7.92308,
            4.63201,
            10.33467
          ],
          [
            7.43931,
            3.197,
            10.43567
          ],
          [
            8.40465,
            2.04259,
            10.56958
          ],
          [
            9.68577,
            7.46445,
            10.13332
          ],
          [
            7.50603,
            7.99511,
            10.09848
          ],
          [
            7.05775,
            5.53113,
            10.33225
          ],
          [
            9.21877,
            4.89145,
            10.29502
          ],
          [
            7.33072,
            6.94444,
            10.12763
          ],
          [
            2.44299,
            0.48275,
            10.85948
          ],
          [
            3.62011,
            0.46241,
            9.57011
          ],
          [
            4.56469,
            1.37001,
            11.75417
          ],
          [
            10.02332,
            9.52495,
            12.46881
          ],
          [
            5.50112,
            0.00742,
            11.12308
          ],
          [
            9.3796,
            5.92632,
            10.19821
          ],
          [
            6.80463,
            3.05975,
            9.54347
          ],
          [
            6.7388,
            3.18447,
            11.26208
          ],
          [
            9.06409,
            2.13611,
            11.44111
          ],
          [
            7.84019,
            1.11919,
            10.6924
          ],
          [
            9.02921,
            1.91597,
            9.69722
          ]
        ],
        "Stress": [
          [
            -56.55101,
            -0.66331,
            -0.72943
          ],
          [
            -0.66331,
            -58.20688,
            -0.42127
          ],
          [
            -0.72943,
            -0.42127,
            -5.30349
          ]
        ],
        "computation_code": "VASP",
        "pseudopotential_information": [
          [
            "PAW_PBE",
            "Pt",
            "04Feb2005"
          ],
          [
            "PAW_PBE",
            "C",
            "08Apr2002"
          ],
          [
            "PAW_PBE",
            "O",
            "08Apr2002"
          ],
          [
            "PAW_PBE",
            "H",
            "15Jun2001"
          ]
        ]
      }
    ],
    "EnergyStyle": "electronvolt",
    "ForcesStyle": "electronvoltperangstrom",
    "LatticeStyle": "angstrom",
    "PositionsStyle": "angstrom",
    "StressStyle": "kB"
  }
}