{
  "Dataset": {
    "AtomTypeStyle": "chemicalsymbol",
    "Data": [
      {
        "AtomTypes": [
          "Pt",
          "Pt",
          "Pt",
          "Pt",
          "Pt",
          "Pt",
          "Pt",
          "Pt",
          "Pt",
          "Pt",
          "Pt",
          "Pt",
          "Pt",
          "Pt",
          "Pt",
          "Pt",
          "Pt",
          "Pt",
          "Pt",
          "Pt",
          "Pt",
          "Pt",
          "Pt",
          "Pt",
          "Pt",
          "Pt",
          "Pt",
          "Pt",
          "Pt",
          "Pt",
          "Pt",
          "Pt",
          "Pt",
          "Pt",
          "Pt",
          "Pt",
          "Pt",
          "Pt",
          "Pt",
          "Pt",
          "Pt",
          "Pt",
          "Pt",
          "Pt",
          "Pt",
          "Pt",
          "Pt",
          "Pt",
          "Pt",
          "Pt",
          "Pt",
          "Pt",
          "Pt",
          "Pt",
          "Pt",
          "Pt",
          "Pt",
          "Pt",
          "Pt",
          "Pt",
          "Pt",
          "Pt",
          "Pt",
          "Pt",
          "C",
          "C",
          "C",
          "C",
          "C",
          "C",
          "O",
          "O",
          "O",
          "O",
          "H",
          "H",
          "H",
          "H",
          "H",
          "H",
          "H",
          "H",
          "H",
          "H",
          "H",
          "H"
        ],
        "Energy": -312.64632529,
        "Forces": [
          [
            -0.009872,
            -0.016262,
            -0.048013
          ],
          [
            0.015314,
            0.00028,
            -0.035348
          ],
          [
            -0.003936,
            0.012634,
            -0.014403
          ],
          [
            -0.000599,
            -0.01014,
            -0.041214
          ],
          [
            0.028001,
            -0.007667,
            -0.043749
          ],
          [
            -0.008761,
            -0.013284,
            -0.042989
          ],
          [
            -0.01412,
            -0.003667,
            -0.040013
          ],
          [
            0.000491,
            0.005359,
            -0.047602
          ],
          [
            0.013663,
            -0.008264,
            -0.061601
          ],
          [
            0.008598,
            -0.001797,
            -0.035688
          ],
          [
            -0.01071,
            -0.016543,
            -0.018644
          ],
          [
            0.002048,
            0.015941,
            -0.045418
          ],
          [
            0.031347,
            -0.002977,
            -0.011704
          ],
          [
            0.002544,
            -0.021813,
            -0.027198
          ],
          [
            -0.018171,
            0.004973,
            -0.040154
          ],
          [
            0.012978,
            0.003994,
            -0.024082
          ],
          [
            -0.035928,
            0.011808,
            -0.047771
          ],
          [
            0.01139,
            0.024153,
            -0.223066
          ],
          [
            0.061323,
            0.011501,
            0.040652
          ],
          [
            -0.035406,
            0.021628,
            0.075634
          ],
          [
            0.054994,
            0.024258,
            -0.082812
          ],
          [
            -0.082557,
            -0.039772,
            -0.114795
          ],
          [
            -0.065634,
            -0.044283,
            -0.029557
          ],
          [
            0.040648,
            0.040131,
            0.087175
          ],
          [
            -0.062252,
            0.111092,
            -0.012468
          ],
          [
            -0.058631,
            -0.000685,
            -0.010521
          ],
          [
            0.06831,
            -0.034937,
            0.030764
          ],
          [
            0.075997,
            -0.059647,
            -0.147908
          ],
          [
            -0.087884,
            0.051189,
            0.021862
          ],
          [
            -0.140432,
            0.045713,
            -0.10458
          ],
          [
            -0.019454,
            -0.090045,
            -0.123674
          ],
          [
            0.132749,
            0.029257,
            -0.066945
          ],
          [
            0.02742,
            0.028395,
            -0.010897
          ],
          [
            -0.013851,
            0.000107,
            -0.083496
          ],
          [
            -0.105296,
            0.001103,
            -0.02546
          ],
          [
            0.014936,
            0.15434,
            -0.025286
          ],
          [
            0.028991,
            0.005694,
            0.107773
          ],
          [
            0.024093,
            0.078132,
            -0.169943
          ],
          [
            -0.012831,
            0.0841,
            -0.216736
          ],
          [
            -0.078656,
            -0.091716,
            -0.021338
          ],
          [
            -0.048463,
            -0.021576,
            -0.222618
          ],
          [
            0.08674,
            0.051938,
            0.008884
          ],
          [
            0.067628,
            -0.079149,
            -0.082184
          ],
          [
            -0.095191,
            0.034446,
            0.197714
          ],
          [
            0.100903,
            -0.025328,
            -0.00147
          ],
          [
            0.05643,
            -0.123175,
            0.037172
          ],
          [
            0.071625,
            0.019442,
            0.058014
          ],
          [
            -0.013446,
            -0.077927,
            -0.057764
          ],
          [
            -0.203849,
            0.238839,
            0.186863
          ],
          [
            -0.178002,
            0.021136,
            0.319292
          ],
          [
            0.118409,
            -0.013117,
            0.066402
          ],
          [
            0.28696,
            -0.14238,
            0.186499
          ],
          [
            -0.083086,
            -0.04336,
            0.051095
          ],
          [
            0.059326,
            -0.042796,
            -0.034558
          ],
          [
            0.103296,
            0.042838,
            0.049083
          ],
          [
            -0.181644,
            -0.107045,
            0.060666
          ],
          [
            -0.007813,
            -0.052836,
            0.20483
          ],
          [
            -0.001397,
            0.019052,
            -0.079564
          ],
          [
            -0.030776,
            -0.081219,
            0.189104
          ],
          [
            0.236483,
            0.157886,
            0.49431
          ],
          [
            -0.133172,
            0.15182,
            0.139304
          ],
          [
            -0.333663,
            0.046983,
            0.21263
          ],
          [
            0.130024,
            -0.156543,
            0.154412
          ],
          [
            0.198691,
            -0.076068,
            -0.024388
          ],
          [
            0.185536,
            0.679024,
            0.127444
          ],
          [
            -1.484265,
            -0.521317,
            0.08625
          ],
          [
            1.658467,
            -0.088756,
            -0.190744
          ],
          [
            0.568533,
            0.758726,
            -0.105939
          ],
          [
            0.360176,
            -0.6453,
            -0.230925
          ],
          [
            0.356912,
            0.29283,
            -0.245874
          ],
          [
            0.216697,
            -0.143904,
            -0.001191
          ],
          [
            -0.26099,
            -0.131297,
            -0.102752
          ],
          [
            -0.494475,
            0.376693,
            -0.15109
          ],
          [
            0.063141,
            -0.044153,
            0.149005
          ],
          [
            -0.07689,
            -0.475573,
            -0.078007
          ],
          [
            0.645066,
            -0.120234,
            -0.259762
          ],
          [
            0.140696,
            0.157189,
            -0.190256
          ],
          [
            -0.169283,
            0.504437,
            -0.033212
          ],
          [
            0.006532,
            -0.087967,
            0.273321
          ],
          [
            -0.729548,
            0.093634,
            0.252604
          ],
          [
            -0.34655,
            -0.278537,
            0.034378
          ],
          [
            -0.191585,
            0.105173,
            -0.250209
          ],
          [
            -0.207665,
            -0.044122,
            0.573976
          ],
          [
            -0.157279,
            0.136598,
            -0.199547
          ],
          [
            0.00864,
            -0.49007,
            0.034506
          ],
          [
            -0.084136,
            -0.073987,
            0.301465
          ]
        ],
        "Lattice": [
          [
            11.254311534,
            0.0,
            0.0
          ],
          [
            5.627155767,
            9.746519691,
            0.0
          ],
          [
            0.0,
            0.0,
            21.483230925
          ]
        ],
        "NumAtoms": 86,
        "Positions": [
          [
            4.22079,
            2.43687,
            0.0
          ],
          [
            7.03437,
            7.31013,
            0.0
          ],
          [
            9.84794,
            2.43687,
            0.0
          ],
          [
            12.66152,
            7.31013,
            0.0
          ],
          [
            1.40693,
            2.43687,
            0.0
          ],
          [
            4.22051,
            7.31013,
            0.0
          ],
          [
            7.03409,
            2.43687,
            0.0
          ],
          [
            9.84766,
            7.31013,
            0.0
          ],
          [
            2.81385,
            0.0,
            0.0
          ],
          [
            5.62743,
            4.87326,
            0.0
          ],
          [
            8.44101,
            0.0,
            0.0
          ],
          [
            11.25459,
            4.87326,
            0.0
          ],
          [
            0.0,
            0.0,
            0.0
          ],
          [
            2.81358,
            4.87326,
            0.0
          ],
          [
            5.62716,
            0.0,
            0.0
          ],
          [
            8.44073,
            4.87326,
            0.0
          ],
          [
            7.03462,
            4.06144,
            2.2975
          ],
          [
            9.8482,
            8.9347,
            2.2975
          ],
          [
            12.66177,
            4.06144,
            2.2975
          ],
          [
            15.47535,
            8.9347,
            2.2975
          ],
          [
            5.62769,
            1.62456,
            2.2975
          ],
          [
            8.44127,
            6.49782,
            2.2975
          ],
          [
            11.25484,
            1.62456,
            2.2975
          ],
          [
            14.06842,
            6.49782,
            2.2975
          ],
          [
            2.81383,
            1.62456,
            2.2975
          ],
          [
            5.62741,
            6.49782,
            2.2975
          ],
          [
            8.44098,
            1.62456,
            2.2975
          ],
          [
            11.25456,
            6.49782,
            2.2975
          ],
          [
            4.22076,
            4.06144,
            2.2975
          ],
          [
            7.03434,
            8.9347,
            2.2975
          ],
          [
            9.84791,
            4.06144,
            2.2975
          ],
          [
            12.66149,
            8.9347,
            2.2975
          ],
          [
            1.3944,
            0.82044,
            4.55231
          ],
          [
            4.21128,
            5.70186,
            4.57711
          ],
          [
            7.04788,
            0.82101,
            4.55948
          ],
          [
            9.8392,
            5.66481,
            4.52444
          ],
          [
            4.22092,
            0.8193,
            4.52925
          ],
          [
            7.02767,
            5.68491,
            4.5579
          ],
          [
            9.84365,
            0.80871,
            4.58947
          ],
          [
            12.67117,
            5.70699,
            4.56557
          ],
          [
            2.81694,
            3.2735,
            4.58452
          ],
          [
            5.60457,
            8.11769,
            4.56383
          ],
          [
            8.42247,
            3.2597,
            4.55544
          ],
          [
            11.27212,
            8.12587,
            4.52029
          ],
          [
            5.60928,
            3.25361,
            4.54393
          ],
          [
            8.42288,
            8.14287,
            4.51298
          ],
          [
            11.24651,
            3.24854,
            4.53951
          ],
          [
            14.07172,
            8.13937,
            4.58246
          ],
          [
            8.46763,
            9.73563,
            6.81349
          ],
          [
            5.64046,
            4.88597,
            6.81475
          ],
          [
            8.41184,
            0.01653,
            6.87717
          ],
          [
            11.21552,
            4.9124,
            6.82391
          ],
          [
            0.0146,
            0.02082,
            6.85581
          ],
          [
            14.04626,
            4.90924,
            6.88291
          ],
          [
            5.60852,
            0.00273,
            6.83837
          ],
          [
            8.45002,
            4.89893,
            6.85885
          ],
          [
            12.65576,
            2.46607,
            6.82051
          ],
          [
            15.47079,
            7.32914,
            6.89499
          ],
          [
            7.03009,
            2.46447,
            6.83794
          ],
          [
            9.81564,
            7.30385,
            6.7523
          ],
          [
            4.23651,
            2.42501,
            6.83849
          ],
          [
            7.06312,
            7.32398,
            6.81893
          ],
          [
            9.82357,
            2.47561,
            6.83693
          ],
          [
            12.61686,
            7.34253,
            6.87309
          ],
          [
            8.60309,
            8.55536,
            10.63646
          ],
          [
            2.96764,
            0.32166,
            10.65157
          ],
          [
            4.12268,
            0.96712,
            11.32275
          ],
          [
            8.58997,
            4.70096,
            10.43073
          ],
          [
            8.46994,
            3.23949,
            10.6254
          ],
          [
            9.74854,
            2.41624,
            10.51664
          ],
          [
            9.59639,
            7.87012,
            10.90313
          ],
          [
            7.43066,
            8.05954,
            10.27671
          ],
          [
            7.61582,
            5.38991,
            10.10732
          ],
          [
            9.8054,
            5.21661,
            10.62865
          ],
          [
            7.49852,
            7.05548,
            10.21613
          ],
          [
            1.97348,
            0.62574,
            11.10227
          ],
          [
            2.8579,
            0.6003,
            9.58475
          ],
          [
            4.17663,
            2.03144,
            11.09964
          ],
          [
            4.09033,
            0.84943,
            12.40944
          ],
          [
            5.11255,
            0.54994,
            10.96418
          ],
          [
            9.80387,
            6.24541,
            10.6314
          ],
          [
            7.73366,
            2.86104,
            9.90222
          ],
          [
            7.98961,
            3.08993,
            11.5925
          ],
          [
            10.40227,
            2.45955,
            11.41142
          ],
          [
            9.46821,
            1.37867,
            10.33719
          ],
          [
            10.34213,
            2.74215,
            9.62682
          ]
        ],
        "Stress": [
          [
            -56.63611,
            0.35425,
            0.9795
          ],
          [
            0.35425,
            -56.02321,
            -0.3229
          ],
          [
            0.9795,
            -0.3229,
            -5.69694
          ]
        ],
        "computation_code": "VASP",
        "pseudopotential_information": [
          [
            "PAW_PBE",
            "Pt",
            "04Feb2005"
          ],
          [
            "PAW_PBE",
            "C",
            "08Apr2002"
          ],
          [
            "PAW_PBE",
            "O",
            "08Apr2002"
          ],
          [
            "PAW_PBE",
            "H",
            "15Jun2001"
          ]
        ]
      }
    ],
    "EnergyStyle": "electronvolt",
    "ForcesStyle": "electronvoltperangstrom",
    "LatticeStyle": "angstrom",
    "PositionsStyle": "angstrom",
    "StressStyle": "kB"
  }
}