{
  "Dataset": {
    "AtomTypeStyle": "chemicalsymbol",
    "Data": [
      {
        "AtomTypes": [
          "Pt",
          "Pt",
          "Pt",
          "Pt",
          "Pt",
          "Pt",
          "Pt",
          "Pt",
          "Pt",
          "Pt",
          "Pt",
          "Pt",
          "Pt",
          "Pt",
          "Pt",
          "Pt",
          "Pt",
          "Pt",
          "Pt",
          "Pt",
          "Pt",
          "Pt",
          "Pt",
          "Pt",
          "Pt",
          "Pt",
          "Pt",
          "Pt",
          "Pt",
          "Pt",
          "Pt",
          "Pt",
          "Pt",
          "Pt",
          "Pt",
          "Pt",
          "Pt",
          "Pt",
          "Pt",
          "Pt",
          "Pt",
          "Pt",
          "Pt",
          "Pt",
          "Pt",
          "Pt",
          "Pt",
          "Pt",
          "Pt",
          "Pt",
          "Pt",
          "Pt",
          "Pt",
          "Pt",
          "Pt",
          "Pt",
          "Pt",
          "Pt",
          "Pt",
          "Pt",
          "Pt",
          "Pt",
          "Pt",
          "Pt",
          "C",
          "C",
          "C",
          "C",
          "C",
          "C",
          "O",
          "O",
          "O",
          "O",
          "H",
          "H",
          "H",
          "H",
          "H",
          "H",
          "H",
          "H",
          "H",
          "H",
          "H",
          "H"
        ],
        "Energy": -312.72135462,
        "Forces": [
          [
            -0.005298,
            0.004693,
            -0.033903
          ],
          [
            -0.009648,
            0.001478,
            -0.01991
          ],
          [
            -0.000271,
            -0.003624,
            -0.032591
          ],
          [
            -0.000398,
            0.003274,
            -0.02553
          ],
          [
            0.002074,
            -0.002556,
            -0.041397
          ],
          [
            0.002246,
            0.000995,
            -0.040839
          ],
          [
            0.000344,
            -0.010253,
            -0.041612
          ],
          [
            0.003489,
            0.002534,
            -0.044427
          ],
          [
            -0.00784,
            0.009834,
            -0.032662
          ],
          [
            -0.00635,
            0.003779,
            -0.027896
          ],
          [
            -0.001655,
            0.009972,
            -0.040019
          ],
          [
            0.001857,
            -0.002551,
            -0.026669
          ],
          [
            0.003341,
            0.004066,
            -0.04082
          ],
          [
            0.005465,
            -0.002117,
            -0.038747
          ],
          [
            0.002586,
            0.007065,
            -0.027319
          ],
          [
            -0.000236,
            0.001604,
            -0.031854
          ],
          [
            -0.008373,
            0.011245,
            -0.016503
          ],
          [
            0.00866,
            -0.00645,
            0.005015
          ],
          [
            0.014121,
            -0.0015,
            0.039302
          ],
          [
            -0.004653,
            -0.003737,
            0.046491
          ],
          [
            -0.005236,
            0.001086,
            0.018839
          ],
          [
            -0.001117,
            -0.014324,
            -0.007532
          ],
          [
            0.014587,
            -0.000887,
            0.042201
          ],
          [
            -0.00804,
            -0.008609,
            0.029327
          ],
          [
            0.008866,
            0.014448,
            0.040908
          ],
          [
            0.026215,
            -0.021219,
            0.071751
          ],
          [
            0.000468,
            -0.003254,
            0.018879
          ],
          [
            0.000995,
            0.001826,
            0.018364
          ],
          [
            -0.010407,
            -0.002283,
            0.037861
          ],
          [
            0.016254,
            -0.002521,
            0.038358
          ],
          [
            0.013051,
            0.012588,
            -0.026654
          ],
          [
            -0.024796,
            -0.029305,
            0.079671
          ],
          [
            -0.036642,
            0.001322,
            -0.039642
          ],
          [
            -0.004322,
            0.018562,
            -0.014981
          ],
          [
            0.006849,
            -0.012895,
            -0.054798
          ],
          [
            -0.007747,
            0.024508,
            -0.011567
          ],
          [
            -0.001817,
            -0.002016,
            -0.0029
          ],
          [
            0.001693,
            0.023605,
            -0.020859
          ],
          [
            0.017129,
            -0.028228,
            -0.010505
          ],
          [
            0.023466,
            0.007717,
            -0.018948
          ],
          [
            -0.014403,
            0.001684,
            -0.029815
          ],
          [
            -0.043292,
            0.011735,
            -0.045628
          ],
          [
            -0.000487,
            -0.069444,
            -0.042027
          ],
          [
            -0.009429,
            -0.020433,
            0.039769
          ],
          [
            -0.013287,
            0.000988,
            0.036056
          ],
          [
            0.012478,
            -0.015478,
            0.082448
          ],
          [
            0.0068,
            -0.03099,
            -0.015111
          ],
          [
            -0.004354,
            0.005253,
            -0.009878
          ],
          [
            -0.092444,
            0.129815,
            -0.089823
          ],
          [
            -0.099414,
            0.01459,
            -0.019051
          ],
          [
            0.026932,
            -0.030753,
            0.010247
          ],
          [
            0.11762,
            -0.077916,
            -0.072748
          ],
          [
            0.013463,
            0.004425,
            0.035398
          ],
          [
            0.015311,
            -0.027047,
            0.018641
          ],
          [
            0.060189,
            0.065452,
            -0.02316
          ],
          [
            -0.05668,
            -0.087132,
            -0.287957
          ],
          [
            0.004471,
            -0.007341,
            0.019323
          ],
          [
            -0.003413,
            0.018281,
            0.018571
          ],
          [
            -0.059874,
            -0.10352,
            -0.058463
          ],
          [
            0.105368,
            0.010801,
            -0.024316
          ],
          [
            -0.003451,
            0.020457,
            0.005116
          ],
          [
            -0.158173,
            -0.008928,
            -0.090174
          ],
          [
            0.048216,
            -0.048422,
            -0.056801
          ],
          [
            0.076347,
            0.024064,
            -0.01732
          ],
          [
            0.916165,
            0.121234,
            -0.308439
          ],
          [
            -0.249144,
            -0.75287,
            0.633199
          ],
          [
            -0.121137,
            0.1405,
            -0.7828
          ],
          [
            -0.745065,
            0.414556,
            0.470882
          ],
          [
            -0.085464,
            0.213297,
            -0.132575
          ],
          [
            -0.355709,
            0.404056,
            -0.20501
          ],
          [
            -0.270501,
            0.193714,
            0.271243
          ],
          [
            -0.337643,
            0.264763,
            0.087832
          ],
          [
            0.240137,
            -0.444451,
            -0.18603
          ],
          [
            0.140327,
            -0.574391,
            0.15189
          ],
          [
            -0.177045,
            -0.27073,
            -0.034344
          ],
          [
            -0.41297,
            0.555935,
            -0.224071
          ],
          [
            0.439662,
            0.049918,
            -0.253179
          ],
          [
            0.301496,
            0.832539,
            0.145381
          ],
          [
            -0.70604,
            -0.088943,
            0.411141
          ],
          [
            0.67847,
            -0.623288,
            0.327332
          ],
          [
            0.098053,
            0.297393,
            0.052966
          ],
          [
            0.064022,
            0.065947,
            0.136612
          ],
          [
            0.136324,
            -0.05345,
            -0.091252
          ],
          [
            0.259344,
            0.235676,
            0.620947
          ],
          [
            -0.329516,
            -0.686334,
            0.125878
          ],
          [
            0.558152,
            -0.081841,
            -0.549668
          ]
        ],
        "Lattice": [
          [
            11.254311534,
            0.0,
            0.0
          ],
          [
            5.627155767,
            9.746519691,
            0.0
          ],
          [
            0.0,
            0.0,
            21.483230925
          ]
        ],
        "NumAtoms": 86,
        "Positions": [
          [
            4.22079,
            2.43687,
            0.0
          ],
          [
            7.03437,
            7.31013,
            0.0
          ],
          [
            9.84794,
            2.43687,
            0.0
          ],
          [
            12.66152,
            7.31013,
            0.0
          ],
          [
            1.40693,
            2.43687,
            0.0
          ],
          [
            4.22051,
            7.31013,
            0.0
          ],
          [
            7.03409,
            2.43687,
            0.0
          ],
          [
            9.84766,
            7.31013,
            0.0
          ],
          [
            2.81385,
            0.0,
            0.0
          ],
          [
            5.62743,
            4.87326,
            0.0
          ],
          [
            8.44101,
            0.0,
            0.0
          ],
          [
            11.25459,
            4.87326,
            0.0
          ],
          [
            0.0,
            0.0,
            0.0
          ],
          [
            2.81358,
            4.87326,
            0.0
          ],
          [
            5.62716,
            0.0,
            0.0
          ],
          [
            8.44073,
            4.87326,
            0.0
          ],
          [
            7.03462,
            4.06144,
            2.2975
          ],
          [
            9.8482,
            8.9347,
            2.2975
          ],
          [
            12.66177,
            4.06144,
            2.2975
          ],
          [
            15.47535,
            8.9347,
            2.2975
          ],
          [
            5.62769,
            1.62456,
            2.2975
          ],
          [
            8.44127,
            6.49782,
            2.2975
          ],
          [
            11.25484,
            1.62456,
            2.2975
          ],
          [
            14.06842,
            6.49782,
            2.2975
          ],
          [
            2.81383,
            1.62456,
            2.2975
          ],
          [
            5.62741,
            6.49782,
            2.2975
          ],
          [
            8.44098,
            1.62456,
            2.2975
          ],
          [
            11.25456,
            6.49782,
            2.2975
          ],
          [
            4.22076,
            4.06144,
            2.2975
          ],
          [
            7.03434,
            8.9347,
            2.2975
          ],
          [
            9.84791,
            4.06144,
            2.2975
          ],
          [
            12.66149,
            8.9347,
            2.2975
          ],
          [
            1.40891,
            0.811,
            4.56833
          ],
          [
            4.22146,
            5.68489,
            4.56594
          ],
          [
            7.03813,
            0.80823,
            4.56668
          ],
          [
            9.85216,
            5.68238,
            4.55624
          ],
          [
            4.22497,
            0.81226,
            4.56539
          ],
          [
            7.03454,
            5.68248,
            4.56829
          ],
          [
            9.84647,
            0.81004,
            4.56814
          ],
          [
            12.66464,
            5.68508,
            4.5679
          ],
          [
            2.81541,
            3.24738,
            4.56986
          ],
          [
            5.63154,
            8.12162,
            4.56782
          ],
          [
            8.4453,
            3.24731,
            4.55574
          ],
          [
            11.25241,
            8.11746,
            4.56751
          ],
          [
            5.62926,
            3.24698,
            4.56056
          ],
          [
            8.44498,
            8.11872,
            4.55722
          ],
          [
            11.25642,
            3.24598,
            4.56509
          ],
          [
            14.07115,
            8.12137,
            4.56865
          ],
          [
            8.44495,
            9.73876,
            6.86231
          ],
          [
            5.62977,
            4.86864,
            6.87256
          ],
          [
            14.06632,
            9.74296,
            6.87919
          ],
          [
            11.2618,
            4.86111,
            6.86356
          ],
          [
            5.62546,
            9.74004,
            6.87254
          ],
          [
            2.81772,
            4.87076,
            6.87317
          ],
          [
            11.25852,
            9.74246,
            6.86979
          ],
          [
            8.43732,
            4.85955,
            6.84014
          ],
          [
            1.41062,
            2.43084,
            6.8753
          ],
          [
            4.22528,
            7.30201,
            6.87378
          ],
          [
            7.03013,
            2.43098,
            6.86143
          ],
          [
            9.85307,
            7.30136,
            6.86807
          ],
          [
            4.21919,
            2.43046,
            6.87406
          ],
          [
            7.03501,
            7.31131,
            6.87202
          ],
          [
            9.85188,
            2.42617,
            6.87103
          ],
          [
            12.6677,
            7.29996,
            6.875
          ],
          [
            8.92533,
            7.81918,
            9.85688
          ],
          [
            9.53577,
            9.17902,
            10.04428
          ],
          [
            9.75723,
            9.4016,
            11.54778
          ],
          [
            7.56742,
            4.36012,
            10.02399
          ],
          [
            7.05151,
            2.96485,
            10.22249
          ],
          [
            8.07656,
            1.9661,
            10.74045
          ],
          [
            9.57418,
            6.88966,
            9.26533
          ],
          [
            7.76833,
            7.64409,
            10.38865
          ],
          [
            6.88085,
            5.34458,
            10.40352
          ],
          [
            8.73844,
            4.50753,
            9.43588
          ],
          [
            7.3974,
            6.64664,
            10.33195
          ],
          [
            3.21152,
            0.16413,
            9.64854
          ],
          [
            10.46359,
            9.23341,
            9.48091
          ],
          [
            4.45814,
            0.66442,
            11.72369
          ],
          [
            8.84381,
            9.24362,
            12.09455
          ],
          [
            10.50641,
            8.73275,
            11.9284
          ],
          [
            9.05316,
            5.50086,
            9.38003
          ],
          [
            6.67498,
            2.62444,
            9.21478
          ],
          [
            6.16016,
            3.05203,
            10.87412
          ],
          [
            8.53285,
            2.30197,
            11.66195
          ],
          [
            7.5948,
            1.01838,
            10.9282
          ],
          [
            8.86325,
            1.79943,
            10.01991
          ]
        ],
        "Stress": [
          [
            -57.39886,
            0.24281,
            -0.16538
          ],
          [
            0.24281,
            -57.06804,
            0.55616
          ],
          [
            -0.16538,
            0.55616,
            -6.19161
          ]
        ],
        "computation_code": "VASP",
        "pseudopotential_information": [
          [
            "PAW_PBE",
            "Pt",
            "04Feb2005"
          ],
          [
            "PAW_PBE",
            "C",
            "08Apr2002"
          ],
          [
            "PAW_PBE",
            "O",
            "08Apr2002"
          ],
          [
            "PAW_PBE",
            "H",
            "15Jun2001"
          ]
        ]
      }
    ],
    "EnergyStyle": "electronvolt",
    "ForcesStyle": "electronvoltperangstrom",
    "LatticeStyle": "angstrom",
    "PositionsStyle": "angstrom",
    "StressStyle": "kB"
  }
}