{
  "Dataset": {
    "AtomTypeStyle": "chemicalsymbol",
    "Data": [
      {
        "AtomTypes": [
          "Pt",
          "Pt",
          "Pt",
          "Pt",
          "Pt",
          "Pt",
          "Pt",
          "Pt",
          "Pt",
          "Pt",
          "Pt",
          "Pt",
          "Pt",
          "Pt",
          "Pt",
          "Pt",
          "Pt",
          "Pt",
          "Pt",
          "Pt",
          "Pt",
          "Pt",
          "Pt",
          "Pt",
          "Pt",
          "Pt",
          "Pt",
          "Pt",
          "Pt",
          "Pt",
          "Pt",
          "Pt",
          "Pt",
          "Pt",
          "Pt",
          "Pt",
          "Pt",
          "Pt",
          "Pt",
          "Pt",
          "Pt",
          "Pt",
          "Pt",
          "Pt",
          "Pt",
          "Pt",
          "Pt",
          "Pt",
          "Pt",
          "Pt",
          "Pt",
          "Pt",
          "Pt",
          "Pt",
          "Pt",
          "Pt",
          "Pt",
          "Pt",
          "Pt",
          "Pt",
          "Pt",
          "Pt",
          "Pt",
          "Pt",
          "C",
          "C",
          "C",
          "C",
          "C",
          "C",
          "O",
          "O",
          "O",
          "O",
          "H",
          "H",
          "H",
          "H",
          "H",
          "H",
          "H",
          "H",
          "H",
          "H",
          "H",
          "H"
        ],
        "Energy": -312.87619384,
        "Forces": [
          [
            -0.001347,
            0.001068,
            -0.032825
          ],
          [
            0.001876,
            -0.000399,
            -0.032952
          ],
          [
            -0.004332,
            0.007892,
            -0.03432
          ],
          [
            0.004692,
            -0.003043,
            -0.042167
          ],
          [
            -0.000674,
            -0.00404,
            -0.021314
          ],
          [
            -0.005646,
            0.017341,
            -0.040569
          ],
          [
            0.017736,
            -0.007357,
            -0.022236
          ],
          [
            0.007198,
            0.000529,
            -0.051598
          ],
          [
            0.006594,
            0.005066,
            -0.037181
          ],
          [
            -0.000887,
            0.009183,
            -0.034854
          ],
          [
            -0.00367,
            -0.011963,
            -0.048883
          ],
          [
            0.004129,
            0.013895,
            -0.036987
          ],
          [
            0.007481,
            -0.008175,
            -0.018617
          ],
          [
            0.008056,
            0.011325,
            -0.023622
          ],
          [
            -0.001349,
            0.00057,
            -0.014662
          ],
          [
            0.008542,
            0.011386,
            -0.019581
          ],
          [
            -0.010242,
            -0.017317,
            0.102431
          ],
          [
            0.044872,
            0.039918,
            -0.043843
          ],
          [
            -0.010596,
            -0.019654,
            0.110471
          ],
          [
            0.01554,
            -0.0219,
            0.197419
          ],
          [
            0.032685,
            -0.024745,
            0.102061
          ],
          [
            -0.077639,
            -0.070069,
            -0.054368
          ],
          [
            0.000871,
            -0.006073,
            0.11942
          ],
          [
            0.01175,
            -0.005736,
            0.178493
          ],
          [
            -0.041403,
            0.015575,
            0.119015
          ],
          [
            -0.02148,
            -0.007861,
            0.144959
          ],
          [
            -0.021229,
            0.023833,
            0.148194
          ],
          [
            0.057154,
            -0.0295,
            -0.004799
          ],
          [
            -0.03176,
            0.01485,
            0.085036
          ],
          [
            -0.105298,
            0.024018,
            0.054229
          ],
          [
            -0.013031,
            -0.079522,
            0.064174
          ],
          [
            0.049021,
            0.033458,
            0.14264
          ],
          [
            -0.043429,
            0.068675,
            -0.145072
          ],
          [
            -0.038087,
            0.059935,
            -0.082012
          ],
          [
            -0.011808,
            -0.072816,
            -0.163734
          ],
          [
            0.07187,
            0.009811,
            0.175036
          ],
          [
            0.042733,
            0.000384,
            -0.02688
          ],
          [
            -0.106372,
            0.116522,
            -0.07295
          ],
          [
            0.045276,
            -0.100736,
            0.00896
          ],
          [
            0.098995,
            0.058222,
            -0.062823
          ],
          [
            -0.015184,
            -0.014793,
            -0.054889
          ],
          [
            -0.122901,
            0.09275,
            -0.186771
          ],
          [
            0.004265,
            -0.205914,
            -0.096828
          ],
          [
            0.093678,
            0.106037,
            -0.011548
          ],
          [
            0.045459,
            0.042559,
            0.011391
          ],
          [
            -0.056122,
            0.013077,
            0.267907
          ],
          [
            0.043953,
            -0.045391,
            -0.056225
          ],
          [
            0.011601,
            0.000894,
            -0.067115
          ],
          [
            -0.114876,
            0.202218,
            -0.041491
          ],
          [
            -0.178137,
            -0.000274,
            0.067245
          ],
          [
            0.094349,
            0.001024,
            -0.001209
          ],
          [
            0.130563,
            -0.135021,
            -0.061446
          ],
          [
            -0.150929,
            0.015837,
            0.025233
          ],
          [
            0.080742,
            -0.004487,
            -0.02255
          ],
          [
            0.145234,
            0.175261,
            0.034106
          ],
          [
            -0.091175,
            -0.195567,
            -0.265881
          ],
          [
            0.100852,
            -0.01498,
            0.084179
          ],
          [
            -0.071784,
            0.021219,
            -0.026388
          ],
          [
            -0.01423,
            -0.103521,
            -0.018085
          ],
          [
            0.090471,
            0.041301,
            0.068207
          ],
          [
            -0.107981,
            0.082557,
            0.035856
          ],
          [
            -0.200624,
            0.073812,
            -0.055904
          ],
          [
            0.02074,
            -0.125715,
            -0.007319
          ],
          [
            0.265659,
            -0.019038,
            -0.001039
          ],
          [
            -0.13781,
            -0.802065,
            -0.307258
          ],
          [
            -0.315677,
            -0.089987,
            -0.735178
          ],
          [
            0.86658,
            0.125751,
            0.45728
          ],
          [
            0.194951,
            -0.92931,
            -0.023587
          ],
          [
            -0.481184,
            -0.386792,
            -0.006888
          ],
          [
            0.145548,
            -0.30708,
            -0.295431
          ],
          [
            0.070101,
            -0.022934,
            0.148645
          ],
          [
            -0.059414,
            0.496953,
            0.191027
          ],
          [
            -0.641659,
            0.719873,
            -0.209334
          ],
          [
            0.468593,
            0.84281,
            0.211345
          ],
          [
            0.37798,
            0.1125,
            0.09139
          ],
          [
            -0.317364,
            0.098829,
            0.310821
          ],
          [
            -0.010277,
            -0.007207,
            0.101417
          ],
          [
            -0.048658,
            -0.471935,
            -0.172148
          ],
          [
            -0.242015,
            0.192903,
            -0.411021
          ],
          [
            -0.232188,
            0.086077,
            0.168608
          ],
          [
            -0.029506,
            -0.313504,
            0.027427
          ],
          [
            0.296645,
            0.318516,
            0.321985
          ],
          [
            0.193324,
            0.04055,
            -0.307004
          ],
          [
            0.027361,
            0.081271,
            0.099039
          ],
          [
            -0.03338,
            0.212223,
            0.047508
          ],
          [
            -0.11218,
            -0.044882,
            0.137893
          ]
        ],
        "Lattice": [
          [
            11.254311534,
            0.0,
            0.0
          ],
          [
            5.627155767,
            9.746519691,
            0.0
          ],
          [
            0.0,
            0.0,
            21.483230925
          ]
        ],
        "NumAtoms": 86,
        "Positions": [
          [
            4.22079,
            2.43687,
            0.0
          ],
          [
            7.03437,
            7.31013,
            0.0
          ],
          [
            9.84794,
            2.43687,
            0.0
          ],
          [
            12.66152,
            7.31013,
            0.0
          ],
          [
            1.40693,
            2.43687,
            0.0
          ],
          [
            4.22051,
            7.31013,
            0.0
          ],
          [
            7.03409,
            2.43687,
            0.0
          ],
          [
            9.84766,
            7.31013,
            0.0
          ],
          [
            2.81385,
            0.0,
            0.0
          ],
          [
            5.62743,
            4.87326,
            0.0
          ],
          [
            8.44101,
            0.0,
            0.0
          ],
          [
            11.25459,
            4.87326,
            0.0
          ],
          [
            0.0,
            0.0,
            0.0
          ],
          [
            2.81358,
            4.87326,
            0.0
          ],
          [
            5.62716,
            0.0,
            0.0
          ],
          [
            8.44073,
            4.87326,
            0.0
          ],
          [
            7.03462,
            4.06144,
            2.2975
          ],
          [
            9.8482,
            8.9347,
            2.2975
          ],
          [
            12.66177,
            4.06144,
            2.2975
          ],
          [
            15.47535,
            8.9347,
            2.2975
          ],
          [
            5.62769,
            1.62456,
            2.2975
          ],
          [
            8.44127,
            6.49782,
            2.2975
          ],
          [
            11.25484,
            1.62456,
            2.2975
          ],
          [
            14.06842,
            6.49782,
            2.2975
          ],
          [
            2.81383,
            1.62456,
            2.2975
          ],
          [
            5.62741,
            6.49782,
            2.2975
          ],
          [
            8.44098,
            1.62456,
            2.2975
          ],
          [
            11.25456,
            6.49782,
            2.2975
          ],
          [
            4.22076,
            4.06144,
            2.2975
          ],
          [
            7.03434,
            8.9347,
            2.2975
          ],
          [
            9.84791,
            4.06144,
            2.2975
          ],
          [
            12.66149,
            8.9347,
            2.2975
          ],
          [
            1.40618,
            0.80026,
            4.58351
          ],
          [
            4.22106,
            5.67237,
            4.58476
          ],
          [
            7.02909,
            0.82001,
            4.59232
          ],
          [
            9.83484,
            5.67952,
            4.55578
          ],
          [
            4.21302,
            0.80663,
            4.56999
          ],
          [
            7.0465,
            5.6666,
            4.58375
          ],
          [
            9.83741,
            0.82578,
            4.57471
          ],
          [
            12.64345,
            5.67275,
            4.58187
          ],
          [
            2.80833,
            3.24672,
            4.57946
          ],
          [
            5.63866,
            8.0991,
            4.59173
          ],
          [
            8.43288,
            3.2763,
            4.59342
          ],
          [
            11.24294,
            8.10622,
            4.56189
          ],
          [
            5.61603,
            3.23834,
            4.56639
          ],
          [
            8.44351,
            8.11588,
            4.53443
          ],
          [
            11.24222,
            3.25257,
            4.57856
          ],
          [
            14.06425,
            8.11495,
            4.5813
          ],
          [
            8.44985,
            9.70887,
            6.88103
          ],
          [
            5.65081,
            4.86829,
            6.87284
          ],
          [
            14.04461,
            9.7383,
            6.87458
          ],
          [
            11.22124,
            4.89249,
            6.90532
          ],
          [
            5.63992,
            9.73617,
            6.86813
          ],
          [
            14.0428,
            4.86915,
            6.87973
          ],
          [
            11.22185,
            9.71044,
            6.87825
          ],
          [
            8.45828,
            4.9015,
            6.94549
          ],
          [
            12.6383,
            2.43451,
            6.86248
          ],
          [
            4.22311,
            7.29771,
            6.88214
          ],
          [
            7.02923,
            2.45142,
            6.88593
          ],
          [
            9.82456,
            7.29451,
            6.87906
          ],
          [
            4.22702,
            2.4139,
            6.8721
          ],
          [
            7.06279,
            7.2957,
            6.88648
          ],
          [
            9.8313,
            2.45462,
            6.88995
          ],
          [
            12.61161,
            7.30603,
            6.88152
          ],
          [
            8.7283,
            8.45752,
            10.50729
          ],
          [
            3.31513,
            0.17416,
            10.7824
          ],
          [
            4.72784,
            0.5807,
            11.10987
          ],
          [
            7.91652,
            4.68284,
            10.23758
          ],
          [
            7.58196,
            3.21912,
            10.36557
          ],
          [
            8.77953,
            2.28023,
            10.39259
          ],
          [
            9.62163,
            7.60405,
            10.63391
          ],
          [
            7.49805,
            8.13373,
            10.0839
          ],
          [
            7.06907,
            5.52248,
            9.92803
          ],
          [
            9.1799,
            4.95769,
            10.48383
          ],
          [
            7.32564,
            7.12196,
            9.98911
          ],
          [
            2.61768,
            0.46375,
            11.57223
          ],
          [
            2.95425,
            0.70596,
            9.87101
          ],
          [
            4.77784,
            1.67873,
            11.32363
          ],
          [
            5.12404,
            0.04947,
            12.01368
          ],
          [
            5.43067,
            0.35246,
            10.27514
          ],
          [
            9.35382,
            5.98276,
            10.46777
          ],
          [
            6.87923,
            2.93162,
            9.53036
          ],
          [
            6.96826,
            3.11699,
            11.2991
          ],
          [
            9.38097,
            2.37771,
            11.30646
          ],
          [
            8.46433,
            1.21955,
            10.29805
          ],
          [
            9.45819,
            2.48963,
            9.53199
          ]
        ],
        "Stress": [
          [
            -60.61115,
            -1.03709,
            0.14302
          ],
          [
            -1.03709,
            -62.91184,
            -0.49969
          ],
          [
            0.14302,
            -0.49969,
            -13.02277
          ]
        ],
        "computation_code": "VASP",
        "pseudopotential_information": [
          [
            "PAW_PBE",
            "Pt",
            "04Feb2005"
          ],
          [
            "PAW_PBE",
            "C",
            "08Apr2002"
          ],
          [
            "PAW_PBE",
            "O",
            "08Apr2002"
          ],
          [
            "PAW_PBE",
            "H",
            "15Jun2001"
          ]
        ]
      }
    ],
    "EnergyStyle": "electronvolt",
    "ForcesStyle": "electronvoltperangstrom",
    "LatticeStyle": "angstrom",
    "PositionsStyle": "angstrom",
    "StressStyle": "kB"
  }
}