{
  "Dataset": {
    "AtomTypeStyle": "chemicalsymbol",
    "Data": [
      {
        "AtomTypes": [
          "Pt",
          "Pt",
          "Pt",
          "Pt",
          "Pt",
          "Pt",
          "Pt",
          "Pt",
          "Pt",
          "Pt",
          "Pt",
          "Pt",
          "Pt",
          "Pt",
          "Pt",
          "Pt",
          "Pt",
          "Pt",
          "Pt",
          "Pt",
          "Pt",
          "Pt",
          "Pt",
          "Pt",
          "Pt",
          "Pt",
          "Pt",
          "Pt",
          "Pt",
          "Pt",
          "Pt",
          "Pt",
          "Pt",
          "Pt",
          "Pt",
          "Pt",
          "Pt",
          "Pt",
          "Pt",
          "Pt",
          "Pt",
          "Pt",
          "Pt",
          "Pt",
          "Pt",
          "Pt",
          "Pt",
          "Pt",
          "Pt",
          "Pt",
          "Pt",
          "Pt",
          "Pt",
          "Pt",
          "Pt",
          "Pt",
          "Pt",
          "Pt",
          "Pt",
          "Pt",
          "Pt",
          "Pt",
          "Pt",
          "Pt",
          "C",
          "C",
          "C",
          "C",
          "C",
          "C",
          "O",
          "O",
          "O",
          "O",
          "H",
          "H",
          "H",
          "H",
          "H",
          "H",
          "H",
          "H",
          "H",
          "H",
          "H",
          "H"
        ],
        "Energy": -312.75614853,
        "Forces": [
          [
            -0.005156,
            -0.002999,
            -0.040509
          ],
          [
            0.004482,
            0.003848,
            -0.029485
          ],
          [
            0.016153,
            -0.001445,
            -0.018568
          ],
          [
            -0.010355,
            -0.001054,
            -0.012215
          ],
          [
            0.018119,
            0.006275,
            -0.052517
          ],
          [
            0.016128,
            -0.025165,
            -0.014283
          ],
          [
            -0.023225,
            0.016373,
            -0.032674
          ],
          [
            -0.004757,
            0.000902,
            -0.020596
          ],
          [
            -0.005949,
            0.008911,
            -0.037467
          ],
          [
            0.0032,
            -0.006077,
            -0.036024
          ],
          [
            0.008915,
            0.024299,
            -0.00311
          ],
          [
            -0.002586,
            -0.008051,
            -0.03329
          ],
          [
            0.01355,
            0.018195,
            -0.040492
          ],
          [
            0.001232,
            -0.016981,
            -0.043255
          ],
          [
            -0.004669,
            0.00768,
            -0.044414
          ],
          [
            0.002881,
            0.004987,
            -0.040747
          ],
          [
            -0.045253,
            -0.01857,
            -0.165923
          ],
          [
            -0.020032,
            -0.034075,
            -0.001856
          ],
          [
            0.018525,
            0.008288,
            -0.081169
          ],
          [
            -0.055929,
            -0.002902,
            -0.110971
          ],
          [
            -0.033447,
            0.026387,
            -0.076854
          ],
          [
            0.058668,
            0.063492,
            -0.07688
          ],
          [
            -0.025446,
            -0.013508,
            -0.09655
          ],
          [
            -0.006003,
            0.011152,
            -0.086464
          ],
          [
            0.02868,
            0.021167,
            -0.077763
          ],
          [
            -0.060373,
            0.024189,
            -0.183931
          ],
          [
            0.026818,
            -0.102052,
            -0.196625
          ],
          [
            0.003497,
            0.040638,
            -0.056851
          ],
          [
            -0.010204,
            -0.005787,
            -0.030732
          ],
          [
            0.063597,
            -0.027625,
            -0.116862
          ],
          [
            0.03363,
            0.050824,
            -0.172429
          ],
          [
            -0.048273,
            -0.078803,
            -0.083474
          ],
          [
            0.046843,
            -0.002661,
            0.138472
          ],
          [
            -0.009718,
            -0.030422,
            0.080188
          ],
          [
            -0.016197,
            0.091947,
            0.180235
          ],
          [
            -0.107422,
            0.006271,
            0.053056
          ],
          [
            -0.024689,
            -0.000655,
            0.048937
          ],
          [
            0.161639,
            -0.103877,
            0.250517
          ],
          [
            -0.022646,
            0.08556,
            0.030284
          ],
          [
            -0.052737,
            -0.039549,
            0.086728
          ],
          [
            0.011966,
            -0.015958,
            0.059701
          ],
          [
            0.045977,
            -0.07529,
            0.169123
          ],
          [
            -0.031293,
            0.202073,
            0.240284
          ],
          [
            -0.05948,
            -0.04413,
            -0.022319
          ],
          [
            0.010815,
            -0.045018,
            0.043895
          ],
          [
            0.08407,
            -0.054683,
            -0.084286
          ],
          [
            -0.028656,
            0.024269,
            0.112846
          ],
          [
            0.034021,
            -0.043119,
            0.041977
          ],
          [
            0.117058,
            -0.191814,
            0.161578
          ],
          [
            0.200961,
            0.011169,
            -0.007514
          ],
          [
            -0.082445,
            0.033162,
            -0.011852
          ],
          [
            -0.141502,
            0.139113,
            0.138068
          ],
          [
            0.072771,
            -0.011188,
            -0.028056
          ],
          [
            -0.076985,
            0.020393,
            -0.002498
          ],
          [
            -0.101366,
            -0.122868,
            0.024218
          ],
          [
            0.07148,
            0.227421,
            0.28591
          ],
          [
            -0.077674,
            0.016048,
            -0.056839
          ],
          [
            0.080725,
            -0.041222,
            -0.006478
          ],
          [
            0.053696,
            0.110999,
            0.023123
          ],
          [
            -0.159382,
            -0.083379,
            0.069611
          ],
          [
            0.078058,
            -0.065896,
            -0.031327
          ],
          [
            0.239092,
            -0.06519,
            0.167182
          ],
          [
            -0.048271,
            0.101783,
            0.069535
          ],
          [
            -0.223157,
            -0.016122,
            0.02978
          ],
          [
            1.196256,
            -0.143414,
            -0.434712
          ],
          [
            0.471518,
            -0.180711,
            0.973129
          ],
          [
            -0.779216,
            0.021464,
            -1.023241
          ],
          [
            0.464234,
            0.256445,
            0.117876
          ],
          [
            0.508416,
            -0.043922,
            0.833466
          ],
          [
            -0.556805,
            0.308801,
            -0.469786
          ],
          [
            -0.438434,
            0.163067,
            -0.119516
          ],
          [
            -0.439332,
            0.564408,
            0.036515
          ],
          [
            -0.150839,
            -0.228137,
            -0.049665
          ],
          [
            -0.471052,
            0.600009,
            0.058732
          ],
          [
            -0.230467,
            -0.70169,
            0.050844
          ],
          [
            -0.497083,
            0.212078,
            0.024258
          ],
          [
            0.21787,
            -0.047806,
            -0.403721
          ],
          [
            0.267786,
            0.666748,
            0.028704
          ],
          [
            -0.35278,
            -0.114626,
            0.643219
          ],
          [
            0.66187,
            -0.528186,
            0.064144
          ],
          [
            0.090734,
            -0.308977,
            -0.00031
          ],
          [
            -0.408431,
            -0.259832,
            -0.716789
          ],
          [
            0.070977,
            0.047084,
            -0.082705
          ],
          [
            0.430082,
            0.223409,
            0.703225
          ],
          [
            -0.34376,
            -0.483765,
            0.050848
          ],
          [
            0.29698,
            -0.027489,
            -0.378776
          ]
        ],
        "Lattice": [
          [
            11.254311534,
            0.0,
            0.0
          ],
          [
            5.627155767,
            9.746519691,
            0.0
          ],
          [
            0.0,
            0.0,
            21.483230925
          ]
        ],
        "NumAtoms": 86,
        "Positions": [
          [
            4.22079,
            2.43687,
            0.0
          ],
          [
            7.03437,
            7.31013,
            0.0
          ],
          [
            9.84794,
            2.43687,
            0.0
          ],
          [
            12.66152,
            7.31013,
            0.0
          ],
          [
            1.40693,
            2.43687,
            0.0
          ],
          [
            4.22051,
            7.31013,
            0.0
          ],
          [
            7.03409,
            2.43687,
            0.0
          ],
          [
            9.84766,
            7.31013,
            0.0
          ],
          [
            2.81385,
            0.0,
            0.0
          ],
          [
            5.62743,
            4.87326,
            0.0
          ],
          [
            8.44101,
            0.0,
            0.0
          ],
          [
            11.25459,
            4.87326,
            0.0
          ],
          [
            0.0,
            0.0,
            0.0
          ],
          [
            2.81358,
            4.87326,
            0.0
          ],
          [
            5.62716,
            0.0,
            0.0
          ],
          [
            8.44073,
            4.87326,
            0.0
          ],
          [
            7.03462,
            4.06144,
            2.2975
          ],
          [
            9.8482,
            8.9347,
            2.2975
          ],
          [
            12.66177,
            4.06144,
            2.2975
          ],
          [
            15.47535,
            8.9347,
            2.2975
          ],
          [
            5.62769,
            1.62456,
            2.2975
          ],
          [
            8.44127,
            6.49782,
            2.2975
          ],
          [
            11.25484,
            1.62456,
            2.2975
          ],
          [
            14.06842,
            6.49782,
            2.2975
          ],
          [
            2.81383,
            1.62456,
            2.2975
          ],
          [
            5.62741,
            6.49782,
            2.2975
          ],
          [
            8.44098,
            1.62456,
            2.2975
          ],
          [
            11.25456,
            6.49782,
            2.2975
          ],
          [
            4.22076,
            4.06144,
            2.2975
          ],
          [
            7.03434,
            8.9347,
            2.2975
          ],
          [
            9.84791,
            4.06144,
            2.2975
          ],
          [
            12.66149,
            8.9347,
            2.2975
          ],
          [
            1.3916,
            0.81732,
            4.53817
          ],
          [
            4.21081,
            5.69724,
            4.55321
          ],
          [
            7.03871,
            0.79076,
            4.53763
          ],
          [
            9.8635,
            5.68393,
            4.53916
          ],
          [
            4.22756,
            0.8194,
            4.54939
          ],
          [
            7.00361,
            5.69186,
            4.51604
          ],
          [
            9.84549,
            0.78912,
            4.55854
          ],
          [
            12.67878,
            5.69302,
            4.54859
          ],
          [
            2.81065,
            3.24998,
            4.558
          ],
          [
            5.60619,
            8.14003,
            4.53611
          ],
          [
            8.44364,
            3.20391,
            4.51235
          ],
          [
            11.26361,
            8.12633,
            4.5633
          ],
          [
            5.62158,
            3.25159,
            4.55522
          ],
          [
            8.43517,
            8.12313,
            4.56145
          ],
          [
            11.26064,
            3.2374,
            4.54025
          ],
          [
            14.06311,
            8.12567,
            4.56021
          ],
          [
            2.78656,
            0.02949,
            6.80438
          ],
          [
            5.58711,
            4.8663,
            6.85557
          ],
          [
            14.07708,
            9.73855,
            6.88264
          ],
          [
            11.28365,
            4.83852,
            6.8132
          ],
          [
            16.86858,
            9.74325,
            6.87798
          ],
          [
            2.82196,
            4.8645,
            6.87532
          ],
          [
            5.64163,
            0.01564,
            6.85319
          ],
          [
            8.41472,
            4.82262,
            6.74291
          ],
          [
            1.41459,
            2.42865,
            6.87947
          ],
          [
            15.45857,
            7.31428,
            6.8753
          ],
          [
            7.01559,
            2.40412,
            6.83497
          ],
          [
            9.87896,
            7.31289,
            6.83103
          ],
          [
            4.20326,
            2.44449,
            6.87613
          ],
          [
            6.98289,
            7.30602,
            6.79962
          ],
          [
            9.8561,
            2.4085,
            6.83497
          ],
          [
            12.69787,
            7.30432,
            6.86546
          ],
          [
            8.73608,
            8.22591,
            10.11244
          ],
          [
            9.22345,
            9.63892,
            10.20771
          ],
          [
            4.45455,
            0.00316,
            11.51041
          ],
          [
            7.75602,
            4.53016,
            10.23798
          ],
          [
            7.32939,
            3.10317,
            10.41586
          ],
          [
            8.49822,
            2.13942,
            10.65331
          ],
          [
            9.56741,
            7.30235,
            9.8973
          ],
          [
            7.46399,
            8.01969,
            10.30373
          ],
          [
            6.96068,
            5.48451,
            10.28801
          ],
          [
            9.06981,
            4.69859,
            10.0357
          ],
          [
            7.26565,
            7.02934,
            10.24828
          ],
          [
            2.78906,
            0.61892,
            10.20714
          ],
          [
            4.24997,
            0.1085,
            9.35906
          ],
          [
            4.89019,
            0.98712,
            11.59533
          ],
          [
            9.45913,
            9.56612,
            12.37343
          ],
          [
            10.86308,
            9.01152,
            11.465
          ],
          [
            9.24931,
            5.72309,
            9.95536
          ],
          [
            6.76796,
            2.84126,
            9.52357
          ],
          [
            6.59128,
            3.0795,
            11.24343
          ],
          [
            9.07203,
            2.4389,
            11.51347
          ],
          [
            8.17352,
            1.11405,
            10.7982
          ],
          [
            9.17254,
            2.15229,
            9.79742
          ]
        ],
        "Stress": [
          [
            -55.60099,
            0.65568,
            -0.18096
          ],
          [
            0.65568,
            -56.16897,
            0.28155
          ],
          [
            -0.18096,
            0.28155,
            -4.72039
          ]
        ],
        "computation_code": "VASP",
        "pseudopotential_information": [
          [
            "PAW_PBE",
            "Pt",
            "04Feb2005"
          ],
          [
            "PAW_PBE",
            "C",
            "08Apr2002"
          ],
          [
            "PAW_PBE",
            "O",
            "08Apr2002"
          ],
          [
            "PAW_PBE",
            "H",
            "15Jun2001"
          ]
        ]
      }
    ],
    "EnergyStyle": "electronvolt",
    "ForcesStyle": "electronvoltperangstrom",
    "LatticeStyle": "angstrom",
    "PositionsStyle": "angstrom",
    "StressStyle": "kB"
  }
}