{
  "Dataset": {
    "AtomTypeStyle": "chemicalsymbol",
    "Data": [
      {
        "AtomTypes": [
          "Pt",
          "Pt",
          "Pt",
          "Pt",
          "Pt",
          "Pt",
          "Pt",
          "Pt",
          "Pt",
          "Pt",
          "Pt",
          "Pt",
          "Pt",
          "Pt",
          "Pt",
          "Pt",
          "Pt",
          "Pt",
          "Pt",
          "Pt",
          "Pt",
          "Pt",
          "Pt",
          "Pt",
          "Pt",
          "Pt",
          "Pt",
          "Pt",
          "Pt",
          "Pt",
          "Pt",
          "Pt",
          "Pt",
          "Pt",
          "Pt",
          "Pt",
          "Pt",
          "Pt",
          "Pt",
          "Pt",
          "Pt",
          "Pt",
          "Pt",
          "Pt",
          "Pt",
          "Pt",
          "Pt",
          "Pt",
          "Pt",
          "Pt",
          "Pt",
          "Pt",
          "Pt",
          "Pt",
          "Pt",
          "Pt",
          "Pt",
          "Pt",
          "Pt",
          "Pt",
          "Pt",
          "Pt",
          "Pt",
          "Pt",
          "C",
          "C",
          "C",
          "C",
          "C",
          "C",
          "O",
          "O",
          "O",
          "O",
          "H",
          "H",
          "H",
          "H",
          "H",
          "H",
          "H",
          "H",
          "H",
          "H",
          "H",
          "H"
        ],
        "Energy": -312.96337259,
        "Forces": [
          [
            -0.002318,
            0.000734,
            -0.032681
          ],
          [
            -0.003748,
            0.002687,
            -0.025221
          ],
          [
            4.9e-05,
            0.001956,
            -0.024866
          ],
          [
            -0.004152,
            0.001878,
            -0.025992
          ],
          [
            0.003249,
            0.000148,
            -0.037403
          ],
          [
            0.002505,
            -0.00214,
            -0.032038
          ],
          [
            -0.003558,
            -0.000523,
            -0.033896
          ],
          [
            -0.000949,
            0.003426,
            -0.034784
          ],
          [
            -0.003617,
            0.006026,
            -0.032358
          ],
          [
            -0.002461,
            0.002391,
            -0.031894
          ],
          [
            -0.003273,
            0.006669,
            -0.028806
          ],
          [
            -0.000373,
            0.001898,
            -0.031652
          ],
          [
            0.004206,
            0.004092,
            -0.03286
          ],
          [
            0.00284,
            -0.000418,
            -0.033591
          ],
          [
            0.000153,
            0.005148,
            -0.031423
          ],
          [
            0.000915,
            0.003146,
            -0.031599
          ],
          [
            -0.006947,
            0.000408,
            0.026282
          ],
          [
            -0.004109,
            -0.013652,
            0.03928
          ],
          [
            -0.000225,
            -0.003713,
            0.044871
          ],
          [
            -0.001562,
            -0.005823,
            0.055596
          ],
          [
            -0.003616,
            0.003489,
            0.037768
          ],
          [
            -0.000782,
            0.001878,
            0.027766
          ],
          [
            -0.002347,
            -0.003352,
            0.049134
          ],
          [
            -0.001374,
            -0.007359,
            0.04775
          ],
          [
            0.00349,
            0.004129,
            0.040457
          ],
          [
            0.005903,
            -0.005438,
            0.055652
          ],
          [
            0.010987,
            -0.009863,
            0.030209
          ],
          [
            0.011874,
            -0.000375,
            0.028725
          ],
          [
            -0.00554,
            0.000259,
            0.046846
          ],
          [
            0.012486,
            -0.01838,
            0.057495
          ],
          [
            0.006987,
            -0.00444,
            0.016133
          ],
          [
            -0.003461,
            -0.020219,
            0.053225
          ],
          [
            -0.001139,
            0.001764,
            -0.000709
          ],
          [
            0.000306,
            0.002059,
            -0.004138
          ],
          [
            0.000833,
            0.002468,
            -0.002442
          ],
          [
            -0.001986,
            0.005181,
            -0.002801
          ],
          [
            0.002018,
            0.003537,
            -0.000366
          ],
          [
            0.000224,
            0.003716,
            0.001884
          ],
          [
            0.000694,
            0.000871,
            -0.00443
          ],
          [
            0.001735,
            0.002944,
            -0.003719
          ],
          [
            0.000329,
            0.001328,
            -0.001923
          ],
          [
            -0.000189,
            0.001488,
            -0.00549
          ],
          [
            0.002165,
            -0.00102,
            -0.006595
          ],
          [
            -0.005152,
            -0.002345,
            0.001382
          ],
          [
            -9.8e-05,
            -0.000894,
            -0.000802
          ],
          [
            0.001346,
            -0.001459,
            -0.004035
          ],
          [
            0.001299,
            -0.00264,
            -0.00184
          ],
          [
            4.8e-05,
            0.002511,
            -0.001126
          ],
          [
            -0.001437,
            0.005167,
            -0.005811
          ],
          [
            -0.004507,
            -0.000777,
            -0.004634
          ],
          [
            -0.00494,
            0.000351,
            -0.000226
          ],
          [
            0.005968,
            -0.007377,
            -0.01341
          ],
          [
            -0.003608,
            0.000417,
            -0.004765
          ],
          [
            -0.000181,
            0.001837,
            -0.001878
          ],
          [
            0.00394,
            0.01007,
            -0.004445
          ],
          [
            -0.007933,
            -0.005353,
            -0.028112
          ],
          [
            -0.000148,
            -0.000573,
            -0.002082
          ],
          [
            0.000818,
            -0.002223,
            -0.004289
          ],
          [
            -0.003823,
            -0.003346,
            -0.012901
          ],
          [
            0.00354,
            -0.003759,
            0.004591
          ],
          [
            0.000221,
            0.001268,
            -0.00106
          ],
          [
            -0.010001,
            0.002931,
            -0.006626
          ],
          [
            0.002453,
            -0.00182,
            -0.007643
          ],
          [
            0.001235,
            0.000271,
            -0.005313
          ],
          [
            0.423199,
            0.042168,
            -0.187819
          ],
          [
            -0.055166,
            -0.205186,
            0.727778
          ],
          [
            -0.191031,
            -0.228012,
            -0.885829
          ],
          [
            -0.449272,
            0.063612,
            0.073041
          ],
          [
            0.925824,
            -0.072092,
            0.013796
          ],
          [
            -0.447352,
            0.518078,
            -0.188745
          ],
          [
            0.034884,
            -0.136584,
            0.078327
          ],
          [
            -0.435854,
            0.237432,
            0.141881
          ],
          [
            -0.107177,
            0.054311,
            -0.016718
          ],
          [
            0.442606,
            -0.340282,
            0.140989
          ],
          [
            0.161338,
            -0.163201,
            0.002333
          ],
          [
            -0.386283,
            0.354303,
            -0.218061
          ],
          [
            0.432685,
            -0.03062,
            -0.2829
          ],
          [
            0.261125,
            0.627504,
            0.034351
          ],
          [
            -0.573448,
            -0.046398,
            0.34857
          ],
          [
            0.429595,
            -0.451363,
            0.269053
          ],
          [
            -0.161448,
            0.231763,
            -0.009916
          ],
          [
            -0.202489,
            -0.103189,
            -0.449799
          ],
          [
            -0.479629,
            0.06476,
            0.382491
          ],
          [
            0.190123,
            0.095746,
            0.580989
          ],
          [
            -0.277307,
            -0.451291,
            -0.007191
          ],
          [
            0.457743,
            -0.031216,
            -0.389854
          ]
        ],
        "Lattice": [
          [
            11.254311534,
            0.0,
            0.0
          ],
          [
            5.627155767,
            9.746519691,
            0.0
          ],
          [
            0.0,
            0.0,
            21.483230925
          ]
        ],
        "NumAtoms": 86,
        "Positions": [
          [
            4.22079,
            2.43687,
            0.0
          ],
          [
            7.03437,
            7.31013,
            0.0
          ],
          [
            9.84794,
            2.43687,
            0.0
          ],
          [
            12.66152,
            7.31013,
            0.0
          ],
          [
            1.40693,
            2.43687,
            0.0
          ],
          [
            4.22051,
            7.31013,
            0.0
          ],
          [
            7.03409,
            2.43687,
            0.0
          ],
          [
            9.84766,
            7.31013,
            0.0
          ],
          [
            2.81385,
            0.0,
            0.0
          ],
          [
            5.62743,
            4.87326,
            0.0
          ],
          [
            8.44101,
            0.0,
            0.0
          ],
          [
            11.25459,
            4.87326,
            0.0
          ],
          [
            0.0,
            0.0,
            0.0
          ],
          [
            2.81358,
            4.87326,
            0.0
          ],
          [
            5.62716,
            0.0,
            0.0
          ],
          [
            8.44073,
            4.87326,
            0.0
          ],
          [
            7.03462,
            4.06144,
            2.2975
          ],
          [
            9.8482,
            8.9347,
            2.2975
          ],
          [
            12.66177,
            4.06144,
            2.2975
          ],
          [
            15.47535,
            8.9347,
            2.2975
          ],
          [
            5.62769,
            1.62456,
            2.2975
          ],
          [
            8.44127,
            6.49782,
            2.2975
          ],
          [
            11.25484,
            1.62456,
            2.2975
          ],
          [
            14.06842,
            6.49782,
            2.2975
          ],
          [
            2.81383,
            1.62456,
            2.2975
          ],
          [
            5.62741,
            6.49782,
            2.2975
          ],
          [
            8.44098,
            1.62456,
            2.2975
          ],
          [
            11.25456,
            6.49782,
            2.2975
          ],
          [
            4.22076,
            4.06144,
            2.2975
          ],
          [
            7.03434,
            8.9347,
            2.2975
          ],
          [
            9.84791,
            4.06144,
            2.2975
          ],
          [
            12.66149,
            8.9347,
            2.2975
          ],
          [
            1.40583,
            0.8095,
            4.56684
          ],
          [
            4.22112,
            5.68428,
            4.56934
          ],
          [
            7.03719,
            0.80609,
            4.56569
          ],
          [
            9.85325,
            5.68124,
            4.56084
          ],
          [
            4.22325,
            0.80961,
            4.56635
          ],
          [
            7.03435,
            5.68303,
            4.5664
          ],
          [
            9.84871,
            0.80684,
            4.57097
          ],
          [
            12.66566,
            5.68289,
            4.56956
          ],
          [
            2.81394,
            3.24558,
            4.56914
          ],
          [
            5.62834,
            8.12071,
            4.56979
          ],
          [
            8.4436,
            3.24206,
            4.5625
          ],
          [
            11.25801,
            8.118,
            4.5678
          ],
          [
            5.62742,
            3.24738,
            4.56523
          ],
          [
            8.4442,
            8.11727,
            4.56785
          ],
          [
            11.25631,
            3.24441,
            4.56725
          ],
          [
            14.07101,
            8.1187,
            4.56945
          ],
          [
            8.44075,
            9.74374,
            6.8646
          ],
          [
            5.62817,
            4.87103,
            6.87452
          ],
          [
            14.07292,
            9.73887,
            6.8798
          ],
          [
            11.26302,
            4.86242,
            6.87117
          ],
          [
            5.63115,
            9.74054,
            6.88047
          ],
          [
            2.81891,
            4.86614,
            6.87749
          ],
          [
            11.25822,
            9.73862,
            6.87299
          ],
          [
            8.44709,
            4.86539,
            6.85507
          ],
          [
            1.41036,
            2.43009,
            6.87861
          ],
          [
            4.22465,
            7.30502,
            6.87987
          ],
          [
            7.0327,
            2.42595,
            6.86299
          ],
          [
            9.85808,
            7.29819,
            6.87009
          ],
          [
            4.22085,
            2.43055,
            6.87525
          ],
          [
            7.0351,
            7.30356,
            6.87376
          ],
          [
            9.85171,
            2.42838,
            6.87492
          ],
          [
            12.66954,
            7.30246,
            6.87782
          ],
          [
            8.97241,
            7.80238,
            10.11383
          ],
          [
            9.55306,
            9.18207,
            10.24855
          ],
          [
            9.82362,
            9.55539,
            11.72729
          ],
          [
            7.54925,
            4.31461,
            10.22925
          ],
          [
            6.95489,
            2.93279,
            10.30026
          ],
          [
            7.9104,
            1.80697,
            10.70991
          ],
          [
            9.70335,
            6.82149,
            9.84034
          ],
          [
            7.68276,
            7.71653,
            10.30097
          ],
          [
            6.81768,
            5.32111,
            10.31961
          ],
          [
            8.84112,
            4.37896,
            10.00319
          ],
          [
            7.31362,
            6.73929,
            10.26426
          ],
          [
            3.23408,
            0.15439,
            9.81328
          ],
          [
            10.48348,
            9.2169,
            9.68542
          ],
          [
            4.60231,
            0.81045,
            11.77175
          ],
          [
            8.91083,
            9.53729,
            12.30676
          ],
          [
            10.54098,
            8.8795,
            12.17323
          ],
          [
            9.20187,
            5.34551,
            9.92733
          ],
          [
            6.60744,
            2.74393,
            9.26921
          ],
          [
            6.05664,
            2.97968,
            10.90475
          ],
          [
            8.30872,
            1.96427,
            11.7057
          ],
          [
            7.39586,
            0.84971,
            10.69215
          ],
          [
            8.74831,
            1.74721,
            10.02398
          ]
        ],
        "Stress": [
          [
            -58.4345,
            -0.34319,
            -0.51583
          ],
          [
            -0.34319,
            -59.74231,
            0.10274
          ],
          [
            -0.51583,
            0.10274,
            -9.05153
          ]
        ],
        "computation_code": "VASP",
        "pseudopotential_information": [
          [
            "PAW_PBE",
            "Pt",
            "04Feb2005"
          ],
          [
            "PAW_PBE",
            "C",
            "08Apr2002"
          ],
          [
            "PAW_PBE",
            "O",
            "08Apr2002"
          ],
          [
            "PAW_PBE",
            "H",
            "15Jun2001"
          ]
        ]
      }
    ],
    "EnergyStyle": "electronvolt",
    "ForcesStyle": "electronvoltperangstrom",
    "LatticeStyle": "angstrom",
    "PositionsStyle": "angstrom",
    "StressStyle": "kB"
  }
}