{
  "Dataset": {
    "AtomTypeStyle": "chemicalsymbol",
    "Data": [
      {
        "AtomTypes": [
          "Pt",
          "Pt",
          "Pt",
          "Pt",
          "Pt",
          "Pt",
          "Pt",
          "Pt",
          "Pt",
          "Pt",
          "Pt",
          "Pt",
          "Pt",
          "Pt",
          "Pt",
          "Pt",
          "Pt",
          "Pt",
          "Pt",
          "Pt",
          "Pt",
          "Pt",
          "Pt",
          "Pt",
          "Pt",
          "Pt",
          "Pt",
          "Pt",
          "Pt",
          "Pt",
          "Pt",
          "Pt",
          "Pt",
          "Pt",
          "Pt",
          "Pt",
          "Pt",
          "Pt",
          "Pt",
          "Pt",
          "Pt",
          "Pt",
          "Pt",
          "Pt",
          "Pt",
          "Pt",
          "Pt",
          "Pt",
          "Pt",
          "Pt",
          "Pt",
          "Pt",
          "Pt",
          "Pt",
          "Pt",
          "Pt",
          "Pt",
          "Pt",
          "Pt",
          "Pt",
          "Pt",
          "Pt",
          "Pt",
          "Pt",
          "C",
          "C",
          "C",
          "C",
          "C",
          "C",
          "O",
          "O",
          "O",
          "O",
          "H",
          "H",
          "H",
          "H",
          "H",
          "H",
          "H",
          "H",
          "H",
          "H",
          "H",
          "H"
        ],
        "Energy": -312.80269265,
        "Forces": [
          [
            -0.00416,
            0.00021,
            -0.043974
          ],
          [
            0.007513,
            -4.9e-05,
            -0.035383
          ],
          [
            0.006816,
            0.010142,
            -0.030733
          ],
          [
            -0.002189,
            -0.006741,
            -0.03886
          ],
          [
            0.006795,
            -0.001833,
            -0.031711
          ],
          [
            0.004934,
            0.004539,
            -0.026833
          ],
          [
            0.002501,
            0.007871,
            -0.015261
          ],
          [
            4.4e-05,
            -0.00034,
            -0.047559
          ],
          [
            0.007208,
            0.004366,
            -0.041394
          ],
          [
            0.00129,
            0.001117,
            -0.041795
          ],
          [
            -0.005573,
            -0.00578,
            -0.03073
          ],
          [
            0.001166,
            0.012366,
            -0.038193
          ],
          [
            0.015852,
            0.001547,
            -0.024474
          ],
          [
            0.00566,
            -0.00102,
            -0.029225
          ],
          [
            -0.010459,
            0.001068,
            -0.024766
          ],
          [
            0.008619,
            0.015695,
            -0.02811
          ],
          [
            -0.020713,
            -0.043254,
            0.01543
          ],
          [
            0.016242,
            0.033675,
            -0.075073
          ],
          [
            0.00783,
            -0.014076,
            0.048965
          ],
          [
            -0.008014,
            -0.017575,
            0.077225
          ],
          [
            0.030159,
            -0.006641,
            0.044487
          ],
          [
            -0.040428,
            -0.039922,
            -0.084055
          ],
          [
            -0.024097,
            -0.01315,
            0.040891
          ],
          [
            0.009185,
            -0.008671,
            0.060628
          ],
          [
            -0.025892,
            0.027786,
            0.030527
          ],
          [
            -0.055157,
            0.017113,
            0.069923
          ],
          [
            -0.016533,
            -0.021797,
            0.054801
          ],
          [
            0.049362,
            -0.02547,
            -0.036468
          ],
          [
            -0.026067,
            0.018692,
            0.06162
          ],
          [
            -0.075002,
            0.008121,
            0.031371
          ],
          [
            -0.012086,
            -0.063986,
            0.012431
          ],
          [
            0.066726,
            0.036516,
            0.025842
          ],
          [
            0.011835,
            -0.054946,
            -0.045343
          ],
          [
            0.084232,
            -0.03293,
            -0.064075
          ],
          [
            0.007313,
            -0.012157,
            -0.127277
          ],
          [
            0.048965,
            -0.000675,
            0.013865
          ],
          [
            0.012279,
            -0.051486,
            0.020954
          ],
          [
            -0.032232,
            0.119952,
            -0.045187
          ],
          [
            0.035975,
            0.025351,
            0.001574
          ],
          [
            -0.034366,
            0.012931,
            -0.020654
          ],
          [
            -0.017827,
            0.024975,
            -0.035339
          ],
          [
            0.085331,
            -0.03415,
            -0.105218
          ],
          [
            0.055955,
            -0.018167,
            -0.119453
          ],
          [
            -0.05011,
            -0.033572,
            0.11592
          ],
          [
            0.002727,
            0.023531,
            -0.027541
          ],
          [
            -0.079209,
            0.061744,
            0.110772
          ],
          [
            -0.005743,
            0.008767,
            -0.030732
          ],
          [
            -0.028424,
            0.055438,
            0.001214
          ],
          [
            -0.077715,
            0.132667,
            0.06153
          ],
          [
            -0.119596,
            -0.010857,
            0.116435
          ],
          [
            -0.007287,
            -0.04624,
            -0.010664
          ],
          [
            0.127012,
            -0.125808,
            0.098768
          ],
          [
            -0.064613,
            -0.015763,
            -0.022943
          ],
          [
            0.036402,
            0.011801,
            -0.004815
          ],
          [
            0.109096,
            0.125133,
            0.04727
          ],
          [
            -0.074929,
            -0.233669,
            0.002382
          ],
          [
            0.056047,
            0.000695,
            0.047914
          ],
          [
            -0.000329,
            -0.03225,
            -0.002478
          ],
          [
            -0.093529,
            -0.043365,
            0.117637
          ],
          [
            0.15191,
            0.118012,
            0.112801
          ],
          [
            -0.029791,
            0.004683,
            0.037305
          ],
          [
            -0.225043,
            0.198761,
            0.128599
          ],
          [
            0.056656,
            -0.067608,
            0.103024
          ],
          [
            0.13651,
            0.021776,
            -0.012095
          ],
          [
            0.032306,
            -0.586678,
            0.073718
          ],
          [
            -0.324533,
            -0.137022,
            -1.07208
          ],
          [
            0.85832,
            0.418517,
            0.608283
          ],
          [
            0.094508,
            -0.304531,
            0.233769
          ],
          [
            -0.736509,
            -0.334048,
            -0.051417
          ],
          [
            0.49243,
            -0.42581,
            -0.517314
          ],
          [
            -0.146098,
            0.202347,
            -0.080244
          ],
          [
            -0.196005,
            0.349733,
            0.093188
          ],
          [
            -0.593985,
            0.574782,
            -0.123925
          ],
          [
            0.543707,
            0.209551,
            -0.223872
          ],
          [
            0.20132,
            -0.17045,
            0.00104
          ],
          [
            -0.088703,
            0.18324,
            0.146061
          ],
          [
            0.166751,
            -0.278514,
            0.658358
          ],
          [
            0.106587,
            -0.478467,
            -0.097474
          ],
          [
            -0.195772,
            0.279488,
            -0.51678
          ],
          [
            -0.39613,
            0.059339,
            0.05981
          ],
          [
            -0.264601,
            -0.288409,
            0.108817
          ],
          [
            0.248495,
            0.042209,
            0.431363
          ],
          [
            0.424366,
            0.238876,
            -0.520494
          ],
          [
            -0.07835,
            0.089506,
            -0.135052
          ],
          [
            0.270153,
            0.389157,
            0.028612
          ],
          [
            -0.421519,
            -0.082343,
            0.605074
          ]
        ],
        "Lattice": [
          [
            11.254311534,
            0.0,
            0.0
          ],
          [
            5.627155767,
            9.746519691,
            0.0
          ],
          [
            0.0,
            0.0,
            21.483230925
          ]
        ],
        "NumAtoms": 86,
        "Positions": [
          [
            4.22079,
            2.43687,
            0.0
          ],
          [
            7.03437,
            7.31013,
            0.0
          ],
          [
            9.84794,
            2.43687,
            0.0
          ],
          [
            12.66152,
            7.31013,
            0.0
          ],
          [
            1.40693,
            2.43687,
            0.0
          ],
          [
            4.22051,
            7.31013,
            0.0
          ],
          [
            7.03409,
            2.43687,
            0.0
          ],
          [
            9.84766,
            7.31013,
            0.0
          ],
          [
            2.81385,
            0.0,
            0.0
          ],
          [
            5.62743,
            4.87326,
            0.0
          ],
          [
            8.44101,
            0.0,
            0.0
          ],
          [
            11.25459,
            4.87326,
            0.0
          ],
          [
            0.0,
            0.0,
            0.0
          ],
          [
            2.81358,
            4.87326,
            0.0
          ],
          [
            5.62716,
            0.0,
            0.0
          ],
          [
            8.44073,
            4.87326,
            0.0
          ],
          [
            7.03462,
            4.06144,
            2.2975
          ],
          [
            9.8482,
            8.9347,
            2.2975
          ],
          [
            12.66177,
            4.06144,
            2.2975
          ],
          [
            15.47535,
            8.9347,
            2.2975
          ],
          [
            5.62769,
            1.62456,
            2.2975
          ],
          [
            8.44127,
            6.49782,
            2.2975
          ],
          [
            11.25484,
            1.62456,
            2.2975
          ],
          [
            14.06842,
            6.49782,
            2.2975
          ],
          [
            2.81383,
            1.62456,
            2.2975
          ],
          [
            5.62741,
            6.49782,
            2.2975
          ],
          [
            8.44098,
            1.62456,
            2.2975
          ],
          [
            11.25456,
            6.49782,
            2.2975
          ],
          [
            4.22076,
            4.06144,
            2.2975
          ],
          [
            7.03434,
            8.9347,
            2.2975
          ],
          [
            9.84791,
            4.06144,
            2.2975
          ],
          [
            12.66149,
            8.9347,
            2.2975
          ],
          [
            1.39771,
            0.81287,
            4.56713
          ],
          [
            4.20699,
            5.68648,
            4.57844
          ],
          [
            7.03129,
            0.80661,
            4.58153
          ],
          [
            9.84331,
            5.679,
            4.54698
          ],
          [
            4.21793,
            0.8171,
            4.55734
          ],
          [
            7.02838,
            5.66521,
            4.55387
          ],
          [
            9.83719,
            0.80592,
            4.56815
          ],
          [
            12.66235,
            5.67979,
            4.56947
          ],
          [
            2.8107,
            3.2455,
            4.57395
          ],
          [
            5.61486,
            8.12083,
            4.57842
          ],
          [
            8.43136,
            3.24559,
            4.57123
          ],
          [
            11.26177,
            8.12134,
            4.54679
          ],
          [
            5.61704,
            3.242,
            4.56318
          ],
          [
            8.44566,
            8.11349,
            4.53457
          ],
          [
            11.25058,
            3.24573,
            4.56373
          ],
          [
            14.06536,
            8.1131,
            4.57281
          ],
          [
            8.44273,
            9.72196,
            6.84212
          ],
          [
            5.63634,
            4.86827,
            6.85409
          ],
          [
            14.06058,
            9.74273,
            6.87894
          ],
          [
            11.23146,
            4.88512,
            6.8574
          ],
          [
            5.6354,
            9.74075,
            6.8755
          ],
          [
            14.05261,
            4.86527,
            6.87922
          ],
          [
            11.22768,
            9.7162,
            6.86332
          ],
          [
            8.45131,
            4.89407,
            6.86932
          ],
          [
            12.64537,
            2.43229,
            6.86523
          ],
          [
            15.46677,
            7.3095,
            6.88066
          ],
          [
            7.03509,
            2.43754,
            6.85469
          ],
          [
            9.83036,
            7.29004,
            6.84888
          ],
          [
            4.21917,
            2.42664,
            6.87044
          ],
          [
            7.05511,
            7.27824,
            6.835
          ],
          [
            9.83363,
            2.44343,
            6.85755
          ],
          [
            12.63317,
            7.30307,
            6.87667
          ],
          [
            8.79317,
            8.38011,
            10.32447
          ],
          [
            3.32029,
            0.08894,
            10.67725
          ],
          [
            4.57394,
            0.43103,
            11.4273
          ],
          [
            7.92409,
            4.65038,
            10.33327
          ],
          [
            7.47106,
            3.22194,
            10.44898
          ],
          [
            8.51141,
            2.12267,
            10.49178
          ],
          [
            9.7228,
            7.54658,
            10.32956
          ],
          [
            7.53951,
            8.05492,
            10.03526
          ],
          [
            7.08114,
            5.54074,
            10.18858
          ],
          [
            9.2206,
            4.88269,
            10.39348
          ],
          [
            7.37013,
            7.03866,
            10.01602
          ],
          [
            2.40353,
            0.35371,
            11.22137
          ],
          [
            3.23313,
            0.64754,
            9.68449
          ],
          [
            4.55817,
            1.5206,
            11.68834
          ],
          [
            10.30492,
            9.60044,
            12.3863
          ],
          [
            5.50511,
            0.22696,
            10.84698
          ],
          [
            9.4495,
            5.89063,
            10.29117
          ],
          [
            6.80612,
            3.077,
            9.54376
          ],
          [
            6.76497,
            3.13866,
            11.32851
          ],
          [
            9.1207,
            2.12717,
            11.41606
          ],
          [
            8.00095,
            1.12839,
            10.41811
          ],
          [
            9.21744,
            2.20449,
            9.60771
          ]
        ],
        "Stress": [
          [
            -59.48825,
            -0.68077,
            0.66291
          ],
          [
            -0.68077,
            -60.90412,
            0.49763
          ],
          [
            0.66291,
            0.49763,
            -11.40674
          ]
        ],
        "computation_code": "VASP",
        "pseudopotential_information": [
          [
            "PAW_PBE",
            "Pt",
            "04Feb2005"
          ],
          [
            "PAW_PBE",
            "C",
            "08Apr2002"
          ],
          [
            "PAW_PBE",
            "O",
            "08Apr2002"
          ],
          [
            "PAW_PBE",
            "H",
            "15Jun2001"
          ]
        ]
      }
    ],
    "EnergyStyle": "electronvolt",
    "ForcesStyle": "electronvoltperangstrom",
    "LatticeStyle": "angstrom",
    "PositionsStyle": "angstrom",
    "StressStyle": "kB"
  }
}