{
  "Dataset": {
    "AtomTypeStyle": "chemicalsymbol",
    "Data": [
      {
        "AtomTypes": [
          "Pt",
          "Pt",
          "Pt",
          "Pt",
          "Pt",
          "Pt",
          "Pt",
          "Pt",
          "Pt",
          "Pt",
          "Pt",
          "Pt",
          "Pt",
          "Pt",
          "Pt",
          "Pt",
          "Pt",
          "Pt",
          "Pt",
          "Pt",
          "Pt",
          "Pt",
          "Pt",
          "Pt",
          "Pt",
          "Pt",
          "Pt",
          "Pt",
          "Pt",
          "Pt",
          "Pt",
          "Pt",
          "Pt",
          "Pt",
          "Pt",
          "Pt",
          "Pt",
          "Pt",
          "Pt",
          "Pt",
          "Pt",
          "Pt",
          "Pt",
          "Pt",
          "Pt",
          "Pt",
          "Pt",
          "Pt",
          "Pt",
          "Pt",
          "Pt",
          "Pt",
          "Pt",
          "Pt",
          "Pt",
          "Pt",
          "Pt",
          "Pt",
          "Pt",
          "Pt",
          "Pt",
          "Pt",
          "Pt",
          "Pt",
          "C",
          "C",
          "C",
          "C",
          "C",
          "C",
          "O",
          "O",
          "O",
          "O",
          "H",
          "H",
          "H",
          "H",
          "H",
          "H",
          "H",
          "H",
          "H",
          "H",
          "H",
          "H"
        ],
        "Energy": -312.67087905,
        "Forces": [
          [
            -0.004534,
            0.001397,
            -0.038136
          ],
          [
            -0.005055,
            0.002151,
            -0.020973
          ],
          [
            0.008503,
            -0.008046,
            -0.026019
          ],
          [
            -0.004919,
            0.002133,
            -0.01333
          ],
          [
            0.011961,
            0.004253,
            -0.052615
          ],
          [
            0.005624,
            -0.016247,
            -0.033766
          ],
          [
            -0.015527,
            -0.00256,
            -0.047308
          ],
          [
            0.002958,
            0.003799,
            -0.032865
          ],
          [
            -0.012377,
            0.01321,
            -0.036766
          ],
          [
            -0.002836,
            -0.001363,
            -0.027642
          ],
          [
            0.011353,
            0.02503,
            -0.026913
          ],
          [
            -8.5e-05,
            -0.014281,
            -0.030991
          ],
          [
            0.005893,
            0.015478,
            -0.045005
          ],
          [
            0.002534,
            -0.013788,
            -0.050518
          ],
          [
            0.002274,
            0.009311,
            -0.037199
          ],
          [
            -0.000582,
            0.001066,
            -0.036003
          ],
          [
            -0.048498,
            0.03109,
            -0.119951
          ],
          [
            0.004569,
            -0.025359,
            0.016041
          ],
          [
            0.010078,
            0.008421,
            -0.036586
          ],
          [
            -0.028327,
            -0.002734,
            -0.05057
          ],
          [
            -0.036039,
            0.016372,
            -0.043203
          ],
          [
            0.016282,
            0.042582,
            -0.076294
          ],
          [
            0.014176,
            -0.001938,
            -0.04335
          ],
          [
            -0.016565,
            0.005795,
            -0.038235
          ],
          [
            0.026149,
            0.011467,
            -0.026992
          ],
          [
            0.031451,
            -0.025193,
            -0.054804
          ],
          [
            0.016142,
            -0.044638,
            -0.127121
          ],
          [
            -0.006212,
            0.042588,
            -0.025335
          ],
          [
            0.00731,
            -0.012359,
            -0.008003
          ],
          [
            0.073076,
            -0.016271,
            -0.066377
          ],
          [
            0.052522,
            0.070031,
            -0.160655
          ],
          [
            -0.104391,
            -0.088142,
            0.056782
          ],
          [
            -0.013006,
            0.00449,
            -0.009714
          ],
          [
            -0.034748,
            -0.008019,
            0.050656
          ],
          [
            -0.03192,
            -0.050904,
            0.045406
          ],
          [
            0.040432,
            -0.066936,
            0.021207
          ],
          [
            -0.006864,
            -0.002691,
            -0.030096
          ],
          [
            -0.084128,
            -0.026097,
            -0.10877
          ],
          [
            -0.008907,
            -0.038981,
            0.029697
          ],
          [
            0.009551,
            -0.017763,
            0.012036
          ],
          [
            -0.001192,
            -0.017803,
            0.028305
          ],
          [
            -0.032803,
            0.018242,
            0.045229
          ],
          [
            -0.029951,
            -0.030223,
            0.07225
          ],
          [
            0.158301,
            0.102006,
            -0.158867
          ],
          [
            -0.017617,
            0.011708,
            -0.019457
          ],
          [
            -0.048846,
            0.007055,
            -0.022275
          ],
          [
            -0.001778,
            0.020173,
            -0.006047
          ],
          [
            -0.01592,
            -0.04248,
            0.01752
          ],
          [
            0.085505,
            -0.139532,
            0.072824
          ],
          [
            0.086088,
            -0.008906,
            0.014905
          ],
          [
            0.047803,
            0.011031,
            -0.006035
          ],
          [
            -0.171269,
            0.14292,
            0.084211
          ],
          [
            0.012361,
            0.004059,
            0.029451
          ],
          [
            -0.01511,
            -0.016057,
            0.014676
          ],
          [
            -0.130444,
            -0.149886,
            0.04691
          ],
          [
            0.188675,
            0.191543,
            0.525221
          ],
          [
            -0.013241,
            0.001326,
            0.000321
          ],
          [
            -0.063903,
            0.035968,
            0.027581
          ],
          [
            0.132681,
            0.096959,
            0.054739
          ],
          [
            -0.164224,
            -0.074843,
            0.104401
          ],
          [
            -0.008171,
            -0.00762,
            0.009123
          ],
          [
            0.255201,
            -0.10183,
            0.036112
          ],
          [
            -0.100936,
            0.087645,
            0.05718
          ],
          [
            -0.08845,
            -0.017043,
            0.044167
          ],
          [
            -0.083027,
            -0.193354,
            -0.025932
          ],
          [
            0.064538,
            0.590582,
            -0.114336
          ],
          [
            0.034505,
            -0.225769,
            0.301671
          ],
          [
            -0.271032,
            -0.315208,
            -0.19063
          ],
          [
            0.72809,
            0.31886,
            0.82901
          ],
          [
            -0.017015,
            0.061392,
            0.139874
          ],
          [
            -0.410884,
            0.162412,
            0.506396
          ],
          [
            1.022354,
            0.619052,
            -0.173549
          ],
          [
            0.53689,
            -0.194442,
            0.151538
          ],
          [
            -0.031257,
            0.858132,
            -0.06484
          ],
          [
            -0.462526,
            -0.615086,
            -0.041123
          ],
          [
            0.105208,
            -0.280994,
            0.040895
          ],
          [
            -0.207334,
            0.030815,
            0.036178
          ],
          [
            -0.251533,
            -0.266377,
            -0.015095
          ],
          [
            0.268217,
            -0.158802,
            -0.146195
          ],
          [
            -0.274985,
            0.412232,
            -0.118762
          ],
          [
            0.285094,
            -0.641257,
            -0.030961
          ],
          [
            -0.414486,
            -0.286583,
            -0.895503
          ],
          [
            -0.240225,
            0.039083,
            0.189461
          ],
          [
            -0.24509,
            -0.142928,
            -0.538906
          ],
          [
            0.120044,
            0.33379,
            0.04748
          ],
          [
            -0.206497,
            -0.05433,
            0.238249
          ]
        ],
        "Lattice": [
          [
            11.254311534,
            0.0,
            0.0
          ],
          [
            5.627155767,
            9.746519691,
            0.0
          ],
          [
            0.0,
            0.0,
            21.483230925
          ]
        ],
        "NumAtoms": 86,
        "Positions": [
          [
            4.22079,
            2.43687,
            0.0
          ],
          [
            7.03437,
            7.31013,
            0.0
          ],
          [
            9.84794,
            2.43687,
            0.0
          ],
          [
            12.66152,
            7.31013,
            0.0
          ],
          [
            1.40693,
            2.43687,
            0.0
          ],
          [
            4.22051,
            7.31013,
            0.0
          ],
          [
            7.03409,
            2.43687,
            0.0
          ],
          [
            9.84766,
            7.31013,
            0.0
          ],
          [
            2.81385,
            0.0,
            0.0
          ],
          [
            5.62743,
            4.87326,
            0.0
          ],
          [
            8.44101,
            0.0,
            0.0
          ],
          [
            11.25459,
            4.87326,
            0.0
          ],
          [
            0.0,
            0.0,
            0.0
          ],
          [
            2.81358,
            4.87326,
            0.0
          ],
          [
            5.62716,
            0.0,
            0.0
          ],
          [
            8.44073,
            4.87326,
            0.0
          ],
          [
            7.03462,
            4.06144,
            2.2975
          ],
          [
            9.8482,
            8.9347,
            2.2975
          ],
          [
            12.66177,
            4.06144,
            2.2975
          ],
          [
            15.47535,
            8.9347,
            2.2975
          ],
          [
            5.62769,
            1.62456,
            2.2975
          ],
          [
            8.44127,
            6.49782,
            2.2975
          ],
          [
            11.25484,
            1.62456,
            2.2975
          ],
          [
            14.06842,
            6.49782,
            2.2975
          ],
          [
            2.81383,
            1.62456,
            2.2975
          ],
          [
            5.62741,
            6.49782,
            2.2975
          ],
          [
            8.44098,
            1.62456,
            2.2975
          ],
          [
            11.25456,
            6.49782,
            2.2975
          ],
          [
            4.22076,
            4.06144,
            2.2975
          ],
          [
            7.03434,
            8.9347,
            2.2975
          ],
          [
            9.84791,
            4.06144,
            2.2975
          ],
          [
            12.66149,
            8.9347,
            2.2975
          ],
          [
            1.40038,
            0.81455,
            4.5512
          ],
          [
            4.21912,
            5.69326,
            4.55211
          ],
          [
            7.04199,
            0.80281,
            4.54417
          ],
          [
            9.85488,
            5.69026,
            4.54218
          ],
          [
            4.22791,
            0.81732,
            4.55853
          ],
          [
            7.02372,
            5.69183,
            4.54753
          ],
          [
            9.84679,
            0.80195,
            4.55851
          ],
          [
            12.67238,
            5.69259,
            4.55433
          ],
          [
            2.81293,
            3.25131,
            4.55969
          ],
          [
            5.62033,
            8.13127,
            4.54287
          ],
          [
            8.44824,
            3.22445,
            4.51956
          ],
          [
            11.24329,
            8.1131,
            4.57956
          ],
          [
            5.62673,
            3.24881,
            4.55862
          ],
          [
            8.44385,
            8.12094,
            4.56134
          ],
          [
            11.25938,
            3.23894,
            4.55009
          ],
          [
            14.06779,
            8.12903,
            4.56194
          ],
          [
            2.79161,
            0.0286,
            6.82071
          ],
          [
            5.59442,
            4.86742,
            6.861
          ],
          [
            14.06677,
            9.73988,
            6.88182
          ],
          [
            11.29371,
            4.83212,
            6.82217
          ],
          [
            16.87017,
            9.74141,
            6.87095
          ],
          [
            2.82228,
            4.86954,
            6.87197
          ],
          [
            5.6512,
            0.02452,
            6.85549
          ],
          [
            8.40269,
            4.81581,
            6.72596
          ],
          [
            1.41486,
            2.42942,
            6.87728
          ],
          [
            4.21899,
            7.30523,
            6.87008
          ],
          [
            7.00719,
            2.40551,
            6.83803
          ],
          [
            9.88374,
            7.3153,
            6.83725
          ],
          [
            4.21017,
            2.43994,
            6.87468
          ],
          [
            6.97783,
            7.32109,
            6.82599
          ],
          [
            9.86521,
            2.40555,
            6.84283
          ],
          [
            12.69515,
            7.30368,
            6.86397
          ],
          [
            8.80762,
            8.06656,
            9.89722
          ],
          [
            9.49195,
            9.3804,
            10.07901
          ],
          [
            10.03733,
            9.64391,
            11.49496
          ],
          [
            7.55044,
            4.44058,
            10.13349
          ],
          [
            7.30747,
            2.9593,
            10.33243
          ],
          [
            8.55207,
            2.12138,
            10.69742
          ],
          [
            9.42867,
            7.12276,
            9.33123
          ],
          [
            7.56088,
            7.92981,
            10.34701
          ],
          [
            6.6823,
            5.32659,
            10.27254
          ],
          [
            8.77836,
            4.68283,
            9.68592
          ],
          [
            7.24649,
            6.98162,
            10.23766
          ],
          [
            3.1867,
            0.47117,
            9.78526
          ],
          [
            10.35237,
            9.37362,
            9.37445
          ],
          [
            5.09952,
            0.77114,
            11.46437
          ],
          [
            3.58791,
            0.13003,
            12.20666
          ],
          [
            10.6195,
            8.76314,
            11.86922
          ],
          [
            8.91064,
            5.71906,
            9.53175
          ],
          [
            6.93459,
            2.60662,
            9.3763
          ],
          [
            6.49418,
            2.82404,
            11.05117
          ],
          [
            8.97642,
            2.40769,
            11.69705
          ],
          [
            8.27352,
            1.04185,
            10.72088
          ],
          [
            9.34736,
            2.25009,
            9.92908
          ]
        ],
        "Stress": [
          [
            -58.68146,
            0.58466,
            0.30454
          ],
          [
            0.58466,
            -58.57839,
            0.24505
          ],
          [
            0.30454,
            0.24505,
            -5.06303
          ]
        ],
        "computation_code": "VASP",
        "pseudopotential_information": [
          [
            "PAW_PBE",
            "Pt",
            "04Feb2005"
          ],
          [
            "PAW_PBE",
            "C",
            "08Apr2002"
          ],
          [
            "PAW_PBE",
            "O",
            "08Apr2002"
          ],
          [
            "PAW_PBE",
            "H",
            "15Jun2001"
          ]
        ]
      }
    ],
    "EnergyStyle": "electronvolt",
    "ForcesStyle": "electronvoltperangstrom",
    "LatticeStyle": "angstrom",
    "PositionsStyle": "angstrom",
    "StressStyle": "kB"
  }
}