{
  "Dataset": {
    "AtomTypeStyle": "chemicalsymbol",
    "Data": [
      {
        "AtomTypes": [
          "Pt",
          "Pt",
          "Pt",
          "Pt",
          "Pt",
          "Pt",
          "Pt",
          "Pt",
          "Pt",
          "Pt",
          "Pt",
          "Pt",
          "Pt",
          "Pt",
          "Pt",
          "Pt",
          "Pt",
          "Pt",
          "Pt",
          "Pt",
          "Pt",
          "Pt",
          "Pt",
          "Pt",
          "Pt",
          "Pt",
          "Pt",
          "Pt",
          "Pt",
          "Pt",
          "Pt",
          "Pt",
          "Pt",
          "Pt",
          "Pt",
          "Pt",
          "Pt",
          "Pt",
          "Pt",
          "Pt",
          "Pt",
          "Pt",
          "Pt",
          "Pt",
          "Pt",
          "Pt",
          "Pt",
          "Pt",
          "Pt",
          "Pt",
          "Pt",
          "Pt",
          "Pt",
          "Pt",
          "Pt",
          "Pt",
          "Pt",
          "Pt",
          "Pt",
          "Pt",
          "Pt",
          "Pt",
          "Pt",
          "Pt",
          "C",
          "C",
          "C",
          "C",
          "C",
          "C",
          "O",
          "O",
          "O",
          "O",
          "H",
          "H",
          "H",
          "H",
          "H",
          "H",
          "H",
          "H",
          "H",
          "H",
          "H",
          "H"
        ],
        "Energy": -312.85555509,
        "Forces": [
          [
            -0.003558,
            0.002856,
            -0.033615
          ],
          [
            -0.006373,
            0.002272,
            -0.023153
          ],
          [
            -0.000524,
            0.001239,
            -0.027392
          ],
          [
            -0.002961,
            0.002398,
            -0.026383
          ],
          [
            0.003049,
            -0.000378,
            -0.038451
          ],
          [
            0.002844,
            -0.00153,
            -0.035104
          ],
          [
            -0.001812,
            -0.004201,
            -0.0368
          ],
          [
            0.000895,
            0.003296,
            -0.040192
          ],
          [
            -0.004706,
            0.00687,
            -0.032464
          ],
          [
            -0.003978,
            0.003074,
            -0.03059
          ],
          [
            -0.004542,
            0.007243,
            -0.031201
          ],
          [
            5.4e-05,
            0.000714,
            -0.029596
          ],
          [
            0.005365,
            0.00272,
            -0.034739
          ],
          [
            0.003956,
            -0.001474,
            -0.035256
          ],
          [
            0.000578,
            0.005022,
            -0.028464
          ],
          [
            0.000798,
            0.002687,
            -0.031404
          ],
          [
            -0.005752,
            0.003919,
            0.006394
          ],
          [
            0.002753,
            -0.009029,
            0.01973
          ],
          [
            0.005592,
            -0.003325,
            0.044526
          ],
          [
            -0.001902,
            -0.004174,
            0.055794
          ],
          [
            -0.002192,
            0.000199,
            0.029745
          ],
          [
            0.000426,
            -0.007602,
            0.010831
          ],
          [
            0.004282,
            -0.002284,
            0.04841
          ],
          [
            -0.005486,
            -0.006428,
            0.039928
          ],
          [
            0.004413,
            0.008959,
            0.041625
          ],
          [
            0.013962,
            -0.010005,
            0.064158
          ],
          [
            0.007016,
            -0.006122,
            0.028602
          ],
          [
            0.008369,
            0.000519,
            0.023063
          ],
          [
            -0.00956,
            -0.000368,
            0.042715
          ],
          [
            0.011703,
            -0.010533,
            0.05072
          ],
          [
            0.009789,
            0.001615,
            -0.00116
          ],
          [
            -0.010887,
            -0.023634,
            0.064723
          ],
          [
            -0.019317,
            0.005111,
            -0.013496
          ],
          [
            -0.001452,
            0.010056,
            -0.007994
          ],
          [
            0.002063,
            0.0017,
            -0.021805
          ],
          [
            -0.009325,
            0.018418,
            -0.005736
          ],
          [
            0.000767,
            0.002295,
            0.001414
          ],
          [
            0.00541,
            0.020058,
            0.002085
          ],
          [
            0.012013,
            -0.009938,
            -0.007058
          ],
          [
            0.013176,
            0.006748,
            -0.010254
          ],
          [
            -0.006181,
            0.000375,
            -0.015832
          ],
          [
            -0.020527,
            0.003413,
            -0.022205
          ],
          [
            0.001362,
            -0.034461,
            -0.016058
          ],
          [
            -0.005334,
            -0.012109,
            0.01436
          ],
          [
            -0.008381,
            -0.002896,
            0.021872
          ],
          [
            0.006463,
            -0.011617,
            0.044585
          ],
          [
            0.004669,
            -0.02108,
            -0.001177
          ],
          [
            -0.001058,
            0.002025,
            -0.002272
          ],
          [
            -0.038142,
            0.06502,
            -0.032006
          ],
          [
            -0.047963,
            0.012423,
            -0.019116
          ],
          [
            0.006749,
            -0.017242,
            0.004298
          ],
          [
            0.057831,
            -0.041142,
            -0.046518
          ],
          [
            0.00821,
            0.003496,
            0.013043
          ],
          [
            0.006555,
            -0.012101,
            0.007303
          ],
          [
            0.025572,
            0.033615,
            -0.000515
          ],
          [
            -0.019252,
            -0.029916,
            -0.119264
          ],
          [
            -4e-06,
            -0.004031,
            0.003174
          ],
          [
            0.00242,
            0.007302,
            0.000985
          ],
          [
            -0.037866,
            -0.047881,
            -0.011965
          ],
          [
            0.055593,
            -0.012971,
            -0.013334
          ],
          [
            -0.000602,
            0.009045,
            0.000927
          ],
          [
            -0.077379,
            -0.009951,
            -0.034942
          ],
          [
            0.024812,
            -0.013514,
            -0.029269
          ],
          [
            0.029206,
            0.012486,
            -0.012683
          ],
          [
            -0.616714,
            0.107776,
            0.108297
          ],
          [
            0.120732,
            0.046374,
            0.486133
          ],
          [
            -0.117274,
            -0.242865,
            -0.605503
          ],
          [
            0.522953,
            -0.267835,
            -0.194443
          ],
          [
            0.188602,
            -0.479293,
            -0.827927
          ],
          [
            -0.234294,
            0.192853,
            -0.061776
          ],
          [
            0.502214,
            -0.169252,
            0.124231
          ],
          [
            0.010044,
            0.263966,
            0.120643
          ],
          [
            -0.682298,
            0.426625,
            0.074976
          ],
          [
            0.220852,
            0.099817,
            -0.064092
          ],
          [
            0.327428,
            0.154103,
            -0.048572
          ],
          [
            -0.275051,
            0.252815,
            -0.1771
          ],
          [
            0.377847,
            0.00335,
            -0.246407
          ],
          [
            0.159571,
            0.423211,
            0.006317
          ],
          [
            -0.400562,
            -0.073722,
            0.240189
          ],
          [
            0.287312,
            -0.293234,
            0.185819
          ],
          [
            -0.396046,
            -0.203699,
            0.124767
          ],
          [
            0.186987,
            0.112079,
            0.519454
          ],
          [
            -0.495818,
            0.016558,
            0.318497
          ],
          [
            0.160134,
            0.072115,
            0.366906
          ],
          [
            -0.152535,
            -0.331313,
            0.026105
          ],
          [
            0.307896,
            -0.002519,
            -0.318804
          ]
        ],
        "Lattice": [
          [
            11.254311534,
            0.0,
            0.0
          ],
          [
            5.627155767,
            9.746519691,
            0.0
          ],
          [
            0.0,
            0.0,
            21.483230925
          ]
        ],
        "NumAtoms": 86,
        "Positions": [
          [
            4.22079,
            2.43687,
            0.0
          ],
          [
            7.03437,
            7.31013,
            0.0
          ],
          [
            9.84794,
            2.43687,
            0.0
          ],
          [
            12.66152,
            7.31013,
            0.0
          ],
          [
            1.40693,
            2.43687,
            0.0
          ],
          [
            4.22051,
            7.31013,
            0.0
          ],
          [
            7.03409,
            2.43687,
            0.0
          ],
          [
            9.84766,
            7.31013,
            0.0
          ],
          [
            2.81385,
            0.0,
            0.0
          ],
          [
            5.62743,
            4.87326,
            0.0
          ],
          [
            8.44101,
            0.0,
            0.0
          ],
          [
            11.25459,
            4.87326,
            0.0
          ],
          [
            0.0,
            0.0,
            0.0
          ],
          [
            2.81358,
            4.87326,
            0.0
          ],
          [
            5.62716,
            0.0,
            0.0
          ],
          [
            8.44073,
            4.87326,
            0.0
          ],
          [
            7.03462,
            4.06144,
            2.2975
          ],
          [
            9.8482,
            8.9347,
            2.2975
          ],
          [
            12.66177,
            4.06144,
            2.2975
          ],
          [
            15.47535,
            8.9347,
            2.2975
          ],
          [
            5.62769,
            1.62456,
            2.2975
          ],
          [
            8.44127,
            6.49782,
            2.2975
          ],
          [
            11.25484,
            1.62456,
            2.2975
          ],
          [
            14.06842,
            6.49782,
            2.2975
          ],
          [
            2.81383,
            1.62456,
            2.2975
          ],
          [
            5.62741,
            6.49782,
            2.2975
          ],
          [
            8.44098,
            1.62456,
            2.2975
          ],
          [
            11.25456,
            6.49782,
            2.2975
          ],
          [
            4.22076,
            4.06144,
            2.2975
          ],
          [
            7.03434,
            8.9347,
            2.2975
          ],
          [
            9.84791,
            4.06144,
            2.2975
          ],
          [
            12.66149,
            8.9347,
            2.2975
          ],
          [
            1.40763,
            0.81004,
            4.56785
          ],
          [
            4.22131,
            5.68428,
            4.56807
          ],
          [
            7.03754,
            0.80701,
            4.5667
          ],
          [
            9.85298,
            5.68129,
            4.55903
          ],
          [
            4.22398,
            0.8107,
            4.56592
          ],
          [
            7.03431,
            5.68233,
            4.56722
          ],
          [
            9.84746,
            0.80848,
            4.56995
          ],
          [
            12.6649,
            5.68367,
            4.5691
          ],
          [
            2.81474,
            3.24634,
            4.56984
          ],
          [
            5.63025,
            8.121,
            4.56951
          ],
          [
            8.44431,
            3.24517,
            4.56005
          ],
          [
            11.25576,
            8.11809,
            4.56727
          ],
          [
            5.62841,
            3.24726,
            4.56266
          ],
          [
            8.44435,
            8.11818,
            4.56218
          ],
          [
            11.25624,
            3.24558,
            4.56638
          ],
          [
            14.07109,
            8.11979,
            4.56918
          ],
          [
            8.44359,
            9.73991,
            6.86443
          ],
          [
            5.63005,
            4.86975,
            6.87407
          ],
          [
            14.06991,
            9.74103,
            6.87941
          ],
          [
            11.26101,
            4.86291,
            6.86908
          ],
          [
            5.62853,
            9.74026,
            6.87673
          ],
          [
            2.81822,
            4.86842,
            6.87545
          ],
          [
            11.25766,
            9.73938,
            6.87161
          ],
          [
            8.44348,
            4.86376,
            6.85198
          ],
          [
            1.41046,
            2.43052,
            6.87708
          ],
          [
            4.22487,
            7.30354,
            6.87719
          ],
          [
            7.03245,
            2.42934,
            6.863
          ],
          [
            9.85455,
            7.29981,
            6.86953
          ],
          [
            4.22012,
            2.43026,
            6.87469
          ],
          [
            7.03705,
            7.30712,
            6.87397
          ],
          [
            9.85118,
            2.42785,
            6.87399
          ],
          [
            12.66795,
            7.30107,
            6.87692
          ],
          [
            8.95261,
            7.76355,
            10.00217
          ],
          [
            9.52088,
            9.13389,
            10.18557
          ],
          [
            9.79779,
            9.50408,
            11.65933
          ],
          [
            7.58011,
            4.35824,
            10.13462
          ],
          [
            7.00841,
            2.99419,
            10.26519
          ],
          [
            7.95963,
            1.89816,
            10.72518
          ],
          [
            9.63904,
            6.81446,
            9.53393
          ],
          [
            7.69911,
            7.63379,
            10.32587
          ],
          [
            6.86909,
            5.3464,
            10.3836
          ],
          [
            8.82286,
            4.44364,
            9.7081
          ],
          [
            7.30636,
            6.60268,
            10.29393
          ],
          [
            3.17344,
            0.09998,
            9.7718
          ],
          [
            10.44136,
            9.2096,
            9.60555
          ],
          [
            4.53166,
            0.78315,
            11.70721
          ],
          [
            8.89491,
            9.43745,
            12.261
          ],
          [
            10.5616,
            8.85706,
            12.0879
          ],
          [
            9.19486,
            5.46097,
            9.61642
          ],
          [
            6.62203,
            2.74306,
            9.21435
          ],
          [
            6.12666,
            3.07252,
            10.89158
          ],
          [
            8.39868,
            2.14285,
            11.69345
          ],
          [
            7.41003,
            0.96024,
            10.82804
          ],
          [
            8.77188,
            1.73449,
            10.01822
          ]
        ],
        "Stress": [
          [
            -58.57785,
            -0.43054,
            -0.81967
          ],
          [
            -0.43054,
            -58.06826,
            0.12757
          ],
          [
            -0.81967,
            0.12757,
            -9.04471
          ]
        ],
        "computation_code": "VASP",
        "pseudopotential_information": [
          [
            "PAW_PBE",
            "Pt",
            "04Feb2005"
          ],
          [
            "PAW_PBE",
            "C",
            "08Apr2002"
          ],
          [
            "PAW_PBE",
            "O",
            "08Apr2002"
          ],
          [
            "PAW_PBE",
            "H",
            "15Jun2001"
          ]
        ]
      }
    ],
    "EnergyStyle": "electronvolt",
    "ForcesStyle": "electronvoltperangstrom",
    "LatticeStyle": "angstrom",
    "PositionsStyle": "angstrom",
    "StressStyle": "kB"
  }
}