{
  "Dataset": {
    "AtomTypeStyle": "chemicalsymbol",
    "Data": [
      {
        "AtomTypes": [
          "Pt",
          "Pt",
          "Pt",
          "Pt",
          "Pt",
          "Pt",
          "Pt",
          "Pt",
          "Pt",
          "Pt",
          "Pt",
          "Pt",
          "Pt",
          "Pt",
          "Pt",
          "Pt",
          "Pt",
          "Pt",
          "Pt",
          "Pt",
          "Pt",
          "Pt",
          "Pt",
          "Pt",
          "Pt",
          "Pt",
          "Pt",
          "Pt",
          "Pt",
          "Pt",
          "Pt",
          "Pt",
          "Pt",
          "Pt",
          "Pt",
          "Pt",
          "Pt",
          "Pt",
          "Pt",
          "Pt",
          "Pt",
          "Pt",
          "Pt",
          "Pt",
          "Pt",
          "Pt",
          "Pt",
          "Pt",
          "Pt",
          "Pt",
          "Pt",
          "Pt",
          "Pt",
          "Pt",
          "Pt",
          "Pt",
          "Pt",
          "Pt",
          "Pt",
          "Pt",
          "Pt",
          "Pt",
          "Pt",
          "Pt",
          "C",
          "C",
          "C",
          "C",
          "C",
          "C",
          "O",
          "O",
          "O",
          "O",
          "H",
          "H",
          "H",
          "H",
          "H",
          "H",
          "H",
          "H",
          "H",
          "H",
          "H",
          "H"
        ],
        "Energy": -312.78774347,
        "Forces": [
          [
            -0.005098,
            -0.002964,
            -0.039992
          ],
          [
            0.004236,
            0.003594,
            -0.028513
          ],
          [
            0.016158,
            -0.001865,
            -0.018388
          ],
          [
            -0.009754,
            -0.000746,
            -0.011837
          ],
          [
            0.01802,
            0.006585,
            -0.052515
          ],
          [
            0.015116,
            -0.025272,
            -0.014997
          ],
          [
            -0.023315,
            0.015647,
            -0.033795
          ],
          [
            -0.004498,
            0.001111,
            -0.020581
          ],
          [
            -0.006438,
            0.009269,
            -0.037687
          ],
          [
            0.002887,
            -0.005909,
            -0.035639
          ],
          [
            0.009461,
            0.024753,
            -0.003943
          ],
          [
            -0.002748,
            -0.008583,
            -0.033498
          ],
          [
            0.01302,
            0.018452,
            -0.040604
          ],
          [
            0.001255,
            -0.017225,
            -0.043484
          ],
          [
            -0.004212,
            0.00774,
            -0.044377
          ],
          [
            0.002508,
            0.004654,
            -0.041275
          ],
          [
            -0.046464,
            -0.014963,
            -0.167214
          ],
          [
            -0.018735,
            -0.034497,
            0.00052
          ],
          [
            0.017936,
            0.008656,
            -0.082481
          ],
          [
            -0.055105,
            -0.003045,
            -0.111381
          ],
          [
            -0.035227,
            0.026162,
            -0.077335
          ],
          [
            0.058214,
            0.064339,
            -0.077559
          ],
          [
            -0.022591,
            -0.012816,
            -0.095441
          ],
          [
            -0.007079,
            0.011271,
            -0.085969
          ],
          [
            0.029423,
            0.020274,
            -0.07701
          ],
          [
            -0.055494,
            0.021876,
            -0.183485
          ],
          [
            0.02725,
            -0.101013,
            -0.199493
          ],
          [
            0.002685,
            0.042556,
            -0.057369
          ],
          [
            -0.009112,
            -0.006898,
            -0.032131
          ],
          [
            0.066876,
            -0.027663,
            -0.118339
          ],
          [
            0.036065,
            0.054402,
            -0.176689
          ],
          [
            -0.054893,
            -0.082251,
            -0.0773
          ],
          [
            0.043865,
            0.001437,
            0.133046
          ],
          [
            -0.015918,
            -0.026753,
            0.081241
          ],
          [
            -0.019416,
            0.084559,
            0.179998
          ],
          [
            -0.103903,
            -0.000607,
            0.05651
          ],
          [
            -0.023725,
            0.000601,
            0.042338
          ],
          [
            0.153849,
            -0.105323,
            0.237351
          ],
          [
            -0.022633,
            0.078098,
            0.030834
          ],
          [
            -0.048535,
            -0.038997,
            0.084575
          ],
          [
            0.011761,
            -0.017758,
            0.060406
          ],
          [
            0.037706,
            -0.069735,
            0.167371
          ],
          [
            -0.033618,
            0.193919,
            0.241961
          ],
          [
            -0.042204,
            -0.031741,
            -0.03786
          ],
          [
            0.010318,
            -0.043655,
            0.041347
          ],
          [
            0.080537,
            -0.055039,
            -0.082736
          ],
          [
            -0.027132,
            0.025064,
            0.109211
          ],
          [
            0.032422,
            -0.046094,
            0.039245
          ],
          [
            0.119782,
            -0.198592,
            0.159062
          ],
          [
            0.203487,
            0.010866,
            -0.008264
          ],
          [
            -0.076142,
            0.034431,
            -0.011725
          ],
          [
            -0.149601,
            0.147339,
            0.132698
          ],
          [
            0.070324,
            -0.010279,
            -0.02523
          ],
          [
            -0.076973,
            0.019174,
            -0.001283
          ],
          [
            -0.110192,
            -0.13231,
            0.032939
          ],
          [
            0.079701,
            0.236601,
            0.302837
          ],
          [
            -0.07641,
            0.017028,
            -0.05556
          ],
          [
            0.072486,
            -0.035995,
            -0.005743
          ],
          [
            0.063211,
            0.1172,
            0.025623
          ],
          [
            -0.169061,
            -0.091273,
            0.075274
          ],
          [
            0.074497,
            -0.061851,
            -0.030545
          ],
          [
            0.253526,
            -0.075105,
            0.165171
          ],
          [
            -0.056061,
            0.104424,
            0.072963
          ],
          [
            -0.224399,
            -0.01865,
            0.033111
          ],
          [
            0.925226,
            -0.29905,
            -0.334102
          ],
          [
            0.689054,
            0.163796,
            0.165976
          ],
          [
            -0.215261,
            0.259844,
            0.038392
          ],
          [
            0.303201,
            0.376781,
            0.233282
          ],
          [
            0.271702,
            -0.246492,
            0.820707
          ],
          [
            0.106099,
            -0.001042,
            -0.149323
          ],
          [
            -0.6153,
            0.351825,
            -0.030082
          ],
          [
            -0.092046,
            0.043529,
            -0.124486
          ],
          [
            0.177002,
            -0.347675,
            -0.081745
          ],
          [
            -0.838963,
            0.284867,
            0.181652
          ],
          [
            -0.19471,
            -0.257495,
            0.07735
          ],
          [
            -0.17968,
            -0.038699,
            0.043964
          ],
          [
            -0.303455,
            -0.169844,
            0.300303
          ],
          [
            -0.154869,
            -0.265199,
            -0.065731
          ],
          [
            0.286576,
            0.004511,
            -0.277575
          ],
          [
            -0.104491,
            0.113325,
            0.062339
          ],
          [
            0.260634,
            0.003561,
            -0.098523
          ],
          [
            -0.277802,
            -0.189838,
            -0.477869
          ],
          [
            0.247556,
            0.120024,
            -0.3533
          ],
          [
            -0.08605,
            -0.160772,
            -0.173605
          ],
          [
            -0.0358,
            0.360607,
            -0.060203
          ],
          [
            -0.16123,
            -0.103327,
            0.263871
          ]
        ],
        "Lattice": [
          [
            11.254311534,
            0.0,
            0.0
          ],
          [
            5.627155767,
            9.746519691,
            0.0
          ],
          [
            0.0,
            0.0,
            21.483230925
          ]
        ],
        "NumAtoms": 86,
        "Positions": [
          [
            4.22079,
            2.43687,
            0.0
          ],
          [
            7.03437,
            7.31013,
            0.0
          ],
          [
            9.84794,
            2.43687,
            0.0
          ],
          [
            12.66152,
            7.31013,
            0.0
          ],
          [
            1.40693,
            2.43687,
            0.0
          ],
          [
            4.22051,
            7.31013,
            0.0
          ],
          [
            7.03409,
            2.43687,
            0.0
          ],
          [
            9.84766,
            7.31013,
            0.0
          ],
          [
            2.81385,
            0.0,
            0.0
          ],
          [
            5.62743,
            4.87326,
            0.0
          ],
          [
            8.44101,
            0.0,
            0.0
          ],
          [
            11.25459,
            4.87326,
            0.0
          ],
          [
            0.0,
            0.0,
            0.0
          ],
          [
            2.81358,
            4.87326,
            0.0
          ],
          [
            5.62716,
            0.0,
            0.0
          ],
          [
            8.44073,
            4.87326,
            0.0
          ],
          [
            7.03462,
            4.06144,
            2.2975
          ],
          [
            9.8482,
            8.9347,
            2.2975
          ],
          [
            12.66177,
            4.06144,
            2.2975
          ],
          [
            15.47535,
            8.9347,
            2.2975
          ],
          [
            5.62769,
            1.62456,
            2.2975
          ],
          [
            8.44127,
            6.49782,
            2.2975
          ],
          [
            11.25484,
            1.62456,
            2.2975
          ],
          [
            14.06842,
            6.49782,
            2.2975
          ],
          [
            2.81383,
            1.62456,
            2.2975
          ],
          [
            5.62741,
            6.49782,
            2.2975
          ],
          [
            8.44098,
            1.62456,
            2.2975
          ],
          [
            11.25456,
            6.49782,
            2.2975
          ],
          [
            4.22076,
            4.06144,
            2.2975
          ],
          [
            7.03434,
            8.9347,
            2.2975
          ],
          [
            9.84791,
            4.06144,
            2.2975
          ],
          [
            12.66149,
            8.9347,
            2.2975
          ],
          [
            1.39194,
            0.8171,
            4.53834
          ],
          [
            4.21146,
            5.69713,
            4.55266
          ],
          [
            7.03908,
            0.7912,
            4.53709
          ],
          [
            9.86342,
            5.68446,
            4.539
          ],
          [
            4.22768,
            0.81927,
            4.54981
          ],
          [
            7.00422,
            5.69241,
            4.51698
          ],
          [
            9.84568,
            0.78961,
            4.55833
          ],
          [
            12.67858,
            5.6932,
            4.54852
          ],
          [
            2.81072,
            3.25018,
            4.55776
          ],
          [
            5.60693,
            8.13977,
            4.53565
          ],
          [
            8.44413,
            3.20427,
            4.51147
          ],
          [
            11.26221,
            8.12541,
            4.56483
          ],
          [
            5.62185,
            3.25161,
            4.55527
          ],
          [
            8.43539,
            8.12326,
            4.56184
          ],
          [
            11.26068,
            3.23733,
            4.54033
          ],
          [
            14.06326,
            8.12618,
            4.56011
          ],
          [
            2.7861,
            0.0307,
            6.80445
          ],
          [
            5.58639,
            4.86633,
            6.85589
          ],
          [
            14.07672,
            9.73842,
            6.88266
          ],
          [
            11.28528,
            4.83716,
            6.81297
          ],
          [
            16.86835,
            9.74317,
            6.87764
          ],
          [
            2.82237,
            4.86472,
            6.87512
          ],
          [
            5.64297,
            0.01711,
            6.85309
          ],
          [
            8.41327,
            4.82073,
            6.73955
          ],
          [
            1.41498,
            2.4286,
            6.8796
          ],
          [
            15.45924,
            7.31384,
            6.87498
          ],
          [
            7.01452,
            2.40343,
            6.83484
          ],
          [
            9.88039,
            7.31364,
            6.83092
          ],
          [
            4.20335,
            2.44452,
            6.87618
          ],
          [
            6.98081,
            7.30744,
            6.80027
          ],
          [
            9.85709,
            2.40768,
            6.83501
          ],
          [
            12.69892,
            7.30442,
            6.86513
          ],
          [
            8.73879,
            8.21788,
            10.10007
          ],
          [
            9.24178,
            9.62371,
            10.19755
          ],
          [
            10.0772,
            9.73519,
            11.50303
          ],
          [
            7.74715,
            4.52389,
            10.22233
          ],
          [
            7.32802,
            3.09645,
            10.41277
          ],
          [
            8.50347,
            2.13893,
            10.65673
          ],
          [
            9.55822,
            7.28386,
            9.87094
          ],
          [
            7.46004,
            8.02695,
            10.31821
          ],
          [
            6.93742,
            5.47225,
            10.28092
          ],
          [
            9.06234,
            4.70275,
            10.01433
          ],
          [
            7.25849,
            7.02225,
            10.25601
          ],
          [
            2.80828,
            0.62255,
            10.16642
          ],
          [
            4.29909,
            0.0733,
            9.32778
          ],
          [
            4.92326,
            0.99196,
            11.58389
          ],
          [
            9.42134,
            9.59444,
            12.39486
          ],
          [
            10.87216,
            8.9664,
            11.5022
          ],
          [
            9.22062,
            5.72008,
            9.94899
          ],
          [
            6.7611,
            2.81988,
            9.51768
          ],
          [
            6.59143,
            3.06362,
            11.25591
          ],
          [
            9.0723,
            2.46141,
            11.55361
          ],
          [
            8.17978,
            1.08294,
            10.79623
          ],
          [
            9.20322,
            2.17463,
            9.78929
          ]
        ],
        "Stress": [
          [
            -58.05091,
            0.61308,
            0.63714
          ],
          [
            0.61308,
            -58.13896,
            0.26268
          ],
          [
            0.63714,
            0.26268,
            -6.7507
          ]
        ],
        "computation_code": "VASP",
        "pseudopotential_information": [
          [
            "PAW_PBE",
            "Pt",
            "04Feb2005"
          ],
          [
            "PAW_PBE",
            "C",
            "08Apr2002"
          ],
          [
            "PAW_PBE",
            "O",
            "08Apr2002"
          ],
          [
            "PAW_PBE",
            "H",
            "15Jun2001"
          ]
        ]
      }
    ],
    "EnergyStyle": "electronvolt",
    "ForcesStyle": "electronvoltperangstrom",
    "LatticeStyle": "angstrom",
    "PositionsStyle": "angstrom",
    "StressStyle": "kB"
  }
}