{
  "Dataset": {
    "AtomTypeStyle": "chemicalsymbol",
    "Data": [
      {
        "AtomTypes": [
          "Pt",
          "Pt",
          "Pt",
          "Pt",
          "Pt",
          "Pt",
          "Pt",
          "Pt",
          "Pt",
          "Pt",
          "Pt",
          "Pt",
          "Pt",
          "Pt",
          "Pt",
          "Pt",
          "Pt",
          "Pt",
          "Pt",
          "Pt",
          "Pt",
          "Pt",
          "Pt",
          "Pt",
          "Pt",
          "Pt",
          "Pt",
          "Pt",
          "Pt",
          "Pt",
          "Pt",
          "Pt",
          "Pt",
          "Pt",
          "Pt",
          "Pt",
          "Pt",
          "Pt",
          "Pt",
          "Pt",
          "Pt",
          "Pt",
          "Pt",
          "Pt",
          "Pt",
          "Pt",
          "Pt",
          "Pt",
          "Pt",
          "Pt",
          "Pt",
          "Pt",
          "Pt",
          "Pt",
          "Pt",
          "Pt",
          "Pt",
          "Pt",
          "Pt",
          "Pt",
          "Pt",
          "Pt",
          "Pt",
          "Pt",
          "C",
          "C",
          "C",
          "C",
          "C",
          "C",
          "O",
          "O",
          "O",
          "O",
          "H",
          "H",
          "H",
          "H",
          "H",
          "H",
          "H",
          "H",
          "H",
          "H",
          "H",
          "H"
        ],
        "Energy": -312.8208618,
        "Forces": [
          [
            -0.003305,
            0.00246,
            -0.033154
          ],
          [
            -0.005946,
            0.002433,
            -0.023381
          ],
          [
            -0.000326,
            0.001206,
            -0.026806
          ],
          [
            -0.003069,
            0.002219,
            -0.026119
          ],
          [
            0.002947,
            -0.000382,
            -0.038034
          ],
          [
            0.002594,
            -0.001303,
            -0.034272
          ],
          [
            -0.002046,
            -0.003732,
            -0.036423
          ],
          [
            0.000508,
            0.002933,
            -0.038887
          ],
          [
            -0.004879,
            0.006668,
            -0.032552
          ],
          [
            -0.0035,
            0.002947,
            -0.031199
          ],
          [
            -0.004346,
            0.007149,
            -0.030584
          ],
          [
            -5.7e-05,
            0.001056,
            -0.030016
          ],
          [
            0.005244,
            0.002903,
            -0.033511
          ],
          [
            0.003667,
            -0.001352,
            -0.034752
          ],
          [
            0.00061,
            0.005023,
            -0.028592
          ],
          [
            0.000719,
            0.002958,
            -0.031507
          ],
          [
            -0.00637,
            0.003209,
            0.008749
          ],
          [
            0.001963,
            -0.00986,
            0.022287
          ],
          [
            0.005058,
            -0.003114,
            0.044792
          ],
          [
            -0.001824,
            -0.004578,
            0.055629
          ],
          [
            -0.001995,
            0.001096,
            0.031311
          ],
          [
            0.00018,
            -0.006334,
            0.013292
          ],
          [
            0.003266,
            -0.002574,
            0.049245
          ],
          [
            -0.004668,
            -0.006615,
            0.0417
          ],
          [
            0.004239,
            0.00843,
            0.041162
          ],
          [
            0.012052,
            -0.009276,
            0.062154
          ],
          [
            0.007419,
            -0.006808,
            0.028695
          ],
          [
            0.009381,
            0.000673,
            0.023406
          ],
          [
            -0.00896,
            0.000266,
            0.043322
          ],
          [
            0.011552,
            -0.011887,
            0.05183
          ],
          [
            0.009462,
            0.00115,
            0.001301
          ],
          [
            -0.009764,
            -0.023644,
            0.063084
          ],
          [
            -0.016822,
            0.004881,
            -0.011691
          ],
          [
            -0.000757,
            0.008798,
            -0.006504
          ],
          [
            0.001757,
            0.002803,
            -0.018556
          ],
          [
            -0.00784,
            0.017606,
            -0.004869
          ],
          [
            0.000578,
            0.002228,
            0.001185
          ],
          [
            0.003527,
            0.018897,
            0.001538
          ],
          [
            0.01098,
            -0.007601,
            -0.007063
          ],
          [
            0.01101,
            0.006809,
            -0.008868
          ],
          [
            -0.005194,
            0.000368,
            -0.013573
          ],
          [
            -0.0174,
            0.002476,
            -0.019173
          ],
          [
            0.001489,
            -0.030075,
            -0.014423
          ],
          [
            -0.005889,
            -0.011351,
            0.013112
          ],
          [
            -0.007369,
            -0.002472,
            0.017848
          ],
          [
            0.006369,
            -0.010188,
            0.037493
          ],
          [
            0.003906,
            -0.018955,
            -0.001413
          ],
          [
            -0.000836,
            0.002049,
            -0.001362
          ],
          [
            -0.033329,
            0.058837,
            -0.021928
          ],
          [
            -0.040396,
            0.013193,
            -0.016997
          ],
          [
            0.005687,
            -0.015897,
            0.004905
          ],
          [
            0.04893,
            -0.036195,
            -0.041192
          ],
          [
            0.005414,
            0.002122,
            0.01099
          ],
          [
            0.005805,
            -0.009696,
            0.005785
          ],
          [
            0.021798,
            0.029379,
            0.004767
          ],
          [
            -0.017322,
            -0.021509,
            -0.119927
          ],
          [
            -0.000339,
            -0.003519,
            0.003319
          ],
          [
            0.002794,
            0.006435,
            0.001449
          ],
          [
            -0.036051,
            -0.037475,
            0.003566
          ],
          [
            0.046775,
            -0.016565,
            0.007699
          ],
          [
            -0.001903,
            0.008214,
            0.000815
          ],
          [
            -0.068526,
            -0.011968,
            -0.032088
          ],
          [
            0.021054,
            -0.010752,
            -0.024908
          ],
          [
            0.025299,
            0.010949,
            -0.011992
          ],
          [
            0.168173,
            -0.381549,
            -0.176731
          ],
          [
            0.25714,
            0.911441,
            -0.38095
          ],
          [
            0.10409,
            -0.009367,
            0.569992
          ],
          [
            -0.389294,
            0.335324,
            0.027464
          ],
          [
            -0.586754,
            -0.564398,
            -0.522235
          ],
          [
            0.468897,
            -0.550412,
            0.198213
          ],
          [
            0.184309,
            0.151616,
            0.229345
          ],
          [
            -0.322292,
            0.601749,
            0.273573
          ],
          [
            -0.229455,
            -0.12257,
            -0.050708
          ],
          [
            0.525745,
            -0.158218,
            0.026336
          ],
          [
            0.200237,
            -0.1775,
            -0.092623
          ],
          [
            0.337556,
            -0.349555,
            0.147998
          ],
          [
            -0.412333,
            -0.091192,
            0.194073
          ],
          [
            -0.225128,
            -0.651335,
            -0.038355
          ],
          [
            0.565717,
            0.01165,
            -0.357304
          ],
          [
            -0.529556,
            0.426533,
            -0.244084
          ],
          [
            -0.266776,
            0.068185,
            0.135311
          ],
          [
            0.267793,
            0.189916,
            0.724166
          ],
          [
            0.23631,
            0.024871,
            -0.187111
          ],
          [
            -0.234865,
            -0.145044,
            -0.523327
          ],
          [
            0.319559,
            0.454814,
            -0.0466
          ],
          [
            -0.440655,
            0.11804,
            0.381685
          ]
        ],
        "Lattice": [
          [
            11.254311534,
            0.0,
            0.0
          ],
          [
            5.627155767,
            9.746519691,
            0.0
          ],
          [
            0.0,
            0.0,
            21.483230925
          ]
        ],
        "NumAtoms": 86,
        "Positions": [
          [
            4.22079,
            2.43687,
            0.0
          ],
          [
            7.03437,
            7.31013,
            0.0
          ],
          [
            9.84794,
            2.43687,
            0.0
          ],
          [
            12.66152,
            7.31013,
            0.0
          ],
          [
            1.40693,
            2.43687,
            0.0
          ],
          [
            4.22051,
            7.31013,
            0.0
          ],
          [
            7.03409,
            2.43687,
            0.0
          ],
          [
            9.84766,
            7.31013,
            0.0
          ],
          [
            2.81385,
            0.0,
            0.0
          ],
          [
            5.62743,
            4.87326,
            0.0
          ],
          [
            8.44101,
            0.0,
            0.0
          ],
          [
            11.25459,
            4.87326,
            0.0
          ],
          [
            0.0,
            0.0,
            0.0
          ],
          [
            2.81358,
            4.87326,
            0.0
          ],
          [
            5.62716,
            0.0,
            0.0
          ],
          [
            8.44073,
            4.87326,
            0.0
          ],
          [
            7.03462,
            4.06144,
            2.2975
          ],
          [
            9.8482,
            8.9347,
            2.2975
          ],
          [
            12.66177,
            4.06144,
            2.2975
          ],
          [
            15.47535,
            8.9347,
            2.2975
          ],
          [
            5.62769,
            1.62456,
            2.2975
          ],
          [
            8.44127,
            6.49782,
            2.2975
          ],
          [
            11.25484,
            1.62456,
            2.2975
          ],
          [
            14.06842,
            6.49782,
            2.2975
          ],
          [
            2.81383,
            1.62456,
            2.2975
          ],
          [
            5.62741,
            6.49782,
            2.2975
          ],
          [
            8.44098,
            1.62456,
            2.2975
          ],
          [
            11.25456,
            6.49782,
            2.2975
          ],
          [
            4.22076,
            4.06144,
            2.2975
          ],
          [
            7.03434,
            8.9347,
            2.2975
          ],
          [
            9.84791,
            4.06144,
            2.2975
          ],
          [
            12.66149,
            8.9347,
            2.2975
          ],
          [
            1.40741,
            0.80995,
            4.56773
          ],
          [
            4.22128,
            5.68426,
            4.56826
          ],
          [
            7.03749,
            0.80688,
            4.56659
          ],
          [
            9.85303,
            5.68124,
            4.5593
          ],
          [
            4.22388,
            0.81054,
            4.56598
          ],
          [
            7.03431,
            5.68239,
            4.56709
          ],
          [
            9.84762,
            0.80826,
            4.57011
          ],
          [
            12.66499,
            5.68354,
            4.56918
          ],
          [
            2.81463,
            3.24623,
            4.56977
          ],
          [
            5.63001,
            8.12096,
            4.56959
          ],
          [
            8.4442,
            3.24479,
            4.56043
          ],
          [
            11.25609,
            8.1181,
            4.56732
          ],
          [
            5.62829,
            3.24729,
            4.56299
          ],
          [
            8.44431,
            8.11807,
            4.56292
          ],
          [
            11.25624,
            3.24545,
            4.56651
          ],
          [
            14.07108,
            8.11963,
            4.56922
          ],
          [
            8.44324,
            9.74035,
            6.8645
          ],
          [
            5.62986,
            4.86991,
            6.87417
          ],
          [
            14.07033,
            9.74075,
            6.87946
          ],
          [
            11.26121,
            4.86291,
            6.86946
          ],
          [
            5.62889,
            9.7403,
            6.87724
          ],
          [
            2.81831,
            4.86812,
            6.87573
          ],
          [
            11.2577,
            9.73922,
            6.8718
          ],
          [
            8.44403,
            4.86403,
            6.85264
          ],
          [
            1.41045,
            2.43047,
            6.87729
          ],
          [
            4.22483,
            7.30374,
            6.87757
          ],
          [
            7.03255,
            2.42893,
            6.86303
          ],
          [
            9.85497,
            7.29961,
            6.8696
          ],
          [
            4.22023,
            2.43028,
            6.87477
          ],
          [
            7.0369,
            7.30664,
            6.874
          ],
          [
            9.85122,
            2.42794,
            6.87417
          ],
          [
            12.66813,
            7.30125,
            6.87707
          ],
          [
            8.94707,
            7.76878,
            10.01925
          ],
          [
            9.52237,
            9.13096,
            10.20307
          ],
          [
            9.80157,
            9.5138,
            11.66437
          ],
          [
            7.58537,
            4.35103,
            10.14937
          ],
          [
            7.00579,
            2.99133,
            10.26953
          ],
          [
            7.94801,
            1.89118,
            10.72224
          ],
          [
            9.65023,
            6.81179,
            9.57258
          ],
          [
            7.69642,
            7.63751,
            10.31871
          ],
          [
            6.86125,
            5.3488,
            10.37722
          ],
          [
            8.82534,
            4.43459,
            9.74664
          ],
          [
            7.31229,
            6.62953,
            10.29524
          ],
          [
            3.16027,
            0.12168,
            9.77107
          ],
          [
            10.46951,
            9.20855,
            9.60819
          ],
          [
            4.55485,
            0.82567,
            11.71352
          ],
          [
            8.86848,
            9.45202,
            12.28936
          ],
          [
            10.58812,
            8.84068,
            12.11299
          ],
          [
            9.19026,
            5.43143,
            9.64485
          ],
          [
            6.61811,
            2.74215,
            9.20646
          ],
          [
            6.09471,
            3.05971,
            10.90444
          ],
          [
            8.39949,
            2.12549,
            11.72459
          ],
          [
            7.38525,
            0.92437,
            10.81209
          ],
          [
            8.78768,
            1.73136,
            9.99295
          ]
        ],
        "Stress": [
          [
            -61.2102,
            0.09733,
            -0.17892
          ],
          [
            0.09733,
            -60.01967,
            0.0655
          ],
          [
            -0.17892,
            0.0655,
            -10.90976
          ]
        ],
        "computation_code": "VASP",
        "pseudopotential_information": [
          [
            "PAW_PBE",
            "Pt",
            "04Feb2005"
          ],
          [
            "PAW_PBE",
            "C",
            "08Apr2002"
          ],
          [
            "PAW_PBE",
            "O",
            "08Apr2002"
          ],
          [
            "PAW_PBE",
            "H",
            "15Jun2001"
          ]
        ]
      }
    ],
    "EnergyStyle": "electronvolt",
    "ForcesStyle": "electronvoltperangstrom",
    "LatticeStyle": "angstrom",
    "PositionsStyle": "angstrom",
    "StressStyle": "kB"
  }
}