{
  "Dataset": {
    "AtomTypeStyle": "chemicalsymbol",
    "Data": [
      {
        "AtomTypes": [
          "Pt",
          "Pt",
          "Pt",
          "Pt",
          "Pt",
          "Pt",
          "Pt",
          "Pt",
          "Pt",
          "Pt",
          "Pt",
          "Pt",
          "Pt",
          "Pt",
          "Pt",
          "Pt",
          "Pt",
          "Pt",
          "Pt",
          "Pt",
          "Pt",
          "Pt",
          "Pt",
          "Pt",
          "Pt",
          "Pt",
          "Pt",
          "Pt",
          "Pt",
          "Pt",
          "Pt",
          "Pt",
          "Pt",
          "Pt",
          "Pt",
          "Pt",
          "Pt",
          "Pt",
          "Pt",
          "Pt",
          "Pt",
          "Pt",
          "Pt",
          "Pt",
          "Pt",
          "Pt",
          "Pt",
          "Pt",
          "Pt",
          "Pt",
          "Pt",
          "Pt",
          "Pt",
          "Pt",
          "Pt",
          "Pt",
          "Pt",
          "Pt",
          "Pt",
          "Pt",
          "Pt",
          "Pt",
          "Pt",
          "Pt",
          "C",
          "C",
          "C",
          "C",
          "C",
          "C",
          "O",
          "O",
          "O",
          "O",
          "H",
          "H",
          "H",
          "H",
          "H",
          "H",
          "H",
          "H",
          "H",
          "H",
          "H",
          "H"
        ],
        "Energy": -312.8666272,
        "Forces": [
          [
            0.004792,
            -0.002976,
            -0.009757
          ],
          [
            -0.009819,
            0.007932,
            -0.02835
          ],
          [
            -0.007436,
            -0.010132,
            -0.030508
          ],
          [
            0.011988,
            0.006085,
            -0.037524
          ],
          [
            -0.001918,
            0.004505,
            -0.025306
          ],
          [
            -0.008518,
            0.00778,
            -0.051345
          ],
          [
            0.014846,
            -0.011468,
            -0.036368
          ],
          [
            0.011792,
            -0.000384,
            -0.020094
          ],
          [
            -0.000116,
            -0.00137,
            -0.014456
          ],
          [
            0.00149,
            0.018529,
            -0.020466
          ],
          [
            0.007453,
            -0.005346,
            -0.038603
          ],
          [
            0.005642,
            0.006582,
            -0.025259
          ],
          [
            -0.010492,
            -0.003149,
            -0.033708
          ],
          [
            0.003567,
            0.019743,
            -0.028732
          ],
          [
            0.018118,
            0.004944,
            -0.033361
          ],
          [
            0.004334,
            -0.009084,
            -0.021412
          ],
          [
            0.026649,
            0.041916,
            0.195196
          ],
          [
            -0.032854,
            -0.048792,
            0.158751
          ],
          [
            -0.046167,
            -0.003064,
            0.12631
          ],
          [
            -0.003806,
            0.014665,
            0.120059
          ],
          [
            -0.019191,
            0.001684,
            0.095838
          ],
          [
            -0.00059,
            -0.021383,
            0.237465
          ],
          [
            -0.01715,
            0.021897,
            0.104884
          ],
          [
            -0.002985,
            -0.009467,
            0.127732
          ],
          [
            0.000862,
            -0.018594,
            0.109688
          ],
          [
            0.047987,
            -0.055057,
            0.092645
          ],
          [
            0.022374,
            0.054852,
            0.163171
          ],
          [
            -0.048088,
            -0.028464,
            0.165874
          ],
          [
            -0.00254,
            -0.015639,
            0.087507
          ],
          [
            0.027449,
            -0.033553,
            0.096679
          ],
          [
            -0.024195,
            0.025216,
            0.211553
          ],
          [
            -0.009662,
            -0.01913,
            0.098824
          ],
          [
            -0.00991,
            0.052041,
            0.033115
          ],
          [
            -0.074183,
            0.032346,
            0.006669
          ],
          [
            0.023043,
            -0.033728,
            0.065078
          ],
          [
            0.010365,
            0.01366,
            -0.06157
          ],
          [
            -0.014537,
            0.075431,
            -0.017275
          ],
          [
            -0.023359,
            -0.093033,
            -0.038487
          ],
          [
            -0.052498,
            -0.058,
            -0.081769
          ],
          [
            0.035671,
            0.013728,
            -0.020297
          ],
          [
            0.054694,
            -0.011006,
            -0.019256
          ],
          [
            -0.09433,
            0.138976,
            0.06444
          ],
          [
            0.001089,
            -0.065394,
            -0.038269
          ],
          [
            0.045039,
            0.042062,
            0.008752
          ],
          [
            0.003422,
            0.031271,
            0.036373
          ],
          [
            0.077065,
            -0.039415,
            -0.042378
          ],
          [
            0.001944,
            0.011535,
            0.013742
          ],
          [
            -0.001685,
            -0.016153,
            -0.052898
          ],
          [
            -0.022182,
            0.011973,
            -0.189653
          ],
          [
            -0.005948,
            0.015403,
            -0.126966
          ],
          [
            0.047431,
            0.046251,
            0.025638
          ],
          [
            0.011626,
            0.023676,
            -0.226191
          ],
          [
            0.028353,
            0.028689,
            0.043237
          ],
          [
            0.037806,
            -0.04038,
            0.009638
          ],
          [
            -0.029993,
            -0.048536,
            -0.103348
          ],
          [
            -0.035356,
            0.123393,
            -0.41762
          ],
          [
            -0.019449,
            -0.017395,
            0.014522
          ],
          [
            -0.026765,
            0.067668,
            -0.010742
          ],
          [
            0.012275,
            -0.040817,
            -0.208718
          ],
          [
            -0.018906,
            -0.026322,
            -0.110047
          ],
          [
            -0.014999,
            0.104083,
            -0.040202
          ],
          [
            0.046094,
            -0.147889,
            -0.222967
          ],
          [
            0.03878,
            -0.021362,
            -0.176641
          ],
          [
            -0.002905,
            -0.016771,
            -0.023645
          ],
          [
            0.525439,
            -0.017136,
            0.229265
          ],
          [
            -0.781835,
            -0.352231,
            0.946075
          ],
          [
            0.733336,
            0.213444,
            -0.319762
          ],
          [
            0.609361,
            0.672687,
            0.410227
          ],
          [
            0.219363,
            -0.303852,
            -0.203865
          ],
          [
            0.130541,
            -0.276245,
            -0.399528
          ],
          [
            -0.394189,
            0.260534,
            -0.134352
          ],
          [
            -0.164497,
            -0.582085,
            -0.053615
          ],
          [
            -0.57539,
            0.110751,
            -0.119902
          ],
          [
            -0.170445,
            -0.600348,
            -0.148744
          ],
          [
            -0.072378,
            0.386858,
            -0.126208
          ],
          [
            0.289189,
            -0.286934,
            -0.550009
          ],
          [
            -0.051221,
            0.114289,
            -0.348073
          ],
          [
            -0.079275,
            0.391906,
            0.028881
          ],
          [
            -0.010175,
            -0.150726,
            0.111231
          ],
          [
            0.001759,
            -0.065409,
            0.05147
          ],
          [
            0.034825,
            0.323327,
            -0.000644
          ],
          [
            0.06911,
            -0.044202,
            0.142912
          ],
          [
            -0.152179,
            0.111936,
            0.188128
          ],
          [
            0.026106,
            -0.181569,
            -0.054881
          ],
          [
            0.104401,
            0.272846,
            -0.131807
          ],
          [
            -0.279936,
            -0.085178,
            0.613741
          ]
        ],
        "Lattice": [
          [
            11.254311534,
            0.0,
            0.0
          ],
          [
            5.627155767,
            9.746519691,
            0.0
          ],
          [
            0.0,
            0.0,
            21.483230925
          ]
        ],
        "NumAtoms": 86,
        "Positions": [
          [
            4.22079,
            2.43687,
            0.0
          ],
          [
            7.03437,
            7.31013,
            0.0
          ],
          [
            9.84794,
            2.43687,
            0.0
          ],
          [
            12.66152,
            7.31013,
            0.0
          ],
          [
            1.40693,
            2.43687,
            0.0
          ],
          [
            4.22051,
            7.31013,
            0.0
          ],
          [
            7.03409,
            2.43687,
            0.0
          ],
          [
            9.84766,
            7.31013,
            0.0
          ],
          [
            2.81385,
            0.0,
            0.0
          ],
          [
            5.62743,
            4.87326,
            0.0
          ],
          [
            8.44101,
            0.0,
            0.0
          ],
          [
            11.25459,
            4.87326,
            0.0
          ],
          [
            0.0,
            0.0,
            0.0
          ],
          [
            2.81358,
            4.87326,
            0.0
          ],
          [
            5.62716,
            0.0,
            0.0
          ],
          [
            8.44073,
            4.87326,
            0.0
          ],
          [
            7.03462,
            4.06144,
            2.2975
          ],
          [
            9.8482,
            8.9347,
            2.2975
          ],
          [
            12.66177,
            4.06144,
            2.2975
          ],
          [
            15.47535,
            8.9347,
            2.2975
          ],
          [
            5.62769,
            1.62456,
            2.2975
          ],
          [
            8.44127,
            6.49782,
            2.2975
          ],
          [
            11.25484,
            1.62456,
            2.2975
          ],
          [
            14.06842,
            6.49782,
            2.2975
          ],
          [
            2.81383,
            1.62456,
            2.2975
          ],
          [
            5.62741,
            6.49782,
            2.2975
          ],
          [
            8.44098,
            1.62456,
            2.2975
          ],
          [
            11.25456,
            6.49782,
            2.2975
          ],
          [
            4.22076,
            4.06144,
            2.2975
          ],
          [
            7.03434,
            8.9347,
            2.2975
          ],
          [
            9.84791,
            4.06144,
            2.2975
          ],
          [
            12.66149,
            8.9347,
            2.2975
          ],
          [
            1.40723,
            0.80247,
            4.57291
          ],
          [
            4.22862,
            5.66826,
            4.5739
          ],
          [
            7.02469,
            0.82026,
            4.57029
          ],
          [
            9.83968,
            5.684,
            4.61187
          ],
          [
            4.21532,
            0.79496,
            4.58117
          ],
          [
            7.04658,
            5.69149,
            4.60832
          ],
          [
            9.84671,
            0.82591,
            4.58256
          ],
          [
            12.6428,
            5.67798,
            4.58297
          ],
          [
            2.80384,
            3.24378,
            4.57306
          ],
          [
            5.63631,
            8.09743,
            4.56724
          ],
          [
            8.43531,
            3.26756,
            4.60119
          ],
          [
            11.24047,
            8.1124,
            4.58237
          ],
          [
            5.62676,
            3.24541,
            4.57727
          ],
          [
            8.43184,
            8.11935,
            4.59997
          ],
          [
            11.24164,
            3.25109,
            4.58779
          ],
          [
            14.0664,
            8.11726,
            4.57375
          ],
          [
            8.43147,
            9.74255,
            6.91963
          ],
          [
            5.6269,
            4.86918,
            6.91136
          ],
          [
            14.04721,
            9.73476,
            6.86792
          ],
          [
            11.23988,
            4.87005,
            6.94927
          ],
          [
            16.86302,
            9.73568,
            6.86495
          ],
          [
            14.05124,
            4.87158,
            6.87479
          ],
          [
            11.24963,
            9.74542,
            6.90425
          ],
          [
            8.44373,
            4.87022,
            6.97067
          ],
          [
            12.65267,
            2.4326,
            6.87989
          ],
          [
            4.21935,
            7.28909,
            6.87662
          ],
          [
            7.01664,
            2.44206,
            6.91459
          ],
          [
            9.83725,
            7.30919,
            6.9347
          ],
          [
            4.21029,
            2.42024,
            6.88165
          ],
          [
            7.02584,
            7.33118,
            6.93702
          ],
          [
            9.83638,
            2.43663,
            6.92519
          ],
          [
            12.6473,
            7.30461,
            6.88666
          ],
          [
            8.6171,
            8.53264,
            10.56577
          ],
          [
            3.28419,
            0.27125,
            10.59029
          ],
          [
            4.74151,
            0.53354,
            10.37828
          ],
          [
            8.02637,
            4.74896,
            10.24597
          ],
          [
            7.81055,
            3.27427,
            10.18605
          ],
          [
            9.10345,
            2.47101,
            10.26609
          ],
          [
            9.48151,
            7.69565,
            10.90858
          ],
          [
            7.40063,
            8.20283,
            10.17434
          ],
          [
            7.18522,
            5.58068,
            9.86263
          ],
          [
            9.18703,
            5.13509,
            10.76772
          ],
          [
            7.31496,
            7.16119,
            10.13683
          ],
          [
            2.9318,
            0.64991,
            11.60146
          ],
          [
            2.62212,
            0.77569,
            9.87687
          ],
          [
            4.98676,
            1.59784,
            10.4187
          ],
          [
            5.37697,
            0.01886,
            11.11012
          ],
          [
            5.0606,
            0.18837,
            9.36881
          ],
          [
            9.26798,
            6.15567,
            10.80775
          ],
          [
            7.23602,
            3.06958,
            9.24748
          ],
          [
            7.13355,
            2.98555,
            11.00572
          ],
          [
            9.75335,
            2.87926,
            11.05735
          ],
          [
            8.89579,
            1.39581,
            10.4603
          ],
          [
            9.67519,
            2.55043,
            9.28159
          ]
        ],
        "Stress": [
          [
            -62.74408,
            -0.03639,
            0.51931
          ],
          [
            -0.03639,
            -63.65871,
            -0.5045
          ],
          [
            0.51931,
            -0.5045,
            -15.49623
          ]
        ],
        "computation_code": "VASP",
        "pseudopotential_information": [
          [
            "PAW_PBE",
            "Pt",
            "04Feb2005"
          ],
          [
            "PAW_PBE",
            "C",
            "08Apr2002"
          ],
          [
            "PAW_PBE",
            "O",
            "08Apr2002"
          ],
          [
            "PAW_PBE",
            "H",
            "15Jun2001"
          ]
        ]
      }
    ],
    "EnergyStyle": "electronvolt",
    "ForcesStyle": "electronvoltperangstrom",
    "LatticeStyle": "angstrom",
    "PositionsStyle": "angstrom",
    "StressStyle": "kB"
  }
}