{
  "Dataset": {
    "AtomTypeStyle": "chemicalsymbol",
    "Data": [
      {
        "AtomTypes": [
          "Pt",
          "Pt",
          "Pt",
          "Pt",
          "Pt",
          "Pt",
          "Pt",
          "Pt",
          "Pt",
          "Pt",
          "Pt",
          "Pt",
          "Pt",
          "Pt",
          "Pt",
          "Pt",
          "Pt",
          "Pt",
          "Pt",
          "Pt",
          "Pt",
          "Pt",
          "Pt",
          "Pt",
          "Pt",
          "Pt",
          "Pt",
          "Pt",
          "Pt",
          "Pt",
          "Pt",
          "Pt",
          "Pt",
          "Pt",
          "Pt",
          "Pt",
          "Pt",
          "Pt",
          "Pt",
          "Pt",
          "Pt",
          "Pt",
          "Pt",
          "Pt",
          "Pt",
          "Pt",
          "Pt",
          "Pt",
          "Pt",
          "Pt",
          "Pt",
          "Pt",
          "Pt",
          "Pt",
          "Pt",
          "Pt",
          "Pt",
          "Pt",
          "Pt",
          "Pt",
          "Pt",
          "Pt",
          "Pt",
          "Pt",
          "C",
          "C",
          "C",
          "C",
          "C",
          "C",
          "O",
          "O",
          "O",
          "O",
          "H",
          "H",
          "H",
          "H",
          "H",
          "H",
          "H",
          "H",
          "H",
          "H",
          "H",
          "H"
        ],
        "Energy": -312.82925154,
        "Forces": [
          [
            -0.004391,
            -0.000151,
            -0.044649
          ],
          [
            0.008088,
            0.000444,
            -0.035379
          ],
          [
            0.008756,
            0.009463,
            -0.02929
          ],
          [
            -0.003567,
            -0.006874,
            -0.036753
          ],
          [
            0.008518,
            -0.000915,
            -0.034535
          ],
          [
            0.007088,
            0.000724,
            -0.024071
          ],
          [
            -0.001315,
            0.010533,
            -0.015417
          ],
          [
            -0.001265,
            -0.00058,
            -0.044332
          ],
          [
            0.00677,
            0.004176,
            -0.041326
          ],
          [
            0.001683,
            -0.000289,
            -0.042311
          ],
          [
            -0.005162,
            -0.003134,
            -0.026069
          ],
          [
            0.000447,
            0.011117,
            -0.038018
          ],
          [
            0.016581,
            0.003949,
            -0.026401
          ],
          [
            0.00493,
            -0.003711,
            -0.030571
          ],
          [
            -0.010843,
            0.001941,
            -0.027507
          ],
          [
            0.008363,
            0.015122,
            -0.029574
          ],
          [
            -0.021954,
            -0.045551,
            -0.005929
          ],
          [
            0.007275,
            0.0258,
            -0.070999
          ],
          [
            0.010834,
            -0.011373,
            0.031492
          ],
          [
            -0.015474,
            -0.015813,
            0.048451
          ],
          [
            0.02497,
            -0.001986,
            0.028331
          ],
          [
            -0.026179,
            -0.02757,
            -0.079034
          ],
          [
            -0.028627,
            -0.013882,
            0.021603
          ],
          [
            0.008118,
            -0.007684,
            0.034267
          ],
          [
            -0.01986,
            0.028872,
            0.011477
          ],
          [
            -0.061861,
            0.021496,
            0.039884
          ],
          [
            -0.012078,
            -0.032875,
            0.028382
          ],
          [
            0.043554,
            -0.021504,
            -0.038592
          ],
          [
            -0.025425,
            0.017775,
            0.052184
          ],
          [
            -0.061016,
            0.002581,
            0.019029
          ],
          [
            -0.009945,
            -0.05367,
            -0.002276
          ],
          [
            0.064161,
            0.029196,
            -0.00177
          ],
          [
            0.022846,
            -0.064347,
            -0.012039
          ],
          [
            0.095245,
            -0.046817,
            -0.049805
          ],
          [
            0.013252,
            0.007374,
            -0.094755
          ],
          [
            0.029325,
            0.00795,
            -0.006386
          ],
          [
            0.00316,
            -0.051731,
            0.035121
          ],
          [
            -0.002511,
            0.096713,
            -0.000499
          ],
          [
            0.027062,
            0.049412,
            0.001848
          ],
          [
            -0.054585,
            0.003236,
            -0.00726
          ],
          [
            -0.013885,
            0.026249,
            -0.023996
          ],
          [
            0.109891,
            -0.056667,
            -0.069764
          ],
          [
            0.051155,
            0.024876,
            -0.095875
          ],
          [
            -0.085977,
            -0.062029,
            0.132726
          ],
          [
            -4.7e-05,
            0.015548,
            -0.020389
          ],
          [
            -0.058499,
            0.055839,
            0.072867
          ],
          [
            -0.014568,
            0.014227,
            -0.002123
          ],
          [
            -0.025735,
            0.056644,
            0.009031
          ],
          [
            -0.057743,
            0.10113,
            0.074029
          ],
          [
            -0.087525,
            -0.013036,
            0.106793
          ],
          [
            -0.028975,
            -0.044988,
            -0.012102
          ],
          [
            0.110388,
            -0.111255,
            0.116366
          ],
          [
            -0.040912,
            -0.016758,
            -0.029336
          ],
          [
            0.024033,
            0.014543,
            -0.005127
          ],
          [
            0.091766,
            0.106411,
            0.043677
          ],
          [
            -0.071112,
            -0.201342,
            0.027148
          ],
          [
            0.038154,
            0.001759,
            0.031364
          ],
          [
            0.019306,
            -0.042815,
            -0.00309
          ],
          [
            -0.093992,
            -0.032763,
            0.105477
          ],
          [
            0.136094,
            0.108294,
            0.105149
          ],
          [
            -0.009115,
            -0.012339,
            0.029439
          ],
          [
            -0.196773,
            0.186549,
            0.146327
          ],
          [
            0.059873,
            -0.04873,
            0.096452
          ],
          [
            0.094439,
            0.025559,
            -0.012951
          ],
          [
            0.187061,
            0.662052,
            0.18148
          ],
          [
            -0.094365,
            0.149823,
            0.496726
          ],
          [
            -0.550804,
            -0.295935,
            -0.912835
          ],
          [
            -0.161551,
            0.572524,
            -0.289947
          ],
          [
            0.532468,
            -0.138806,
            0.309229
          ],
          [
            0.00869,
            0.47356,
            0.180967
          ],
          [
            0.177771,
            -0.513927,
            0.050949
          ],
          [
            -0.299989,
            0.026796,
            0.027937
          ],
          [
            0.682975,
            -0.610206,
            0.174749
          ],
          [
            -0.535974,
            -0.443604,
            -0.111867
          ],
          [
            -0.034015,
            -0.074613,
            0.057707
          ],
          [
            0.113487,
            -0.063063,
            -0.07626
          ],
          [
            -0.038826,
            0.110861,
            -0.403505
          ],
          [
            -0.006321,
            0.726657,
            0.112989
          ],
          [
            0.028469,
            -0.537583,
            0.756251
          ],
          [
            0.432235,
            -0.156092,
            -0.226769
          ],
          [
            0.220121,
            0.449341,
            -0.013789
          ],
          [
            -0.571595,
            -0.146341,
            -0.710605
          ],
          [
            -0.319347,
            -0.049805,
            0.407604
          ],
          [
            0.162484,
            0.108229,
            0.292912
          ],
          [
            -0.292996,
            -0.394221,
            0.008116
          ],
          [
            0.348944,
            0.095928,
            -0.446251
          ]
        ],
        "Lattice": [
          [
            11.254311534,
            0.0,
            0.0
          ],
          [
            5.627155767,
            9.746519691,
            0.0
          ],
          [
            0.0,
            0.0,
            21.483230925
          ]
        ],
        "NumAtoms": 86,
        "Positions": [
          [
            4.22079,
            2.43687,
            0.0
          ],
          [
            7.03437,
            7.31013,
            0.0
          ],
          [
            9.84794,
            2.43687,
            0.0
          ],
          [
            12.66152,
            7.31013,
            0.0
          ],
          [
            1.40693,
            2.43687,
            0.0
          ],
          [
            4.22051,
            7.31013,
            0.0
          ],
          [
            7.03409,
            2.43687,
            0.0
          ],
          [
            9.84766,
            7.31013,
            0.0
          ],
          [
            2.81385,
            0.0,
            0.0
          ],
          [
            5.62743,
            4.87326,
            0.0
          ],
          [
            8.44101,
            0.0,
            0.0
          ],
          [
            11.25459,
            4.87326,
            0.0
          ],
          [
            0.0,
            0.0,
            0.0
          ],
          [
            2.81358,
            4.87326,
            0.0
          ],
          [
            5.62716,
            0.0,
            0.0
          ],
          [
            8.44073,
            4.87326,
            0.0
          ],
          [
            7.03462,
            4.06144,
            2.2975
          ],
          [
            9.8482,
            8.9347,
            2.2975
          ],
          [
            12.66177,
            4.06144,
            2.2975
          ],
          [
            15.47535,
            8.9347,
            2.2975
          ],
          [
            5.62769,
            1.62456,
            2.2975
          ],
          [
            8.44127,
            6.49782,
            2.2975
          ],
          [
            11.25484,
            1.62456,
            2.2975
          ],
          [
            14.06842,
            6.49782,
            2.2975
          ],
          [
            2.81383,
            1.62456,
            2.2975
          ],
          [
            5.62741,
            6.49782,
            2.2975
          ],
          [
            8.44098,
            1.62456,
            2.2975
          ],
          [
            11.25456,
            6.49782,
            2.2975
          ],
          [
            4.22076,
            4.06144,
            2.2975
          ],
          [
            7.03434,
            8.9347,
            2.2975
          ],
          [
            9.84791,
            4.06144,
            2.2975
          ],
          [
            12.66149,
            8.9347,
            2.2975
          ],
          [
            1.3961,
            0.81466,
            4.56271
          ],
          [
            4.20547,
            5.68886,
            4.57596
          ],
          [
            7.03168,
            0.80356,
            4.57685
          ],
          [
            9.84599,
            5.67886,
            4.54642
          ],
          [
            4.21922,
            0.81822,
            4.55517
          ],
          [
            7.02402,
            5.66733,
            4.54723
          ],
          [
            9.83794,
            0.80215,
            4.56706
          ],
          [
            12.6658,
            5.68154,
            4.56657
          ],
          [
            2.81076,
            3.24556,
            4.57219
          ],
          [
            5.61122,
            8.1247,
            4.57354
          ],
          [
            8.43193,
            3.23868,
            4.56502
          ],
          [
            11.26507,
            8.12421,
            4.54552
          ],
          [
            5.61744,
            3.2432,
            4.56218
          ],
          [
            8.44447,
            8.11407,
            4.53752
          ],
          [
            11.25222,
            3.24439,
            4.56025
          ],
          [
            14.06517,
            8.11354,
            4.57099
          ],
          [
            8.43974,
            9.72707,
            6.83571
          ],
          [
            5.63113,
            4.86807,
            6.85276
          ],
          [
            14.06388,
            9.74287,
            6.87957
          ],
          [
            11.23571,
            4.88132,
            6.84991
          ],
          [
            5.6329,
            9.74141,
            6.87665
          ],
          [
            14.05528,
            4.86472,
            6.87893
          ],
          [
            11.23097,
            9.71983,
            6.86151
          ],
          [
            8.44861,
            4.88826,
            6.85473
          ],
          [
            12.64796,
            2.43185,
            6.86684
          ],
          [
            15.46445,
            7.31126,
            6.88025
          ],
          [
            7.03485,
            2.43395,
            6.85063
          ],
          [
            9.83404,
            7.29115,
            6.84544
          ],
          [
            4.21679,
            2.42942,
            6.87085
          ],
          [
            7.04951,
            7.27838,
            6.82734
          ],
          [
            9.83488,
            2.4399,
            6.85306
          ],
          [
            12.64033,
            7.30274,
            6.87563
          ],
          [
            8.77769,
            8.34212,
            10.30157
          ],
          [
            3.3382,
            0.05439,
            10.64159
          ],
          [
            4.57579,
            0.41364,
            11.47697
          ],
          [
            7.92486,
            4.64928,
            10.35539
          ],
          [
            7.47442,
            3.22466,
            10.44488
          ],
          [
            8.4747,
            2.07779,
            10.50909
          ],
          [
            9.71926,
            7.53819,
            10.26787
          ],
          [
            7.52491,
            8.02937,
            10.04226
          ],
          [
            7.05531,
            5.55048,
            10.22268
          ],
          [
            9.2336,
            4.88928,
            10.37631
          ],
          [
            7.38066,
            7.00097,
            10.00928
          ],
          [
            2.40862,
            0.40194,
            11.13749
          ],
          [
            3.37663,
            0.6079,
            9.69201
          ],
          [
            4.54734,
            1.46672,
            11.71707
          ],
          [
            10.23347,
            9.6126,
            12.40088
          ],
          [
            5.48906,
            0.21194,
            10.92269
          ],
          [
            9.40689,
            5.88233,
            10.28167
          ],
          [
            6.84454,
            3.10516,
            9.57068
          ],
          [
            6.77799,
            3.19184,
            11.28442
          ],
          [
            9.09347,
            2.096,
            11.40897
          ],
          [
            7.94502,
            1.12704,
            10.49075
          ],
          [
            9.14508,
            2.07799,
            9.65135
          ]
        ],
        "Stress": [
          [
            -58.52159,
            0.26682,
            -0.00262
          ],
          [
            0.26682,
            -58.66565,
            -0.38023
          ],
          [
            -0.00262,
            -0.38023,
            -7.45409
          ]
        ],
        "computation_code": "VASP",
        "pseudopotential_information": [
          [
            "PAW_PBE",
            "Pt",
            "04Feb2005"
          ],
          [
            "PAW_PBE",
            "C",
            "08Apr2002"
          ],
          [
            "PAW_PBE",
            "O",
            "08Apr2002"
          ],
          [
            "PAW_PBE",
            "H",
            "15Jun2001"
          ]
        ]
      }
    ],
    "EnergyStyle": "electronvolt",
    "ForcesStyle": "electronvoltperangstrom",
    "LatticeStyle": "angstrom",
    "PositionsStyle": "angstrom",
    "StressStyle": "kB"
  }
}