{
  "Dataset": {
    "AtomTypeStyle": "chemicalsymbol",
    "Data": [
      {
        "AtomTypes": [
          "Pt",
          "Pt",
          "Pt",
          "Pt",
          "Pt",
          "Pt",
          "Pt",
          "Pt",
          "Pt",
          "Pt",
          "Pt",
          "Pt",
          "Pt",
          "Pt",
          "Pt",
          "Pt",
          "Pt",
          "Pt",
          "Pt",
          "Pt",
          "Pt",
          "Pt",
          "Pt",
          "Pt",
          "Pt",
          "Pt",
          "Pt",
          "Pt",
          "Pt",
          "Pt",
          "Pt",
          "Pt",
          "Pt",
          "Pt",
          "Pt",
          "Pt",
          "Pt",
          "Pt",
          "Pt",
          "Pt",
          "Pt",
          "Pt",
          "Pt",
          "Pt",
          "Pt",
          "Pt",
          "Pt",
          "Pt",
          "Pt",
          "Pt",
          "Pt",
          "Pt",
          "Pt",
          "Pt",
          "Pt",
          "Pt",
          "Pt",
          "Pt",
          "Pt",
          "Pt",
          "Pt",
          "Pt",
          "Pt",
          "Pt",
          "C",
          "C",
          "C",
          "C",
          "C",
          "C",
          "O",
          "O",
          "O",
          "O",
          "H",
          "H",
          "H",
          "H",
          "H",
          "H",
          "H",
          "H",
          "H",
          "H",
          "H",
          "H"
        ],
        "Energy": -312.77100861,
        "Forces": [
          [
            -0.005089,
            -0.001883,
            -0.045477
          ],
          [
            0.008451,
            0.001656,
            -0.033352
          ],
          [
            0.013766,
            0.007065,
            -0.025014
          ],
          [
            -0.007639,
            -0.005653,
            -0.028439
          ],
          [
            0.013624,
            0.002087,
            -0.042196
          ],
          [
            0.013616,
            -0.011648,
            -0.016983
          ],
          [
            -0.011992,
            0.017598,
            -0.018953
          ],
          [
            -0.00453,
            -0.00058,
            -0.034189
          ],
          [
            0.003767,
            0.005582,
            -0.039623
          ],
          [
            0.003734,
            -0.004105,
            -0.042352
          ],
          [
            -0.002217,
            0.006741,
            -0.012268
          ],
          [
            -0.001726,
            0.005351,
            -0.036393
          ],
          [
            0.01771,
            0.011519,
            -0.032601
          ],
          [
            0.003163,
            -0.010763,
            -0.035552
          ],
          [
            -0.010831,
            0.004663,
            -0.036624
          ],
          [
            0.007181,
            0.011515,
            -0.034199
          ],
          [
            -0.027069,
            -0.048975,
            -0.07519
          ],
          [
            -0.015503,
            -0.000793,
            -0.04965
          ],
          [
            0.017807,
            -0.003126,
            -0.021278
          ],
          [
            -0.037626,
            -0.009454,
            -0.034016
          ],
          [
            0.006497,
            0.012662,
            -0.02357
          ],
          [
            0.01866,
            0.011522,
            -0.069133
          ],
          [
            -0.040401,
            -0.014187,
            -0.038926
          ],
          [
            0.004107,
            -0.002455,
            -0.034994
          ],
          [
            -0.000109,
            0.031322,
            -0.038714
          ],
          [
            -0.080415,
            0.032004,
            -0.060908
          ],
          [
            0.004621,
            -0.066506,
            -0.062169
          ],
          [
            0.026158,
            -0.004157,
            -0.045075
          ],
          [
            -0.022801,
            0.011446,
            0.019076
          ],
          [
            -0.014387,
            -0.013069,
            -0.031304
          ],
          [
            -0.000162,
            -0.018952,
            -0.059169
          ],
          [
            0.043078,
            -0.001361,
            -0.074841
          ],
          [
            0.051608,
            -0.066856,
            0.087086
          ],
          [
            0.091735,
            -0.068124,
            0.008948
          ],
          [
            0.019949,
            0.079803,
            0.026327
          ],
          [
            -0.036673,
            0.036249,
            -0.01988
          ],
          [
            -0.020481,
            -0.040491,
            0.071945
          ],
          [
            0.100598,
            0.016016,
            0.151156
          ],
          [
            -0.001628,
            0.108145,
            0.003792
          ],
          [
            -0.090963,
            -0.025901,
            0.045762
          ],
          [
            -0.000338,
            0.020397,
            0.015795
          ],
          [
            0.138301,
            -0.096872,
            0.046075
          ],
          [
            0.028926,
            0.144582,
            0.021065
          ],
          [
            -0.163683,
            -0.127519,
            0.145666
          ],
          [
            0.000922,
            -0.014552,
            0.014533
          ],
          [
            0.017689,
            0.013766,
            -0.035136
          ],
          [
            -0.031864,
            0.025361,
            0.058887
          ],
          [
            0.0001,
            0.038868,
            0.030042
          ],
          [
            0.010746,
            0.008163,
            0.12278
          ],
          [
            0.02643,
            0.002615,
            0.059373
          ],
          [
            -0.086253,
            -0.024736,
            -0.009944
          ],
          [
            0.040262,
            -0.03294,
            0.144874
          ],
          [
            0.030764,
            -0.020417,
            -0.042785
          ],
          [
            -0.018766,
            0.022727,
            -0.012299
          ],
          [
            0.031903,
            0.039604,
            0.034302
          ],
          [
            -0.046206,
            -0.047107,
            0.094273
          ],
          [
            -0.019315,
            0.000185,
            -0.016087
          ],
          [
            0.079328,
            -0.061786,
            -0.004853
          ],
          [
            -0.081172,
            0.009955,
            0.085605
          ],
          [
            0.047516,
            0.050762,
            0.068746
          ],
          [
            0.04605,
            -0.052934,
            0.00385
          ],
          [
            -0.062927,
            0.116396,
            0.198694
          ],
          [
            0.048256,
            0.010026,
            0.099887
          ],
          [
            -0.048863,
            0.022231,
            -0.002285
          ],
          [
            0.031219,
            -0.433759,
            -0.355961
          ],
          [
            0.306329,
            0.375832,
            0.98614
          ],
          [
            -0.648423,
            -0.349667,
            -1.136082
          ],
          [
            0.296923,
            -0.648366,
            0.26902
          ],
          [
            0.680043,
            0.554388,
            0.286082
          ],
          [
            0.045298,
            0.330329,
            0.028325
          ],
          [
            0.023303,
            0.118406,
            0.129599
          ],
          [
            -0.443762,
            -0.388677,
            0.138201
          ],
          [
            -0.355303,
            0.392782,
            -0.301328
          ],
          [
            -0.451004,
            -0.148698,
            -0.153551
          ],
          [
            0.127673,
            0.425557,
            -0.077117
          ],
          [
            -0.009901,
            -0.119756,
            -0.009376
          ],
          [
            0.193939,
            0.236972,
            -0.598138
          ],
          [
            0.019733,
            0.769938,
            0.080047
          ],
          [
            -0.153009,
            -0.484671,
            0.777287
          ],
          [
            0.48115,
            -0.197057,
            -0.177607
          ],
          [
            0.275167,
            -0.073332,
            0.047706
          ],
          [
            -0.486939,
            -0.109641,
            -0.729364
          ],
          [
            -0.376891,
            0.090892,
            0.41591
          ],
          [
            0.306682,
            0.144439,
            0.413718
          ],
          [
            -0.309977,
            -0.525874,
            0.049995
          ],
          [
            0.440713,
            0.001783,
            -0.593111
          ]
        ],
        "Lattice": [
          [
            11.254311534,
            0.0,
            0.0
          ],
          [
            5.627155767,
            9.746519691,
            0.0
          ],
          [
            0.0,
            0.0,
            21.483230925
          ]
        ],
        "NumAtoms": 86,
        "Positions": [
          [
            4.22079,
            2.43687,
            0.0
          ],
          [
            7.03437,
            7.31013,
            0.0
          ],
          [
            9.84794,
            2.43687,
            0.0
          ],
          [
            12.66152,
            7.31013,
            0.0
          ],
          [
            1.40693,
            2.43687,
            0.0
          ],
          [
            4.22051,
            7.31013,
            0.0
          ],
          [
            7.03409,
            2.43687,
            0.0
          ],
          [
            9.84766,
            7.31013,
            0.0
          ],
          [
            2.81385,
            0.0,
            0.0
          ],
          [
            5.62743,
            4.87326,
            0.0
          ],
          [
            8.44101,
            0.0,
            0.0
          ],
          [
            11.25459,
            4.87326,
            0.0
          ],
          [
            0.0,
            0.0,
            0.0
          ],
          [
            2.81358,
            4.87326,
            0.0
          ],
          [
            5.62716,
            0.0,
            0.0
          ],
          [
            8.44073,
            4.87326,
            0.0
          ],
          [
            7.03462,
            4.06144,
            2.2975
          ],
          [
            9.8482,
            8.9347,
            2.2975
          ],
          [
            12.66177,
            4.06144,
            2.2975
          ],
          [
            15.47535,
            8.9347,
            2.2975
          ],
          [
            5.62769,
            1.62456,
            2.2975
          ],
          [
            8.44127,
            6.49782,
            2.2975
          ],
          [
            11.25484,
            1.62456,
            2.2975
          ],
          [
            14.06842,
            6.49782,
            2.2975
          ],
          [
            2.81383,
            1.62456,
            2.2975
          ],
          [
            5.62741,
            6.49782,
            2.2975
          ],
          [
            8.44098,
            1.62456,
            2.2975
          ],
          [
            11.25456,
            6.49782,
            2.2975
          ],
          [
            4.22076,
            4.06144,
            2.2975
          ],
          [
            7.03434,
            8.9347,
            2.2975
          ],
          [
            9.84791,
            4.06144,
            2.2975
          ],
          [
            12.66149,
            8.9347,
            2.2975
          ],
          [
            1.39211,
            0.81812,
            4.54978
          ],
          [
            4.20371,
            5.69446,
            4.56748
          ],
          [
            7.03329,
            0.79515,
            4.56094
          ],
          [
            9.85443,
            5.67886,
            4.54438
          ],
          [
            4.22302,
            0.82014,
            4.54992
          ],
          [
            7.01158,
            5.67593,
            4.52827
          ],
          [
            9.84075,
            0.7927,
            4.56382
          ],
          [
            12.67425,
            5.68666,
            4.558
          ],
          [
            2.81062,
            3.24648,
            4.56645
          ],
          [
            5.60373,
            8.13436,
            4.55771
          ],
          [
            8.435,
            3.21951,
            4.54436
          ],
          [
            11.27191,
            8.13055,
            4.54567
          ],
          [
            5.61863,
            3.24706,
            4.55881
          ],
          [
            8.43973,
            8.11715,
            4.54765
          ],
          [
            11.25657,
            3.24088,
            4.55013
          ],
          [
            14.06402,
            8.11643,
            4.56592
          ],
          [
            8.42959,
            9.74469,
            6.81905
          ],
          [
            5.61367,
            4.86721,
            6.85152
          ],
          [
            14.07252,
            9.74209,
            6.88113
          ],
          [
            11.2512,
            4.86724,
            6.83102
          ],
          [
            16.87906,
            9.74289,
            6.87916
          ],
          [
            2.80941,
            4.86355,
            6.87793
          ],
          [
            11.24305,
            9.73331,
            6.85728
          ],
          [
            8.43869,
            4.86613,
            6.81228
          ],
          [
            12.65644,
            2.43056,
            6.87226
          ],
          [
            15.45845,
            7.31516,
            6.87895
          ],
          [
            7.03141,
            2.42261,
            6.84163
          ],
          [
            9.8484,
            7.29721,
            6.83788
          ],
          [
            4.20974,
            2.43713,
            6.87281
          ],
          [
            7.02794,
            7.28375,
            6.809
          ],
          [
            9.84033,
            2.42828,
            6.84252
          ],
          [
            12.6635,
            7.30251,
            6.87217
          ],
          [
            8.77125,
            8.30556,
            10.25859
          ],
          [
            3.39352,
            0.00559,
            10.52103
          ],
          [
            4.53322,
            0.29761,
            11.53747
          ],
          [
            7.9199,
            4.6338,
            10.33439
          ],
          [
            7.43437,
            3.19281,
            10.4323
          ],
          [
            8.40333,
            2.04333,
            10.57492
          ],
          [
            9.68546,
            7.4577,
            10.12634
          ],
          [
            7.5035,
            7.99838,
            10.10519
          ],
          [
            7.05755,
            5.5279,
            10.33701
          ],
          [
            9.21982,
            4.88707,
            10.28748
          ],
          [
            7.3369,
            6.93535,
            10.13566
          ],
          [
            2.45236,
            0.48356,
            10.84398
          ],
          [
            3.63936,
            0.46432,
            9.56178
          ],
          [
            4.56925,
            1.35398,
            11.75261
          ],
          [
            9.9961,
            9.52215,
            12.46205
          ],
          [
            11.11865,
            9.73516,
            11.13226
          ],
          [
            9.35945,
            5.91733,
            10.18697
          ],
          [
            6.81254,
            3.05661,
            9.55374
          ],
          [
            6.73011,
            3.19051,
            11.26329
          ],
          [
            9.05963,
            2.14704,
            11.43494
          ],
          [
            7.84195,
            1.12327,
            10.70213
          ],
          [
            9.02514,
            1.91601,
            9.697
          ]
        ],
        "Stress": [
          [
            -56.64956,
            -0.5713,
            -0.41261
          ],
          [
            -0.5713,
            -57.99523,
            -0.35119
          ],
          [
            -0.41261,
            -0.35119,
            -5.60609
          ]
        ],
        "computation_code": "VASP",
        "pseudopotential_information": [
          [
            "PAW_PBE",
            "Pt",
            "04Feb2005"
          ],
          [
            "PAW_PBE",
            "C",
            "08Apr2002"
          ],
          [
            "PAW_PBE",
            "O",
            "08Apr2002"
          ],
          [
            "PAW_PBE",
            "H",
            "15Jun2001"
          ]
        ]
      }
    ],
    "EnergyStyle": "electronvolt",
    "ForcesStyle": "electronvoltperangstrom",
    "LatticeStyle": "angstrom",
    "PositionsStyle": "angstrom",
    "StressStyle": "kB"
  }
}