{
  "Dataset": {
    "AtomTypeStyle": "chemicalsymbol",
    "Data": [
      {
        "AtomTypes": [
          "Pt",
          "Pt",
          "Pt",
          "Pt",
          "Pt",
          "Pt",
          "Pt",
          "Pt",
          "Pt",
          "Pt",
          "Pt",
          "Pt",
          "Pt",
          "Pt",
          "Pt",
          "Pt",
          "Pt",
          "Pt",
          "Pt",
          "Pt",
          "Pt",
          "Pt",
          "Pt",
          "Pt",
          "Pt",
          "Pt",
          "Pt",
          "Pt",
          "Pt",
          "Pt",
          "Pt",
          "Pt",
          "Pt",
          "Pt",
          "Pt",
          "Pt",
          "Pt",
          "Pt",
          "Pt",
          "Pt",
          "Pt",
          "Pt",
          "Pt",
          "Pt",
          "Pt",
          "Pt",
          "Pt",
          "Pt",
          "Pt",
          "Pt",
          "Pt",
          "Pt",
          "Pt",
          "Pt",
          "Pt",
          "Pt",
          "Pt",
          "Pt",
          "Pt",
          "Pt",
          "Pt",
          "Pt",
          "Pt",
          "Pt",
          "Pt",
          "Pt",
          "Pt",
          "Pt",
          "Pt",
          "Pt",
          "Pt",
          "Pt",
          "C",
          "C",
          "O",
          "O",
          "O",
          "O",
          "H",
          "H",
          "H",
          "H"
        ],
        "Energy": -275.80941857,
        "Forces": [
          [
            0.013053,
            -0.014931,
            -0.047939
          ],
          [
            0.014672,
            -0.01435,
            -0.046028
          ],
          [
            0.01305,
            -0.016342,
            -0.041822
          ],
          [
            0.011888,
            -0.015966,
            -0.048842
          ],
          [
            0.013585,
            -0.011869,
            -0.04728
          ],
          [
            0.012439,
            -0.017963,
            -0.041794
          ],
          [
            0.014537,
            -0.017223,
            -0.048817
          ],
          [
            0.012046,
            -0.012204,
            -0.046694
          ],
          [
            0.01374,
            -0.015489,
            -0.058289
          ],
          [
            0.015847,
            -0.009697,
            -0.049996
          ],
          [
            0.016245,
            -0.010804,
            -0.043119
          ],
          [
            0.011756,
            -0.014196,
            -0.046381
          ],
          [
            0.011312,
            -0.009118,
            -0.049093
          ],
          [
            0.014005,
            -0.010291,
            -0.043468
          ],
          [
            0.015343,
            -0.01234,
            -0.049295
          ],
          [
            0.014676,
            -0.010936,
            -0.054168
          ],
          [
            0.015998,
            -0.011015,
            -0.043437
          ],
          [
            0.015947,
            -0.015437,
            -0.051783
          ],
          [
            -0.00702,
            0.011088,
            0.037426
          ],
          [
            -0.014358,
            0.006546,
            0.06469
          ],
          [
            -0.013938,
            0.011398,
            0.049006
          ],
          [
            -0.018597,
            0.018695,
            0.053635
          ],
          [
            -0.012743,
            -0.003067,
            0.046939
          ],
          [
            -0.018456,
            0.00859,
            0.04069
          ],
          [
            -0.009615,
            0.003941,
            0.054149
          ],
          [
            -0.013197,
            0.007837,
            0.052398
          ],
          [
            -0.011124,
            0.010318,
            0.048727
          ],
          [
            -0.014794,
            0.014508,
            0.04788
          ],
          [
            -0.009061,
            0.012447,
            0.058202
          ],
          [
            -0.008906,
            0.003587,
            0.059698
          ],
          [
            -0.006647,
            0.02305,
            0.042514
          ],
          [
            -0.015529,
            0.008173,
            0.048914
          ],
          [
            -0.028978,
            0.013299,
            0.059039
          ],
          [
            -0.013164,
            0.011869,
            0.052373
          ],
          [
            -0.010129,
            0.008636,
            0.049833
          ],
          [
            -0.005933,
            0.010204,
            0.049673
          ],
          [
            0.002321,
            0.006459,
            0.002394
          ],
          [
            -0.000512,
            -0.004042,
            0.000695
          ],
          [
            -0.000391,
            0.005596,
            0.000884
          ],
          [
            0.000237,
            0.004261,
            0.003531
          ],
          [
            0.00027,
            -0.00022,
            -0.00157
          ],
          [
            0.000156,
            -0.002816,
            0.004208
          ],
          [
            -0.005024,
            -0.002209,
            -0.006239
          ],
          [
            -0.004111,
            0.003145,
            -0.003728
          ],
          [
            -0.000629,
            0.007986,
            -0.002662
          ],
          [
            -0.002028,
            -0.004717,
            0.001045
          ],
          [
            0.001043,
            -0.001125,
            0.005231
          ],
          [
            -0.000188,
            -0.000741,
            0.005553
          ],
          [
            -0.000624,
            0.001597,
            -0.003039
          ],
          [
            -0.001863,
            -0.001051,
            -0.001462
          ],
          [
            0.00208,
            0.003536,
            0.001619
          ],
          [
            -0.001257,
            -8.9e-05,
            -0.002426
          ],
          [
            -7.2e-05,
            0.003209,
            -0.001338
          ],
          [
            0.000258,
            -0.002045,
            0.003865
          ],
          [
            -0.001551,
            0.002875,
            -0.002703
          ],
          [
            -0.002042,
            0.002427,
            -0.000359
          ],
          [
            -0.004556,
            0.000838,
            -0.00062
          ],
          [
            -0.000544,
            0.002983,
            0.00055
          ],
          [
            -0.002688,
            -0.001056,
            0.0009
          ],
          [
            0.002594,
            -0.001719,
            -0.004117
          ],
          [
            0.002076,
            0.008571,
            0.001019
          ],
          [
            0.000159,
            0.001739,
            -0.002045
          ],
          [
            0.002598,
            -0.000815,
            -0.003277
          ],
          [
            -0.001165,
            -0.001706,
            -0.007115
          ],
          [
            0.004837,
            0.003698,
            -0.005666
          ],
          [
            -8e-05,
            0.000314,
            -0.004718
          ],
          [
            0.000918,
            0.006264,
            0.000609
          ],
          [
            -0.0021,
            0.002526,
            -0.000951
          ],
          [
            0.002506,
            0.003205,
            -0.000729
          ],
          [
            -0.002244,
            -0.00204,
            -0.005036
          ],
          [
            -0.000644,
            -0.003238,
            -0.001207
          ],
          [
            -0.001363,
            0.000461,
            -0.004014
          ],
          [
            0.002053,
            0.000474,
            0.003739
          ],
          [
            -0.000109,
            0.002596,
            0.01351
          ],
          [
            0.003098,
            0.016267,
            -0.007124
          ],
          [
            -0.007656,
            -0.00062,
            -0.001405
          ],
          [
            0.005369,
            -0.016448,
            -0.006976
          ],
          [
            -0.010995,
            -0.035117,
            -0.01227
          ],
          [
            0.001777,
            0.007477,
            -0.001434
          ],
          [
            0.003786,
            0.02886,
            -0.009964
          ],
          [
            -0.005625,
            0.004385,
            -0.002797
          ],
          [
            0.003975,
            0.009113,
            9.4e-05
          ]
        ],
        "Lattice": [
          [
            8.440733911,
            0.0,
            0.0
          ],
          [
            8.440733911,
            14.619780548,
            0.0
          ],
          [
            0.0,
            0.0,
            21.483230591
          ]
        ],
        "NumAtoms": 82,
        "Positions": [
          [
            4.22079,
            2.43687,
            0.0
          ],
          [
            9.84794,
            12.18339,
            0.0
          ],
          [
            7.03437,
            7.31013,
            0.0
          ],
          [
            7.03437,
            2.43687,
            0.0
          ],
          [
            12.66152,
            12.18339,
            0.0
          ],
          [
            9.84795,
            7.31013,
            0.0
          ],
          [
            1.40721,
            2.43687,
            0.0
          ],
          [
            7.03437,
            12.18339,
            0.0
          ],
          [
            4.22079,
            7.31013,
            0.0
          ],
          [
            2.81385,
            0.0,
            0.0
          ],
          [
            8.44101,
            9.74652,
            0.0
          ],
          [
            5.62743,
            4.87326,
            0.0
          ],
          [
            5.62743,
            0.0,
            0.0
          ],
          [
            11.25459,
            9.74652,
            0.0
          ],
          [
            8.44101,
            4.87326,
            0.0
          ],
          [
            0.00028,
            0.0,
            0.0
          ],
          [
            5.62743,
            9.74652,
            0.0
          ],
          [
            2.81385,
            4.87326,
            0.0
          ],
          [
            7.03462,
            4.06144,
            2.2975
          ],
          [
            12.66177,
            13.80796,
            2.2975
          ],
          [
            9.8482,
            8.9347,
            2.2975
          ],
          [
            9.8482,
            4.06144,
            2.2975
          ],
          [
            15.47535,
            13.80796,
            2.2975
          ],
          [
            12.66177,
            8.9347,
            2.2975
          ],
          [
            4.22104,
            4.06144,
            2.2975
          ],
          [
            9.8482,
            13.80796,
            2.2975
          ],
          [
            7.03462,
            8.9347,
            2.2975
          ],
          [
            5.62769,
            1.62456,
            2.2975
          ],
          [
            11.25484,
            11.37109,
            2.2975
          ],
          [
            8.44127,
            6.49782,
            2.2975
          ],
          [
            8.44127,
            1.62456,
            2.2975
          ],
          [
            14.06842,
            11.37109,
            2.2975
          ],
          [
            11.25484,
            6.49782,
            2.2975
          ],
          [
            2.81411,
            1.62456,
            2.2975
          ],
          [
            8.44127,
            11.37109,
            2.2975
          ],
          [
            5.62769,
            6.49782,
            2.2975
          ],
          [
            1.38921,
            0.82339,
            4.56675
          ],
          [
            7.01585,
            10.57063,
            4.56791
          ],
          [
            4.19977,
            5.70156,
            4.56353
          ],
          [
            4.20205,
            0.82459,
            4.56813
          ],
          [
            9.82953,
            10.57158,
            4.56858
          ],
          [
            7.01775,
            5.69908,
            4.56665
          ],
          [
            7.0168,
            0.82033,
            4.56279
          ],
          [
            12.64335,
            10.57146,
            4.56888
          ],
          [
            9.82883,
            5.69925,
            4.5703
          ],
          [
            2.79662,
            3.26364,
            4.56579
          ],
          [
            8.42293,
            13.00477,
            4.56669
          ],
          [
            5.60804,
            8.13597,
            4.56574
          ],
          [
            5.60825,
            3.26055,
            4.56483
          ],
          [
            11.23699,
            13.00746,
            4.56773
          ],
          [
            8.42324,
            8.13628,
            4.56747
          ],
          [
            8.42523,
            3.26326,
            4.565
          ],
          [
            14.04994,
            13.00511,
            4.5673
          ],
          [
            11.23571,
            8.13704,
            4.56745
          ],
          [
            5.5929,
            0.02474,
            6.87565
          ],
          [
            11.22069,
            9.77382,
            6.87681
          ],
          [
            8.41073,
            4.90048,
            6.87827
          ],
          [
            2.78089,
            0.02609,
            6.87706
          ],
          [
            8.4076,
            9.77541,
            6.87711
          ],
          [
            5.58774,
            4.90156,
            6.86309
          ],
          [
            2.78136,
            4.89975,
            6.87674
          ],
          [
            -0.03209,
            0.02469,
            6.87325
          ],
          [
            5.59262,
            9.77453,
            6.87662
          ],
          [
            1.37714,
            2.46077,
            6.87345
          ],
          [
            6.99967,
            12.21032,
            6.87655
          ],
          [
            4.18651,
            7.33808,
            6.87634
          ],
          [
            7.00202,
            2.45844,
            6.85779
          ],
          [
            12.62785,
            12.21067,
            6.87661
          ],
          [
            9.81387,
            7.34003,
            6.87762
          ],
          [
            7.00023,
            7.34221,
            6.87279
          ],
          [
            4.1842,
            2.4632,
            6.87677
          ],
          [
            9.81458,
            12.21045,
            6.87582
          ],
          [
            7.12032,
            5.66376,
            10.08523
          ],
          [
            5.90241,
            2.09419,
            10.15691
          ],
          [
            7.92389,
            4.73833,
            9.90107
          ],
          [
            5.84135,
            5.53199,
            10.33628
          ],
          [
            5.09889,
            3.02093,
            10.29764
          ],
          [
            7.20467,
            2.21808,
            10.00954
          ],
          [
            5.54682,
            4.5414,
            10.33156
          ],
          [
            7.49416,
            3.20715,
            9.99093
          ],
          [
            5.57439,
            1.03813,
            10.14282
          ],
          [
            7.44286,
            6.72052,
            10.04539
          ]
        ],
        "Stress": [
          [
            -51.53551,
            -0.5641,
            -0.47768
          ],
          [
            -0.5641,
            -51.10914,
            0.51758
          ],
          [
            -0.47768,
            0.51758,
            -1.55506
          ]
        ],
        "computation_code": "VASP",
        "pseudopotential_information": [
          [
            "PAW_PBE",
            "Pt",
            "04Feb2005"
          ],
          [
            "PAW_PBE",
            "C",
            "08Apr2002"
          ],
          [
            "PAW_PBE",
            "O",
            "08Apr2002"
          ],
          [
            "PAW_PBE",
            "H",
            "15Jun2001"
          ]
        ]
      }
    ],
    "EnergyStyle": "electronvolt",
    "ForcesStyle": "electronvoltperangstrom",
    "LatticeStyle": "angstrom",
    "PositionsStyle": "angstrom",
    "StressStyle": "kB"
  }
}