{
  "Dataset": {
    "AtomTypeStyle": "chemicalsymbol",
    "Data": [
      {
        "AtomTypes": [
          "Pt",
          "Pt",
          "Pt",
          "Pt",
          "Pt",
          "Pt",
          "Pt",
          "Pt",
          "Pt",
          "Pt",
          "Pt",
          "Pt",
          "Pt",
          "Pt",
          "Pt",
          "Pt",
          "Pt",
          "Pt",
          "Pt",
          "Pt",
          "Pt",
          "Pt",
          "Pt",
          "Pt",
          "Pt",
          "Pt",
          "Pt",
          "Pt",
          "Pt",
          "Pt",
          "Pt",
          "Pt",
          "Pt",
          "Pt",
          "Pt",
          "Pt",
          "Pt",
          "Pt",
          "Pt",
          "Pt",
          "Pt",
          "Pt",
          "Pt",
          "Pt",
          "Pt",
          "Pt",
          "Pt",
          "Pt",
          "Pt",
          "Pt",
          "Pt",
          "Pt",
          "Pt",
          "Pt",
          "Pt",
          "Pt",
          "Pt",
          "Pt",
          "Pt",
          "Pt",
          "Pt",
          "Pt",
          "Pt",
          "Pt",
          "Pt",
          "Pt",
          "Pt",
          "Pt",
          "Pt",
          "Pt",
          "Pt",
          "Pt",
          "C",
          "C",
          "O",
          "O",
          "O",
          "O",
          "H",
          "H",
          "H",
          "H"
        ],
        "Energy": -275.78937646,
        "Forces": [
          [
            0.005057,
            -0.00223,
            -0.046951
          ],
          [
            0.007064,
            -0.001908,
            -0.046522
          ],
          [
            0.005047,
            -0.002702,
            -0.040904
          ],
          [
            0.004303,
            -0.003251,
            -0.050301
          ],
          [
            0.005288,
            0.001044,
            -0.04849
          ],
          [
            0.00483,
            -0.005315,
            -0.039619
          ],
          [
            0.005217,
            -0.004479,
            -0.049454
          ],
          [
            0.003681,
            0.001868,
            -0.046065
          ],
          [
            0.005782,
            -0.001346,
            -0.056914
          ],
          [
            0.007436,
            0.002414,
            -0.049798
          ],
          [
            0.007923,
            0.002712,
            -0.042646
          ],
          [
            0.004283,
            -0.000842,
            -0.047243
          ],
          [
            0.002973,
            0.004631,
            -0.048477
          ],
          [
            0.006715,
            0.003878,
            -0.045646
          ],
          [
            0.006351,
            -0.000232,
            -0.050949
          ],
          [
            0.006721,
            0.00264,
            -0.054708
          ],
          [
            0.007406,
            0.002147,
            -0.044675
          ],
          [
            0.007217,
            -0.004048,
            -0.049542
          ],
          [
            0.007067,
            -0.006843,
            0.029142
          ],
          [
            -0.000991,
            -0.011021,
            0.07181
          ],
          [
            -0.003307,
            -0.012322,
            0.052335
          ],
          [
            -0.000712,
            -0.000763,
            0.057808
          ],
          [
            -0.000776,
            -0.028677,
            0.045531
          ],
          [
            -0.003973,
            -0.016546,
            0.043018
          ],
          [
            -2.5e-05,
            -0.017774,
            0.052472
          ],
          [
            0.001702,
            -0.010306,
            0.055488
          ],
          [
            0.004916,
            -0.013526,
            0.057568
          ],
          [
            -0.004465,
            -0.009597,
            0.045895
          ],
          [
            0.003222,
            -0.008007,
            0.056308
          ],
          [
            0.00545,
            -0.012286,
            0.064584
          ],
          [
            0.008311,
            0.002464,
            0.043125
          ],
          [
            -0.001318,
            -0.013263,
            0.048992
          ],
          [
            -0.015953,
            -0.00565,
            0.061441
          ],
          [
            0.003288,
            -0.00865,
            0.058256
          ],
          [
            0.002792,
            -0.015315,
            0.049778
          ],
          [
            0.007955,
            -0.008266,
            0.047536
          ],
          [
            -0.001775,
            -0.00283,
            -0.000905
          ],
          [
            0.000747,
            -0.001852,
            0.00116
          ],
          [
            0.000873,
            -0.000221,
            0.000852
          ],
          [
            -0.000833,
            0.001223,
            -0.001967
          ],
          [
            0.000393,
            0.000638,
            -0.001022
          ],
          [
            0.002315,
            -0.004298,
            0.001433
          ],
          [
            0.00143,
            0.003232,
            0.000606
          ],
          [
            0.000624,
            0.00177,
            -0.000113
          ],
          [
            -0.001254,
            -0.001214,
            -0.000439
          ],
          [
            -0.002237,
            0.001872,
            -0.001404
          ],
          [
            -0.000626,
            0.001119,
            0.003484
          ],
          [
            -0.004604,
            0.003542,
            -0.001344
          ],
          [
            -0.000964,
            9.6e-05,
            0.001215
          ],
          [
            -0.000519,
            -0.000948,
            -0.000892
          ],
          [
            0.001974,
            0.004457,
            -0.005129
          ],
          [
            -0.001458,
            -0.001766,
            0.001249
          ],
          [
            0.001682,
            -0.001691,
            -0.004125
          ],
          [
            0.002919,
            -0.00269,
            -0.001346
          ],
          [
            -0.003963,
            0.003667,
            -0.017468
          ],
          [
            -0.004556,
            0.009431,
            -0.003384
          ],
          [
            -0.000501,
            0.004693,
            0.006662
          ],
          [
            -0.006542,
            0.010436,
            -0.004539
          ],
          [
            -0.004858,
            0.013443,
            -0.000141
          ],
          [
            -0.007786,
            0.009902,
            0.002967
          ],
          [
            -0.006869,
            0.010845,
            0.002045
          ],
          [
            -0.005124,
            0.012021,
            0.001981
          ],
          [
            -0.007942,
            0.014425,
            0.004137
          ],
          [
            -0.008393,
            0.010314,
            -0.002373
          ],
          [
            -0.006377,
            0.006877,
            0.003692
          ],
          [
            -0.006891,
            0.008846,
            0.004828
          ],
          [
            -0.008149,
            0.014767,
            0.004851
          ],
          [
            -0.010341,
            0.006975,
            -0.001172
          ],
          [
            -0.004645,
            0.010512,
            -0.00849
          ],
          [
            -0.009252,
            0.016187,
            -0.022979
          ],
          [
            -0.00857,
            0.013161,
            -0.003976
          ],
          [
            -0.006884,
            0.010129,
            0.001293
          ],
          [
            -0.07126,
            -0.001652,
            -0.00541
          ],
          [
            0.186924,
            -0.037285,
            -0.037662
          ],
          [
            -0.035067,
            0.074516,
            0.026706
          ],
          [
            0.15188,
            0.026497,
            -0.043268
          ],
          [
            -0.024531,
            -0.005279,
            0.011913
          ],
          [
            -0.209935,
            -0.05063,
            -0.006176
          ],
          [
            -0.031279,
            0.008249,
            0.023026
          ],
          [
            0.051475,
            0.00824,
            0.055824
          ],
          [
            -0.001819,
            0.023163,
            -0.024052
          ],
          [
            -0.013909,
            -0.031521,
            -0.04233
          ]
        ],
        "Lattice": [
          [
            8.440733911,
            0.0,
            0.0
          ],
          [
            8.440733911,
            14.619780548,
            0.0
          ],
          [
            0.0,
            0.0,
            21.483230591
          ]
        ],
        "NumAtoms": 82,
        "Positions": [
          [
            4.22079,
            2.43687,
            0.0
          ],
          [
            9.84794,
            12.18339,
            0.0
          ],
          [
            7.03437,
            7.31013,
            0.0
          ],
          [
            7.03437,
            2.43687,
            0.0
          ],
          [
            12.66152,
            12.18339,
            0.0
          ],
          [
            9.84795,
            7.31013,
            0.0
          ],
          [
            1.40721,
            2.43687,
            0.0
          ],
          [
            7.03437,
            12.18339,
            0.0
          ],
          [
            4.22079,
            7.31013,
            0.0
          ],
          [
            2.81385,
            0.0,
            0.0
          ],
          [
            8.44101,
            9.74652,
            0.0
          ],
          [
            5.62743,
            4.87326,
            0.0
          ],
          [
            5.62743,
            0.0,
            0.0
          ],
          [
            11.25459,
            9.74652,
            0.0
          ],
          [
            8.44101,
            4.87326,
            0.0
          ],
          [
            0.00028,
            0.0,
            0.0
          ],
          [
            5.62743,
            9.74652,
            0.0
          ],
          [
            2.81385,
            4.87326,
            0.0
          ],
          [
            7.03462,
            4.06144,
            2.2975
          ],
          [
            12.66177,
            13.80796,
            2.2975
          ],
          [
            9.8482,
            8.9347,
            2.2975
          ],
          [
            9.8482,
            4.06144,
            2.2975
          ],
          [
            15.47535,
            13.80796,
            2.2975
          ],
          [
            12.66177,
            8.9347,
            2.2975
          ],
          [
            4.22104,
            4.06144,
            2.2975
          ],
          [
            9.8482,
            13.80796,
            2.2975
          ],
          [
            7.03462,
            8.9347,
            2.2975
          ],
          [
            5.62769,
            1.62456,
            2.2975
          ],
          [
            11.25484,
            11.37109,
            2.2975
          ],
          [
            8.44127,
            6.49782,
            2.2975
          ],
          [
            8.44127,
            1.62456,
            2.2975
          ],
          [
            14.06842,
            11.37109,
            2.2975
          ],
          [
            11.25484,
            6.49782,
            2.2975
          ],
          [
            2.81411,
            1.62456,
            2.2975
          ],
          [
            8.44127,
            11.37109,
            2.2975
          ],
          [
            5.62769,
            6.49782,
            2.2975
          ],
          [
            1.40321,
            0.80297,
            4.56735
          ],
          [
            7.02902,
            10.54877,
            4.56839
          ],
          [
            4.2124,
            5.68095,
            4.56296
          ],
          [
            4.21566,
            0.80301,
            4.57017
          ],
          [
            9.84228,
            10.5496,
            4.56857
          ],
          [
            7.03079,
            5.67936,
            4.56632
          ],
          [
            7.02927,
            0.7974,
            4.56189
          ],
          [
            12.65611,
            10.54957,
            4.56814
          ],
          [
            9.84206,
            5.67927,
            4.57057
          ],
          [
            2.81036,
            3.24201,
            4.56729
          ],
          [
            8.43672,
            12.98305,
            4.56623
          ],
          [
            5.62244,
            8.11364,
            4.56709
          ],
          [
            5.62147,
            3.2391,
            4.56319
          ],
          [
            11.24991,
            12.98646,
            4.56803
          ],
          [
            8.43611,
            8.11434,
            4.57052
          ],
          [
            8.43856,
            3.24296,
            4.56391
          ],
          [
            14.06264,
            12.98437,
            4.56796
          ],
          [
            11.248,
            8.11583,
            4.56833
          ],
          [
            14.06528,
            14.5967,
            6.87949
          ],
          [
            11.2517,
            9.72574,
            6.87645
          ],
          [
            8.43961,
            4.8526,
            6.8771
          ],
          [
            11.25257,
            14.59623,
            6.87966
          ],
          [
            8.43782,
            9.72519,
            6.87815
          ],
          [
            5.61873,
            4.85202,
            6.86016
          ],
          [
            2.81259,
            4.85159,
            6.87691
          ],
          [
            8.44046,
            14.59471,
            6.87271
          ],
          [
            5.62451,
            9.72454,
            6.87526
          ],
          [
            1.40886,
            2.41197,
            6.8732
          ],
          [
            7.03176,
            12.16208,
            6.87507
          ],
          [
            4.21798,
            7.28853,
            6.87527
          ],
          [
            7.03396,
            2.40783,
            6.85474
          ],
          [
            12.65999,
            12.16279,
            6.87581
          ],
          [
            9.84494,
            7.291,
            6.88038
          ],
          [
            7.03043,
            7.29091,
            6.87956
          ],
          [
            4.21566,
            2.41306,
            6.87745
          ],
          [
            9.84592,
            12.16127,
            6.87591
          ],
          [
            7.12669,
            5.64597,
            10.14931
          ],
          [
            5.90472,
            2.08458,
            10.19001
          ],
          [
            7.91362,
            4.73231,
            9.85987
          ],
          [
            5.83984,
            5.50916,
            10.37079
          ],
          [
            5.08725,
            3.00805,
            10.22823
          ],
          [
            7.20883,
            2.21537,
            10.03155
          ],
          [
            5.5392,
            4.52584,
            10.27465
          ],
          [
            7.47603,
            3.20543,
            9.92726
          ],
          [
            5.59535,
            1.02705,
            10.28843
          ],
          [
            7.46988,
            6.6934,
            10.24755
          ]
        ],
        "Stress": [
          [
            -51.75031,
            -0.53007,
            -0.48342
          ],
          [
            -0.53007,
            -51.14647,
            0.58354
          ],
          [
            -0.48342,
            0.58354,
            -1.65028
          ]
        ],
        "computation_code": "VASP",
        "pseudopotential_information": [
          [
            "PAW_PBE",
            "Pt",
            "04Feb2005"
          ],
          [
            "PAW_PBE",
            "C",
            "08Apr2002"
          ],
          [
            "PAW_PBE",
            "O",
            "08Apr2002"
          ],
          [
            "PAW_PBE",
            "H",
            "15Jun2001"
          ]
        ]
      }
    ],
    "EnergyStyle": "electronvolt",
    "ForcesStyle": "electronvoltperangstrom",
    "LatticeStyle": "angstrom",
    "PositionsStyle": "angstrom",
    "StressStyle": "kB"
  }
}