{
  "Dataset": {
    "AtomTypeStyle": "chemicalsymbol",
    "Data": [
      {
        "AtomTypes": [
          "Pt",
          "Pt",
          "Pt",
          "Pt",
          "Pt",
          "Pt",
          "Pt",
          "Pt",
          "Pt",
          "Pt",
          "Pt",
          "Pt",
          "Pt",
          "Pt",
          "Pt",
          "Pt",
          "Pt",
          "Pt",
          "Pt",
          "Pt",
          "Pt",
          "Pt",
          "Pt",
          "Pt",
          "Pt",
          "Pt",
          "Pt",
          "Pt",
          "Pt",
          "Pt",
          "Pt",
          "Pt",
          "Pt",
          "Pt",
          "Pt",
          "Pt",
          "Pt",
          "Pt",
          "Pt",
          "Pt",
          "Pt",
          "Pt",
          "Pt",
          "Pt",
          "Pt",
          "Pt",
          "Pt",
          "Pt",
          "Pt",
          "Pt",
          "Pt",
          "Pt",
          "Pt",
          "Pt",
          "Pt",
          "Pt",
          "Pt",
          "Pt",
          "Pt",
          "Pt",
          "Pt",
          "Pt",
          "Pt",
          "Pt",
          "Pt",
          "Pt",
          "Pt",
          "Pt",
          "Pt",
          "Pt",
          "Pt",
          "Pt",
          "C",
          "C",
          "O",
          "O",
          "O",
          "O",
          "H",
          "H",
          "H",
          "H"
        ],
        "Energy": -275.80779564,
        "Forces": [
          [
            0.011984,
            -0.01372,
            -0.047557
          ],
          [
            0.01395,
            -0.012469,
            -0.046462
          ],
          [
            0.01229,
            -0.013606,
            -0.041142
          ],
          [
            0.010742,
            -0.013575,
            -0.04983
          ],
          [
            0.012443,
            -0.009772,
            -0.048631
          ],
          [
            0.011223,
            -0.014987,
            -0.041845
          ],
          [
            0.012805,
            -0.015294,
            -0.048734
          ],
          [
            0.01118,
            -0.010468,
            -0.046162
          ],
          [
            0.012658,
            -0.012824,
            -0.057189
          ],
          [
            0.015129,
            -0.008431,
            -0.049826
          ],
          [
            0.015428,
            -0.008176,
            -0.044512
          ],
          [
            0.010773,
            -0.012351,
            -0.046657
          ],
          [
            0.009466,
            -0.006841,
            -0.049438
          ],
          [
            0.013362,
            -0.007926,
            -0.044631
          ],
          [
            0.013893,
            -0.010681,
            -0.049941
          ],
          [
            0.01344,
            -0.009084,
            -0.053024
          ],
          [
            0.014786,
            -0.008058,
            -0.044375
          ],
          [
            0.014696,
            -0.013571,
            -0.051637
          ],
          [
            -0.004441,
            0.009194,
            0.036769
          ],
          [
            -0.013145,
            0.006184,
            0.068143
          ],
          [
            -0.011977,
            0.005048,
            0.051076
          ],
          [
            -0.014568,
            0.01513,
            0.055238
          ],
          [
            -0.006847,
            -0.009092,
            0.044822
          ],
          [
            -0.015504,
            0.002098,
            0.043996
          ],
          [
            -0.00885,
            0.001918,
            0.055937
          ],
          [
            -0.012785,
            0.005986,
            0.055355
          ],
          [
            -0.008862,
            0.003341,
            0.05103
          ],
          [
            -0.014349,
            0.011204,
            0.047579
          ],
          [
            -0.008166,
            0.010317,
            0.054099
          ],
          [
            -0.007994,
            0.002136,
            0.061749
          ],
          [
            -0.002885,
            0.01842,
            0.040507
          ],
          [
            -0.011044,
            0.004016,
            0.048097
          ],
          [
            -0.024807,
            0.010466,
            0.057394
          ],
          [
            -0.0093,
            0.008912,
            0.055763
          ],
          [
            -0.009836,
            0.006111,
            0.053422
          ],
          [
            -0.003307,
            0.008113,
            0.053642
          ],
          [
            0.001684,
            0.000703,
            -0.004117
          ],
          [
            0.001537,
            0.009884,
            -0.00163
          ],
          [
            0.002028,
            -0.00388,
            -0.00436
          ],
          [
            -0.001832,
            -0.00131,
            -0.006723
          ],
          [
            -0.000789,
            0.002824,
            0.002358
          ],
          [
            0.00164,
            -0.000509,
            -0.003149
          ],
          [
            -0.00119,
            0.004307,
            0.000724
          ],
          [
            -0.000649,
            0.003459,
            0.002829
          ],
          [
            -0.004053,
            -0.005887,
            0.001866
          ],
          [
            -0.002494,
            0.004631,
            -0.004254
          ],
          [
            -0.004017,
            -0.004204,
            -0.010834
          ],
          [
            8e-05,
            -0.001834,
            -0.010278
          ],
          [
            -0.00013,
            0.000396,
            -0.00191
          ],
          [
            0.006009,
            0.001884,
            -0.000966
          ],
          [
            0.002337,
            -0.000317,
            -0.00642
          ],
          [
            0.002458,
            0.007081,
            0.000223
          ],
          [
            -0.004889,
            -0.005701,
            -0.000594
          ],
          [
            -0.002,
            0.008332,
            -0.005461
          ],
          [
            -0.003889,
            0.002035,
            0.001338
          ],
          [
            -0.001909,
            0.005192,
            -4.4e-05
          ],
          [
            0.002652,
            0.004856,
            -0.002857
          ],
          [
            -0.003124,
            0.004629,
            -0.00181
          ],
          [
            0.00174,
            0.005578,
            0.00068
          ],
          [
            -0.0043,
            0.005841,
            -0.000778
          ],
          [
            -0.00433,
            9e-05,
            0.000162
          ],
          [
            -0.001149,
            0.002506,
            0.002776
          ],
          [
            -0.003905,
            0.008248,
            0.001559
          ],
          [
            -0.000987,
            0.003627,
            0.003449
          ],
          [
            -0.004855,
            -0.003087,
            0.001495
          ],
          [
            0.000433,
            0.001682,
            0.002979
          ],
          [
            -0.00325,
            -0.002034,
            -0.00778
          ],
          [
            -0.003207,
            0.004126,
            -0.002033
          ],
          [
            -0.004099,
            0.000338,
            -0.000828
          ],
          [
            0.002819,
            -0.001478,
            0.005233
          ],
          [
            -0.003628,
            0.004172,
            0.004151
          ],
          [
            0.001233,
            0.001853,
            0.001117
          ],
          [
            0.028798,
            -0.018278,
            -0.009529
          ],
          [
            -0.011248,
            0.010527,
            0.005174
          ],
          [
            -0.01129,
            -0.003948,
            -0.007515
          ],
          [
            -0.022269,
            0.004966,
            0.010192
          ],
          [
            -0.003752,
            0.016124,
            -0.000886
          ],
          [
            0.021457,
            0.02993,
            -0.009648
          ],
          [
            0.001895,
            0.008819,
            -0.008459
          ],
          [
            -0.003469,
            -0.031544,
            -0.003296
          ],
          [
            0.005686,
            -0.018207,
            -0.003688
          ],
          [
            -0.009364,
            0.01591,
            -0.001482
          ]
        ],
        "Lattice": [
          [
            8.440733911,
            0.0,
            0.0
          ],
          [
            8.440733911,
            14.619780548,
            0.0
          ],
          [
            0.0,
            0.0,
            21.483230591
          ]
        ],
        "NumAtoms": 82,
        "Positions": [
          [
            4.22079,
            2.43687,
            0.0
          ],
          [
            9.84794,
            12.18339,
            0.0
          ],
          [
            7.03437,
            7.31013,
            0.0
          ],
          [
            7.03437,
            2.43687,
            0.0
          ],
          [
            12.66152,
            12.18339,
            0.0
          ],
          [
            9.84795,
            7.31013,
            0.0
          ],
          [
            1.40721,
            2.43687,
            0.0
          ],
          [
            7.03437,
            12.18339,
            0.0
          ],
          [
            4.22079,
            7.31013,
            0.0
          ],
          [
            2.81385,
            0.0,
            0.0
          ],
          [
            8.44101,
            9.74652,
            0.0
          ],
          [
            5.62743,
            4.87326,
            0.0
          ],
          [
            5.62743,
            0.0,
            0.0
          ],
          [
            11.25459,
            9.74652,
            0.0
          ],
          [
            8.44101,
            4.87326,
            0.0
          ],
          [
            0.00028,
            0.0,
            0.0
          ],
          [
            5.62743,
            9.74652,
            0.0
          ],
          [
            2.81385,
            4.87326,
            0.0
          ],
          [
            7.03462,
            4.06144,
            2.2975
          ],
          [
            12.66177,
            13.80796,
            2.2975
          ],
          [
            9.8482,
            8.9347,
            2.2975
          ],
          [
            9.8482,
            4.06144,
            2.2975
          ],
          [
            15.47535,
            13.80796,
            2.2975
          ],
          [
            12.66177,
            8.9347,
            2.2975
          ],
          [
            4.22104,
            4.06144,
            2.2975
          ],
          [
            9.8482,
            13.80796,
            2.2975
          ],
          [
            7.03462,
            8.9347,
            2.2975
          ],
          [
            5.62769,
            1.62456,
            2.2975
          ],
          [
            11.25484,
            11.37109,
            2.2975
          ],
          [
            8.44127,
            6.49782,
            2.2975
          ],
          [
            8.44127,
            1.62456,
            2.2975
          ],
          [
            14.06842,
            11.37109,
            2.2975
          ],
          [
            11.25484,
            6.49782,
            2.2975
          ],
          [
            2.81411,
            1.62456,
            2.2975
          ],
          [
            8.44127,
            11.37109,
            2.2975
          ],
          [
            5.62769,
            6.49782,
            2.2975
          ],
          [
            1.39195,
            0.82061,
            4.56715
          ],
          [
            7.01763,
            10.56534,
            4.56807
          ],
          [
            4.20177,
            5.69877,
            4.564
          ],
          [
            4.20441,
            0.82171,
            4.56916
          ],
          [
            9.83144,
            10.56715,
            4.56807
          ],
          [
            7.01958,
            5.69542,
            4.56699
          ],
          [
            7.01879,
            0.81674,
            4.56207
          ],
          [
            12.6449,
            10.56775,
            4.56791
          ],
          [
            9.83091,
            5.6968,
            4.56985
          ],
          [
            2.79902,
            3.26013,
            4.56642
          ],
          [
            8.42577,
            13.00131,
            4.5676
          ],
          [
            5.60969,
            8.13229,
            4.56697
          ],
          [
            5.61065,
            3.25725,
            4.5646
          ],
          [
            11.23834,
            13.00422,
            4.56747
          ],
          [
            8.42524,
            8.13266,
            4.56864
          ],
          [
            8.42699,
            3.25915,
            4.56459
          ],
          [
            14.05265,
            13.0021,
            4.56651
          ],
          [
            11.23751,
            8.13269,
            4.56822
          ],
          [
            5.59921,
            0.01682,
            6.87457
          ],
          [
            11.2256,
            9.76554,
            6.87658
          ],
          [
            8.41463,
            4.89191,
            6.8782
          ],
          [
            2.78681,
            0.01719,
            6.87764
          ],
          [
            8.41197,
            9.76624,
            6.87746
          ],
          [
            5.59312,
            4.89218,
            6.86294
          ],
          [
            2.78629,
            4.89278,
            6.87662
          ],
          [
            -0.0262,
            0.0171,
            6.87238
          ],
          [
            5.59771,
            9.76557,
            6.87611
          ],
          [
            1.38225,
            2.45239,
            6.87216
          ],
          [
            7.00582,
            12.20287,
            6.8747
          ],
          [
            4.19078,
            7.32955,
            6.87656
          ],
          [
            7.00801,
            2.45086,
            6.85976
          ],
          [
            12.63329,
            12.20197,
            6.87535
          ],
          [
            9.81906,
            7.33204,
            6.87856
          ],
          [
            7.00399,
            7.33335,
            6.87211
          ],
          [
            4.19009,
            2.45407,
            6.87624
          ],
          [
            9.81976,
            12.20164,
            6.87486
          ],
          [
            7.12289,
            5.66161,
            10.09635
          ],
          [
            5.90215,
            2.08921,
            10.16324
          ],
          [
            7.92834,
            4.73783,
            9.91137
          ],
          [
            5.8422,
            5.52744,
            10.33535
          ],
          [
            5.09669,
            3.01527,
            10.29571
          ],
          [
            7.20393,
            2.21478,
            10.01767
          ],
          [
            5.54773,
            4.53675,
            10.32801
          ],
          [
            7.49204,
            3.20671,
            9.99481
          ],
          [
            5.57354,
            1.0339,
            10.15507
          ],
          [
            7.44758,
            6.71791,
            10.06731
          ]
        ],
        "Stress": [
          [
            -51.49281,
            -0.60431,
            -0.50106
          ],
          [
            -0.60431,
            -51.13858,
            0.53501
          ],
          [
            -0.50106,
            0.53501,
            -1.54292
          ]
        ],
        "computation_code": "VASP",
        "pseudopotential_information": [
          [
            "PAW_PBE",
            "Pt",
            "04Feb2005"
          ],
          [
            "PAW_PBE",
            "C",
            "08Apr2002"
          ],
          [
            "PAW_PBE",
            "O",
            "08Apr2002"
          ],
          [
            "PAW_PBE",
            "H",
            "15Jun2001"
          ]
        ]
      }
    ],
    "EnergyStyle": "electronvolt",
    "ForcesStyle": "electronvoltperangstrom",
    "LatticeStyle": "angstrom",
    "PositionsStyle": "angstrom",
    "StressStyle": "kB"
  }
}