{
  "Dataset": {
    "AtomTypeStyle": "chemicalsymbol",
    "Data": [
      {
        "AtomTypes": [
          "Pt",
          "Pt",
          "Pt",
          "Pt",
          "Pt",
          "Pt",
          "Pt",
          "Pt",
          "Pt",
          "Pt",
          "Pt",
          "Pt",
          "Pt",
          "Pt",
          "Pt",
          "Pt",
          "Pt",
          "Pt",
          "Pt",
          "Pt",
          "Pt",
          "Pt",
          "Pt",
          "Pt",
          "Pt",
          "Pt",
          "Pt",
          "Pt",
          "Pt",
          "Pt",
          "Pt",
          "Pt",
          "Pt",
          "Pt",
          "Pt",
          "Pt",
          "Pt",
          "Pt",
          "Pt",
          "Pt",
          "Pt",
          "Pt",
          "Pt",
          "Pt",
          "Pt",
          "Pt",
          "Pt",
          "Pt",
          "Pt",
          "Pt",
          "Pt",
          "Pt",
          "Pt",
          "Pt",
          "Pt",
          "Pt",
          "Pt",
          "Pt",
          "Pt",
          "Pt",
          "Pt",
          "Pt",
          "Pt",
          "Pt",
          "Pt",
          "Pt",
          "Pt",
          "Pt",
          "Pt",
          "Pt",
          "Pt",
          "Pt",
          "C",
          "C",
          "O",
          "O",
          "O",
          "O",
          "H",
          "H",
          "H",
          "H"
        ],
        "Energy": -275.7959915,
        "Forces": [
          [
            0.007235,
            -0.004493,
            -0.046834
          ],
          [
            0.0084,
            -0.004201,
            -0.045507
          ],
          [
            0.006319,
            -0.006623,
            -0.040165
          ],
          [
            0.007047,
            -0.005257,
            -0.051871
          ],
          [
            0.007144,
            -0.002439,
            -0.049518
          ],
          [
            0.006273,
            -0.007642,
            -0.039867
          ],
          [
            0.007198,
            -0.006236,
            -0.050935
          ],
          [
            0.005254,
            -0.002722,
            -0.046315
          ],
          [
            0.006863,
            -0.004672,
            -0.058464
          ],
          [
            0.010283,
            0.00094,
            -0.049344
          ],
          [
            0.009186,
            -0.00059,
            -0.043268
          ],
          [
            0.007068,
            -0.004518,
            -0.047023
          ],
          [
            0.005064,
            0.001368,
            -0.047922
          ],
          [
            0.008532,
            0.000236,
            -0.045264
          ],
          [
            0.008603,
            -0.004223,
            -0.052019
          ],
          [
            0.008546,
            0.000309,
            -0.053798
          ],
          [
            0.008433,
            -0.001207,
            -0.044739
          ],
          [
            0.009041,
            -0.005687,
            -0.050071
          ],
          [
            0.001711,
            0.000817,
            0.035361
          ],
          [
            -0.004156,
            -0.001272,
            0.076957
          ],
          [
            -0.007126,
            -0.01039,
            0.053874
          ],
          [
            -0.003613,
            0.003235,
            0.054004
          ],
          [
            -0.002519,
            -0.018765,
            0.052952
          ],
          [
            -0.004968,
            -0.009466,
            0.043125
          ],
          [
            -0.002901,
            -0.016209,
            0.053141
          ],
          [
            -0.00286,
            -0.009273,
            0.054453
          ],
          [
            0.004075,
            -0.008691,
            0.062142
          ],
          [
            -0.010687,
            -0.006916,
            0.055812
          ],
          [
            0.000508,
            -0.003435,
            0.054084
          ],
          [
            0.000494,
            -0.004973,
            0.069893
          ],
          [
            0.002963,
            0.00327,
            0.043089
          ],
          [
            -0.003065,
            -0.006319,
            0.049229
          ],
          [
            -0.018776,
            -0.003008,
            0.061233
          ],
          [
            0.00304,
            -0.008122,
            0.062511
          ],
          [
            0.000833,
            -0.008429,
            0.051645
          ],
          [
            0.009454,
            -0.004087,
            0.052475
          ],
          [
            -0.003032,
            0.005703,
            0.003682
          ],
          [
            -0.002091,
            -0.013078,
            0.005738
          ],
          [
            -0.004341,
            0.004439,
            0.006078
          ],
          [
            0.001254,
            0.000711,
            -0.018094
          ],
          [
            0.003494,
            0.007106,
            0.003287
          ],
          [
            -0.009003,
            3e-06,
            -0.006358
          ],
          [
            0.003328,
            -0.006877,
            -0.00566
          ],
          [
            -0.003259,
            -0.005837,
            -0.00328
          ],
          [
            0.007231,
            0.002565,
            -0.00054
          ],
          [
            0.004307,
            0.002232,
            0.001023
          ],
          [
            0.002088,
            0.00467,
            0.003056
          ],
          [
            0.003705,
            0.003904,
            0.003169
          ],
          [
            0.000892,
            -0.002095,
            0.001545
          ],
          [
            -0.000824,
            -0.002534,
            0.001462
          ],
          [
            0.000138,
            -0.00225,
            -0.015216
          ],
          [
            -0.001476,
            -0.000148,
            0.007664
          ],
          [
            0.002367,
            0.002844,
            -0.002427
          ],
          [
            -0.003376,
            -0.003986,
            0.003305
          ],
          [
            -0.012854,
            0.011276,
            -0.012269
          ],
          [
            -0.008717,
            0.001273,
            0.002908
          ],
          [
            -0.01691,
            0.016176,
            -0.002252
          ],
          [
            -0.006537,
            0.006631,
            -0.008269
          ],
          [
            -0.006233,
            0.003714,
            -0.014362
          ],
          [
            -2.4e-05,
            0.015523,
            -0.004716
          ],
          [
            -0.005222,
            0.007417,
            0.001452
          ],
          [
            -0.001961,
            0.005614,
            -0.010305
          ],
          [
            -0.005464,
            -0.003258,
            -0.005844
          ],
          [
            0.004038,
            0.005875,
            0.002271
          ],
          [
            -0.004798,
            0.013386,
            -0.001133
          ],
          [
            -0.005616,
            0.016345,
            -0.011246
          ],
          [
            -0.009357,
            0.009207,
            -0.001864
          ],
          [
            0.002183,
            0.012252,
            0.0001
          ],
          [
            -0.01043,
            0.009513,
            -0.006937
          ],
          [
            -0.005634,
            0.008424,
            -0.011069
          ],
          [
            -0.000807,
            0.003884,
            -0.014585
          ],
          [
            -0.007279,
            0.014839,
            -0.000479
          ],
          [
            0.114609,
            -0.142734,
            -0.020085
          ],
          [
            -0.073925,
            -0.067363,
            0.067408
          ],
          [
            -0.088184,
            0.089635,
            0.068791
          ],
          [
            0.02542,
            0.121317,
            0.032162
          ],
          [
            -0.000543,
            0.042729,
            0.019467
          ],
          [
            0.037621,
            -0.088994,
            0.04187
          ],
          [
            0.016331,
            -0.101254,
            -0.042229
          ],
          [
            -0.019444,
            0.100717,
            -0.066215
          ],
          [
            0.02248,
            0.014728,
            -0.067216
          ],
          [
            -0.033042,
            0.045446,
            -0.04685
          ]
        ],
        "Lattice": [
          [
            8.440733911,
            0.0,
            0.0
          ],
          [
            8.440733911,
            14.619780548,
            0.0
          ],
          [
            0.0,
            0.0,
            21.483230591
          ]
        ],
        "NumAtoms": 82,
        "Positions": [
          [
            4.22079,
            2.43687,
            0.0
          ],
          [
            9.84794,
            12.18339,
            0.0
          ],
          [
            7.03437,
            7.31013,
            0.0
          ],
          [
            7.03437,
            2.43687,
            0.0
          ],
          [
            12.66152,
            12.18339,
            0.0
          ],
          [
            9.84795,
            7.31013,
            0.0
          ],
          [
            1.40721,
            2.43687,
            0.0
          ],
          [
            7.03437,
            12.18339,
            0.0
          ],
          [
            4.22079,
            7.31013,
            0.0
          ],
          [
            2.81385,
            0.0,
            0.0
          ],
          [
            8.44101,
            9.74652,
            0.0
          ],
          [
            5.62743,
            4.87326,
            0.0
          ],
          [
            5.62743,
            0.0,
            0.0
          ],
          [
            11.25459,
            9.74652,
            0.0
          ],
          [
            8.44101,
            4.87326,
            0.0
          ],
          [
            0.00028,
            0.0,
            0.0
          ],
          [
            5.62743,
            9.74652,
            0.0
          ],
          [
            2.81385,
            4.87326,
            0.0
          ],
          [
            7.03462,
            4.06144,
            2.2975
          ],
          [
            12.66177,
            13.80796,
            2.2975
          ],
          [
            9.8482,
            8.9347,
            2.2975
          ],
          [
            9.8482,
            4.06144,
            2.2975
          ],
          [
            15.47535,
            13.80796,
            2.2975
          ],
          [
            12.66177,
            8.9347,
            2.2975
          ],
          [
            4.22104,
            4.06144,
            2.2975
          ],
          [
            9.8482,
            13.80796,
            2.2975
          ],
          [
            7.03462,
            8.9347,
            2.2975
          ],
          [
            5.62769,
            1.62456,
            2.2975
          ],
          [
            11.25484,
            11.37109,
            2.2975
          ],
          [
            8.44127,
            6.49782,
            2.2975
          ],
          [
            8.44127,
            1.62456,
            2.2975
          ],
          [
            14.06842,
            11.37109,
            2.2975
          ],
          [
            11.25484,
            6.49782,
            2.2975
          ],
          [
            2.81411,
            1.62456,
            2.2975
          ],
          [
            8.44127,
            11.37109,
            2.2975
          ],
          [
            5.62769,
            6.49782,
            2.2975
          ],
          [
            1.39936,
            0.80554,
            4.56727
          ],
          [
            7.02675,
            10.5547,
            4.56871
          ],
          [
            4.21075,
            5.68454,
            4.56267
          ],
          [
            4.21206,
            0.80783,
            4.57298
          ],
          [
            9.83941,
            10.55343,
            4.56832
          ],
          [
            7.02946,
            5.68337,
            4.56795
          ],
          [
            7.02551,
            0.80386,
            4.56371
          ],
          [
            12.65393,
            10.55569,
            4.56821
          ],
          [
            9.83869,
            5.68322,
            4.57042
          ],
          [
            2.80649,
            3.24543,
            4.56704
          ],
          [
            8.43262,
            12.98799,
            4.56728
          ],
          [
            5.61893,
            8.11929,
            4.56706
          ],
          [
            5.61795,
            3.24377,
            4.56415
          ],
          [
            11.24655,
            12.99107,
            4.568
          ],
          [
            8.434,
            8.1206,
            4.57171
          ],
          [
            8.4351,
            3.24673,
            4.56331
          ],
          [
            14.05959,
            12.98934,
            4.56809
          ],
          [
            11.24698,
            8.11971,
            4.56779
          ],
          [
            14.0588,
            14.60519,
            6.87995
          ],
          [
            11.24642,
            9.73592,
            6.87494
          ],
          [
            8.4361,
            4.86083,
            6.87915
          ],
          [
            11.24507,
            14.60699,
            6.88089
          ],
          [
            8.43208,
            9.737,
            6.88072
          ],
          [
            5.61203,
            4.86147,
            6.86202
          ],
          [
            2.80656,
            4.86211,
            6.87658
          ],
          [
            8.4323,
            14.60538,
            6.87522
          ],
          [
            5.61813,
            9.73713,
            6.87728
          ],
          [
            1.40013,
            2.42192,
            6.87222
          ],
          [
            7.02444,
            12.1717,
            6.87757
          ],
          [
            4.21236,
            7.29753,
            6.87726
          ],
          [
            7.02678,
            2.41945,
            6.85786
          ],
          [
            12.65106,
            12.17251,
            6.87675
          ],
          [
            9.84015,
            7.30123,
            6.87961
          ],
          [
            7.02436,
            7.30235,
            6.8762
          ],
          [
            4.20799,
            2.42415,
            6.87951
          ],
          [
            9.83842,
            12.17122,
            6.87589
          ],
          [
            7.12198,
            5.65427,
            10.13117
          ],
          [
            5.90759,
            2.08164,
            10.17534
          ],
          [
            7.91433,
            4.73313,
            9.87831
          ],
          [
            5.83647,
            5.52487,
            10.35091
          ],
          [
            5.0948,
            3.00687,
            10.25112
          ],
          [
            7.20823,
            2.20371,
            10.02019
          ],
          [
            5.52928,
            4.54535,
            10.29658
          ],
          [
            7.49742,
            3.18794,
            9.97269
          ],
          [
            5.58645,
            1.02501,
            10.24719
          ],
          [
            7.46858,
            6.70088,
            10.19715
          ]
        ],
        "Stress": [
          [
            -51.67801,
            -0.49274,
            -0.50867
          ],
          [
            -0.49274,
            -51.17722,
            0.57171
          ],
          [
            -0.50867,
            0.57171,
            -1.78051
          ]
        ],
        "computation_code": "VASP",
        "pseudopotential_information": [
          [
            "PAW_PBE",
            "Pt",
            "04Feb2005"
          ],
          [
            "PAW_PBE",
            "C",
            "08Apr2002"
          ],
          [
            "PAW_PBE",
            "O",
            "08Apr2002"
          ],
          [
            "PAW_PBE",
            "H",
            "15Jun2001"
          ]
        ]
      }
    ],
    "EnergyStyle": "electronvolt",
    "ForcesStyle": "electronvoltperangstrom",
    "LatticeStyle": "angstrom",
    "PositionsStyle": "angstrom",
    "StressStyle": "kB"
  }
}