{
  "Dataset": {
    "AtomTypeStyle": "chemicalsymbol",
    "Data": [
      {
        "AtomTypes": [
          "Pt",
          "Pt",
          "Pt",
          "Pt",
          "Pt",
          "Pt",
          "Pt",
          "Pt",
          "Pt",
          "Pt",
          "Pt",
          "Pt",
          "Pt",
          "Pt",
          "Pt",
          "Pt",
          "Pt",
          "Pt",
          "Pt",
          "Pt",
          "Pt",
          "Pt",
          "Pt",
          "Pt",
          "Pt",
          "Pt",
          "Pt",
          "Pt",
          "Pt",
          "Pt",
          "Pt",
          "Pt",
          "Pt",
          "Pt",
          "Pt",
          "Pt",
          "Pt",
          "Pt",
          "Pt",
          "Pt",
          "Pt",
          "Pt",
          "Pt",
          "Pt",
          "Pt",
          "Pt",
          "Pt",
          "Pt",
          "Pt",
          "Pt",
          "Pt",
          "Pt",
          "Pt",
          "Pt",
          "Pt",
          "Pt",
          "Pt",
          "Pt",
          "Pt",
          "Pt",
          "Pt",
          "Pt",
          "Pt",
          "Pt",
          "Pt",
          "Pt",
          "Pt",
          "Pt",
          "Pt",
          "Pt",
          "Pt",
          "Pt",
          "C",
          "O",
          "O",
          "H",
          "H"
        ],
        "Energy": -249.95989677,
        "Forces": [
          [
            0.015002,
            -0.016309,
            -0.041887
          ],
          [
            0.017994,
            -0.017087,
            -0.038875
          ],
          [
            0.010497,
            -0.020853,
            -0.040007
          ],
          [
            0.013208,
            -0.023358,
            -0.04508
          ],
          [
            0.014148,
            -0.013912,
            -0.043137
          ],
          [
            0.014627,
            -0.02286,
            -0.037214
          ],
          [
            0.011983,
            -0.025666,
            -0.048067
          ],
          [
            0.010035,
            -0.017755,
            -0.040019
          ],
          [
            0.011874,
            -0.007548,
            -0.092418
          ],
          [
            0.013008,
            -0.009527,
            -0.052577
          ],
          [
            0.015916,
            -0.016964,
            -0.041699
          ],
          [
            0.005242,
            -0.010675,
            -0.051838
          ],
          [
            0.015111,
            -0.009269,
            -0.051739
          ],
          [
            0.017067,
            -0.01336,
            -0.040996
          ],
          [
            0.0145,
            -0.015385,
            -0.054789
          ],
          [
            0.014778,
            -0.021613,
            -0.070367
          ],
          [
            0.014022,
            -0.016753,
            -0.043699
          ],
          [
            0.024026,
            -0.010706,
            -0.050591
          ],
          [
            0.012138,
            0.023919,
            0.058167
          ],
          [
            -0.014829,
            0.007274,
            0.04784
          ],
          [
            -0.01673,
            0.020669,
            0.033011
          ],
          [
            -0.03346,
            0.029541,
            0.070024
          ],
          [
            -0.007278,
            0.005621,
            0.038562
          ],
          [
            -0.019749,
            0.004374,
            0.023643
          ],
          [
            -0.019678,
            0.003309,
            0.042855
          ],
          [
            -0.021317,
            0.015163,
            0.044697
          ],
          [
            -0.002594,
            0.019855,
            0.041597
          ],
          [
            -0.014863,
            0.020355,
            0.047673
          ],
          [
            -0.012457,
            0.016297,
            0.049858
          ],
          [
            -0.008857,
            -0.008663,
            0.068998
          ],
          [
            -0.009782,
            0.061233,
            0.069002
          ],
          [
            -0.016056,
            0.019581,
            0.048674
          ],
          [
            -0.050055,
            0.00763,
            0.055598
          ],
          [
            -0.009502,
            0.02287,
            0.045914
          ],
          [
            -0.008286,
            0.01444,
            0.043774
          ],
          [
            0.010228,
            0.000213,
            0.05168
          ],
          [
            -0.000155,
            -0.003186,
            0.001989
          ],
          [
            0.000785,
            0.004792,
            0.002414
          ],
          [
            -0.002305,
            -0.00037,
            -0.002511
          ],
          [
            -1.4e-05,
            -0.001323,
            0.005821
          ],
          [
            0.002846,
            0.003749,
            -0.005316
          ],
          [
            0.000362,
            0.003542,
            0.003391
          ],
          [
            0.002255,
            0.000683,
            0.001089
          ],
          [
            -0.000818,
            0.003069,
            -0.004692
          ],
          [
            0.002362,
            -0.001628,
            -0.001112
          ],
          [
            0.000438,
            0.002938,
            -0.007106
          ],
          [
            -0.005715,
            -0.001005,
            -0.004523
          ],
          [
            -0.001062,
            -0.00284,
            0.002218
          ],
          [
            -0.002191,
            -0.001315,
            0.005819
          ],
          [
            -0.002556,
            0.001099,
            -0.002359
          ],
          [
            -0.006094,
            -0.001568,
            -0.002553
          ],
          [
            -0.003721,
            6.1e-05,
            0.000511
          ],
          [
            0.003211,
            -0.001231,
            -0.005108
          ],
          [
            -9.6e-05,
            -0.003558,
            0.001501
          ],
          [
            -0.005967,
            0.007119,
            0.001018
          ],
          [
            -0.001566,
            -0.004572,
            -0.000656
          ],
          [
            0.000404,
            0.002243,
            -7.9e-05
          ],
          [
            -0.001033,
            -0.002278,
            -0.002523
          ],
          [
            -0.00276,
            -1.5e-05,
            -0.000644
          ],
          [
            0.001785,
            2e-06,
            -0.002078
          ],
          [
            -0.005754,
            -0.001175,
            -0.002967
          ],
          [
            0.00196,
            0.003239,
            -0.000601
          ],
          [
            0.002949,
            0.000577,
            0.001267
          ],
          [
            -0.004559,
            0.000518,
            -0.001412
          ],
          [
            -0.003537,
            -0.004866,
            -0.000326
          ],
          [
            0.001729,
            0.002321,
            -0.001418
          ],
          [
            -0.002434,
            0.000488,
            -0.002303
          ],
          [
            0.000884,
            0.000648,
            0.002391
          ],
          [
            0.001932,
            0.001886,
            0.000839
          ],
          [
            0.001708,
            8.6e-05,
            -0.002181
          ],
          [
            0.005262,
            -0.002016,
            -0.00039
          ],
          [
            0.001624,
            0.002583,
            0.004285
          ],
          [
            -0.016793,
            -0.003952,
            0.026343
          ],
          [
            0.003795,
            4.7e-05,
            -0.005858
          ],
          [
            0.018464,
            0.025926,
            0.005181
          ],
          [
            -0.005761,
            -0.031647,
            -0.008456
          ],
          [
            0.010224,
            0.00685,
            0.004528
          ]
        ],
        "Lattice": [
          [
            8.440733911,
            0.0,
            0.0
          ],
          [
            8.440733911,
            14.619780548,
            0.0
          ],
          [
            0.0,
            0.0,
            21.483230591
          ]
        ],
        "NumAtoms": 77,
        "Positions": [
          [
            4.22079,
            2.43687,
            0.0
          ],
          [
            9.84794,
            12.18339,
            0.0
          ],
          [
            7.03437,
            7.31013,
            0.0
          ],
          [
            7.03437,
            2.43687,
            0.0
          ],
          [
            12.66152,
            12.18339,
            0.0
          ],
          [
            9.84795,
            7.31013,
            0.0
          ],
          [
            1.40721,
            2.43687,
            0.0
          ],
          [
            7.03437,
            12.18339,
            0.0
          ],
          [
            4.22079,
            7.31013,
            0.0
          ],
          [
            2.81385,
            0.0,
            0.0
          ],
          [
            8.44101,
            9.74652,
            0.0
          ],
          [
            5.62743,
            4.87326,
            0.0
          ],
          [
            5.62743,
            0.0,
            0.0
          ],
          [
            11.25459,
            9.74652,
            0.0
          ],
          [
            8.44101,
            4.87326,
            0.0
          ],
          [
            0.00028,
            0.0,
            0.0
          ],
          [
            5.62743,
            9.74652,
            0.0
          ],
          [
            2.81385,
            4.87326,
            0.0
          ],
          [
            7.03462,
            4.06144,
            2.2975
          ],
          [
            12.66177,
            13.80796,
            2.2975
          ],
          [
            9.8482,
            8.9347,
            2.2975
          ],
          [
            9.8482,
            4.06144,
            2.2975
          ],
          [
            15.47535,
            13.80796,
            2.2975
          ],
          [
            12.66177,
            8.9347,
            2.2975
          ],
          [
            4.22104,
            4.06144,
            2.2975
          ],
          [
            9.8482,
            13.80796,
            2.2975
          ],
          [
            7.03462,
            8.9347,
            2.2975
          ],
          [
            5.62769,
            1.62456,
            2.2975
          ],
          [
            11.25484,
            11.37109,
            2.2975
          ],
          [
            8.44127,
            6.49782,
            2.2975
          ],
          [
            8.44127,
            1.62456,
            2.2975
          ],
          [
            14.06842,
            11.37109,
            2.2975
          ],
          [
            11.25484,
            6.49782,
            2.2975
          ],
          [
            2.81411,
            1.62456,
            2.2975
          ],
          [
            8.44127,
            11.37109,
            2.2975
          ],
          [
            5.62769,
            6.49782,
            2.2975
          ],
          [
            1.38862,
            0.82783,
            4.56325
          ],
          [
            7.01549,
            10.57647,
            4.56696
          ],
          [
            4.20079,
            5.70784,
            4.55757
          ],
          [
            4.20277,
            0.82891,
            4.56673
          ],
          [
            9.8291,
            10.57654,
            4.56838
          ],
          [
            7.02175,
            5.70204,
            4.57052
          ],
          [
            7.01758,
            0.82706,
            4.56284
          ],
          [
            12.64346,
            10.57714,
            4.56759
          ],
          [
            9.8251,
            5.70245,
            4.57455
          ],
          [
            2.79704,
            3.26597,
            4.56724
          ],
          [
            8.42336,
            13.01095,
            4.56707
          ],
          [
            5.60862,
            8.14227,
            4.56164
          ],
          [
            5.60879,
            3.26443,
            4.56455
          ],
          [
            11.23635,
            13.01137,
            4.56652
          ],
          [
            8.42452,
            8.14395,
            4.5668
          ],
          [
            8.42379,
            3.27077,
            4.57338
          ],
          [
            14.05027,
            13.01215,
            4.56735
          ],
          [
            11.23713,
            8.1423,
            4.56364
          ],
          [
            5.5946,
            0.03478,
            6.87522
          ],
          [
            11.22122,
            9.78829,
            6.87587
          ],
          [
            8.41285,
            4.91306,
            6.89147
          ],
          [
            2.78225,
            0.03547,
            6.87369
          ],
          [
            8.40717,
            9.79,
            6.87879
          ],
          [
            5.5801,
            4.90579,
            6.85761
          ],
          [
            11.23033,
            4.91082,
            6.8698
          ],
          [
            8.40713,
            0.03734,
            6.87341
          ],
          [
            14.03292,
            9.78767,
            6.87552
          ],
          [
            9.82179,
            2.4647,
            6.86797
          ],
          [
            15.442,
            12.22214,
            6.87415
          ],
          [
            12.62882,
            7.34996,
            6.87183
          ],
          [
            6.99352,
            2.46464,
            6.86837
          ],
          [
            12.6273,
            12.2212,
            6.87391
          ],
          [
            9.81817,
            7.36196,
            6.86967
          ],
          [
            6.99657,
            7.36078,
            6.86577
          ],
          [
            4.18671,
            2.46927,
            6.88104
          ],
          [
            9.81359,
            12.2216,
            6.87493
          ],
          [
            7.4726,
            5.67803,
            9.90748
          ],
          [
            8.24777,
            4.87964,
            9.39441
          ],
          [
            6.24335,
            5.36758,
            10.33143
          ],
          [
            6.05114,
            4.42808,
            10.09953
          ],
          [
            7.6942,
            6.7464,
            10.0832
          ]
        ],
        "Stress": [
          [
            -50.37835,
            -0.50988,
            -0.40752
          ],
          [
            -0.50988,
            -49.86285,
            0.44336
          ],
          [
            -0.40752,
            0.44336,
            -0.23878
          ]
        ],
        "computation_code": "VASP",
        "pseudopotential_information": [
          [
            "PAW_PBE",
            "Pt",
            "04Feb2005"
          ],
          [
            "PAW_PBE",
            "C",
            "08Apr2002"
          ],
          [
            "PAW_PBE",
            "O",
            "08Apr2002"
          ],
          [
            "PAW_PBE",
            "H",
            "15Jun2001"
          ]
        ]
      }
    ],
    "EnergyStyle": "electronvolt",
    "ForcesStyle": "electronvoltperangstrom",
    "LatticeStyle": "angstrom",
    "PositionsStyle": "angstrom",
    "StressStyle": "kB"
  }
}