{
  "Dataset": {
    "AtomTypeStyle": "chemicalsymbol",
    "Data": [
      {
        "AtomTypes": [
          "Pt",
          "Pt",
          "Pt",
          "Pt",
          "Pt",
          "Pt",
          "Pt",
          "Pt",
          "Pt",
          "Pt",
          "Pt",
          "Pt",
          "Pt",
          "Pt",
          "Pt",
          "Pt",
          "Pt",
          "Pt",
          "Pt",
          "Pt",
          "Pt",
          "Pt",
          "Pt",
          "Pt",
          "Pt",
          "Pt",
          "Pt",
          "Pt",
          "Pt",
          "Pt",
          "Pt",
          "Pt",
          "Pt",
          "Pt",
          "Pt",
          "Pt",
          "Pt",
          "Pt",
          "Pt",
          "Pt",
          "Pt",
          "Pt",
          "Pt",
          "Pt",
          "Pt",
          "Pt",
          "Pt",
          "Pt",
          "Pt",
          "Pt",
          "Pt",
          "Pt",
          "Pt",
          "Pt",
          "Pt",
          "Pt",
          "Pt",
          "Pt",
          "Pt",
          "Pt",
          "Pt",
          "Pt",
          "Pt",
          "Pt",
          "Pt",
          "Pt",
          "Pt",
          "Pt",
          "Pt",
          "Pt",
          "Pt",
          "Pt",
          "C",
          "O",
          "O",
          "H",
          "H"
        ],
        "Energy": -249.95489367,
        "Forces": [
          [
            0.019,
            -0.018,
            -0.042499
          ],
          [
            0.021797,
            -0.019393,
            -0.041444
          ],
          [
            0.015589,
            -0.019678,
            -0.043008
          ],
          [
            0.017508,
            -0.022689,
            -0.045796
          ],
          [
            0.017722,
            -0.017029,
            -0.04411
          ],
          [
            0.019559,
            -0.02288,
            -0.03742
          ],
          [
            0.016355,
            -0.026014,
            -0.04928
          ],
          [
            0.015038,
            -0.01917,
            -0.040237
          ],
          [
            0.017349,
            -0.01114,
            -0.083973
          ],
          [
            0.017809,
            -0.012184,
            -0.052432
          ],
          [
            0.020064,
            -0.018073,
            -0.044328
          ],
          [
            0.011713,
            -0.012273,
            -0.051476
          ],
          [
            0.018485,
            -0.010824,
            -0.051077
          ],
          [
            0.020824,
            -0.015894,
            -0.044383
          ],
          [
            0.01882,
            -0.016245,
            -0.052418
          ],
          [
            0.019178,
            -0.021439,
            -0.066798
          ],
          [
            0.019865,
            -0.017891,
            -0.045981
          ],
          [
            0.025814,
            -0.011878,
            -0.049751
          ],
          [
            0.00204,
            0.023933,
            0.054518
          ],
          [
            -0.023996,
            0.009306,
            0.051898
          ],
          [
            -0.02559,
            0.01978,
            0.039956
          ],
          [
            -0.039297,
            0.031327,
            0.074423
          ],
          [
            -0.017227,
            0.007629,
            0.044494
          ],
          [
            -0.030585,
            0.008538,
            0.029149
          ],
          [
            -0.028987,
            0.006399,
            0.041211
          ],
          [
            -0.028239,
            0.017972,
            0.050878
          ],
          [
            -0.014597,
            0.02005,
            0.046723
          ],
          [
            -0.024356,
            0.020396,
            0.047059
          ],
          [
            -0.021222,
            0.024852,
            0.049483
          ],
          [
            -0.014684,
            -0.002642,
            0.071762
          ],
          [
            -0.018812,
            0.057595,
            0.066621
          ],
          [
            -0.022708,
            0.023521,
            0.048469
          ],
          [
            -0.061092,
            0.010233,
            0.065914
          ],
          [
            -0.019358,
            0.024542,
            0.050763
          ],
          [
            -0.020797,
            0.018757,
            0.046044
          ],
          [
            -0.004796,
            0.006507,
            0.049873
          ],
          [
            7.6e-05,
            0.00522,
            0.000288
          ],
          [
            0.006215,
            0.001669,
            -0.004326
          ],
          [
            0.006156,
            0.006436,
            -0.00542
          ],
          [
            0.000932,
            0.003577,
            0.00308
          ],
          [
            0.007456,
            -0.00124,
            -0.000872
          ],
          [
            0.005281,
            -0.002883,
            0.000595
          ],
          [
            0.008783,
            0.007276,
            0.002742
          ],
          [
            -0.003125,
            -0.007394,
            0.001127
          ],
          [
            -0.002034,
            -0.006169,
            -0.002555
          ],
          [
            -0.008446,
            -0.003245,
            -0.008734
          ],
          [
            -0.005201,
            -0.002607,
            -0.015742
          ],
          [
            -0.000894,
            0.002263,
            -0.005931
          ],
          [
            0.009173,
            -0.006078,
            0.006189
          ],
          [
            -0.002649,
            -0.005838,
            -0.014919
          ],
          [
            -0.000946,
            0.005237,
            -0.007137
          ],
          [
            -0.007118,
            -0.005461,
            -0.001332
          ],
          [
            0.004628,
            -0.003635,
            -0.013695
          ],
          [
            0.001724,
            0.011465,
            -0.007421
          ],
          [
            -0.003396,
            0.012759,
            0.001263
          ],
          [
            0.002449,
            0.000589,
            0.007543
          ],
          [
            -3.6e-05,
            -0.00629,
            -0.000223
          ],
          [
            0.000508,
            -0.00016,
            -0.001798
          ],
          [
            0.00118,
            0.00227,
            0.003804
          ],
          [
            0.00254,
            -0.003192,
            0.003314
          ],
          [
            -0.002025,
            -0.001443,
            0.001415
          ],
          [
            0.004957,
            0.006639,
            0.003157
          ],
          [
            -0.000677,
            0.00029,
            0.002027
          ],
          [
            -0.00419,
            -0.00104,
            0.000564
          ],
          [
            0.004775,
            -0.012128,
            0.00668
          ],
          [
            0.006909,
            0.000751,
            0.003632
          ],
          [
            -0.006661,
            -0.000557,
            -0.00401
          ],
          [
            0.002565,
            -0.00786,
            0.007319
          ],
          [
            0.00275,
            -0.0018,
            0.004291
          ],
          [
            -0.000764,
            0.000868,
            0.001324
          ],
          [
            0.013747,
            -0.004711,
            0.001937
          ],
          [
            0.004075,
            -0.000881,
            0.007708
          ],
          [
            0.05372,
            0.09589,
            -0.040246
          ],
          [
            0.011505,
            -0.00999,
            -0.01217
          ],
          [
            -0.023041,
            -0.033584,
            0.028072
          ],
          [
            0.022586,
            0.035393,
            -0.006642
          ],
          [
            -0.031675,
            -0.086408,
            0.012278
          ]
        ],
        "Lattice": [
          [
            8.440733911,
            0.0,
            0.0
          ],
          [
            8.440733911,
            14.619780548,
            0.0
          ],
          [
            0.0,
            0.0,
            21.483230591
          ]
        ],
        "NumAtoms": 77,
        "Positions": [
          [
            4.22079,
            2.43687,
            0.0
          ],
          [
            9.84794,
            12.18339,
            0.0
          ],
          [
            7.03437,
            7.31013,
            0.0
          ],
          [
            7.03437,
            2.43687,
            0.0
          ],
          [
            12.66152,
            12.18339,
            0.0
          ],
          [
            9.84795,
            7.31013,
            0.0
          ],
          [
            1.40721,
            2.43687,
            0.0
          ],
          [
            7.03437,
            12.18339,
            0.0
          ],
          [
            4.22079,
            7.31013,
            0.0
          ],
          [
            2.81385,
            0.0,
            0.0
          ],
          [
            8.44101,
            9.74652,
            0.0
          ],
          [
            5.62743,
            4.87326,
            0.0
          ],
          [
            5.62743,
            0.0,
            0.0
          ],
          [
            11.25459,
            9.74652,
            0.0
          ],
          [
            8.44101,
            4.87326,
            0.0
          ],
          [
            0.00028,
            0.0,
            0.0
          ],
          [
            5.62743,
            9.74652,
            0.0
          ],
          [
            2.81385,
            4.87326,
            0.0
          ],
          [
            7.03462,
            4.06144,
            2.2975
          ],
          [
            12.66177,
            13.80796,
            2.2975
          ],
          [
            9.8482,
            8.9347,
            2.2975
          ],
          [
            9.8482,
            4.06144,
            2.2975
          ],
          [
            15.47535,
            13.80796,
            2.2975
          ],
          [
            12.66177,
            8.9347,
            2.2975
          ],
          [
            4.22104,
            4.06144,
            2.2975
          ],
          [
            9.8482,
            13.80796,
            2.2975
          ],
          [
            7.03462,
            8.9347,
            2.2975
          ],
          [
            5.62769,
            1.62456,
            2.2975
          ],
          [
            11.25484,
            11.37109,
            2.2975
          ],
          [
            8.44127,
            6.49782,
            2.2975
          ],
          [
            8.44127,
            1.62456,
            2.2975
          ],
          [
            14.06842,
            11.37109,
            2.2975
          ],
          [
            11.25484,
            6.49782,
            2.2975
          ],
          [
            2.81411,
            1.62456,
            2.2975
          ],
          [
            8.44127,
            11.37109,
            2.2975
          ],
          [
            5.62769,
            6.49782,
            2.2975
          ],
          [
            1.38107,
            0.83126,
            4.56442
          ],
          [
            7.00741,
            10.57839,
            4.5671
          ],
          [
            4.19041,
            5.70805,
            4.55893
          ],
          [
            4.19497,
            0.8311,
            4.56743
          ],
          [
            9.82141,
            10.57917,
            4.56687
          ],
          [
            7.0125,
            5.7046,
            4.56932
          ],
          [
            7.00931,
            0.82903,
            4.56321
          ],
          [
            12.63594,
            10.5799,
            4.56634
          ],
          [
            9.81702,
            5.70475,
            4.57671
          ],
          [
            2.78962,
            3.26929,
            4.56804
          ],
          [
            8.4159,
            13.01371,
            4.56772
          ],
          [
            5.59979,
            8.14276,
            4.56299
          ],
          [
            5.60062,
            3.26634,
            4.56387
          ],
          [
            11.22897,
            13.01565,
            4.56774
          ],
          [
            8.41633,
            8.14422,
            4.5675
          ],
          [
            8.41671,
            3.2736,
            4.57292
          ],
          [
            14.04261,
            13.01473,
            4.56802
          ],
          [
            11.22805,
            8.14209,
            4.56547
          ],
          [
            5.57706,
            0.04034,
            6.87558
          ],
          [
            11.20402,
            9.79161,
            6.87322
          ],
          [
            8.39289,
            4.91949,
            6.89465
          ],
          [
            2.76479,
            0.04157,
            6.87506
          ],
          [
            8.39042,
            9.79343,
            6.87685
          ],
          [
            5.56353,
            4.91169,
            6.85529
          ],
          [
            11.2088,
            4.91575,
            6.87513
          ],
          [
            8.39038,
            0.04228,
            6.87247
          ],
          [
            14.01694,
            9.79161,
            6.87434
          ],
          [
            9.8035,
            2.47328,
            6.87047
          ],
          [
            15.42439,
            12.22763,
            6.87361
          ],
          [
            12.61025,
            7.3536,
            6.87228
          ],
          [
            6.9788,
            2.47247,
            6.86791
          ],
          [
            12.61029,
            12.227,
            6.87299
          ],
          [
            9.7992,
            7.36373,
            6.87493
          ],
          [
            6.98013,
            7.36323,
            6.86668
          ],
          [
            4.16864,
            2.47579,
            6.88059
          ],
          [
            9.7968,
            12.22616,
            6.87392
          ],
          [
            7.29611,
            5.68242,
            9.94314
          ],
          [
            8.05255,
            4.83121,
            9.49757
          ],
          [
            6.04607,
            5.44286,
            10.35718
          ],
          [
            5.82909,
            4.4929,
            10.19691
          ],
          [
            7.54891,
            6.75695,
            10.04946
          ]
        ],
        "Stress": [
          [
            -50.5094,
            -0.56051,
            -0.29222
          ],
          [
            -0.56051,
            -50.08766,
            0.41193
          ],
          [
            -0.29222,
            0.41193,
            -0.35048
          ]
        ],
        "computation_code": "VASP",
        "pseudopotential_information": [
          [
            "PAW_PBE",
            "Pt",
            "04Feb2005"
          ],
          [
            "PAW_PBE",
            "C",
            "08Apr2002"
          ],
          [
            "PAW_PBE",
            "O",
            "08Apr2002"
          ],
          [
            "PAW_PBE",
            "H",
            "15Jun2001"
          ]
        ]
      }
    ],
    "EnergyStyle": "electronvolt",
    "ForcesStyle": "electronvoltperangstrom",
    "LatticeStyle": "angstrom",
    "PositionsStyle": "angstrom",
    "StressStyle": "kB"
  }
}