{
  "Dataset": {
    "AtomTypeStyle": "chemicalsymbol",
    "Data": [
      {
        "AtomTypes": [
          "Pt",
          "Pt",
          "Pt",
          "Pt",
          "Pt",
          "Pt",
          "Pt",
          "Pt",
          "Pt",
          "Pt",
          "Pt",
          "Pt",
          "Pt",
          "Pt",
          "Pt",
          "Pt",
          "Pt",
          "Pt",
          "Pt",
          "Pt",
          "Pt",
          "Pt",
          "Pt",
          "Pt",
          "Pt",
          "Pt",
          "Pt",
          "Pt",
          "Pt",
          "Pt",
          "Pt",
          "Pt",
          "Pt",
          "Pt",
          "Pt",
          "Pt",
          "Pt",
          "Pt",
          "Pt",
          "Pt",
          "Pt",
          "Pt",
          "Pt",
          "Pt",
          "Pt",
          "Pt",
          "Pt",
          "Pt",
          "Pt",
          "Pt",
          "Pt",
          "Pt",
          "Pt",
          "Pt",
          "Pt",
          "Pt",
          "Pt",
          "Pt",
          "Pt",
          "Pt",
          "Pt",
          "Pt",
          "Pt",
          "Pt",
          "Pt",
          "Pt",
          "Pt",
          "Pt",
          "Pt",
          "Pt",
          "Pt",
          "Pt",
          "C",
          "O",
          "O",
          "H",
          "H"
        ],
        "Energy": -249.95769604,
        "Forces": [
          [
            0.017873,
            -0.01717,
            -0.041633
          ],
          [
            0.02018,
            -0.018149,
            -0.040282
          ],
          [
            0.014402,
            -0.01994,
            -0.041407
          ],
          [
            0.016398,
            -0.022855,
            -0.044265
          ],
          [
            0.015805,
            -0.015434,
            -0.043863
          ],
          [
            0.019344,
            -0.024092,
            -0.036186
          ],
          [
            0.015145,
            -0.026205,
            -0.048507
          ],
          [
            0.012533,
            -0.017955,
            -0.040496
          ],
          [
            0.01613,
            -0.008998,
            -0.088837
          ],
          [
            0.015622,
            -0.010801,
            -0.051904
          ],
          [
            0.018672,
            -0.017102,
            -0.042217
          ],
          [
            0.009679,
            -0.011728,
            -0.051244
          ],
          [
            0.016969,
            -0.009961,
            -0.051141
          ],
          [
            0.019566,
            -0.01493,
            -0.041771
          ],
          [
            0.018763,
            -0.015889,
            -0.052965
          ],
          [
            0.01731,
            -0.022455,
            -0.068603
          ],
          [
            0.01764,
            -0.016803,
            -0.043363
          ],
          [
            0.026932,
            -0.010826,
            -0.051265
          ],
          [
            0.005201,
            0.022893,
            0.057917
          ],
          [
            -0.019961,
            0.009949,
            0.047477
          ],
          [
            -0.021728,
            0.022121,
            0.036132
          ],
          [
            -0.043325,
            0.031487,
            0.073712
          ],
          [
            -0.0116,
            0.008896,
            0.036865
          ],
          [
            -0.027514,
            0.0073,
            0.02564
          ],
          [
            -0.024487,
            0.004248,
            0.042962
          ],
          [
            -0.025572,
            0.018456,
            0.046156
          ],
          [
            -0.010573,
            0.021348,
            0.041412
          ],
          [
            -0.020171,
            0.020662,
            0.049429
          ],
          [
            -0.017069,
            0.020813,
            0.049641
          ],
          [
            -0.013113,
            -0.006514,
            0.069609
          ],
          [
            -0.015405,
            0.062127,
            0.06795
          ],
          [
            -0.01995,
            0.018739,
            0.046541
          ],
          [
            -0.062536,
            0.009647,
            0.063813
          ],
          [
            -0.01486,
            0.023244,
            0.049143
          ],
          [
            -0.013677,
            0.014463,
            0.043672
          ],
          [
            -0.000264,
            0.003698,
            0.044622
          ],
          [
            0.001831,
            -0.000795,
            0.001392
          ],
          [
            0.000378,
            -0.000218,
            -5.6e-05
          ],
          [
            0.000164,
            -0.000786,
            0.001394
          ],
          [
            -1.6e-05,
            -0.003064,
            6.7e-05
          ],
          [
            -0.002227,
            0.000913,
            0.001018
          ],
          [
            0.001427,
            0.001111,
            0.001504
          ],
          [
            -0.00098,
            -0.001981,
            -0.000306
          ],
          [
            0.001507,
            0.001466,
            0.001403
          ],
          [
            0.000594,
            0.000751,
            0.00223
          ],
          [
            0.0008,
            -0.001638,
            0.002165
          ],
          [
            2.5e-05,
            -0.000123,
            0.00303
          ],
          [
            -0.000858,
            -0.000162,
            7e-05
          ],
          [
            -0.00268,
            0.000335,
            -0.004861
          ],
          [
            0.000244,
            -0.000351,
            0.002623
          ],
          [
            0.000388,
            -0.000895,
            0.003164
          ],
          [
            0.001585,
            0.001793,
            -0.002813
          ],
          [
            -0.002248,
            0.000845,
            0.005546
          ],
          [
            -0.002559,
            -0.003515,
            0.00091
          ],
          [
            0.001396,
            -0.00322,
            0.001489
          ],
          [
            -0.001933,
            7.9e-05,
            -0.004279
          ],
          [
            0.003665,
            0.000484,
            -0.000603
          ],
          [
            0.000265,
            -0.003015,
            0.000418
          ],
          [
            0.000687,
            -0.000398,
            -0.00134
          ],
          [
            -0.001054,
            0.001078,
            -0.00184
          ],
          [
            0.00135,
            -0.001866,
            -0.001036
          ],
          [
            0.001502,
            -0.002163,
            0.0002
          ],
          [
            -0.000953,
            0.001074,
            -0.002061
          ],
          [
            0.004002,
            0.002231,
            -0.001653
          ],
          [
            -0.001091,
            0.003843,
            -0.000519
          ],
          [
            0.000142,
            -0.000551,
            -0.002353
          ],
          [
            0.003795,
            -0.000901,
            -0.002808
          ],
          [
            0.000732,
            0.000884,
            -0.002216
          ],
          [
            -0.001341,
            0.00156,
            -0.001448
          ],
          [
            -0.000129,
            -0.001038,
            0.00115
          ],
          [
            0.001419,
            0.00038,
            -0.001026
          ],
          [
            -0.000522,
            0.001255,
            -0.00539
          ],
          [
            -0.034714,
            -0.024151,
            0.000451
          ],
          [
            0.001368,
            0.020396,
            0.01529
          ],
          [
            0.059239,
            0.014739,
            -0.017487
          ],
          [
            0.006471,
            -0.004981,
            -0.004127
          ],
          [
            0.005974,
            -0.011688,
            -3.7e-05
          ]
        ],
        "Lattice": [
          [
            8.440733911,
            0.0,
            0.0
          ],
          [
            8.440733911,
            14.619780548,
            0.0
          ],
          [
            0.0,
            0.0,
            21.483230591
          ]
        ],
        "NumAtoms": 77,
        "Positions": [
          [
            4.22079,
            2.43687,
            0.0
          ],
          [
            9.84794,
            12.18339,
            0.0
          ],
          [
            7.03437,
            7.31013,
            0.0
          ],
          [
            7.03437,
            2.43687,
            0.0
          ],
          [
            12.66152,
            12.18339,
            0.0
          ],
          [
            9.84795,
            7.31013,
            0.0
          ],
          [
            1.40721,
            2.43687,
            0.0
          ],
          [
            7.03437,
            12.18339,
            0.0
          ],
          [
            4.22079,
            7.31013,
            0.0
          ],
          [
            2.81385,
            0.0,
            0.0
          ],
          [
            8.44101,
            9.74652,
            0.0
          ],
          [
            5.62743,
            4.87326,
            0.0
          ],
          [
            5.62743,
            0.0,
            0.0
          ],
          [
            11.25459,
            9.74652,
            0.0
          ],
          [
            8.44101,
            4.87326,
            0.0
          ],
          [
            0.00028,
            0.0,
            0.0
          ],
          [
            5.62743,
            9.74652,
            0.0
          ],
          [
            2.81385,
            4.87326,
            0.0
          ],
          [
            7.03462,
            4.06144,
            2.2975
          ],
          [
            12.66177,
            13.80796,
            2.2975
          ],
          [
            9.8482,
            8.9347,
            2.2975
          ],
          [
            9.8482,
            4.06144,
            2.2975
          ],
          [
            15.47535,
            13.80796,
            2.2975
          ],
          [
            12.66177,
            8.9347,
            2.2975
          ],
          [
            4.22104,
            4.06144,
            2.2975
          ],
          [
            9.8482,
            13.80796,
            2.2975
          ],
          [
            7.03462,
            8.9347,
            2.2975
          ],
          [
            5.62769,
            1.62456,
            2.2975
          ],
          [
            11.25484,
            11.37109,
            2.2975
          ],
          [
            8.44127,
            6.49782,
            2.2975
          ],
          [
            8.44127,
            1.62456,
            2.2975
          ],
          [
            14.06842,
            11.37109,
            2.2975
          ],
          [
            11.25484,
            6.49782,
            2.2975
          ],
          [
            2.81411,
            1.62456,
            2.2975
          ],
          [
            8.44127,
            11.37109,
            2.2975
          ],
          [
            5.62769,
            6.49782,
            2.2975
          ],
          [
            1.38308,
            0.83019,
            4.56372
          ],
          [
            7.0112,
            10.57722,
            4.5672
          ],
          [
            4.19256,
            5.70878,
            4.55747
          ],
          [
            4.19732,
            0.83047,
            4.5672
          ],
          [
            9.8258,
            10.57832,
            4.56823
          ],
          [
            7.01465,
            5.70349,
            4.56918
          ],
          [
            7.01261,
            0.82813,
            4.56297
          ],
          [
            12.63859,
            10.57829,
            4.5673
          ],
          [
            9.81788,
            5.70329,
            4.57659
          ],
          [
            2.79025,
            3.26821,
            4.56693
          ],
          [
            8.41896,
            13.01173,
            4.56667
          ],
          [
            5.60259,
            8.1428,
            4.56179
          ],
          [
            5.60234,
            3.26486,
            4.56475
          ],
          [
            11.23192,
            13.01393,
            4.56664
          ],
          [
            8.41957,
            8.14464,
            4.56641
          ],
          [
            8.41674,
            3.27231,
            4.57426
          ],
          [
            14.04636,
            13.01272,
            4.56645
          ],
          [
            11.23139,
            8.14322,
            4.56486
          ],
          [
            5.58062,
            0.03823,
            6.8745
          ],
          [
            11.21074,
            9.78983,
            6.87744
          ],
          [
            8.39586,
            4.91775,
            6.89478
          ],
          [
            2.76915,
            0.0391,
            6.87403
          ],
          [
            8.39718,
            9.79197,
            6.87841
          ],
          [
            5.56557,
            4.9088,
            6.85451
          ],
          [
            11.21345,
            4.91294,
            6.87305
          ],
          [
            8.39471,
            0.04028,
            6.87231
          ],
          [
            14.02265,
            9.78974,
            6.8758
          ],
          [
            9.80598,
            2.46941,
            6.8695
          ],
          [
            15.43137,
            12.22369,
            6.87416
          ],
          [
            12.61635,
            7.35209,
            6.87237
          ],
          [
            6.97897,
            2.46829,
            6.86811
          ],
          [
            12.6166,
            12.22379,
            6.87386
          ],
          [
            9.806,
            7.36284,
            6.87327
          ],
          [
            6.98475,
            7.36345,
            6.86435
          ],
          [
            4.17241,
            2.47258,
            6.88146
          ],
          [
            9.80345,
            12.22417,
            6.87646
          ],
          [
            7.3289,
            5.68813,
            9.92428
          ],
          [
            8.07747,
            4.85472,
            9.42977
          ],
          [
            6.09353,
            5.4221,
            10.36779
          ],
          [
            5.87815,
            4.47926,
            10.17165
          ],
          [
            7.57629,
            6.75697,
            10.06318
          ]
        ],
        "Stress": [
          [
            -50.51502,
            -0.52787,
            -0.27476
          ],
          [
            -0.52787,
            -49.98566,
            0.41069
          ],
          [
            -0.27476,
            0.41069,
            -0.33912
          ]
        ],
        "computation_code": "VASP",
        "pseudopotential_information": [
          [
            "PAW_PBE",
            "Pt",
            "04Feb2005"
          ],
          [
            "PAW_PBE",
            "C",
            "08Apr2002"
          ],
          [
            "PAW_PBE",
            "O",
            "08Apr2002"
          ],
          [
            "PAW_PBE",
            "H",
            "15Jun2001"
          ]
        ]
      }
    ],
    "EnergyStyle": "electronvolt",
    "ForcesStyle": "electronvoltperangstrom",
    "LatticeStyle": "angstrom",
    "PositionsStyle": "angstrom",
    "StressStyle": "kB"
  }
}