{
  "Dataset": {
    "AtomTypeStyle": "chemicalsymbol",
    "Data": [
      {
        "AtomTypes": [
          "Pt",
          "Pt",
          "Pt",
          "Pt",
          "Pt",
          "Pt",
          "Pt",
          "Pt",
          "Pt",
          "Pt",
          "Pt",
          "Pt",
          "Pt",
          "Pt",
          "Pt",
          "Pt",
          "Pt",
          "Pt",
          "Pt",
          "Pt",
          "Pt",
          "Pt",
          "Pt",
          "Pt",
          "Pt",
          "Pt",
          "Pt",
          "Pt",
          "Pt",
          "Pt",
          "Pt",
          "Pt",
          "Pt",
          "Pt",
          "Pt",
          "Pt",
          "Pt",
          "Pt",
          "Pt",
          "Pt",
          "Pt",
          "Pt",
          "Pt",
          "Pt",
          "Pt",
          "Pt",
          "Pt",
          "Pt",
          "Pt",
          "Pt",
          "Pt",
          "Pt",
          "Pt",
          "Pt",
          "Pt",
          "Pt",
          "Pt",
          "Pt",
          "Pt",
          "Pt",
          "Pt",
          "Pt",
          "Pt",
          "Pt",
          "Pt",
          "Pt",
          "Pt",
          "Pt",
          "Pt",
          "Pt",
          "Pt",
          "Pt",
          "C",
          "O",
          "O",
          "H",
          "H"
        ],
        "Energy": -249.94167617,
        "Forces": [
          [
            0.015397,
            -0.010098,
            -0.037545
          ],
          [
            0.01385,
            -0.023117,
            -0.042685
          ],
          [
            0.01425,
            -0.017765,
            -0.048753
          ],
          [
            0.013158,
            -0.020619,
            -0.038365
          ],
          [
            0.01568,
            -0.02098,
            -0.044629
          ],
          [
            0.017232,
            -0.018472,
            -0.0428
          ],
          [
            0.011777,
            -0.014889,
            -0.044168
          ],
          [
            0.012185,
            -0.030022,
            -0.048568
          ],
          [
            0.014758,
            -0.009848,
            -0.076191
          ],
          [
            0.014562,
            -0.011831,
            -0.044132
          ],
          [
            0.015319,
            -0.021139,
            -0.048304
          ],
          [
            0.010828,
            -0.007267,
            -0.050959
          ],
          [
            0.01546,
            -0.017929,
            -0.05025
          ],
          [
            0.015651,
            -0.013826,
            -0.042567
          ],
          [
            0.018334,
            -0.009303,
            -0.05202
          ],
          [
            0.011517,
            -0.024667,
            -0.059793
          ],
          [
            0.018687,
            -0.019033,
            -0.048353
          ],
          [
            0.020862,
            0.001928,
            -0.056864
          ],
          [
            0.001392,
            0.008508,
            0.114485
          ],
          [
            -0.015394,
            0.013883,
            0.043266
          ],
          [
            -0.013947,
            0.016119,
            0.048399
          ],
          [
            -0.042625,
            0.006626,
            0.083605
          ],
          [
            -0.009094,
            0.035993,
            0.056954
          ],
          [
            -0.023663,
            0.006425,
            0.040557
          ],
          [
            -0.003417,
            -0.01476,
            0.071506
          ],
          [
            -0.020745,
            0.017696,
            0.044258
          ],
          [
            -0.01261,
            0.024269,
            0.061477
          ],
          [
            -0.00595,
            0.040408,
            0.09549
          ],
          [
            -0.011803,
            0.012594,
            0.047448
          ],
          [
            -0.012306,
            -0.005788,
            0.07344
          ],
          [
            -0.022143,
            0.061848,
            0.106569
          ],
          [
            -0.018055,
            0.025747,
            0.058877
          ],
          [
            -0.047991,
            -0.006137,
            0.068519
          ],
          [
            -0.008277,
            0.014721,
            0.045199
          ],
          [
            -0.012683,
            0.026821,
            0.054483
          ],
          [
            -0.00102,
            0.00209,
            0.060123
          ],
          [
            -0.002961,
            -0.002939,
            0.00788
          ],
          [
            -0.00402,
            -0.007684,
            -0.010732
          ],
          [
            -0.002358,
            0.011724,
            -0.000488
          ],
          [
            -0.01469,
            0.000708,
            -0.008953
          ],
          [
            0.002879,
            -0.002554,
            -0.010469
          ],
          [
            -0.000435,
            -0.005828,
            -0.00548
          ],
          [
            0.011166,
            -0.013938,
            -0.009133
          ],
          [
            0.001432,
            0.004465,
            -0.015652
          ],
          [
            0.010729,
            0.014361,
            0.007114
          ],
          [
            0.008526,
            0.019724,
            -0.000955
          ],
          [
            0.000449,
            -0.020476,
            -0.01281
          ],
          [
            0.004464,
            0.004883,
            -0.008845
          ],
          [
            -0.014647,
            -0.015794,
            -0.05858
          ],
          [
            0.000505,
            0.005879,
            -0.006704
          ],
          [
            -0.004827,
            0.008209,
            -3.5e-05
          ],
          [
            -0.005552,
            -0.009462,
            -0.035316
          ],
          [
            -0.011209,
            -0.026049,
            -0.004052
          ],
          [
            -0.005314,
            0.020114,
            -0.013722
          ],
          [
            -0.002817,
            0.009157,
            0.001219
          ],
          [
            -0.002201,
            0.006113,
            0.00207
          ],
          [
            -0.006026,
            0.008611,
            -0.021741
          ],
          [
            -0.015861,
            -0.007795,
            0.031584
          ],
          [
            0.001357,
            0.00355,
            0.003992
          ],
          [
            -0.008971,
            0.004458,
            -0.0176
          ],
          [
            0.007262,
            0.005627,
            0.001485
          ],
          [
            -0.002421,
            -0.000647,
            -0.01341
          ],
          [
            -0.003409,
            0.003708,
            0.000206
          ],
          [
            -0.004277,
            -0.008956,
            -0.009805
          ],
          [
            -0.001871,
            -0.015095,
            0.012083
          ],
          [
            0.00924,
            0.001224,
            0.01219
          ],
          [
            0.010076,
            -0.014124,
            -0.103551
          ],
          [
            -0.002069,
            -0.00658,
            0.011574
          ],
          [
            -0.002462,
            0.018349,
            0.007827
          ],
          [
            -0.010855,
            0.008246,
            0.000219
          ],
          [
            0.017071,
            -0.000407,
            0.003814
          ],
          [
            0.008461,
            -0.006173,
            0.01155
          ],
          [
            -0.055282,
            0.179496,
            0.042755
          ],
          [
            0.066284,
            -0.048635,
            -0.045785
          ],
          [
            0.093382,
            -0.04115,
            0.007504
          ],
          [
            -0.035551,
            0.006499,
            -0.026569
          ],
          [
            -0.02238,
            -0.089004,
            -0.022387
          ]
        ],
        "Lattice": [
          [
            8.440733911,
            0.0,
            0.0
          ],
          [
            8.440733911,
            14.619780548,
            0.0
          ],
          [
            0.0,
            0.0,
            21.483230591
          ]
        ],
        "NumAtoms": 77,
        "Positions": [
          [
            4.22079,
            2.43687,
            0.0
          ],
          [
            9.84794,
            12.18339,
            0.0
          ],
          [
            7.03437,
            7.31013,
            0.0
          ],
          [
            7.03437,
            2.43687,
            0.0
          ],
          [
            12.66152,
            12.18339,
            0.0
          ],
          [
            9.84795,
            7.31013,
            0.0
          ],
          [
            1.40721,
            2.43687,
            0.0
          ],
          [
            7.03437,
            12.18339,
            0.0
          ],
          [
            4.22079,
            7.31013,
            0.0
          ],
          [
            2.81385,
            0.0,
            0.0
          ],
          [
            8.44101,
            9.74652,
            0.0
          ],
          [
            5.62743,
            4.87326,
            0.0
          ],
          [
            5.62743,
            0.0,
            0.0
          ],
          [
            11.25459,
            9.74652,
            0.0
          ],
          [
            8.44101,
            4.87326,
            0.0
          ],
          [
            0.00028,
            0.0,
            0.0
          ],
          [
            5.62743,
            9.74652,
            0.0
          ],
          [
            2.81385,
            4.87326,
            0.0
          ],
          [
            7.03462,
            4.06144,
            2.2975
          ],
          [
            12.66177,
            13.80796,
            2.2975
          ],
          [
            9.8482,
            8.9347,
            2.2975
          ],
          [
            9.8482,
            4.06144,
            2.2975
          ],
          [
            15.47535,
            13.80796,
            2.2975
          ],
          [
            12.66177,
            8.9347,
            2.2975
          ],
          [
            4.22104,
            4.06144,
            2.2975
          ],
          [
            9.8482,
            13.80796,
            2.2975
          ],
          [
            7.03462,
            8.9347,
            2.2975
          ],
          [
            5.62769,
            1.62456,
            2.2975
          ],
          [
            11.25484,
            11.37109,
            2.2975
          ],
          [
            8.44127,
            6.49782,
            2.2975
          ],
          [
            8.44127,
            1.62456,
            2.2975
          ],
          [
            14.06842,
            11.37109,
            2.2975
          ],
          [
            11.25484,
            6.49782,
            2.2975
          ],
          [
            2.81411,
            1.62456,
            2.2975
          ],
          [
            8.44127,
            11.37109,
            2.2975
          ],
          [
            5.62769,
            6.49782,
            2.2975
          ],
          [
            1.3857,
            0.83275,
            4.56548
          ],
          [
            7.01509,
            10.58117,
            4.56689
          ],
          [
            4.1969,
            5.69766,
            4.56155
          ],
          [
            4.20483,
            0.83211,
            4.56818
          ],
          [
            9.82724,
            10.57637,
            4.56653
          ],
          [
            7.01639,
            5.70241,
            4.57247
          ],
          [
            7.01534,
            0.84039,
            4.5736
          ],
          [
            12.64292,
            10.57477,
            4.56674
          ],
          [
            9.81953,
            5.69355,
            4.57495
          ],
          [
            2.79231,
            3.25998,
            4.56911
          ],
          [
            8.42126,
            13.02187,
            4.56733
          ],
          [
            5.60601,
            8.13866,
            4.56404
          ],
          [
            5.61047,
            3.26639,
            4.58006
          ],
          [
            11.23582,
            13.01193,
            4.56382
          ],
          [
            8.42223,
            8.14006,
            4.56591
          ],
          [
            8.41695,
            3.27067,
            4.58493
          ],
          [
            14.05202,
            13.0209,
            4.5659
          ],
          [
            11.23333,
            8.13197,
            4.56527
          ],
          [
            5.59141,
            0.03862,
            6.87927
          ],
          [
            11.21788,
            9.78186,
            6.86834
          ],
          [
            8.40124,
            4.90923,
            6.90476
          ],
          [
            2.77881,
            0.03977,
            6.86427
          ],
          [
            8.40423,
            9.78476,
            6.87339
          ],
          [
            5.57726,
            4.90734,
            6.8694
          ],
          [
            11.21515,
            4.90699,
            6.87723
          ],
          [
            8.4028,
            0.0437,
            6.88028
          ],
          [
            14.03183,
            9.78371,
            6.87234
          ],
          [
            9.80938,
            2.47241,
            6.88169
          ],
          [
            15.43997,
            12.22495,
            6.87038
          ],
          [
            12.62182,
            7.34463,
            6.87001
          ],
          [
            6.98659,
            2.47303,
            6.90706
          ],
          [
            12.62575,
            12.22157,
            6.86613
          ],
          [
            9.81003,
            7.34779,
            6.87401
          ],
          [
            6.9952,
            7.35252,
            6.86951
          ],
          [
            4.17765,
            2.47252,
            6.88587
          ],
          [
            9.80965,
            12.2227,
            6.86739
          ],
          [
            7.14241,
            5.67822,
            10.00547
          ],
          [
            7.87538,
            4.7854,
            9.61683
          ],
          [
            5.86568,
            5.50513,
            10.38807
          ],
          [
            5.63447,
            4.55244,
            10.27908
          ],
          [
            7.42999,
            6.74652,
            10.09061
          ]
        ],
        "Stress": [
          [
            -50.94935,
            -0.53417,
            -0.30389
          ],
          [
            -0.53417,
            -50.40351,
            0.47192
          ],
          [
            -0.30389,
            0.47192,
            -0.89548
          ]
        ],
        "computation_code": "VASP",
        "pseudopotential_information": [
          [
            "PAW_PBE",
            "Pt",
            "04Feb2005"
          ],
          [
            "PAW_PBE",
            "C",
            "08Apr2002"
          ],
          [
            "PAW_PBE",
            "O",
            "08Apr2002"
          ],
          [
            "PAW_PBE",
            "H",
            "15Jun2001"
          ]
        ]
      }
    ],
    "EnergyStyle": "electronvolt",
    "ForcesStyle": "electronvoltperangstrom",
    "LatticeStyle": "angstrom",
    "PositionsStyle": "angstrom",
    "StressStyle": "kB"
  }
}