{
  "Dataset": {
    "AtomTypeStyle": "chemicalsymbol",
    "Data": [
      {
        "AtomTypes": [
          "Pt",
          "Pt",
          "Pt",
          "Pt",
          "Pt",
          "Pt",
          "Pt",
          "Pt",
          "Pt",
          "Pt",
          "Pt",
          "Pt",
          "Pt",
          "Pt",
          "Pt",
          "Pt",
          "Pt",
          "Pt",
          "Pt",
          "Pt",
          "Pt",
          "Pt",
          "Pt",
          "Pt",
          "Pt",
          "Pt",
          "Pt",
          "Pt",
          "Pt",
          "Pt",
          "Pt",
          "Pt",
          "Pt",
          "Pt",
          "Pt",
          "Pt",
          "Pt",
          "Pt",
          "Pt",
          "Pt",
          "Pt",
          "Pt",
          "Pt",
          "Pt",
          "Pt",
          "Pt",
          "Pt",
          "Pt",
          "Pt",
          "Pt",
          "Pt",
          "Pt",
          "Pt",
          "Pt",
          "Pt",
          "Pt",
          "Pt",
          "Pt",
          "Pt",
          "Pt",
          "Pt",
          "Pt",
          "Pt",
          "Pt",
          "Pt",
          "Pt",
          "Pt",
          "Pt",
          "Pt",
          "Pt",
          "Pt",
          "Pt",
          "C",
          "O",
          "O",
          "H",
          "H"
        ],
        "Energy": -249.94604861,
        "Forces": [
          [
            0.015131,
            -0.012389,
            -0.041042
          ],
          [
            0.016667,
            -0.024034,
            -0.041782
          ],
          [
            0.013052,
            -0.016828,
            -0.047073
          ],
          [
            0.01424,
            -0.020373,
            -0.043628
          ],
          [
            0.014203,
            -0.020894,
            -0.044057
          ],
          [
            0.019206,
            -0.020072,
            -0.038627
          ],
          [
            0.012982,
            -0.021388,
            -0.046795
          ],
          [
            0.010693,
            -0.025179,
            -0.041819
          ],
          [
            0.015837,
            -0.006288,
            -0.084692
          ],
          [
            0.012833,
            -0.01243,
            -0.048526
          ],
          [
            0.016481,
            -0.020713,
            -0.045711
          ],
          [
            0.011178,
            -0.006895,
            -0.052376
          ],
          [
            0.014566,
            -0.012659,
            -0.045823
          ],
          [
            0.017997,
            -0.015608,
            -0.045038
          ],
          [
            0.016115,
            -0.010905,
            -0.051354
          ],
          [
            0.014696,
            -0.024121,
            -0.062702
          ],
          [
            0.017732,
            -0.020056,
            -0.048042
          ],
          [
            0.024371,
            -0.003331,
            -0.048162
          ],
          [
            0.009515,
            0.021364,
            0.066712
          ],
          [
            -0.012637,
            0.016526,
            0.041705
          ],
          [
            -0.023738,
            0.015062,
            0.027009
          ],
          [
            -0.037913,
            0.020998,
            0.09239
          ],
          [
            -0.01189,
            0.025659,
            0.052448
          ],
          [
            -0.023029,
            0.000993,
            0.015679
          ],
          [
            -0.025892,
            -0.003767,
            0.049274
          ],
          [
            -0.023652,
            0.029924,
            0.043555
          ],
          [
            -0.008079,
            0.021449,
            0.042773
          ],
          [
            -0.011505,
            0.014727,
            0.057527
          ],
          [
            -0.014494,
            0.022063,
            0.02825
          ],
          [
            -0.00747,
            -0.010777,
            0.08528
          ],
          [
            -0.011901,
            0.057559,
            0.08403
          ],
          [
            -0.015281,
            0.029726,
            0.03805
          ],
          [
            -0.060708,
            -0.00929,
            0.078838
          ],
          [
            -0.014476,
            0.021729,
            0.057442
          ],
          [
            -0.013362,
            0.025077,
            0.033905
          ],
          [
            0.001918,
            -0.002378,
            0.048887
          ],
          [
            0.001693,
            -0.005124,
            -0.008148
          ],
          [
            -0.001295,
            -0.012488,
            0.008934
          ],
          [
            -0.007853,
            0.012664,
            -0.005055
          ],
          [
            -0.000665,
            -0.00603,
            0.008148
          ],
          [
            -0.000501,
            0.003965,
            0.010383
          ],
          [
            -0.001296,
            0.003611,
            -0.011228
          ],
          [
            -0.011804,
            -0.023253,
            -0.023318
          ],
          [
            -0.004513,
            0.00571,
            0.013467
          ],
          [
            -0.001183,
            0.014487,
            -0.005955
          ],
          [
            -0.004021,
            0.003097,
            -0.002293
          ],
          [
            0.002793,
            -0.010899,
            0.010426
          ],
          [
            -0.006327,
            0.000237,
            0.005645
          ],
          [
            0.000528,
            0.006627,
            0.011951
          ],
          [
            -0.004749,
            -8.7e-05,
            0.015285
          ],
          [
            0.005098,
            -0.005143,
            -0.000416
          ],
          [
            0.014909,
            0.001234,
            -0.006806
          ],
          [
            0.000662,
            -0.004051,
            0.003655
          ],
          [
            0.001731,
            0.00455,
            0.014551
          ],
          [
            -0.007062,
            -0.017625,
            -0.012659
          ],
          [
            0.0012,
            0.00651,
            0.010458
          ],
          [
            0.007239,
            0.006211,
            -0.01822
          ],
          [
            0.009248,
            0.002681,
            0.00268
          ],
          [
            -0.002689,
            0.003419,
            0.002554
          ],
          [
            0.005745,
            -0.006399,
            -0.025108
          ],
          [
            -0.005582,
            0.006731,
            0.001336
          ],
          [
            0.000977,
            -0.015737,
            -0.010331
          ],
          [
            -0.001956,
            0.002188,
            0.002663
          ],
          [
            0.006965,
            0.00314,
            -0.017454
          ],
          [
            -0.002146,
            0.005667,
            -0.004316
          ],
          [
            -0.011111,
            0.009016,
            -0.003596
          ],
          [
            -0.001472,
            0.005704,
            -0.013346
          ],
          [
            -0.007374,
            0.003838,
            0.007156
          ],
          [
            0.000643,
            0.001369,
            -0.000821
          ],
          [
            0.001207,
            0.001774,
            -0.007908
          ],
          [
            -0.012449,
            -0.004147,
            -0.020983
          ],
          [
            -0.005372,
            0.000621,
            0.005612
          ],
          [
            0.041973,
            0.025511,
            -0.000798
          ],
          [
            -0.053864,
            0.013306,
            0.043299
          ],
          [
            0.050097,
            -0.038714,
            -0.045084
          ],
          [
            0.039164,
            0.022644,
            0.002591
          ],
          [
            -0.009972,
            -0.029296,
            -0.003457
          ]
        ],
        "Lattice": [
          [
            8.440733911,
            0.0,
            0.0
          ],
          [
            8.440733911,
            14.619780548,
            0.0
          ],
          [
            0.0,
            0.0,
            21.483230591
          ]
        ],
        "NumAtoms": 77,
        "Positions": [
          [
            4.22079,
            2.43687,
            0.0
          ],
          [
            9.84794,
            12.18339,
            0.0
          ],
          [
            7.03437,
            7.31013,
            0.0
          ],
          [
            7.03437,
            2.43687,
            0.0
          ],
          [
            12.66152,
            12.18339,
            0.0
          ],
          [
            9.84795,
            7.31013,
            0.0
          ],
          [
            1.40721,
            2.43687,
            0.0
          ],
          [
            7.03437,
            12.18339,
            0.0
          ],
          [
            4.22079,
            7.31013,
            0.0
          ],
          [
            2.81385,
            0.0,
            0.0
          ],
          [
            8.44101,
            9.74652,
            0.0
          ],
          [
            5.62743,
            4.87326,
            0.0
          ],
          [
            5.62743,
            0.0,
            0.0
          ],
          [
            11.25459,
            9.74652,
            0.0
          ],
          [
            8.44101,
            4.87326,
            0.0
          ],
          [
            0.00028,
            0.0,
            0.0
          ],
          [
            5.62743,
            9.74652,
            0.0
          ],
          [
            2.81385,
            4.87326,
            0.0
          ],
          [
            7.03462,
            4.06144,
            2.2975
          ],
          [
            12.66177,
            13.80796,
            2.2975
          ],
          [
            9.8482,
            8.9347,
            2.2975
          ],
          [
            9.8482,
            4.06144,
            2.2975
          ],
          [
            15.47535,
            13.80796,
            2.2975
          ],
          [
            12.66177,
            8.9347,
            2.2975
          ],
          [
            4.22104,
            4.06144,
            2.2975
          ],
          [
            9.8482,
            13.80796,
            2.2975
          ],
          [
            7.03462,
            8.9347,
            2.2975
          ],
          [
            5.62769,
            1.62456,
            2.2975
          ],
          [
            11.25484,
            11.37109,
            2.2975
          ],
          [
            8.44127,
            6.49782,
            2.2975
          ],
          [
            8.44127,
            1.62456,
            2.2975
          ],
          [
            14.06842,
            11.37109,
            2.2975
          ],
          [
            11.25484,
            6.49782,
            2.2975
          ],
          [
            2.81411,
            1.62456,
            2.2975
          ],
          [
            8.44127,
            11.37109,
            2.2975
          ],
          [
            5.62769,
            6.49782,
            2.2975
          ],
          [
            1.38586,
            0.83337,
            4.56779
          ],
          [
            7.01468,
            10.58066,
            4.56472
          ],
          [
            4.19499,
            5.70184,
            4.56017
          ],
          [
            4.20114,
            0.83202,
            4.56882
          ],
          [
            9.82772,
            10.57739,
            4.56344
          ],
          [
            7.01604,
            5.70109,
            4.57154
          ],
          [
            7.01677,
            0.8337,
            4.56879
          ],
          [
            12.64314,
            10.57632,
            4.56228
          ],
          [
            9.81923,
            5.6964,
            4.58036
          ],
          [
            2.79275,
            3.26438,
            4.57122
          ],
          [
            8.42164,
            13.01812,
            4.56576
          ],
          [
            5.60594,
            8.13949,
            4.56124
          ],
          [
            5.60489,
            3.26331,
            4.56582
          ],
          [
            11.23592,
            13.01519,
            4.56287
          ],
          [
            8.42077,
            8.14175,
            4.5662
          ],
          [
            8.41775,
            3.27182,
            4.57789
          ],
          [
            14.05035,
            13.0177,
            4.56678
          ],
          [
            11.23245,
            8.13576,
            4.56206
          ],
          [
            5.58897,
            0.04087,
            6.87931
          ],
          [
            11.21845,
            9.784,
            6.86506
          ],
          [
            8.39736,
            4.91506,
            6.90384
          ],
          [
            2.77541,
            0.03864,
            6.87301
          ],
          [
            8.40477,
            9.78795,
            6.87303
          ],
          [
            5.57012,
            4.90738,
            6.86071
          ],
          [
            11.21626,
            4.90877,
            6.87939
          ],
          [
            8.40206,
            0.04255,
            6.87833
          ],
          [
            14.03071,
            9.7861,
            6.87074
          ],
          [
            9.8094,
            2.47141,
            6.87968
          ],
          [
            15.44005,
            12.22313,
            6.87199
          ],
          [
            12.62286,
            7.34673,
            6.87162
          ],
          [
            6.98582,
            2.47024,
            6.87749
          ],
          [
            12.62606,
            12.22195,
            6.86669
          ],
          [
            9.80963,
            7.35588,
            6.87467
          ],
          [
            6.99076,
            7.35818,
            6.86737
          ],
          [
            4.17988,
            2.47267,
            6.88857
          ],
          [
            9.812,
            12.22271,
            6.86776
          ],
          [
            7.15152,
            5.6871,
            9.97633
          ],
          [
            7.87119,
            4.82475,
            9.49264
          ],
          [
            5.90548,
            5.47837,
            10.42602
          ],
          [
            5.64526,
            4.54383,
            10.24286
          ],
          [
            7.43864,
            6.74858,
            10.10341
          ]
        ],
        "Stress": [
          [
            -50.76664,
            -0.51303,
            -0.21906
          ],
          [
            -0.51303,
            -50.16137,
            0.43126
          ],
          [
            -0.21906,
            0.43126,
            -0.6023
          ]
        ],
        "computation_code": "VASP",
        "pseudopotential_information": [
          [
            "PAW_PBE",
            "Pt",
            "04Feb2005"
          ],
          [
            "PAW_PBE",
            "C",
            "08Apr2002"
          ],
          [
            "PAW_PBE",
            "O",
            "08Apr2002"
          ],
          [
            "PAW_PBE",
            "H",
            "15Jun2001"
          ]
        ]
      }
    ],
    "EnergyStyle": "electronvolt",
    "ForcesStyle": "electronvoltperangstrom",
    "LatticeStyle": "angstrom",
    "PositionsStyle": "angstrom",
    "StressStyle": "kB"
  }
}