{
  "Dataset": {
    "AtomTypeStyle": "chemicalsymbol",
    "Data": [
      {
        "AtomTypes": [
          "Pt",
          "Pt",
          "Pt",
          "Pt",
          "Pt",
          "Pt",
          "Pt",
          "Pt",
          "Pt",
          "Pt",
          "Pt",
          "Pt",
          "Pt",
          "Pt",
          "Pt",
          "Pt",
          "Pt",
          "Pt",
          "Pt",
          "Pt",
          "Pt",
          "Pt",
          "Pt",
          "Pt",
          "Pt",
          "Pt",
          "Pt",
          "Pt",
          "Pt",
          "Pt",
          "Pt",
          "Pt",
          "Pt",
          "Pt",
          "Pt",
          "Pt",
          "Pt",
          "Pt",
          "Pt",
          "Pt",
          "Pt",
          "Pt",
          "Pt",
          "Pt",
          "Pt",
          "Pt",
          "Pt",
          "Pt",
          "Pt",
          "Pt",
          "Pt",
          "Pt",
          "Pt",
          "Pt",
          "Pt",
          "Pt",
          "Pt",
          "Pt",
          "Pt",
          "Pt",
          "Pt",
          "Pt",
          "Pt",
          "Pt",
          "Pt",
          "Pt",
          "Pt",
          "Pt",
          "Pt",
          "Pt",
          "Pt",
          "Pt",
          "C",
          "O",
          "O",
          "H",
          "H"
        ],
        "Energy": -249.95593472,
        "Forces": [
          [
            0.018979,
            -0.017784,
            -0.04234
          ],
          [
            0.021712,
            -0.019472,
            -0.041574
          ],
          [
            0.015532,
            -0.019789,
            -0.042816
          ],
          [
            0.017425,
            -0.022686,
            -0.045594
          ],
          [
            0.017704,
            -0.017044,
            -0.044214
          ],
          [
            0.019732,
            -0.023031,
            -0.037471
          ],
          [
            0.016392,
            -0.025852,
            -0.049165
          ],
          [
            0.015049,
            -0.019185,
            -0.040762
          ],
          [
            0.017232,
            -0.011046,
            -0.084155
          ],
          [
            0.017847,
            -0.012105,
            -0.052055
          ],
          [
            0.0201,
            -0.017954,
            -0.04401
          ],
          [
            0.011628,
            -0.01228,
            -0.051301
          ],
          [
            0.018457,
            -0.010991,
            -0.050887
          ],
          [
            0.020775,
            -0.015715,
            -0.043885
          ],
          [
            0.019055,
            -0.016099,
            -0.052462
          ],
          [
            0.019162,
            -0.021617,
            -0.066559
          ],
          [
            0.019874,
            -0.017698,
            -0.045485
          ],
          [
            0.025887,
            -0.011801,
            -0.050221
          ],
          [
            0.001482,
            0.023779,
            0.054119
          ],
          [
            -0.023961,
            0.01053,
            0.049898
          ],
          [
            -0.025431,
            0.020233,
            0.03816
          ],
          [
            -0.040039,
            0.031315,
            0.072693
          ],
          [
            -0.017339,
            0.009308,
            0.041743
          ],
          [
            -0.030416,
            0.008923,
            0.027098
          ],
          [
            -0.027767,
            0.005762,
            0.042523
          ],
          [
            -0.028299,
            0.019024,
            0.048768
          ],
          [
            -0.01475,
            0.02063,
            0.044899
          ],
          [
            -0.024241,
            0.020885,
            0.047672
          ],
          [
            -0.02068,
            0.023956,
            0.048031
          ],
          [
            -0.014736,
            -0.00303,
            0.070872
          ],
          [
            -0.018703,
            0.057784,
            0.065552
          ],
          [
            -0.023155,
            0.022147,
            0.04692
          ],
          [
            -0.061317,
            0.010509,
            0.065063
          ],
          [
            -0.018874,
            0.023868,
            0.049964
          ],
          [
            -0.019839,
            0.017773,
            0.043909
          ],
          [
            -0.003993,
            0.006177,
            0.048592
          ],
          [
            0.00104,
            0.001375,
            0.000664
          ],
          [
            0.003959,
            0.000106,
            -0.002631
          ],
          [
            0.003506,
            0.00345,
            -0.001673
          ],
          [
            0.001076,
            0.000985,
            0.00195
          ],
          [
            0.003614,
            0.0001,
            0.000613
          ],
          [
            0.0045,
            -1.8e-05,
            0.001708
          ],
          [
            0.006133,
            0.001836,
            0.002201
          ],
          [
            -0.000362,
            -0.0037,
            0.001793
          ],
          [
            -0.000108,
            -0.00191,
            -0.000714
          ],
          [
            -0.003626,
            -0.000913,
            -0.004078
          ],
          [
            -0.002626,
            -0.001116,
            -0.006462
          ],
          [
            0.001102,
            0.001066,
            -0.00251
          ],
          [
            0.002726,
            -0.002874,
            0.001405
          ],
          [
            -0.001558,
            -0.003777,
            -0.007458
          ],
          [
            0.000398,
            0.002825,
            -0.001916
          ],
          [
            -0.00328,
            -0.00328,
            -0.00112
          ],
          [
            0.002624,
            -0.00185,
            -0.003799
          ],
          [
            -5.9e-05,
            0.004746,
            -0.002768
          ],
          [
            -0.001192,
            0.005328,
            -0.000985
          ],
          [
            0.002142,
            -0.000391,
            0.0065
          ],
          [
            0.000319,
            -0.00374,
            0.000674
          ],
          [
            -0.000454,
            -0.002656,
            -0.002032
          ],
          [
            0.002292,
            0.000702,
            0.002575
          ],
          [
            0.00082,
            -0.001624,
            0.002295
          ],
          [
            4.4e-05,
            -0.002297,
            -0.0013
          ],
          [
            0.004004,
            0.001724,
            7.3e-05
          ],
          [
            0.000476,
            -0.000329,
            0.001871
          ],
          [
            -0.001857,
            -4.6e-05,
            0.000394
          ],
          [
            0.00347,
            -0.007127,
            0.003375
          ],
          [
            0.00514,
            7.4e-05,
            0.00127
          ],
          [
            -0.00396,
            -0.000442,
            4e-05
          ],
          [
            0.002966,
            -0.00423,
            0.003122
          ],
          [
            0.002519,
            -0.000762,
            0.000939
          ],
          [
            -0.000991,
            0.00106,
            -0.000878
          ],
          [
            0.008648,
            -0.001249,
            0.000899
          ],
          [
            0.002969,
            0.000433,
            0.003831
          ],
          [
            -0.014869,
            -0.089309,
            -0.019113
          ],
          [
            0.00528,
            0.020446,
            -0.016546
          ],
          [
            0.020609,
            0.035117,
            0.01489
          ],
          [
            0.020068,
            -0.008075,
            -0.013464
          ],
          [
            0.002016,
            0.042919,
            0.014847
          ]
        ],
        "Lattice": [
          [
            8.440733911,
            0.0,
            0.0
          ],
          [
            8.440733911,
            14.619780548,
            0.0
          ],
          [
            0.0,
            0.0,
            21.483230591
          ]
        ],
        "NumAtoms": 77,
        "Positions": [
          [
            4.22079,
            2.43687,
            0.0
          ],
          [
            9.84794,
            12.18339,
            0.0
          ],
          [
            7.03437,
            7.31013,
            0.0
          ],
          [
            7.03437,
            2.43687,
            0.0
          ],
          [
            12.66152,
            12.18339,
            0.0
          ],
          [
            9.84795,
            7.31013,
            0.0
          ],
          [
            1.40721,
            2.43687,
            0.0
          ],
          [
            7.03437,
            12.18339,
            0.0
          ],
          [
            4.22079,
            7.31013,
            0.0
          ],
          [
            2.81385,
            0.0,
            0.0
          ],
          [
            8.44101,
            9.74652,
            0.0
          ],
          [
            5.62743,
            4.87326,
            0.0
          ],
          [
            5.62743,
            0.0,
            0.0
          ],
          [
            11.25459,
            9.74652,
            0.0
          ],
          [
            8.44101,
            4.87326,
            0.0
          ],
          [
            0.00028,
            0.0,
            0.0
          ],
          [
            5.62743,
            9.74652,
            0.0
          ],
          [
            2.81385,
            4.87326,
            0.0
          ],
          [
            7.03462,
            4.06144,
            2.2975
          ],
          [
            12.66177,
            13.80796,
            2.2975
          ],
          [
            9.8482,
            8.9347,
            2.2975
          ],
          [
            9.8482,
            4.06144,
            2.2975
          ],
          [
            15.47535,
            13.80796,
            2.2975
          ],
          [
            12.66177,
            8.9347,
            2.2975
          ],
          [
            4.22104,
            4.06144,
            2.2975
          ],
          [
            9.8482,
            13.80796,
            2.2975
          ],
          [
            7.03462,
            8.9347,
            2.2975
          ],
          [
            5.62769,
            1.62456,
            2.2975
          ],
          [
            11.25484,
            11.37109,
            2.2975
          ],
          [
            8.44127,
            6.49782,
            2.2975
          ],
          [
            8.44127,
            1.62456,
            2.2975
          ],
          [
            14.06842,
            11.37109,
            2.2975
          ],
          [
            11.25484,
            6.49782,
            2.2975
          ],
          [
            2.81411,
            1.62456,
            2.2975
          ],
          [
            8.44127,
            11.37109,
            2.2975
          ],
          [
            5.62769,
            6.49782,
            2.2975
          ],
          [
            1.38101,
            0.83147,
            4.56439
          ],
          [
            7.00772,
            10.57842,
            4.56695
          ],
          [
            4.19064,
            5.70831,
            4.55864
          ],
          [
            4.19509,
            0.83129,
            4.56748
          ],
          [
            9.82181,
            10.57911,
            4.56694
          ],
          [
            7.01264,
            5.70437,
            4.56931
          ],
          [
            7.00963,
            0.82936,
            4.56329
          ],
          [
            12.63579,
            10.57958,
            4.56648
          ],
          [
            9.81699,
            5.70448,
            4.5765
          ],
          [
            2.78932,
            3.2691,
            4.56768
          ],
          [
            8.41579,
            13.01365,
            4.56709
          ],
          [
            5.5998,
            8.14284,
            4.56268
          ],
          [
            5.601,
            3.26617,
            4.56427
          ],
          [
            11.22899,
            13.01551,
            4.56714
          ],
          [
            8.41635,
            8.14439,
            4.56712
          ],
          [
            8.41641,
            3.27341,
            4.57294
          ],
          [
            14.04277,
            13.01453,
            4.56732
          ],
          [
            11.22818,
            8.14258,
            4.56525
          ],
          [
            5.57699,
            0.0407,
            6.87557
          ],
          [
            11.20408,
            9.79163,
            6.87387
          ],
          [
            8.39292,
            4.91912,
            6.89465
          ],
          [
            2.76494,
            0.04165,
            6.87486
          ],
          [
            8.39055,
            9.79347,
            6.87701
          ],
          [
            5.56362,
            4.91156,
            6.85546
          ],
          [
            11.20874,
            4.9157,
            6.87509
          ],
          [
            8.39056,
            0.0426,
            6.87268
          ],
          [
            14.01698,
            9.79158,
            6.87431
          ],
          [
            9.80337,
            2.47317,
            6.87049
          ],
          [
            15.4247,
            12.2272,
            6.87365
          ],
          [
            12.61059,
            7.35366,
            6.87238
          ],
          [
            6.97853,
            2.47236,
            6.86782
          ],
          [
            12.61044,
            12.2267,
            6.8733
          ],
          [
            9.79938,
            7.36357,
            6.87501
          ],
          [
            6.98028,
            7.36314,
            6.86666
          ],
          [
            4.16908,
            2.4756,
            6.88076
          ],
          [
            9.79709,
            12.22616,
            6.87422
          ],
          [
            7.29723,
            5.68436,
            9.94152
          ],
          [
            8.0532,
            4.8319,
            9.49655
          ],
          [
            6.04705,
            5.44214,
            10.35822
          ],
          [
            5.83008,
            4.49361,
            10.19629
          ],
          [
            7.54832,
            6.75435,
            10.05002
          ]
        ],
        "Stress": [
          [
            -50.54367,
            -0.539,
            -0.27868
          ],
          [
            -0.539,
            -50.00063,
            0.42261
          ],
          [
            -0.27868,
            0.42261,
            -0.36812
          ]
        ],
        "computation_code": "VASP",
        "pseudopotential_information": [
          [
            "PAW_PBE",
            "Pt",
            "04Feb2005"
          ],
          [
            "PAW_PBE",
            "C",
            "08Apr2002"
          ],
          [
            "PAW_PBE",
            "O",
            "08Apr2002"
          ],
          [
            "PAW_PBE",
            "H",
            "15Jun2001"
          ]
        ]
      }
    ],
    "EnergyStyle": "electronvolt",
    "ForcesStyle": "electronvoltperangstrom",
    "LatticeStyle": "angstrom",
    "PositionsStyle": "angstrom",
    "StressStyle": "kB"
  }
}