{
  "Dataset": {
    "AtomTypeStyle": "chemicalsymbol",
    "Data": [
      {
        "AtomTypes": [
          "Pt",
          "Pt",
          "Pt",
          "Pt",
          "Pt",
          "Pt",
          "Pt",
          "Pt",
          "Pt",
          "Pt",
          "Pt",
          "Pt",
          "Pt",
          "Pt",
          "Pt",
          "Pt",
          "Pt",
          "Pt",
          "Pt",
          "Pt",
          "Pt",
          "Pt",
          "Pt",
          "Pt",
          "Pt",
          "Pt",
          "Pt",
          "Pt",
          "Pt",
          "Pt",
          "Pt",
          "Pt",
          "Pt",
          "Pt",
          "Pt",
          "Pt",
          "Pt",
          "Pt",
          "Pt",
          "Pt",
          "Pt",
          "Pt",
          "Pt",
          "Pt",
          "Pt",
          "Pt",
          "Pt",
          "Pt",
          "Pt",
          "Pt",
          "Pt",
          "Pt",
          "Pt",
          "Pt",
          "Pt",
          "Pt",
          "Pt",
          "Pt",
          "Pt",
          "Pt",
          "Pt",
          "Pt",
          "Pt",
          "Pt",
          "Pt",
          "Pt",
          "Pt",
          "Pt",
          "Pt",
          "Pt",
          "Pt",
          "Pt",
          "C",
          "O",
          "O",
          "H",
          "H"
        ],
        "Energy": -249.95726174,
        "Forces": [
          [
            0.017532,
            -0.016849,
            -0.042368
          ],
          [
            0.020364,
            -0.017837,
            -0.0401
          ],
          [
            0.013601,
            -0.020356,
            -0.041663
          ],
          [
            0.016258,
            -0.023292,
            -0.046574
          ],
          [
            0.015961,
            -0.014788,
            -0.043269
          ],
          [
            0.018798,
            -0.023623,
            -0.035513
          ],
          [
            0.014392,
            -0.026357,
            -0.049618
          ],
          [
            0.012276,
            -0.017808,
            -0.039294
          ],
          [
            0.015751,
            -0.008351,
            -0.090418
          ],
          [
            0.015029,
            -0.009773,
            -0.052276
          ],
          [
            0.018604,
            -0.017344,
            -0.042271
          ],
          [
            0.009387,
            -0.0116,
            -0.051674
          ],
          [
            0.017242,
            -0.008843,
            -0.050242
          ],
          [
            0.020317,
            -0.014499,
            -0.04213
          ],
          [
            0.017182,
            -0.016264,
            -0.053198
          ],
          [
            0.017762,
            -0.02152,
            -0.069544
          ],
          [
            0.01765,
            -0.017633,
            -0.044639
          ],
          [
            0.026234,
            -0.011294,
            -0.049159
          ],
          [
            0.006765,
            0.027139,
            0.051905
          ],
          [
            -0.018961,
            0.00737,
            0.048272
          ],
          [
            -0.024535,
            0.019368,
            0.032462
          ],
          [
            -0.039905,
            0.032905,
            0.073973
          ],
          [
            -0.013988,
            0.006966,
            0.041567
          ],
          [
            -0.028641,
            0.005728,
            0.019194
          ],
          [
            -0.028735,
            0.004997,
            0.037821
          ],
          [
            -0.026683,
            0.019067,
            0.045652
          ],
          [
            -0.009899,
            0.019999,
            0.041388
          ],
          [
            -0.021562,
            0.016705,
            0.043785
          ],
          [
            -0.017508,
            0.019154,
            0.04249
          ],
          [
            -0.012336,
            -0.007442,
            0.075266
          ],
          [
            -0.013733,
            0.059507,
            0.066439
          ],
          [
            -0.018864,
            0.021633,
            0.046939
          ],
          [
            -0.063858,
            0.007167,
            0.063528
          ],
          [
            -0.015584,
            0.020397,
            0.047983
          ],
          [
            -0.015304,
            0.015073,
            0.041714
          ],
          [
            0.002088,
            0.002738,
            0.044995
          ],
          [
            -0.00236,
            -0.001257,
            -0.002462
          ],
          [
            -0.000217,
            0.003659,
            0.00024
          ],
          [
            -0.001,
            -0.002649,
            -0.000283
          ],
          [
            -0.001274,
            0.005596,
            0.004582
          ],
          [
            -0.001134,
            -0.000359,
            -0.002751
          ],
          [
            -0.000389,
            8.9e-05,
            -0.002878
          ],
          [
            0.004615,
            -0.000533,
            -9.4e-05
          ],
          [
            -0.001997,
            -0.001636,
            0.000841
          ],
          [
            0.000792,
            0.000555,
            -0.002712
          ],
          [
            0.000908,
            0.006234,
            -0.003213
          ],
          [
            -9.5e-05,
            0.00074,
            -0.001937
          ],
          [
            0.005849,
            -0.001305,
            0.003769
          ],
          [
            0.003508,
            0.000811,
            0.008785
          ],
          [
            -0.00011,
            0.004575,
            0.003484
          ],
          [
            0.001848,
            -0.000969,
            -0.000373
          ],
          [
            0.001077,
            -0.002888,
            0.004884
          ],
          [
            0.005237,
            -0.002582,
            -0.003548
          ],
          [
            0.001216,
            0.001132,
            0.00038
          ],
          [
            -8.5e-05,
            0.002517,
            -0.004653
          ],
          [
            0.003466,
            -0.002176,
            0.010506
          ],
          [
            -0.00271,
            -0.001901,
            -0.003564
          ],
          [
            0.003847,
            0.003793,
            -0.00483
          ],
          [
            -0.002778,
            -0.001393,
            0.000609
          ],
          [
            0.004137,
            -0.000891,
            0.004614
          ],
          [
            0.00145,
            0.004479,
            -0.003872
          ],
          [
            0.000238,
            0.002995,
            -0.001183
          ],
          [
            0.000541,
            -0.003699,
            0.002601
          ],
          [
            -0.003269,
            -0.0035,
            0.000673
          ],
          [
            -0.00024,
            -0.00349,
            -0.002965
          ],
          [
            -0.000549,
            0.000726,
            0.002715
          ],
          [
            -0.003698,
            0.001955,
            0.008909
          ],
          [
            -0.000922,
            0.000536,
            -0.000187
          ],
          [
            0.002544,
            -0.003609,
            -0.00285
          ],
          [
            0.001284,
            0.002152,
            -0.007706
          ],
          [
            -0.000842,
            -0.001489,
            0.002532
          ],
          [
            0.001933,
            0.001535,
            0.009193
          ],
          [
            -0.024917,
            0.000474,
            -0.003884
          ],
          [
            0.047385,
            -0.02708,
            -0.007243
          ],
          [
            -0.001566,
            0.050335,
            0.023495
          ],
          [
            0.014255,
            -0.031335,
            -0.016958
          ],
          [
            0.000922,
            -0.000584,
            0.005912
          ]
        ],
        "Lattice": [
          [
            8.440733911,
            0.0,
            0.0
          ],
          [
            8.440733911,
            14.619780548,
            0.0
          ],
          [
            0.0,
            0.0,
            21.483230591
          ]
        ],
        "NumAtoms": 77,
        "Positions": [
          [
            4.22079,
            2.43687,
            0.0
          ],
          [
            9.84794,
            12.18339,
            0.0
          ],
          [
            7.03437,
            7.31013,
            0.0
          ],
          [
            7.03437,
            2.43687,
            0.0
          ],
          [
            12.66152,
            12.18339,
            0.0
          ],
          [
            9.84795,
            7.31013,
            0.0
          ],
          [
            1.40721,
            2.43687,
            0.0
          ],
          [
            7.03437,
            12.18339,
            0.0
          ],
          [
            4.22079,
            7.31013,
            0.0
          ],
          [
            2.81385,
            0.0,
            0.0
          ],
          [
            8.44101,
            9.74652,
            0.0
          ],
          [
            5.62743,
            4.87326,
            0.0
          ],
          [
            5.62743,
            0.0,
            0.0
          ],
          [
            11.25459,
            9.74652,
            0.0
          ],
          [
            8.44101,
            4.87326,
            0.0
          ],
          [
            0.00028,
            0.0,
            0.0
          ],
          [
            5.62743,
            9.74652,
            0.0
          ],
          [
            2.81385,
            4.87326,
            0.0
          ],
          [
            7.03462,
            4.06144,
            2.2975
          ],
          [
            12.66177,
            13.80796,
            2.2975
          ],
          [
            9.8482,
            8.9347,
            2.2975
          ],
          [
            9.8482,
            4.06144,
            2.2975
          ],
          [
            15.47535,
            13.80796,
            2.2975
          ],
          [
            12.66177,
            8.9347,
            2.2975
          ],
          [
            4.22104,
            4.06144,
            2.2975
          ],
          [
            9.8482,
            13.80796,
            2.2975
          ],
          [
            7.03462,
            8.9347,
            2.2975
          ],
          [
            5.62769,
            1.62456,
            2.2975
          ],
          [
            11.25484,
            11.37109,
            2.2975
          ],
          [
            8.44127,
            6.49782,
            2.2975
          ],
          [
            8.44127,
            1.62456,
            2.2975
          ],
          [
            14.06842,
            11.37109,
            2.2975
          ],
          [
            11.25484,
            6.49782,
            2.2975
          ],
          [
            2.81411,
            1.62456,
            2.2975
          ],
          [
            8.44127,
            11.37109,
            2.2975
          ],
          [
            5.62769,
            6.49782,
            2.2975
          ],
          [
            1.38406,
            0.82903,
            4.5643
          ],
          [
            7.01125,
            10.57754,
            4.56704
          ],
          [
            4.19305,
            5.70835,
            4.55702
          ],
          [
            4.19787,
            0.82813,
            4.56742
          ],
          [
            9.82513,
            10.57767,
            4.56709
          ],
          [
            7.0157,
            5.70392,
            4.56997
          ],
          [
            7.01258,
            0.82716,
            4.56269
          ],
          [
            12.63921,
            10.57842,
            4.56631
          ],
          [
            9.81859,
            5.70299,
            4.57749
          ],
          [
            2.79149,
            3.26642,
            4.56689
          ],
          [
            8.41853,
            13.01163,
            4.56671
          ],
          [
            5.60224,
            8.14285,
            4.56134
          ],
          [
            5.60267,
            3.26436,
            4.5622
          ],
          [
            11.23211,
            13.01245,
            4.56619
          ],
          [
            8.41887,
            8.14442,
            4.56713
          ],
          [
            8.41825,
            3.27286,
            4.57261
          ],
          [
            14.04584,
            13.01285,
            4.56807
          ],
          [
            11.23076,
            8.142,
            4.56402
          ],
          [
            5.5831,
            0.03724,
            6.87724
          ],
          [
            11.2111,
            9.78965,
            6.87308
          ],
          [
            8.39928,
            4.91815,
            6.89521
          ],
          [
            2.77113,
            0.037,
            6.87543
          ],
          [
            8.39762,
            9.79224,
            6.87794
          ],
          [
            5.56727,
            4.90794,
            6.85238
          ],
          [
            11.21605,
            4.91172,
            6.87297
          ],
          [
            8.39723,
            0.0396,
            6.87279
          ],
          [
            14.02357,
            9.79044,
            6.87448
          ],
          [
            9.81019,
            2.46917,
            6.86818
          ],
          [
            15.43232,
            12.22465,
            6.87552
          ],
          [
            12.61735,
            7.3515,
            6.87098
          ],
          [
            6.98315,
            2.46733,
            6.86379
          ],
          [
            12.61798,
            12.22343,
            6.8742
          ],
          [
            9.80628,
            7.36378,
            6.8735
          ],
          [
            6.98483,
            7.36325,
            6.86621
          ],
          [
            4.17621,
            2.47106,
            6.88
          ],
          [
            9.80409,
            12.22372,
            6.87362
          ],
          [
            7.34474,
            5.68761,
            9.92062
          ],
          [
            8.09548,
            4.85998,
            9.42091
          ],
          [
            6.11235,
            5.41466,
            10.36286
          ],
          [
            5.89656,
            4.47334,
            10.16325
          ],
          [
            7.58986,
            6.756,
            10.06435
          ]
        ],
        "Stress": [
          [
            -50.38081,
            -0.55161,
            -0.31805
          ],
          [
            -0.55161,
            -49.87741,
            0.43288
          ],
          [
            -0.31805,
            0.43288,
            -0.23155
          ]
        ],
        "computation_code": "VASP",
        "pseudopotential_information": [
          [
            "PAW_PBE",
            "Pt",
            "04Feb2005"
          ],
          [
            "PAW_PBE",
            "C",
            "08Apr2002"
          ],
          [
            "PAW_PBE",
            "O",
            "08Apr2002"
          ],
          [
            "PAW_PBE",
            "H",
            "15Jun2001"
          ]
        ]
      }
    ],
    "EnergyStyle": "electronvolt",
    "ForcesStyle": "electronvoltperangstrom",
    "LatticeStyle": "angstrom",
    "PositionsStyle": "angstrom",
    "StressStyle": "kB"
  }
}