{
  "Dataset": {
    "AtomTypeStyle": "chemicalsymbol",
    "Data": [
      {
        "AtomTypes": [
          "Pt",
          "Pt",
          "Pt",
          "Pt",
          "Pt",
          "Pt",
          "Pt",
          "Pt",
          "Pt",
          "Pt",
          "Pt",
          "Pt",
          "Pt",
          "Pt",
          "Pt",
          "Pt",
          "Pt",
          "Pt",
          "Pt",
          "Pt",
          "Pt",
          "Pt",
          "Pt",
          "Pt",
          "Pt",
          "Pt",
          "Pt",
          "Pt",
          "Pt",
          "Pt",
          "Pt",
          "Pt",
          "Pt",
          "Pt",
          "Pt",
          "Pt",
          "Pt",
          "Pt",
          "Pt",
          "Pt",
          "Pt",
          "Pt",
          "Pt",
          "Pt",
          "Pt",
          "Pt",
          "Pt",
          "Pt",
          "Pt",
          "Pt",
          "Pt",
          "Pt",
          "Pt",
          "Pt",
          "Pt",
          "Pt",
          "Pt",
          "Pt",
          "Pt",
          "Pt",
          "Pt",
          "Pt",
          "Pt",
          "Pt",
          "Pt",
          "Pt",
          "Pt",
          "Pt",
          "Pt",
          "Pt",
          "Pt",
          "Pt",
          "C",
          "O",
          "O",
          "H",
          "H"
        ],
        "Energy": -249.9574985,
        "Forces": [
          [
            0.017857,
            -0.017153,
            -0.04208
          ],
          [
            0.020289,
            -0.017933,
            -0.040239
          ],
          [
            0.014043,
            -0.020071,
            -0.041776
          ],
          [
            0.01643,
            -0.023216,
            -0.045443
          ],
          [
            0.015829,
            -0.015011,
            -0.043461
          ],
          [
            0.019068,
            -0.023863,
            -0.035809
          ],
          [
            0.014816,
            -0.02651,
            -0.049152
          ],
          [
            0.012409,
            -0.01776,
            -0.03969
          ],
          [
            0.016099,
            -0.008723,
            -0.089836
          ],
          [
            0.015414,
            -0.010297,
            -0.052232
          ],
          [
            0.018649,
            -0.017302,
            -0.042384
          ],
          [
            0.00966,
            -0.011667,
            -0.051566
          ],
          [
            0.017147,
            -0.009379,
            -0.050999
          ],
          [
            0.020051,
            -0.014779,
            -0.042124
          ],
          [
            0.017968,
            -0.016056,
            -0.053207
          ],
          [
            0.017496,
            -0.022038,
            -0.069313
          ],
          [
            0.017677,
            -0.017274,
            -0.044034
          ],
          [
            0.026614,
            -0.011067,
            -0.050011
          ],
          [
            0.005971,
            0.025086,
            0.055042
          ],
          [
            -0.01959,
            0.007624,
            0.04917
          ],
          [
            -0.023031,
            0.020744,
            0.034954
          ],
          [
            -0.041016,
            0.032404,
            0.074527
          ],
          [
            -0.012123,
            0.007173,
            0.04091
          ],
          [
            -0.028303,
            0.006851,
            0.024463
          ],
          [
            -0.027187,
            0.004755,
            0.040533
          ],
          [
            -0.025994,
            0.018126,
            0.047405
          ],
          [
            -0.010328,
            0.02037,
            0.042846
          ],
          [
            -0.020825,
            0.018948,
            0.04604
          ],
          [
            -0.016783,
            0.020214,
            0.048331
          ],
          [
            -0.012202,
            -0.007198,
            0.072753
          ],
          [
            -0.014399,
            0.061192,
            0.06767
          ],
          [
            -0.019148,
            0.020027,
            0.048621
          ],
          [
            -0.063001,
            0.008035,
            0.064557
          ],
          [
            -0.015542,
            0.021849,
            0.048626
          ],
          [
            -0.014556,
            0.015133,
            0.04371
          ],
          [
            0.000332,
            0.003464,
            0.045281
          ],
          [
            -0.000429,
            -0.000332,
            -0.00078
          ],
          [
            -0.001704,
            0.001351,
            -0.001087
          ],
          [
            -8.7e-05,
            -0.000379,
            -0.00257
          ],
          [
            -0.000679,
            0.001779,
            0.002762
          ],
          [
            0.000772,
            -0.000744,
            -0.003151
          ],
          [
            0.000549,
            -0.001004,
            -0.000165
          ],
          [
            0.002966,
            -6.3e-05,
            0.000501
          ],
          [
            -0.001936,
            -0.002663,
            -0.002908
          ],
          [
            -0.000636,
            -0.000865,
            -0.002405
          ],
          [
            0.000594,
            0.002575,
            -0.003156
          ],
          [
            -0.001975,
            0.00161,
            -0.005146
          ],
          [
            0.002315,
            0.000502,
            -0.000434
          ],
          [
            0.002256,
            -0.000364,
            0.004269
          ],
          [
            0.000735,
            0.001508,
            -0.002279
          ],
          [
            -0.000959,
            0.001205,
            -0.001507
          ],
          [
            -0.001231,
            -0.00359,
            0.001146
          ],
          [
            0.001881,
            -0.001034,
            -0.004392
          ],
          [
            0.001447,
            0.002799,
            -0.001571
          ],
          [
            0.000898,
            0.004754,
            -0.000604
          ],
          [
            0.002,
            -0.001151,
            0.005498
          ],
          [
            -0.002316,
            -0.002617,
            -0.002051
          ],
          [
            0.001779,
            0.002958,
            -0.002136
          ],
          [
            -0.001874,
            0.001019,
            0.000205
          ],
          [
            0.004053,
            -0.002088,
            0.003228
          ],
          [
            0.000519,
            0.002064,
            -0.000982
          ],
          [
            0.001349,
            0.002443,
            -6.3e-05
          ],
          [
            0.000294,
            -0.000838,
            -0.000216
          ],
          [
            -0.001153,
            -0.001503,
            0.000469
          ],
          [
            0.001449,
            -0.004478,
            0.00067
          ],
          [
            -0.000207,
            -0.000235,
            0.000495
          ],
          [
            -0.002377,
            0.002116,
            0.001766
          ],
          [
            -0.000686,
            -0.001493,
            0.001684
          ],
          [
            0.001766,
            -0.001585,
            0.000581
          ],
          [
            -0.000989,
            0.001292,
            -0.001337
          ],
          [
            0.00397,
            -0.000218,
            0.000696
          ],
          [
            0.000504,
            -0.00106,
            0.004224
          ],
          [
            0.006376,
            0.034368,
            0.008574
          ],
          [
            0.00127,
            -0.003851,
            0.010005
          ],
          [
            0.016592,
            -0.037576,
            -0.016202
          ],
          [
            0.0102,
            0.023276,
            0.00189
          ],
          [
            0.002913,
            -0.022586,
            -0.005604
          ]
        ],
        "Lattice": [
          [
            8.440733911,
            0.0,
            0.0
          ],
          [
            8.440733911,
            14.619780548,
            0.0
          ],
          [
            0.0,
            0.0,
            21.483230591
          ]
        ],
        "NumAtoms": 77,
        "Positions": [
          [
            4.22079,
            2.43687,
            0.0
          ],
          [
            9.84794,
            12.18339,
            0.0
          ],
          [
            7.03437,
            7.31013,
            0.0
          ],
          [
            7.03437,
            2.43687,
            0.0
          ],
          [
            12.66152,
            12.18339,
            0.0
          ],
          [
            9.84795,
            7.31013,
            0.0
          ],
          [
            1.40721,
            2.43687,
            0.0
          ],
          [
            7.03437,
            12.18339,
            0.0
          ],
          [
            4.22079,
            7.31013,
            0.0
          ],
          [
            2.81385,
            0.0,
            0.0
          ],
          [
            8.44101,
            9.74652,
            0.0
          ],
          [
            5.62743,
            4.87326,
            0.0
          ],
          [
            5.62743,
            0.0,
            0.0
          ],
          [
            11.25459,
            9.74652,
            0.0
          ],
          [
            8.44101,
            4.87326,
            0.0
          ],
          [
            0.00028,
            0.0,
            0.0
          ],
          [
            5.62743,
            9.74652,
            0.0
          ],
          [
            2.81385,
            4.87326,
            0.0
          ],
          [
            7.03462,
            4.06144,
            2.2975
          ],
          [
            12.66177,
            13.80796,
            2.2975
          ],
          [
            9.8482,
            8.9347,
            2.2975
          ],
          [
            9.8482,
            4.06144,
            2.2975
          ],
          [
            15.47535,
            13.80796,
            2.2975
          ],
          [
            12.66177,
            8.9347,
            2.2975
          ],
          [
            4.22104,
            4.06144,
            2.2975
          ],
          [
            9.8482,
            13.80796,
            2.2975
          ],
          [
            7.03462,
            8.9347,
            2.2975
          ],
          [
            5.62769,
            1.62456,
            2.2975
          ],
          [
            11.25484,
            11.37109,
            2.2975
          ],
          [
            8.44127,
            6.49782,
            2.2975
          ],
          [
            8.44127,
            1.62456,
            2.2975
          ],
          [
            14.06842,
            11.37109,
            2.2975
          ],
          [
            11.25484,
            6.49782,
            2.2975
          ],
          [
            2.81411,
            1.62456,
            2.2975
          ],
          [
            8.44127,
            11.37109,
            2.2975
          ],
          [
            5.62769,
            6.49782,
            2.2975
          ],
          [
            1.38348,
            0.82951,
            4.56405
          ],
          [
            7.01144,
            10.57733,
            4.56731
          ],
          [
            4.19268,
            5.70844,
            4.55744
          ],
          [
            4.19763,
            0.8292,
            4.56719
          ],
          [
            9.82533,
            10.578,
            4.56771
          ],
          [
            7.01515,
            5.70389,
            4.56953
          ],
          [
            7.01244,
            0.82759,
            4.56272
          ],
          [
            12.63913,
            10.57855,
            4.56711
          ],
          [
            9.81833,
            5.70317,
            4.5773
          ],
          [
            2.79087,
            3.2672,
            4.56709
          ],
          [
            8.41892,
            13.01154,
            4.5671
          ],
          [
            5.60236,
            8.14274,
            4.56175
          ],
          [
            5.6023,
            3.2647,
            4.5634
          ],
          [
            11.23199,
            13.01328,
            4.56685
          ],
          [
            8.41928,
            8.14433,
            4.56691
          ],
          [
            8.41766,
            3.27298,
            4.57342
          ],
          [
            14.04615,
            13.01279,
            4.56753
          ],
          [
            11.23091,
            8.14229,
            4.56456
          ],
          [
            5.5817,
            0.03731,
            6.87593
          ],
          [
            11.21088,
            9.78977,
            6.87488
          ],
          [
            8.39766,
            4.91819,
            6.89508
          ],
          [
            2.77014,
            0.03791,
            6.87483
          ],
          [
            8.39748,
            9.79191,
            6.87823
          ],
          [
            5.56607,
            4.90846,
            6.85317
          ],
          [
            11.2147,
            4.91233,
            6.87312
          ],
          [
            8.39579,
            0.03978,
            6.8725
          ],
          [
            14.02318,
            9.79006,
            6.8752
          ],
          [
            9.80814,
            2.46929,
            6.86878
          ],
          [
            15.43173,
            12.2246,
            6.87476
          ],
          [
            12.61691,
            7.35183,
            6.87166
          ],
          [
            6.98122,
            2.4676,
            6.86576
          ],
          [
            12.61737,
            12.22383,
            6.87397
          ],
          [
            9.80601,
            7.3634,
            6.8733
          ],
          [
            6.98493,
            7.3633,
            6.8653
          ],
          [
            4.1739,
            2.4717,
            6.88072
          ],
          [
            9.80381,
            12.22405,
            6.87482
          ],
          [
            7.33565,
            5.68738,
            9.92167
          ],
          [
            8.08615,
            4.85751,
            9.42431
          ],
          [
            6.10245,
            5.41946,
            10.36606
          ],
          [
            5.88698,
            4.47632,
            10.1677
          ],
          [
            7.58236,
            6.75639,
            10.06436
          ]
        ],
        "Stress": [
          [
            -50.44487,
            -0.52578,
            -0.29312
          ],
          [
            -0.52578,
            -49.96078,
            0.40714
          ],
          [
            -0.29312,
            0.40714,
            -0.28217
          ]
        ],
        "computation_code": "VASP",
        "pseudopotential_information": [
          [
            "PAW_PBE",
            "Pt",
            "04Feb2005"
          ],
          [
            "PAW_PBE",
            "C",
            "08Apr2002"
          ],
          [
            "PAW_PBE",
            "O",
            "08Apr2002"
          ],
          [
            "PAW_PBE",
            "H",
            "15Jun2001"
          ]
        ]
      }
    ],
    "EnergyStyle": "electronvolt",
    "ForcesStyle": "electronvoltperangstrom",
    "LatticeStyle": "angstrom",
    "PositionsStyle": "angstrom",
    "StressStyle": "kB"
  }
}