{
  "Dataset": {
    "AtomTypeStyle": "chemicalsymbol",
    "Data": [
      {
        "AtomTypes": [
          "Pt",
          "Pt",
          "Pt",
          "Pt",
          "Pt",
          "Pt",
          "Pt",
          "Pt",
          "Pt",
          "Pt",
          "Pt",
          "Pt",
          "Pt",
          "Pt",
          "Pt",
          "Pt",
          "Pt",
          "Pt",
          "Pt",
          "Pt",
          "Pt",
          "Pt",
          "Pt",
          "Pt",
          "Pt",
          "Pt",
          "Pt",
          "Pt",
          "Pt",
          "Pt",
          "Pt",
          "Pt",
          "Pt",
          "Pt",
          "Pt",
          "Pt",
          "Pt",
          "Pt",
          "Pt",
          "Pt",
          "Pt",
          "Pt",
          "Pt",
          "Pt",
          "Pt",
          "Pt",
          "Pt",
          "Pt",
          "Pt",
          "Pt",
          "Pt",
          "Pt",
          "Pt",
          "Pt",
          "Pt",
          "Pt",
          "Pt",
          "Pt",
          "Pt",
          "Pt",
          "Pt",
          "Pt",
          "Pt",
          "Pt",
          "Pt",
          "Pt",
          "Pt",
          "Pt",
          "Pt",
          "Pt",
          "Pt",
          "Pt",
          "C",
          "O",
          "O",
          "H",
          "H"
        ],
        "Energy": -249.95876454,
        "Forces": [
          [
            0.014474,
            -0.01572,
            -0.04199
          ],
          [
            0.019985,
            -0.016448,
            -0.038213
          ],
          [
            0.010982,
            -0.021786,
            -0.040594
          ],
          [
            0.012975,
            -0.022779,
            -0.045463
          ],
          [
            0.015858,
            -0.01442,
            -0.042728
          ],
          [
            0.014817,
            -0.023448,
            -0.036789
          ],
          [
            0.01133,
            -0.024825,
            -0.049367
          ],
          [
            0.012106,
            -0.017966,
            -0.039462
          ],
          [
            0.012205,
            -0.008032,
            -0.091992
          ],
          [
            0.014341,
            -0.008033,
            -0.051796
          ],
          [
            0.017563,
            -0.017372,
            -0.041755
          ],
          [
            0.004242,
            -0.01127,
            -0.051664
          ],
          [
            0.016153,
            -0.008532,
            -0.051835
          ],
          [
            0.018421,
            -0.014469,
            -0.04079
          ],
          [
            0.014186,
            -0.015488,
            -0.054878
          ],
          [
            0.015684,
            -0.021229,
            -0.070231
          ],
          [
            0.016044,
            -0.01752,
            -0.043376
          ],
          [
            0.022701,
            -0.010181,
            -0.051357
          ],
          [
            0.012209,
            0.021688,
            0.055637
          ],
          [
            -0.018822,
            0.006778,
            0.046541
          ],
          [
            -0.019632,
            0.022123,
            0.028945
          ],
          [
            -0.035348,
            0.02795,
            0.06349
          ],
          [
            -0.010378,
            0.005722,
            0.03999
          ],
          [
            -0.023913,
            0.006068,
            0.01884
          ],
          [
            -0.015356,
            0.001072,
            0.03648
          ],
          [
            -0.02601,
            0.012122,
            0.044176
          ],
          [
            -0.007366,
            0.02316,
            0.037938
          ],
          [
            -0.014913,
            0.017769,
            0.047755
          ],
          [
            -0.017045,
            0.019449,
            0.046331
          ],
          [
            -0.009858,
            -0.007494,
            0.064975
          ],
          [
            -0.011805,
            0.059192,
            0.06593
          ],
          [
            -0.020338,
            0.02097,
            0.046157
          ],
          [
            -0.052139,
            0.006836,
            0.05093
          ],
          [
            -0.008142,
            0.017569,
            0.041013
          ],
          [
            -0.013973,
            0.015768,
            0.044123
          ],
          [
            0.009647,
            0.001577,
            0.0447
          ],
          [
            -0.002811,
            8.7e-05,
            0.00463
          ],
          [
            0.006673,
            0.001986,
            0.000537
          ],
          [
            -0.003619,
            0.000592,
            0.00257
          ],
          [
            -0.003907,
            -0.000882,
            0.004131
          ],
          [
            0.002239,
            0.002127,
            -0.003963
          ],
          [
            0.000465,
            0.004701,
            0.005484
          ],
          [
            0.001773,
            -0.000356,
            -9.9e-05
          ],
          [
            0.00448,
            0.002731,
            -0.001673
          ],
          [
            0.003568,
            -0.00028,
            0.003854
          ],
          [
            -0.00302,
            0.005312,
            0.00266
          ],
          [
            -0.00087,
            -0.000834,
            -0.005603
          ],
          [
            0.004299,
            -0.001018,
            0.003627
          ],
          [
            -0.004283,
            0.001901,
            0.001102
          ],
          [
            0.001573,
            -0.001176,
            -0.002439
          ],
          [
            0.001862,
            -0.003332,
            0.002398
          ],
          [
            -0.003304,
            0.00054,
            0.000622
          ],
          [
            0.007178,
            -0.002101,
            -0.00054
          ],
          [
            0.002812,
            0.001125,
            0.003034
          ],
          [
            -0.008157,
            0.004093,
            -0.003245
          ],
          [
            0.004192,
            0.000325,
            0.003796
          ],
          [
            -0.003182,
            -0.003227,
            0.000782
          ],
          [
            -0.005475,
            -0.002286,
            -0.001877
          ],
          [
            0.003777,
            -0.000424,
            0.003177
          ],
          [
            -0.00345,
            -0.000619,
            0.003242
          ],
          [
            -0.003125,
            0.003001,
            0.009332
          ],
          [
            -0.001236,
            -0.000146,
            0.000519
          ],
          [
            0.005884,
            0.001384,
            -0.000375
          ],
          [
            -0.008783,
            0.004101,
            0.005589
          ],
          [
            0.000996,
            -0.004809,
            -0.002119
          ],
          [
            0.002948,
            0.002169,
            0.001425
          ],
          [
            -0.008534,
            0.000204,
            -0.00171
          ],
          [
            0.002957,
            0.001098,
            0.001746
          ],
          [
            0.003539,
            -0.00143,
            0.001281
          ],
          [
            0.001557,
            -0.001211,
            0.000629
          ],
          [
            0.001162,
            -0.001281,
            0.000342
          ],
          [
            0.001685,
            0.003931,
            -0.0019
          ],
          [
            -0.029335,
            -0.017665,
            0.020117
          ],
          [
            0.037049,
            -0.017952,
            -0.020845
          ],
          [
            0.000227,
            0.014373,
            0.00177
          ],
          [
            0.000354,
            -0.008774,
            0.005086
          ],
          [
            0.008957,
            0.025222,
            0.013233
          ]
        ],
        "Lattice": [
          [
            8.440733911,
            0.0,
            0.0
          ],
          [
            8.440733911,
            14.619780548,
            0.0
          ],
          [
            0.0,
            0.0,
            21.483230591
          ]
        ],
        "NumAtoms": 77,
        "Positions": [
          [
            4.22079,
            2.43687,
            0.0
          ],
          [
            9.84794,
            12.18339,
            0.0
          ],
          [
            7.03437,
            7.31013,
            0.0
          ],
          [
            7.03437,
            2.43687,
            0.0
          ],
          [
            12.66152,
            12.18339,
            0.0
          ],
          [
            9.84795,
            7.31013,
            0.0
          ],
          [
            1.40721,
            2.43687,
            0.0
          ],
          [
            7.03437,
            12.18339,
            0.0
          ],
          [
            4.22079,
            7.31013,
            0.0
          ],
          [
            2.81385,
            0.0,
            0.0
          ],
          [
            8.44101,
            9.74652,
            0.0
          ],
          [
            5.62743,
            4.87326,
            0.0
          ],
          [
            5.62743,
            0.0,
            0.0
          ],
          [
            11.25459,
            9.74652,
            0.0
          ],
          [
            8.44101,
            4.87326,
            0.0
          ],
          [
            0.00028,
            0.0,
            0.0
          ],
          [
            5.62743,
            9.74652,
            0.0
          ],
          [
            2.81385,
            4.87326,
            0.0
          ],
          [
            7.03462,
            4.06144,
            2.2975
          ],
          [
            12.66177,
            13.80796,
            2.2975
          ],
          [
            9.8482,
            8.9347,
            2.2975
          ],
          [
            9.8482,
            4.06144,
            2.2975
          ],
          [
            15.47535,
            13.80796,
            2.2975
          ],
          [
            12.66177,
            8.9347,
            2.2975
          ],
          [
            4.22104,
            4.06144,
            2.2975
          ],
          [
            9.8482,
            13.80796,
            2.2975
          ],
          [
            7.03462,
            8.9347,
            2.2975
          ],
          [
            5.62769,
            1.62456,
            2.2975
          ],
          [
            11.25484,
            11.37109,
            2.2975
          ],
          [
            8.44127,
            6.49782,
            2.2975
          ],
          [
            8.44127,
            1.62456,
            2.2975
          ],
          [
            14.06842,
            11.37109,
            2.2975
          ],
          [
            11.25484,
            6.49782,
            2.2975
          ],
          [
            2.81411,
            1.62456,
            2.2975
          ],
          [
            8.44127,
            11.37109,
            2.2975
          ],
          [
            5.62769,
            6.49782,
            2.2975
          ],
          [
            1.38889,
            0.82673,
            4.56258
          ],
          [
            7.01138,
            10.57759,
            4.56703
          ],
          [
            4.19999,
            5.70707,
            4.55606
          ],
          [
            4.20349,
            0.828,
            4.5672
          ],
          [
            9.82615,
            10.57725,
            4.56772
          ],
          [
            7.02107,
            5.70211,
            4.5693
          ],
          [
            7.01775,
            0.82665,
            4.56327
          ],
          [
            12.63965,
            10.57739,
            4.56695
          ],
          [
            9.82379,
            5.7021,
            4.5736
          ],
          [
            2.7981,
            3.26466,
            4.56515
          ],
          [
            8.42081,
            13.01083,
            4.56771
          ],
          [
            5.60539,
            8.14251,
            4.56085
          ],
          [
            5.60983,
            3.26319,
            4.56437
          ],
          [
            11.2341,
            13.01172,
            4.56696
          ],
          [
            8.4214,
            8.14474,
            4.56565
          ],
          [
            8.42444,
            3.27052,
            4.57291
          ],
          [
            14.04777,
            13.01235,
            4.56747
          ],
          [
            11.2342,
            8.14159,
            4.56286
          ],
          [
            5.59478,
            0.03537,
            6.87691
          ],
          [
            11.21489,
            9.78775,
            6.87435
          ],
          [
            8.41178,
            4.915,
            6.89142
          ],
          [
            2.7828,
            0.03537,
            6.87411
          ],
          [
            8.40101,
            9.79081,
            6.87736
          ],
          [
            5.57953,
            4.90594,
            6.85426
          ],
          [
            11.22797,
            4.90977,
            6.86687
          ],
          [
            8.40759,
            0.03772,
            6.87352
          ],
          [
            14.02707,
            9.78772,
            6.87507
          ],
          [
            9.82329,
            2.46452,
            6.86572
          ],
          [
            15.43809,
            12.2229,
            6.8753
          ],
          [
            12.62373,
            7.34961,
            6.86999
          ],
          [
            6.99587,
            2.46523,
            6.86778
          ],
          [
            12.62378,
            12.22112,
            6.87413
          ],
          [
            9.8133,
            7.36257,
            6.86904
          ],
          [
            6.99182,
            7.36166,
            6.86389
          ],
          [
            4.18809,
            2.4693,
            6.88035
          ],
          [
            9.81031,
            12.22157,
            6.87608
          ],
          [
            7.43828,
            5.68159,
            9.90722
          ],
          [
            8.20661,
            4.87353,
            9.40033
          ],
          [
            6.209,
            5.38045,
            10.33781
          ],
          [
            6.01181,
            4.44004,
            10.11172
          ],
          [
            7.66578,
            6.75023,
            10.06933
          ]
        ],
        "Stress": [
          [
            -50.28376,
            -0.53183,
            -0.39208
          ],
          [
            -0.53183,
            -49.78897,
            0.44552
          ],
          [
            -0.39208,
            0.44552,
            -0.13471
          ]
        ],
        "computation_code": "VASP",
        "pseudopotential_information": [
          [
            "PAW_PBE",
            "Pt",
            "04Feb2005"
          ],
          [
            "PAW_PBE",
            "C",
            "08Apr2002"
          ],
          [
            "PAW_PBE",
            "O",
            "08Apr2002"
          ],
          [
            "PAW_PBE",
            "H",
            "15Jun2001"
          ]
        ]
      }
    ],
    "EnergyStyle": "electronvolt",
    "ForcesStyle": "electronvoltperangstrom",
    "LatticeStyle": "angstrom",
    "PositionsStyle": "angstrom",
    "StressStyle": "kB"
  }
}