{
  "Dataset": {
    "AtomTypeStyle": "chemicalsymbol",
    "Data": [
      {
        "AtomTypes": [
          "Pt",
          "Pt",
          "Pt",
          "Pt",
          "Pt",
          "Pt",
          "Pt",
          "Pt",
          "Pt",
          "Pt",
          "Pt",
          "Pt",
          "Pt",
          "Pt",
          "Pt",
          "Pt",
          "Pt",
          "Pt",
          "Pt",
          "Pt",
          "Pt",
          "Pt",
          "Pt",
          "Pt",
          "Pt",
          "Pt",
          "Pt",
          "Pt",
          "Pt",
          "Pt",
          "Pt",
          "Pt",
          "Pt",
          "Pt",
          "Pt",
          "Pt",
          "Pt",
          "Pt",
          "Pt",
          "Pt",
          "Pt",
          "Pt",
          "Pt",
          "Pt",
          "Pt",
          "Pt",
          "Pt",
          "Pt",
          "Pt",
          "Pt",
          "Pt",
          "Pt",
          "Pt",
          "Pt",
          "Pt",
          "Pt",
          "Pt",
          "Pt",
          "Pt",
          "Pt",
          "Pt",
          "Pt",
          "Pt",
          "Pt",
          "Pt",
          "Pt",
          "Pt",
          "Pt",
          "Pt",
          "Pt",
          "Pt",
          "Pt",
          "C",
          "O",
          "O",
          "H",
          "H"
        ],
        "Energy": -249.92892404,
        "Forces": [
          [
            0.014963,
            -0.016449,
            -0.045371
          ],
          [
            0.016248,
            -0.01776,
            -0.044619
          ],
          [
            0.013611,
            -0.0173,
            -0.044084
          ],
          [
            0.012846,
            -0.018352,
            -0.046145
          ],
          [
            0.0149,
            -0.01596,
            -0.045719
          ],
          [
            0.014936,
            -0.019684,
            -0.042893
          ],
          [
            0.015205,
            -0.019625,
            -0.047794
          ],
          [
            0.012812,
            -0.018403,
            -0.046015
          ],
          [
            0.013472,
            -0.016009,
            -0.062978
          ],
          [
            0.016135,
            -0.012278,
            -0.050018
          ],
          [
            0.01607,
            -0.014851,
            -0.044991
          ],
          [
            0.013155,
            -0.013322,
            -0.049394
          ],
          [
            0.014723,
            -0.01044,
            -0.048766
          ],
          [
            0.015012,
            -0.013302,
            -0.04459
          ],
          [
            0.015416,
            -0.014077,
            -0.048709
          ],
          [
            0.014734,
            -0.01533,
            -0.05586
          ],
          [
            0.017001,
            -0.013635,
            -0.046379
          ],
          [
            0.018938,
            -0.012646,
            -0.050089
          ],
          [
            -0.002289,
            0.016091,
            0.050146
          ],
          [
            -0.017034,
            0.004824,
            0.049231
          ],
          [
            -0.015853,
            0.015907,
            0.04797
          ],
          [
            -0.026456,
            0.019761,
            0.060586
          ],
          [
            -0.015355,
            0.011327,
            0.048306
          ],
          [
            -0.020496,
            0.012528,
            0.039087
          ],
          [
            -0.020021,
            0.008238,
            0.048968
          ],
          [
            -0.018172,
            0.011953,
            0.050295
          ],
          [
            -0.011628,
            0.014808,
            0.04831
          ],
          [
            -0.012044,
            0.015118,
            0.053421
          ],
          [
            -0.01289,
            0.016296,
            0.052024
          ],
          [
            -0.009796,
            0.005892,
            0.060933
          ],
          [
            -0.015016,
            0.0327,
            0.060707
          ],
          [
            -0.017151,
            0.016606,
            0.049768
          ],
          [
            -0.037969,
            0.013522,
            0.063325
          ],
          [
            -0.014952,
            0.020382,
            0.049851
          ],
          [
            -0.012057,
            0.012738,
            0.045752
          ],
          [
            -0.004047,
            0.009334,
            0.051665
          ],
          [
            0.000404,
            0.001661,
            0.000705
          ],
          [
            0.000502,
            0.002427,
            0.002075
          ],
          [
            -0.001158,
            -0.00117,
            -0.000382
          ],
          [
            0.00151,
            0.000682,
            0.005852
          ],
          [
            -0.000551,
            0.000117,
            -0.000332
          ],
          [
            -0.000501,
            0.001051,
            -0.000329
          ],
          [
            -0.002833,
            -0.004728,
            -0.005158
          ],
          [
            -0.000466,
            -0.001025,
            0.000591
          ],
          [
            -0.001517,
            8.1e-05,
            -0.000435
          ],
          [
            -0.00238,
            -0.001429,
            -0.000479
          ],
          [
            0.001354,
            0.002852,
            0.001977
          ],
          [
            -0.000193,
            -0.001813,
            0.001318
          ],
          [
            -0.000748,
            0.00285,
            0.009285
          ],
          [
            0.000144,
            0.001373,
            0.000504
          ],
          [
            -2.7e-05,
            -0.000668,
            0.000515
          ],
          [
            0.004321,
            0.003077,
            -0.000664
          ],
          [
            -5.8e-05,
            0.002615,
            0.001503
          ],
          [
            0.000944,
            -0.004145,
            0.001575
          ],
          [
            -0.001048,
            -0.00131,
            0.002596
          ],
          [
            0.000192,
            0.000523,
            -0.004476
          ],
          [
            0.000754,
            0.003039,
            0.001922
          ],
          [
            5e-05,
            -9.9e-05,
            0.002847
          ],
          [
            -0.001645,
            -3.3e-05,
            -0.001191
          ],
          [
            -0.002508,
            0.000436,
            -4.7e-05
          ],
          [
            -0.001658,
            0.001896,
            0.002818
          ],
          [
            0.001693,
            -0.002132,
            0.003831
          ],
          [
            0.001575,
            0.000413,
            -0.004094
          ],
          [
            0.001954,
            0.002097,
            0.002889
          ],
          [
            0.000968,
            0.00463,
            -0.000283
          ],
          [
            -0.002214,
            0.001266,
            -0.0011
          ],
          [
            0.002831,
            -0.003188,
            -0.015043
          ],
          [
            0.001445,
            0.003507,
            -0.002042
          ],
          [
            0.000886,
            -0.000802,
            -0.000933
          ],
          [
            0.001265,
            -0.000242,
            0.00084
          ],
          [
            -0.010126,
            0.00076,
            0.00132
          ],
          [
            -0.000353,
            0.000162,
            -0.003688
          ],
          [
            0.040806,
            0.052671,
            -0.01786
          ],
          [
            0.033925,
            0.014658,
            -0.076037
          ],
          [
            0.039828,
            0.062537,
            0.018637
          ],
          [
            -0.059395,
            -0.071241,
            -0.007649
          ],
          [
            -0.034925,
            -0.051957,
            0.012692
          ]
        ],
        "Lattice": [
          [
            8.440733911,
            0.0,
            0.0
          ],
          [
            8.440733911,
            14.619780548,
            0.0
          ],
          [
            0.0,
            0.0,
            21.483230591
          ]
        ],
        "NumAtoms": 77,
        "Positions": [
          [
            4.22079,
            2.43687,
            0.0
          ],
          [
            9.84794,
            12.18339,
            0.0
          ],
          [
            7.03437,
            7.31013,
            0.0
          ],
          [
            7.03437,
            2.43687,
            0.0
          ],
          [
            12.66152,
            12.18339,
            0.0
          ],
          [
            9.84795,
            7.31013,
            0.0
          ],
          [
            1.40721,
            2.43687,
            0.0
          ],
          [
            7.03437,
            12.18339,
            0.0
          ],
          [
            4.22079,
            7.31013,
            0.0
          ],
          [
            2.81385,
            0.0,
            0.0
          ],
          [
            8.44101,
            9.74652,
            0.0
          ],
          [
            5.62743,
            4.87326,
            0.0
          ],
          [
            5.62743,
            0.0,
            0.0
          ],
          [
            11.25459,
            9.74652,
            0.0
          ],
          [
            8.44101,
            4.87326,
            0.0
          ],
          [
            0.00028,
            0.0,
            0.0
          ],
          [
            5.62743,
            9.74652,
            0.0
          ],
          [
            2.81385,
            4.87326,
            0.0
          ],
          [
            7.03462,
            4.06144,
            2.2975
          ],
          [
            12.66177,
            13.80796,
            2.2975
          ],
          [
            9.8482,
            8.9347,
            2.2975
          ],
          [
            9.8482,
            4.06144,
            2.2975
          ],
          [
            15.47535,
            13.80796,
            2.2975
          ],
          [
            12.66177,
            8.9347,
            2.2975
          ],
          [
            4.22104,
            4.06144,
            2.2975
          ],
          [
            9.8482,
            13.80796,
            2.2975
          ],
          [
            7.03462,
            8.9347,
            2.2975
          ],
          [
            5.62769,
            1.62456,
            2.2975
          ],
          [
            11.25484,
            11.37109,
            2.2975
          ],
          [
            8.44127,
            6.49782,
            2.2975
          ],
          [
            8.44127,
            1.62456,
            2.2975
          ],
          [
            14.06842,
            11.37109,
            2.2975
          ],
          [
            11.25484,
            6.49782,
            2.2975
          ],
          [
            2.81411,
            1.62456,
            2.2975
          ],
          [
            8.44127,
            11.37109,
            2.2975
          ],
          [
            5.62769,
            6.49782,
            2.2975
          ],
          [
            1.38699,
            0.82841,
            4.56549
          ],
          [
            7.01421,
            10.57425,
            4.56671
          ],
          [
            4.19832,
            5.70439,
            4.56261
          ],
          [
            4.20046,
            0.82885,
            4.56628
          ],
          [
            9.82782,
            10.57554,
            4.56793
          ],
          [
            7.01658,
            5.70144,
            4.56789
          ],
          [
            7.01509,
            0.82878,
            4.56672
          ],
          [
            12.64159,
            10.57559,
            4.56755
          ],
          [
            9.82531,
            5.70162,
            4.57151
          ],
          [
            2.79432,
            3.26591,
            4.56745
          ],
          [
            8.42073,
            13.01078,
            4.56627
          ],
          [
            5.60649,
            8.13944,
            4.56486
          ],
          [
            5.6072,
            3.2635,
            4.56522
          ],
          [
            11.23449,
            13.01137,
            4.56664
          ],
          [
            8.42226,
            8.14024,
            4.56706
          ],
          [
            8.42017,
            3.2664,
            4.56968
          ],
          [
            14.0484,
            13.01138,
            4.56668
          ],
          [
            11.23413,
            8.14009,
            4.56683
          ],
          [
            5.58935,
            0.03557,
            6.87354
          ],
          [
            11.2163,
            9.78231,
            6.87606
          ],
          [
            8.40483,
            4.90664,
            6.88447
          ],
          [
            2.77711,
            0.03585,
            6.87235
          ],
          [
            8.40388,
            9.78323,
            6.877
          ],
          [
            5.58342,
            4.90653,
            6.86281
          ],
          [
            11.21818,
            4.9084,
            6.87467
          ],
          [
            8.40229,
            0.03684,
            6.87202
          ],
          [
            14.02962,
            9.78261,
            6.87528
          ],
          [
            9.81136,
            2.46991,
            6.87202
          ],
          [
            15.43732,
            12.21843,
            6.87234
          ],
          [
            12.62391,
            7.34581,
            6.87371
          ],
          [
            6.99251,
            2.47113,
            6.87747
          ],
          [
            12.62279,
            12.21827,
            6.87347
          ],
          [
            9.81031,
            7.34881,
            6.87677
          ],
          [
            6.99576,
            7.35016,
            6.87013
          ],
          [
            4.18399,
            2.47069,
            6.87821
          ],
          [
            9.80969,
            12.21903,
            6.87406
          ],
          [
            7.1348,
            5.66516,
            10.0614
          ],
          [
            7.8927,
            4.73818,
            9.84552
          ],
          [
            5.82546,
            5.53119,
            10.34322
          ],
          [
            5.60491,
            4.57223,
            10.31932
          ],
          [
            7.42084,
            6.73672,
            10.04732
          ]
        ],
        "Stress": [
          [
            -50.69642,
            -0.51511,
            -0.37454
          ],
          [
            -0.51511,
            -50.19332,
            0.459
          ],
          [
            -0.37454,
            0.459,
            -0.69222
          ]
        ],
        "computation_code": "VASP",
        "pseudopotential_information": [
          [
            "PAW_PBE",
            "Pt",
            "04Feb2005"
          ],
          [
            "PAW_PBE",
            "C",
            "08Apr2002"
          ],
          [
            "PAW_PBE",
            "O",
            "08Apr2002"
          ],
          [
            "PAW_PBE",
            "H",
            "15Jun2001"
          ]
        ]
      }
    ],
    "EnergyStyle": "electronvolt",
    "ForcesStyle": "electronvoltperangstrom",
    "LatticeStyle": "angstrom",
    "PositionsStyle": "angstrom",
    "StressStyle": "kB"
  }
}