{
  "Dataset": {
    "AtomTypeStyle": "chemicalsymbol",
    "Data": [
      {
        "AtomTypes": [
          "Pt",
          "Pt",
          "Pt",
          "Pt",
          "Pt",
          "Pt",
          "Pt",
          "Pt",
          "Pt",
          "Pt",
          "Pt",
          "Pt",
          "Pt",
          "Pt",
          "Pt",
          "Pt",
          "Pt",
          "Pt",
          "Pt",
          "Pt",
          "Pt",
          "Pt",
          "Pt",
          "Pt",
          "Pt",
          "Pt",
          "Pt",
          "Pt",
          "Pt",
          "Pt",
          "Pt",
          "Pt",
          "Pt",
          "Pt",
          "Pt",
          "Pt",
          "Pt",
          "Pt",
          "Pt",
          "Pt",
          "Pt",
          "Pt",
          "Pt",
          "Pt",
          "Pt",
          "Pt",
          "Pt",
          "Pt",
          "Pt",
          "Pt",
          "Pt",
          "Pt",
          "Pt",
          "Pt",
          "Pt",
          "Pt",
          "Pt",
          "Pt",
          "Pt",
          "Pt",
          "Pt",
          "Pt",
          "Pt",
          "Pt",
          "Pt",
          "Pt",
          "Pt",
          "Pt",
          "Pt",
          "Pt",
          "Pt",
          "Pt",
          "C",
          "O",
          "O",
          "H",
          "H"
        ],
        "Energy": -249.95567457,
        "Forces": [
          [
            0.01887,
            -0.018199,
            -0.042695
          ],
          [
            0.021886,
            -0.019244,
            -0.04133
          ],
          [
            0.015405,
            -0.019747,
            -0.043107
          ],
          [
            0.01748,
            -0.023017,
            -0.046366
          ],
          [
            0.017855,
            -0.016934,
            -0.043813
          ],
          [
            0.019507,
            -0.022934,
            -0.037232
          ],
          [
            0.016349,
            -0.026272,
            -0.04957
          ],
          [
            0.015034,
            -0.019552,
            -0.039897
          ],
          [
            0.017381,
            -0.010915,
            -0.083825
          ],
          [
            0.017778,
            -0.012149,
            -0.052459
          ],
          [
            0.020243,
            -0.017696,
            -0.043785
          ],
          [
            0.011926,
            -0.012742,
            -0.051566
          ],
          [
            0.018699,
            -0.010596,
            -0.050465
          ],
          [
            0.020969,
            -0.015473,
            -0.044095
          ],
          [
            0.018607,
            -0.016663,
            -0.052317
          ],
          [
            0.019417,
            -0.021359,
            -0.066456
          ],
          [
            0.019912,
            -0.017911,
            -0.045864
          ],
          [
            0.025868,
            -0.011826,
            -0.049448
          ],
          [
            0.001858,
            0.025336,
            0.053725
          ],
          [
            -0.023571,
            0.009535,
            0.052914
          ],
          [
            -0.02683,
            0.0195,
            0.037891
          ],
          [
            -0.03976,
            0.032124,
            0.073275
          ],
          [
            -0.018611,
            0.00866,
            0.043791
          ],
          [
            -0.029892,
            0.008278,
            0.02721
          ],
          [
            -0.028872,
            0.006929,
            0.042067
          ],
          [
            -0.028574,
            0.018724,
            0.049529
          ],
          [
            -0.014841,
            0.020191,
            0.046874
          ],
          [
            -0.024278,
            0.018649,
            0.047982
          ],
          [
            -0.020988,
            0.023861,
            0.046584
          ],
          [
            -0.014162,
            -0.001648,
            0.073296
          ],
          [
            -0.018291,
            0.056401,
            0.065275
          ],
          [
            -0.022806,
            0.024117,
            0.048753
          ],
          [
            -0.061357,
            0.009439,
            0.067143
          ],
          [
            -0.01855,
            0.023896,
            0.051039
          ],
          [
            -0.020957,
            0.018014,
            0.043868
          ],
          [
            -0.003874,
            0.006809,
            0.050397
          ],
          [
            -0.001643,
            0.002192,
            -0.0004
          ],
          [
            0.003539,
            -0.000127,
            -0.001505
          ],
          [
            0.002646,
            0.003434,
            -0.004085
          ],
          [
            0.002125,
            0.002816,
            -0.000301
          ],
          [
            0.005756,
            -0.001072,
            0.001652
          ],
          [
            0.001314,
            -0.003457,
            -0.000995
          ],
          [
            0.00374,
            0.004657,
            0.000502
          ],
          [
            -0.002097,
            -0.004042,
            0.002438
          ],
          [
            -9e-06,
            -0.00312,
            -0.003097
          ],
          [
            -0.003123,
            -0.003339,
            -0.004802
          ],
          [
            -0.000766,
            -0.000676,
            -0.008131
          ],
          [
            0.000593,
            0.001448,
            -0.003959
          ],
          [
            0.00499,
            -0.001656,
            0.006257
          ],
          [
            0.00148,
            -0.001794,
            -0.007364
          ],
          [
            0.000697,
            0.002239,
            -0.005802
          ],
          [
            -0.003517,
            -0.00191,
            0.000877
          ],
          [
            0.001523,
            -0.003528,
            -0.009826
          ],
          [
            0.002161,
            0.006445,
            -0.002371
          ],
          [
            -0.000603,
            0.003351,
            -0.000164
          ],
          [
            -2.9e-05,
            0.000247,
            0.010283
          ],
          [
            0.000459,
            -0.005159,
            0.001426
          ],
          [
            0.003317,
            0.001554,
            -0.003205
          ],
          [
            0.001611,
            0.000366,
            0.001957
          ],
          [
            0.001525,
            -0.001336,
            0.002536
          ],
          [
            -0.000444,
            -0.000336,
            -0.001368
          ],
          [
            0.001843,
            0.004162,
            0.003622
          ],
          [
            0.000511,
            -0.000446,
            -0.000487
          ],
          [
            -0.001135,
            -0.00196,
            0.000105
          ],
          [
            0.004485,
            -0.005087,
            -0.00107
          ],
          [
            0.004034,
            0.00143,
            0.001053
          ],
          [
            -0.003389,
            -0.001948,
            -0.000608
          ],
          [
            0.001975,
            -0.004039,
            0.004211
          ],
          [
            0.0025,
            -0.002317,
            0.000679
          ],
          [
            0.002896,
            -0.002117,
            -0.000125
          ],
          [
            0.00407,
            -0.002231,
            0.00203
          ],
          [
            0.00459,
            -4.5e-05,
            0.003562
          ],
          [
            0.04133,
            -0.001873,
            -0.037255
          ],
          [
            -0.026943,
            0.046643,
            0.004572
          ],
          [
            0.016219,
            -0.024175,
            0.010809
          ],
          [
            0.009187,
            0.019066,
            -0.00534
          ],
          [
            -0.006251,
            -0.037847,
            0.006367
          ]
        ],
        "Lattice": [
          [
            8.440733911,
            0.0,
            0.0
          ],
          [
            8.440733911,
            14.619780548,
            0.0
          ],
          [
            0.0,
            0.0,
            21.483230591
          ]
        ],
        "NumAtoms": 77,
        "Positions": [
          [
            4.22079,
            2.43687,
            0.0
          ],
          [
            9.84794,
            12.18339,
            0.0
          ],
          [
            7.03437,
            7.31013,
            0.0
          ],
          [
            7.03437,
            2.43687,
            0.0
          ],
          [
            12.66152,
            12.18339,
            0.0
          ],
          [
            9.84795,
            7.31013,
            0.0
          ],
          [
            1.40721,
            2.43687,
            0.0
          ],
          [
            7.03437,
            12.18339,
            0.0
          ],
          [
            4.22079,
            7.31013,
            0.0
          ],
          [
            2.81385,
            0.0,
            0.0
          ],
          [
            8.44101,
            9.74652,
            0.0
          ],
          [
            5.62743,
            4.87326,
            0.0
          ],
          [
            5.62743,
            0.0,
            0.0
          ],
          [
            11.25459,
            9.74652,
            0.0
          ],
          [
            8.44101,
            4.87326,
            0.0
          ],
          [
            0.00028,
            0.0,
            0.0
          ],
          [
            5.62743,
            9.74652,
            0.0
          ],
          [
            2.81385,
            4.87326,
            0.0
          ],
          [
            7.03462,
            4.06144,
            2.2975
          ],
          [
            12.66177,
            13.80796,
            2.2975
          ],
          [
            9.8482,
            8.9347,
            2.2975
          ],
          [
            9.8482,
            4.06144,
            2.2975
          ],
          [
            15.47535,
            13.80796,
            2.2975
          ],
          [
            12.66177,
            8.9347,
            2.2975
          ],
          [
            4.22104,
            4.06144,
            2.2975
          ],
          [
            9.8482,
            13.80796,
            2.2975
          ],
          [
            7.03462,
            8.9347,
            2.2975
          ],
          [
            5.62769,
            1.62456,
            2.2975
          ],
          [
            11.25484,
            11.37109,
            2.2975
          ],
          [
            8.44127,
            6.49782,
            2.2975
          ],
          [
            8.44127,
            1.62456,
            2.2975
          ],
          [
            14.06842,
            11.37109,
            2.2975
          ],
          [
            11.25484,
            6.49782,
            2.2975
          ],
          [
            2.81411,
            1.62456,
            2.2975
          ],
          [
            8.44127,
            11.37109,
            2.2975
          ],
          [
            5.62769,
            6.49782,
            2.2975
          ],
          [
            1.38138,
            0.83122,
            4.56454
          ],
          [
            7.00737,
            10.57866,
            4.56713
          ],
          [
            4.19081,
            5.70843,
            4.55902
          ],
          [
            4.19477,
            0.83085,
            4.56775
          ],
          [
            9.8213,
            10.57915,
            4.56664
          ],
          [
            7.01291,
            5.70511,
            4.56954
          ],
          [
            7.00989,
            0.82917,
            4.56342
          ],
          [
            12.63602,
            10.57965,
            4.56616
          ],
          [
            9.81694,
            5.70469,
            4.57699
          ],
          [
            2.78931,
            3.26934,
            4.56776
          ],
          [
            8.41527,
            13.01338,
            4.56726
          ],
          [
            5.59963,
            8.14314,
            4.56311
          ],
          [
            5.60094,
            3.26612,
            4.56352
          ],
          [
            11.22851,
            13.01492,
            4.56728
          ],
          [
            8.41605,
            8.14479,
            4.56775
          ],
          [
            8.41642,
            3.2734,
            4.57256
          ],
          [
            14.04277,
            13.01474,
            4.56821
          ],
          [
            11.22782,
            8.14228,
            4.56503
          ],
          [
            5.57675,
            0.04103,
            6.87575
          ],
          [
            11.20414,
            9.79156,
            6.87247
          ],
          [
            8.39289,
            4.91964,
            6.89458
          ],
          [
            2.76429,
            0.04104,
            6.87517
          ],
          [
            8.39024,
            9.79377,
            6.87728
          ],
          [
            5.5638,
            4.91166,
            6.85529
          ],
          [
            11.20868,
            4.91545,
            6.87532
          ],
          [
            8.39068,
            0.04227,
            6.87236
          ],
          [
            14.01653,
            9.79192,
            6.87519
          ],
          [
            9.80322,
            2.47357,
            6.8703
          ],
          [
            15.42428,
            12.22699,
            6.87491
          ],
          [
            12.61037,
            7.35348,
            6.87266
          ],
          [
            6.97866,
            2.47282,
            6.8676
          ],
          [
            12.61022,
            12.22664,
            6.87332
          ],
          [
            9.79911,
            7.36401,
            6.87542
          ],
          [
            6.97953,
            7.36381,
            6.86739
          ],
          [
            4.16977,
            2.47568,
            6.88021
          ],
          [
            9.79637,
            12.22601,
            6.87447
          ],
          [
            7.29386,
            5.68299,
            9.94337
          ],
          [
            8.04987,
            4.82899,
            9.50024
          ],
          [
            6.04264,
            5.4447,
            10.35773
          ],
          [
            5.82752,
            4.49463,
            10.19796
          ],
          [
            7.54563,
            6.75582,
            10.05019
          ]
        ],
        "Stress": [
          [
            -50.56246,
            -0.51884,
            -0.27222
          ],
          [
            -0.51884,
            -50.08753,
            0.40092
          ],
          [
            -0.27222,
            0.40092,
            -0.3935
          ]
        ],
        "computation_code": "VASP",
        "pseudopotential_information": [
          [
            "PAW_PBE",
            "Pt",
            "04Feb2005"
          ],
          [
            "PAW_PBE",
            "C",
            "08Apr2002"
          ],
          [
            "PAW_PBE",
            "O",
            "08Apr2002"
          ],
          [
            "PAW_PBE",
            "H",
            "15Jun2001"
          ]
        ]
      }
    ],
    "EnergyStyle": "electronvolt",
    "ForcesStyle": "electronvoltperangstrom",
    "LatticeStyle": "angstrom",
    "PositionsStyle": "angstrom",
    "StressStyle": "kB"
  }
}