{
  "Dataset": {
    "AtomTypeStyle": "chemicalsymbol",
    "Data": [
      {
        "AtomTypes": [
          "Pt",
          "Pt",
          "Pt",
          "Pt",
          "Pt",
          "Pt",
          "Pt",
          "Pt",
          "Pt",
          "Pt",
          "Pt",
          "Pt",
          "Pt",
          "Pt",
          "Pt",
          "Pt",
          "Pt",
          "Pt",
          "Pt",
          "Pt",
          "Pt",
          "Pt",
          "Pt",
          "Pt",
          "Pt",
          "Pt",
          "Pt",
          "Pt",
          "Pt",
          "Pt",
          "Pt",
          "Pt",
          "Pt",
          "Pt",
          "Pt",
          "Pt",
          "Pt",
          "Pt",
          "Pt",
          "Pt",
          "Pt",
          "Pt",
          "Pt",
          "Pt",
          "Pt",
          "Pt",
          "Pt",
          "Pt",
          "Pt",
          "Pt",
          "Pt",
          "Pt",
          "Pt",
          "Pt",
          "Pt",
          "Pt",
          "Pt",
          "Pt",
          "Pt",
          "Pt",
          "Pt",
          "Pt",
          "Pt",
          "Pt",
          "Pt",
          "Pt",
          "Pt",
          "Pt",
          "Pt",
          "Pt",
          "Pt",
          "Pt",
          "C",
          "O",
          "O",
          "H",
          "H"
        ],
        "Energy": -250.16925376,
        "Forces": [
          [
            0.013385,
            -0.013785,
            -0.037891
          ],
          [
            0.02519,
            -0.023707,
            -0.040874
          ],
          [
            0.007069,
            -0.033313,
            -0.046563
          ],
          [
            0.016864,
            -0.028484,
            -0.040253
          ],
          [
            0.008818,
            -0.012851,
            -0.043811
          ],
          [
            0.016029,
            -0.034157,
            -0.039973
          ],
          [
            0.003977,
            -0.036281,
            -0.047242
          ],
          [
            0.00244,
            -0.021727,
            -0.039423
          ],
          [
            0.011034,
            0.011789,
            -0.142273
          ],
          [
            0.000665,
            -0.013944,
            -0.046684
          ],
          [
            0.018842,
            -0.029648,
            -0.042089
          ],
          [
            -0.007109,
            -0.004933,
            -0.058483
          ],
          [
            0.02107,
            -0.012675,
            -0.045575
          ],
          [
            0.020269,
            -0.021187,
            -0.032355
          ],
          [
            0.011089,
            -0.029364,
            -0.054888
          ],
          [
            0.012143,
            -0.064742,
            -0.108538
          ],
          [
            0.00537,
            -0.021418,
            -0.036993
          ],
          [
            0.038758,
            -0.002401,
            -0.055439
          ],
          [
            0.076032,
            0.040541,
            0.161204
          ],
          [
            -0.012327,
            0.011967,
            0.029336
          ],
          [
            -0.017242,
            0.028724,
            0.017992
          ],
          [
            -0.084728,
            0.047947,
            0.182106
          ],
          [
            0.007425,
            0.037581,
            0.026679
          ],
          [
            -0.02114,
            -0.017661,
            0.004351
          ],
          [
            -0.027948,
            -0.007043,
            0.003435
          ],
          [
            -0.030816,
            0.053786,
            0.043204
          ],
          [
            0.005046,
            0.030795,
            0.019744
          ],
          [
            -0.008545,
            0.022994,
            0.030007
          ],
          [
            -0.011446,
            0.027873,
            0.043652
          ],
          [
            0.011152,
            -0.024562,
            0.120713
          ],
          [
            -1.1e-05,
            0.14313,
            0.127232
          ],
          [
            -0.009429,
            0.029632,
            0.040904
          ],
          [
            -0.104567,
            0.018845,
            -0.033354
          ],
          [
            -0.010933,
            0.035904,
            0.046813
          ],
          [
            -0.005612,
            0.036719,
            0.05311
          ],
          [
            0.020871,
            -0.001236,
            0.001608
          ],
          [
            -0.003418,
            0.002551,
            -0.002906
          ],
          [
            -0.001175,
            0.001058,
            -0.002176
          ],
          [
            0.002593,
            -0.00651,
            0.005273
          ],
          [
            -0.003382,
            0.002868,
            0.001374
          ],
          [
            -0.003016,
            -0.002149,
            -0.003051
          ],
          [
            -0.005327,
            -0.004951,
            0.020897
          ],
          [
            -0.001371,
            0.004283,
            -0.002403
          ],
          [
            -0.003034,
            0.000425,
            0.002092
          ],
          [
            -0.004546,
            -0.005132,
            0.020729
          ],
          [
            -0.001678,
            0.00037,
            -0.000895
          ],
          [
            -0.000183,
            0.001839,
            0.001114
          ],
          [
            -0.001509,
            -0.00622,
            -0.004261
          ],
          [
            -0.002399,
            0.005193,
            0.007309
          ],
          [
            -0.001286,
            0.002229,
            0.001889
          ],
          [
            -0.002048,
            -0.002637,
            -7.4e-05
          ],
          [
            -0.002603,
            0.007599,
            0.019492
          ],
          [
            0.000948,
            0.002409,
            -0.000861
          ],
          [
            -0.003947,
            -0.008616,
            -0.006521
          ],
          [
            -0.004502,
            0.00381,
            0.003062
          ],
          [
            -0.005309,
            0.00024,
            -0.002822
          ],
          [
            -0.030975,
            -0.012975,
            -0.016941
          ],
          [
            -0.002035,
            0.00169,
            0.002629
          ],
          [
            -0.004339,
            -0.001538,
            -0.001558
          ],
          [
            -0.020545,
            0.001337,
            0.020279
          ],
          [
            0.015783,
            0.002502,
            0.002143
          ],
          [
            -0.005138,
            0.003497,
            0.000212
          ],
          [
            -0.002924,
            -0.001552,
            -0.002455
          ],
          [
            -0.001841,
            -0.005446,
            -0.002426
          ],
          [
            -0.002371,
            0.000235,
            -0.001406
          ],
          [
            -0.003497,
            -0.00613,
            0.001548
          ],
          [
            -0.004875,
            -0.005219,
            -0.002865
          ],
          [
            -0.001801,
            0.001766,
            -0.000548
          ],
          [
            0.008433,
            0.013623,
            -0.00228
          ],
          [
            -0.014615,
            0.007045,
            -0.003
          ],
          [
            -0.003631,
            0.003785,
            0.003516
          ],
          [
            -0.002489,
            0.001015,
            -0.000334
          ],
          [
            0.505071,
            0.037778,
            -0.295493
          ],
          [
            -0.150737,
            -0.009342,
            0.136463
          ],
          [
            -0.208146,
            -0.011681,
            0.277131
          ],
          [
            -0.010172,
            -0.016549,
            -0.079153
          ],
          [
            -0.013645,
            -0.125606,
            -0.052112
          ]
        ],
        "Lattice": [
          [
            8.440733911,
            0.0,
            0.0
          ],
          [
            8.440733911,
            14.619780548,
            0.0
          ],
          [
            0.0,
            0.0,
            21.483230591
          ]
        ],
        "NumAtoms": 77,
        "Positions": [
          [
            4.22079,
            2.43687,
            0.0
          ],
          [
            9.84794,
            12.18339,
            0.0
          ],
          [
            7.03437,
            7.31013,
            0.0
          ],
          [
            7.03437,
            2.43687,
            0.0
          ],
          [
            12.66152,
            12.18339,
            0.0
          ],
          [
            9.84795,
            7.31013,
            0.0
          ],
          [
            1.40721,
            2.43687,
            0.0
          ],
          [
            7.03437,
            12.18339,
            0.0
          ],
          [
            4.22079,
            7.31013,
            0.0
          ],
          [
            2.81385,
            0.0,
            0.0
          ],
          [
            8.44101,
            9.74652,
            0.0
          ],
          [
            5.62743,
            4.87326,
            0.0
          ],
          [
            5.62743,
            0.0,
            0.0
          ],
          [
            11.25459,
            9.74652,
            0.0
          ],
          [
            8.44101,
            4.87326,
            0.0
          ],
          [
            0.00028,
            0.0,
            0.0
          ],
          [
            5.62743,
            9.74652,
            0.0
          ],
          [
            2.81385,
            4.87326,
            0.0
          ],
          [
            7.03462,
            4.06144,
            2.2975
          ],
          [
            12.66177,
            13.80796,
            2.2975
          ],
          [
            9.8482,
            8.9347,
            2.2975
          ],
          [
            9.8482,
            4.06144,
            2.2975
          ],
          [
            15.47535,
            13.80796,
            2.2975
          ],
          [
            12.66177,
            8.9347,
            2.2975
          ],
          [
            4.22104,
            4.06144,
            2.2975
          ],
          [
            9.8482,
            13.80796,
            2.2975
          ],
          [
            7.03462,
            8.9347,
            2.2975
          ],
          [
            5.62769,
            1.62456,
            2.2975
          ],
          [
            11.25484,
            11.37109,
            2.2975
          ],
          [
            8.44127,
            6.49782,
            2.2975
          ],
          [
            8.44127,
            1.62456,
            2.2975
          ],
          [
            14.06842,
            11.37109,
            2.2975
          ],
          [
            11.25484,
            6.49782,
            2.2975
          ],
          [
            2.81411,
            1.62456,
            2.2975
          ],
          [
            8.44127,
            11.37109,
            2.2975
          ],
          [
            5.62769,
            6.49782,
            2.2975
          ],
          [
            1.38808,
            0.84567,
            4.56438
          ],
          [
            7.0203,
            10.59026,
            4.56775
          ],
          [
            4.19466,
            5.71574,
            4.54361
          ],
          [
            4.20525,
            0.83213,
            4.56464
          ],
          [
            9.83444,
            10.59169,
            4.56888
          ],
          [
            7.03359,
            5.71288,
            4.57805
          ],
          [
            7.02455,
            0.842,
            4.56307
          ],
          [
            12.64748,
            10.58467,
            4.56512
          ],
          [
            9.81688,
            5.7108,
            4.59076
          ],
          [
            2.79569,
            3.27216,
            4.56631
          ],
          [
            8.42733,
            13.02556,
            4.56719
          ],
          [
            5.61185,
            8.1512,
            4.55361
          ],
          [
            5.61113,
            3.26593,
            4.56046
          ],
          [
            11.23753,
            13.02162,
            4.56526
          ],
          [
            8.42895,
            8.16183,
            4.56318
          ],
          [
            8.42346,
            3.30049,
            4.60993
          ],
          [
            14.0563,
            13.02005,
            4.56591
          ],
          [
            11.23925,
            8.15335,
            4.55783
          ],
          [
            5.59908,
            0.0528,
            6.87243
          ],
          [
            11.22944,
            9.81289,
            6.87762
          ],
          [
            8.39769,
            4.94963,
            6.9843
          ],
          [
            2.78519,
            0.05313,
            6.87216
          ],
          [
            8.41628,
            9.8202,
            6.87999
          ],
          [
            5.5795,
            4.91964,
            6.82618
          ],
          [
            11.23232,
            4.92826,
            6.8592
          ],
          [
            8.41357,
            0.05828,
            6.87691
          ],
          [
            14.03922,
            9.81307,
            6.87356
          ],
          [
            9.82507,
            2.48385,
            6.88111
          ],
          [
            15.44936,
            12.24444,
            6.87732
          ],
          [
            12.63425,
            7.36992,
            6.85983
          ],
          [
            6.99366,
            2.47495,
            6.88308
          ],
          [
            12.63386,
            12.24077,
            6.86988
          ],
          [
            9.82829,
            7.39578,
            6.85884
          ],
          [
            6.99584,
            7.40194,
            6.84927
          ],
          [
            4.18594,
            2.48161,
            6.87637
          ],
          [
            9.82051,
            12.24488,
            6.87999
          ],
          [
            7.49101,
            5.28492,
            10.04543
          ],
          [
            8.4342,
            5.32479,
            9.2342
          ],
          [
            6.30738,
            4.77718,
            9.8479
          ],
          [
            6.1738,
            4.47818,
            8.88164
          ],
          [
            7.61891,
            5.72292,
            11.05323
          ]
        ],
        "Stress": [
          [
            -49.98987,
            -0.40277,
            0.0364
          ],
          [
            -0.40277,
            -49.71114,
            -0.06678
          ],
          [
            0.0364,
            -0.06678,
            -0.17058
          ]
        ],
        "computation_code": "VASP",
        "pseudopotential_information": [
          [
            "PAW_PBE",
            "Pt",
            "04Feb2005"
          ],
          [
            "PAW_PBE",
            "C",
            "08Apr2002"
          ],
          [
            "PAW_PBE",
            "O",
            "08Apr2002"
          ],
          [
            "PAW_PBE",
            "H",
            "15Jun2001"
          ]
        ]
      }
    ],
    "EnergyStyle": "electronvolt",
    "ForcesStyle": "electronvoltperangstrom",
    "LatticeStyle": "angstrom",
    "PositionsStyle": "angstrom",
    "StressStyle": "kB"
  }
}