{
  "Dataset": {
    "AtomTypeStyle": "chemicalsymbol",
    "Data": [
      {
        "AtomTypes": [
          "Pt",
          "Pt",
          "Pt",
          "Pt",
          "Pt",
          "Pt",
          "Pt",
          "Pt",
          "Pt",
          "Pt",
          "Pt",
          "Pt",
          "Pt",
          "Pt",
          "Pt",
          "Pt",
          "Pt",
          "Pt",
          "Pt",
          "Pt",
          "Pt",
          "Pt",
          "Pt",
          "Pt",
          "Pt",
          "Pt",
          "Pt",
          "Pt",
          "Pt",
          "Pt",
          "Pt",
          "Pt",
          "Pt",
          "Pt",
          "Pt",
          "Pt",
          "Pt",
          "Pt",
          "Pt",
          "Pt",
          "Pt",
          "Pt",
          "Pt",
          "Pt",
          "Pt",
          "Pt",
          "Pt",
          "Pt",
          "Pt",
          "Pt",
          "Pt",
          "Pt",
          "Pt",
          "Pt",
          "Pt",
          "Pt",
          "Pt",
          "Pt",
          "Pt",
          "Pt",
          "Pt",
          "Pt",
          "Pt",
          "Pt",
          "Pt",
          "Pt",
          "Pt",
          "Pt",
          "Pt",
          "Pt",
          "Pt",
          "Pt",
          "C",
          "C",
          "C",
          "C",
          "C",
          "C",
          "C",
          "C",
          "O",
          "O",
          "O",
          "O",
          "O",
          "O",
          "H",
          "H",
          "H",
          "H",
          "H",
          "H",
          "H",
          "H",
          "H",
          "H",
          "H",
          "H",
          "H",
          "H",
          "H",
          "H"
        ],
        "Energy": -377.39441065,
        "Forces": [
          [
            0.007179,
            -0.035649,
            -0.040988
          ],
          [
            0.004697,
            -0.010259,
            -0.045451
          ],
          [
            0.018207,
            -0.027576,
            -0.058732
          ],
          [
            0.016269,
            -0.033635,
            -0.042027
          ],
          [
            0.009841,
            -0.015761,
            -0.028416
          ],
          [
            0.013345,
            -0.01651,
            -0.121369
          ],
          [
            0.015186,
            -0.037172,
            -0.053469
          ],
          [
            0.033934,
            -0.010877,
            -0.019936
          ],
          [
            -0.002246,
            -0.049164,
            -0.059451
          ],
          [
            0.011365,
            -0.019579,
            -0.066405
          ],
          [
            0.021691,
            -0.030944,
            -0.032768
          ],
          [
            0.019868,
            -0.031297,
            -0.046611
          ],
          [
            0.020618,
            -0.035785,
            -0.063265
          ],
          [
            0.007197,
            -0.039891,
            -0.038217
          ],
          [
            0.028174,
            -0.013585,
            -0.051281
          ],
          [
            0.014692,
            -0.002215,
            -0.113127
          ],
          [
            0.018713,
            -0.029454,
            -0.033778
          ],
          [
            -0.00755,
            -0.011933,
            -0.046233
          ],
          [
            -0.06199,
            0.030482,
            0.223119
          ],
          [
            -0.016256,
            0.017367,
            0.198513
          ],
          [
            -0.003328,
            0.011899,
            0.124715
          ],
          [
            0.001216,
            0.013488,
            0.190804
          ],
          [
            -0.06002,
            0.000629,
            0.146449
          ],
          [
            0.004325,
            0.071461,
            0.099561
          ],
          [
            0.023686,
            0.039681,
            0.275021
          ],
          [
            0.031239,
            0.020983,
            0.202301
          ],
          [
            -0.016906,
            0.02234,
            0.088811
          ],
          [
            -0.035926,
            0.089747,
            0.127353
          ],
          [
            0.016222,
            0.06591,
            0.182035
          ],
          [
            -0.031973,
            -0.037104,
            0.154718
          ],
          [
            0.013201,
            0.061702,
            0.160239
          ],
          [
            -0.0399,
            0.06127,
            0.185204
          ],
          [
            0.086463,
            -0.08778,
            0.280175
          ],
          [
            -0.003112,
            0.066138,
            0.185892
          ],
          [
            -0.026908,
            0.02608,
            0.158921
          ],
          [
            -0.042336,
            -0.02473,
            0.169204
          ],
          [
            -0.011248,
            -0.042075,
            -0.059252
          ],
          [
            0.043359,
            0.015528,
            -0.054844
          ],
          [
            -0.167016,
            0.040823,
            -0.294773
          ],
          [
            -0.030191,
            -0.020402,
            -0.072684
          ],
          [
            0.007184,
            0.045297,
            -0.01511
          ],
          [
            0.081492,
            -0.00806,
            -0.158884
          ],
          [
            0.013327,
            -0.012075,
            -0.016425
          ],
          [
            -0.036509,
            0.002355,
            -0.066534
          ],
          [
            0.020087,
            -0.010745,
            -0.115812
          ],
          [
            0.030064,
            -0.002008,
            -0.106732
          ],
          [
            0.022003,
            0.009853,
            -0.029698
          ],
          [
            0.000684,
            -0.056916,
            -0.074868
          ],
          [
            0.028809,
            -0.011207,
            -0.109541
          ],
          [
            -0.042422,
            -0.012384,
            -0.080936
          ],
          [
            0.007664,
            0.043464,
            -0.020911
          ],
          [
            0.004142,
            -0.042707,
            -0.130865
          ],
          [
            -0.00188,
            -0.031139,
            -0.061352
          ],
          [
            -0.011227,
            0.039082,
            -0.04622
          ],
          [
            -0.009259,
            0.103495,
            -0.162781
          ],
          [
            0.037136,
            0.027628,
            -0.033269
          ],
          [
            -0.209809,
            -0.005589,
            0.042384
          ],
          [
            0.002659,
            -0.020487,
            -0.086341
          ],
          [
            -0.002672,
            -0.02276,
            -0.032728
          ],
          [
            0.131081,
            -0.202103,
            0.199616
          ],
          [
            0.113086,
            0.004963,
            -0.101206
          ],
          [
            0.011321,
            -5.6e-05,
            -0.042593
          ],
          [
            -0.053007,
            -0.094042,
            -0.051042
          ],
          [
            -0.040358,
            0.054328,
            -0.154704
          ],
          [
            0.060279,
            -0.006014,
            -0.2056
          ],
          [
            0.1515,
            -0.058349,
            0.162664
          ],
          [
            -0.086372,
            0.260543,
            -0.032654
          ],
          [
            -0.058418,
            -0.043083,
            0.012594
          ],
          [
            -0.027241,
            -0.088637,
            -0.173348
          ],
          [
            -0.122367,
            -0.12761,
            0.109462
          ],
          [
            0.097623,
            0.186722,
            -0.014629
          ],
          [
            0.052206,
            -0.020329,
            -0.015383
          ],
          [
            -0.967725,
            0.215201,
            -0.182862
          ],
          [
            1.154739,
            -0.232914,
            -1.355209
          ],
          [
            -0.882509,
            0.454084,
            0.991971
          ],
          [
            1.232295,
            -0.744489,
            0.287893
          ],
          [
            -0.040546,
            0.515765,
            -0.176852
          ],
          [
            -0.478823,
            0.337624,
            1.6584
          ],
          [
            -0.315112,
            -0.58178,
            0.082727
          ],
          [
            -0.149093,
            -1.554427,
            -0.516365
          ],
          [
            0.746497,
            -0.269062,
            0.137793
          ],
          [
            0.158099,
            -0.637745,
            0.234336
          ],
          [
            -1.284745,
            0.348966,
            -0.375399
          ],
          [
            0.058848,
            0.847287,
            0.009158
          ],
          [
            -0.093033,
            -0.331934,
            -0.162056
          ],
          [
            0.280787,
            0.388702,
            0.077774
          ],
          [
            -0.033667,
            0.693804,
            -0.061314
          ],
          [
            -0.560314,
            0.177542,
            1.30825
          ],
          [
            -0.553322,
            -0.502536,
            -0.088115
          ],
          [
            0.178025,
            0.059268,
            -0.012656
          ],
          [
            0.304393,
            -0.140666,
            -0.574386
          ],
          [
            0.030787,
            -0.636864,
            0.029473
          ],
          [
            -0.173524,
            0.496883,
            -0.07947
          ],
          [
            -0.088283,
            -0.189203,
            0.382653
          ],
          [
            0.059062,
            0.136085,
            -0.283647
          ],
          [
            0.535644,
            0.446953,
            -1.120592
          ],
          [
            0.885345,
            0.006373,
            -0.044535
          ],
          [
            -0.234173,
            0.21119,
            0.487709
          ],
          [
            -0.288341,
            -0.463966,
            -0.697259
          ],
          [
            0.703224,
            0.783257,
            -0.039861
          ],
          [
            -0.139048,
            0.063663,
            0.510391
          ],
          [
            -0.130922,
            0.220517,
            -0.198571
          ]
        ],
        "Lattice": [
          [
            8.440733911,
            0.0,
            0.0
          ],
          [
            8.440733911,
            14.619780548,
            0.0
          ],
          [
            0.0,
            0.0,
            21.483230591
          ]
        ],
        "NumAtoms": 102,
        "Positions": [
          [
            4.22079,
            2.43687,
            0.0
          ],
          [
            9.84794,
            12.18339,
            0.0
          ],
          [
            7.03437,
            7.31013,
            0.0
          ],
          [
            7.03437,
            2.43687,
            0.0
          ],
          [
            12.66152,
            12.18339,
            0.0
          ],
          [
            9.84795,
            7.31013,
            0.0
          ],
          [
            1.40721,
            2.43687,
            0.0
          ],
          [
            7.03437,
            12.18339,
            0.0
          ],
          [
            4.22079,
            7.31013,
            0.0
          ],
          [
            2.81385,
            0.0,
            0.0
          ],
          [
            8.44101,
            9.74652,
            0.0
          ],
          [
            5.62743,
            4.87326,
            0.0
          ],
          [
            5.62743,
            0.0,
            0.0
          ],
          [
            11.25459,
            9.74652,
            0.0
          ],
          [
            8.44101,
            4.87326,
            0.0
          ],
          [
            0.00028,
            0.0,
            0.0
          ],
          [
            5.62743,
            9.74652,
            0.0
          ],
          [
            2.81385,
            4.87326,
            0.0
          ],
          [
            7.03462,
            4.06144,
            2.2975
          ],
          [
            12.66177,
            13.80796,
            2.2975
          ],
          [
            9.8482,
            8.9347,
            2.2975
          ],
          [
            9.8482,
            4.06144,
            2.2975
          ],
          [
            15.47535,
            13.80796,
            2.2975
          ],
          [
            12.66177,
            8.9347,
            2.2975
          ],
          [
            4.22104,
            4.06144,
            2.2975
          ],
          [
            9.8482,
            13.80796,
            2.2975
          ],
          [
            7.03462,
            8.9347,
            2.2975
          ],
          [
            5.62769,
            1.62456,
            2.2975
          ],
          [
            11.25484,
            11.37109,
            2.2975
          ],
          [
            8.44127,
            6.49782,
            2.2975
          ],
          [
            8.44127,
            1.62456,
            2.2975
          ],
          [
            14.06842,
            11.37109,
            2.2975
          ],
          [
            11.25484,
            6.49782,
            2.2975
          ],
          [
            2.81411,
            1.62456,
            2.2975
          ],
          [
            8.44127,
            11.37109,
            2.2975
          ],
          [
            5.62769,
            6.49782,
            2.2975
          ],
          [
            1.39073,
            0.84759,
            4.58643
          ],
          [
            7.01476,
            10.59766,
            4.58665
          ],
          [
            4.22631,
            5.70333,
            4.62149
          ],
          [
            4.20385,
            0.83869,
            4.58652
          ],
          [
            9.82475,
            10.59876,
            4.57996
          ],
          [
            7.00496,
            5.71529,
            4.59198
          ],
          [
            7.01247,
            0.82692,
            4.5696
          ],
          [
            12.63963,
            10.60314,
            4.59359
          ],
          [
            9.8425,
            5.7335,
            4.58378
          ],
          [
            2.78739,
            3.28652,
            4.59935
          ],
          [
            8.41596,
            13.02803,
            4.58198
          ],
          [
            5.60672,
            8.17028,
            4.57125
          ],
          [
            5.60773,
            3.26925,
            4.60601
          ],
          [
            11.24493,
            13.03118,
            4.60285
          ],
          [
            8.43234,
            8.15851,
            4.5704
          ],
          [
            8.42467,
            3.28101,
            4.59082
          ],
          [
            14.04365,
            13.02247,
            4.60302
          ],
          [
            11.23441,
            8.1572,
            4.56586
          ],
          [
            5.59114,
            0.05826,
            6.92768
          ],
          [
            11.19778,
            9.82635,
            6.89313
          ],
          [
            8.44454,
            4.94394,
            6.85172
          ],
          [
            2.76661,
            0.06746,
            6.92732
          ],
          [
            8.40346,
            9.83575,
            6.91491
          ],
          [
            5.56167,
            4.97724,
            6.90674
          ],
          [
            11.19467,
            4.93649,
            6.9275
          ],
          [
            8.40634,
            0.05388,
            6.91523
          ],
          [
            14.04388,
            9.8426,
            6.89299
          ],
          [
            9.81934,
            2.48297,
            6.93777
          ],
          [
            15.43794,
            12.25597,
            6.93932
          ],
          [
            12.58995,
            7.42123,
            6.85603
          ],
          [
            7.02153,
            2.43731,
            6.88287
          ],
          [
            12.62649,
            12.26782,
            6.94406
          ],
          [
            9.81239,
            7.41168,
            6.93304
          ],
          [
            7.02292,
            7.42439,
            6.8542
          ],
          [
            4.16206,
            2.46127,
            6.89681
          ],
          [
            9.79204,
            12.25919,
            6.90285
          ],
          [
            13.90703,
            10.31091,
            10.33004
          ],
          [
            13.49956,
            11.79084,
            10.46586
          ],
          [
            14.6778,
            12.74587,
            10.26411
          ],
          [
            6.20425,
            6.64929,
            10.24882
          ],
          [
            6.57549,
            5.14567,
            10.333
          ],
          [
            8.06022,
            4.86525,
            10.17747
          ],
          [
            8.48352,
            3.45546,
            10.45108
          ],
          [
            14.30019,
            14.22316,
            10.57938
          ],
          [
            6.59916,
            9.92273,
            10.62925
          ],
          [
            12.9079,
            9.52207,
            9.98745
          ],
          [
            5.04569,
            7.02494,
            10.08797
          ],
          [
            7.21785,
            7.43906,
            10.49311
          ],
          [
            5.75023,
            4.42109,
            9.41481
          ],
          [
            12.43815,
            12.15591,
            9.58515
          ],
          [
            13.15538,
            8.44835,
            10.0209
          ],
          [
            13.1756,
            11.87339,
            11.48378
          ],
          [
            11.76413,
            11.46175,
            9.60525
          ],
          [
            15.48815,
            12.38916,
            10.91558
          ],
          [
            15.01159,
            12.68185,
            9.22623
          ],
          [
            6.95529,
            8.49255,
            10.51942
          ],
          [
            6.05348,
            3.4732,
            9.37389
          ],
          [
            6.26175,
            4.87846,
            11.35562
          ],
          [
            8.57263,
            5.51924,
            10.90934
          ],
          [
            8.34774,
            5.1618,
            9.18604
          ],
          [
            9.55812,
            3.37488,
            10.44409
          ],
          [
            8.14665,
            3.02407,
            11.39885
          ],
          [
            8.14648,
            2.75951,
            9.69144
          ],
          [
            6.76355,
            0.17769,
            10.52917
          ],
          [
            13.84833,
            14.31545,
            11.56472
          ],
          [
            13.57777,
            14.57954,
            9.83692
          ]
        ],
        "Stress": [
          [
            -61.13573,
            0.65493,
            -0.47686
          ],
          [
            0.65493,
            -64.62617,
            0.87277
          ],
          [
            -0.47686,
            0.87277,
            -12.45508
          ]
        ],
        "computation_code": "VASP",
        "pseudopotential_information": [
          [
            "PAW_PBE",
            "Pt",
            "04Feb2005"
          ],
          [
            "PAW_PBE",
            "C",
            "08Apr2002"
          ],
          [
            "PAW_PBE",
            "O",
            "08Apr2002"
          ],
          [
            "PAW_PBE",
            "H",
            "15Jun2001"
          ]
        ]
      }
    ],
    "EnergyStyle": "electronvolt",
    "ForcesStyle": "electronvoltperangstrom",
    "LatticeStyle": "angstrom",
    "PositionsStyle": "angstrom",
    "StressStyle": "kB"
  }
}