{
  "Dataset": {
    "AtomTypeStyle": "chemicalsymbol",
    "Data": [
      {
        "AtomTypes": [
          "Pt",
          "Pt",
          "Pt",
          "Pt",
          "Pt",
          "Pt",
          "Pt",
          "Pt",
          "Pt",
          "Pt",
          "Pt",
          "Pt",
          "Pt",
          "Pt",
          "Pt",
          "Pt",
          "Pt",
          "Pt",
          "Pt",
          "Pt",
          "Pt",
          "Pt",
          "Pt",
          "Pt",
          "Pt",
          "Pt",
          "Pt",
          "Pt",
          "Pt",
          "Pt",
          "Pt",
          "Pt",
          "Pt",
          "Pt",
          "Pt",
          "Pt",
          "Pt",
          "Pt",
          "Pt",
          "Pt",
          "Pt",
          "Pt",
          "Pt",
          "Pt",
          "Pt",
          "Pt",
          "Pt",
          "Pt",
          "Pt",
          "Pt",
          "Pt",
          "Pt",
          "Pt",
          "Pt",
          "Pt",
          "Pt",
          "Pt",
          "Pt",
          "Pt",
          "Pt",
          "Pt",
          "Pt",
          "Pt",
          "Pt",
          "Pt",
          "Pt",
          "Pt",
          "Pt",
          "Pt",
          "Pt",
          "Pt",
          "Pt",
          "C",
          "C",
          "C",
          "C",
          "C",
          "C",
          "C",
          "C",
          "O",
          "O",
          "O",
          "O",
          "O",
          "O",
          "H",
          "H",
          "H",
          "H",
          "H",
          "H",
          "H",
          "H",
          "H",
          "H",
          "H",
          "H",
          "H",
          "H",
          "H",
          "H"
        ],
        "Energy": -377.38991651,
        "Forces": [
          [
            0.018585,
            -0.03829,
            -0.040922
          ],
          [
            0.001032,
            0.00196,
            -0.0197
          ],
          [
            0.022851,
            -0.03484,
            -0.013078
          ],
          [
            0.010374,
            -0.043489,
            -0.036371
          ],
          [
            0.017196,
            -0.018887,
            -0.03282
          ],
          [
            0.020463,
            -0.013961,
            -0.126249
          ],
          [
            0.01653,
            -0.018193,
            -0.019122
          ],
          [
            0.023808,
            -0.012272,
            -0.049944
          ],
          [
            -0.005629,
            -0.047737,
            -0.064944
          ],
          [
            0.024803,
            -0.014563,
            -0.035708
          ],
          [
            0.028957,
            -0.020921,
            -0.045443
          ],
          [
            0.014381,
            -0.051896,
            -0.039838
          ],
          [
            0.024084,
            -0.025544,
            -0.097565
          ],
          [
            0.005279,
            -0.03643,
            -0.041493
          ],
          [
            0.028749,
            -0.003545,
            -0.024454
          ],
          [
            -0.007254,
            -0.003845,
            -0.104863
          ],
          [
            0.01371,
            -0.030909,
            -0.018082
          ],
          [
            0.009393,
            -0.009629,
            -0.05879
          ],
          [
            -0.05754,
            0.081216,
            -0.061434
          ],
          [
            -0.097881,
            -0.088206,
            0.051035
          ],
          [
            0.003445,
            0.104073,
            -0.020105
          ],
          [
            -0.069702,
            -0.061384,
            -0.266031
          ],
          [
            0.018864,
            -0.034491,
            -0.010726
          ],
          [
            0.003442,
            0.134126,
            0.076583
          ],
          [
            0.039038,
            0.091277,
            -0.125046
          ],
          [
            0.054465,
            -0.13761,
            0.130681
          ],
          [
            -0.065877,
            0.067183,
            -0.013128
          ],
          [
            -0.006777,
            0.041257,
            -0.146331
          ],
          [
            -0.021539,
            0.053745,
            0.255655
          ],
          [
            -0.152436,
            0.036859,
            -0.137116
          ],
          [
            0.012427,
            0.002991,
            -0.117453
          ],
          [
            -0.070197,
            0.045442,
            0.095926
          ],
          [
            0.052444,
            0.056822,
            -0.169962
          ],
          [
            -0.03414,
            -0.026919,
            -0.14663
          ],
          [
            0.039796,
            0.006583,
            0.101112
          ],
          [
            0.005287,
            0.080932,
            -0.017187
          ],
          [
            0.011245,
            0.07988,
            0.083388
          ],
          [
            0.031729,
            0.040856,
            0.054277
          ],
          [
            -0.026262,
            -0.046224,
            0.08508
          ],
          [
            -0.022004,
            -0.133426,
            0.098446
          ],
          [
            0.008429,
            0.064738,
            -0.100303
          ],
          [
            -0.02099,
            0.024049,
            0.079391
          ],
          [
            -0.011598,
            -0.175216,
            0.095993
          ],
          [
            0.018779,
            0.010771,
            -0.008101
          ],
          [
            0.085857,
            0.063844,
            0.295184
          ],
          [
            -0.016352,
            -0.009043,
            0.157639
          ],
          [
            -0.009334,
            -0.002983,
            -0.10695
          ],
          [
            0.014487,
            -0.048292,
            -0.000695
          ],
          [
            -0.017276,
            0.054414,
            0.14729
          ],
          [
            0.00715,
            0.029894,
            -0.198327
          ],
          [
            0.040403,
            0.087206,
            0.14071
          ],
          [
            0.102611,
            -0.04116,
            0.046516
          ],
          [
            -0.009194,
            -0.075066,
            0.093434
          ],
          [
            0.009264,
            0.067211,
            0.11887
          ],
          [
            0.049773,
            -0.103514,
            0.046854
          ],
          [
            -0.014625,
            0.149084,
            -0.10685
          ],
          [
            -0.303525,
            0.049698,
            -0.060525
          ],
          [
            -0.046247,
            -0.162282,
            0.047813
          ],
          [
            0.008802,
            0.137962,
            0.027705
          ],
          [
            0.078687,
            -0.046987,
            0.089096
          ],
          [
            0.140914,
            0.030617,
            0.177653
          ],
          [
            0.021139,
            -0.178647,
            0.027474
          ],
          [
            0.011794,
            0.134835,
            -0.102096
          ],
          [
            -0.069765,
            -0.167827,
            0.129095
          ],
          [
            0.00377,
            -0.009203,
            0.047358
          ],
          [
            0.028527,
            0.133404,
            -0.046586
          ],
          [
            -0.035322,
            0.070205,
            0.018664
          ],
          [
            0.009676,
            0.017597,
            -0.049004
          ],
          [
            -0.00239,
            0.049585,
            0.081016
          ],
          [
            -0.04353,
            -0.045101,
            -0.034697
          ],
          [
            0.089801,
            0.018583,
            0.036678
          ],
          [
            0.014895,
            -0.054227,
            -0.087883
          ],
          [
            -0.386824,
            -1.373396,
            0.253858
          ],
          [
            -0.034741,
            0.666965,
            0.860093
          ],
          [
            -0.262362,
            0.371792,
            1.248009
          ],
          [
            -1.00039,
            0.615486,
            -0.392044
          ],
          [
            -0.514657,
            -0.463402,
            -0.224107
          ],
          [
            -0.432841,
            -1.070895,
            1.484234
          ],
          [
            -0.513869,
            -0.254866,
            0.065614
          ],
          [
            0.128328,
            0.136528,
            0.285136
          ],
          [
            -0.02169,
            0.592668,
            0.149001
          ],
          [
            0.601117,
            0.386499,
            0.018613
          ],
          [
            0.86477,
            -0.624626,
            0.173914
          ],
          [
            0.397555,
            -0.341138,
            0.09761
          ],
          [
            0.23591,
            0.91911,
            0.340209
          ],
          [
            -0.260073,
            -0.536124,
            0.132777
          ],
          [
            -0.209604,
            0.114772,
            0.006459
          ],
          [
            0.123373,
            -0.424135,
            -0.723051
          ],
          [
            -0.069325,
            0.464725,
            -0.247287
          ],
          [
            -0.29706,
            0.154357,
            -0.600937
          ],
          [
            0.444571,
            -0.285272,
            -0.814913
          ],
          [
            -0.18773,
            0.308883,
            -0.158769
          ],
          [
            -0.003407,
            -0.584267,
            -0.015556
          ],
          [
            0.065917,
            -0.049658,
            -0.010434
          ],
          [
            0.016118,
            -0.001246,
            -0.283409
          ],
          [
            0.680157,
            0.653193,
            -1.157245
          ],
          [
            -0.229982,
            -0.132661,
            -0.025318
          ],
          [
            0.223639,
            0.508138,
            -0.441295
          ],
          [
            0.464089,
            0.438428,
            0.49923
          ],
          [
            -0.464858,
            -0.279102,
            0.188755
          ],
          [
            0.207164,
            -0.037454,
            -0.614759
          ],
          [
            0.368962,
            0.092034,
            0.166931
          ]
        ],
        "Lattice": [
          [
            8.440733911,
            0.0,
            0.0
          ],
          [
            8.440733911,
            14.619780548,
            0.0
          ],
          [
            0.0,
            0.0,
            21.483230591
          ]
        ],
        "NumAtoms": 102,
        "Positions": [
          [
            4.22079,
            2.43687,
            0.0
          ],
          [
            9.84794,
            12.18339,
            0.0
          ],
          [
            7.03437,
            7.31013,
            0.0
          ],
          [
            7.03437,
            2.43687,
            0.0
          ],
          [
            12.66152,
            12.18339,
            0.0
          ],
          [
            9.84795,
            7.31013,
            0.0
          ],
          [
            1.40721,
            2.43687,
            0.0
          ],
          [
            7.03437,
            12.18339,
            0.0
          ],
          [
            4.22079,
            7.31013,
            0.0
          ],
          [
            2.81385,
            0.0,
            0.0
          ],
          [
            8.44101,
            9.74652,
            0.0
          ],
          [
            5.62743,
            4.87326,
            0.0
          ],
          [
            5.62743,
            0.0,
            0.0
          ],
          [
            11.25459,
            9.74652,
            0.0
          ],
          [
            8.44101,
            4.87326,
            0.0
          ],
          [
            0.00028,
            0.0,
            0.0
          ],
          [
            5.62743,
            9.74652,
            0.0
          ],
          [
            2.81385,
            4.87326,
            0.0
          ],
          [
            7.03462,
            4.06144,
            2.2975
          ],
          [
            12.66177,
            13.80796,
            2.2975
          ],
          [
            9.8482,
            8.9347,
            2.2975
          ],
          [
            9.8482,
            4.06144,
            2.2975
          ],
          [
            15.47535,
            13.80796,
            2.2975
          ],
          [
            12.66177,
            8.9347,
            2.2975
          ],
          [
            4.22104,
            4.06144,
            2.2975
          ],
          [
            9.8482,
            13.80796,
            2.2975
          ],
          [
            7.03462,
            8.9347,
            2.2975
          ],
          [
            5.62769,
            1.62456,
            2.2975
          ],
          [
            11.25484,
            11.37109,
            2.2975
          ],
          [
            8.44127,
            6.49782,
            2.2975
          ],
          [
            8.44127,
            1.62456,
            2.2975
          ],
          [
            14.06842,
            11.37109,
            2.2975
          ],
          [
            11.25484,
            6.49782,
            2.2975
          ],
          [
            2.81411,
            1.62456,
            2.2975
          ],
          [
            8.44127,
            11.37109,
            2.2975
          ],
          [
            5.62769,
            6.49782,
            2.2975
          ],
          [
            1.3904,
            0.82043,
            4.54017
          ],
          [
            7.01001,
            10.57953,
            4.56256
          ],
          [
            4.21892,
            5.7291,
            4.54814
          ],
          [
            4.20084,
            0.85281,
            4.53411
          ],
          [
            9.82979,
            10.57498,
            4.59698
          ],
          [
            7.00536,
            5.71516,
            4.57115
          ],
          [
            7.02162,
            0.85445,
            4.5358
          ],
          [
            12.63688,
            10.59745,
            4.59752
          ],
          [
            9.81907,
            5.70857,
            4.50264
          ],
          [
            2.79819,
            3.27814,
            4.52142
          ],
          [
            8.43015,
            13.01376,
            4.57588
          ],
          [
            5.60457,
            8.16762,
            4.57048
          ],
          [
            5.6089,
            3.28601,
            4.54951
          ],
          [
            11.24488,
            13.00694,
            4.61987
          ],
          [
            8.41671,
            8.13932,
            4.53767
          ],
          [
            8.40865,
            3.2809,
            4.54642
          ],
          [
            14.04266,
            13.03043,
            4.55802
          ],
          [
            11.23994,
            8.14984,
            4.54689
          ],
          [
            5.58532,
            0.09866,
            6.82808
          ],
          [
            11.21971,
            9.77592,
            6.91032
          ],
          [
            8.46397,
            4.93886,
            6.84542
          ],
          [
            2.78131,
            0.10456,
            6.86092
          ],
          [
            8.40658,
            9.77964,
            6.87623
          ],
          [
            5.59776,
            4.95625,
            6.87427
          ],
          [
            11.20388,
            4.9337,
            6.79794
          ],
          [
            8.40818,
            0.10057,
            6.85316
          ],
          [
            14.03642,
            9.78404,
            6.89799
          ],
          [
            9.82779,
            2.52276,
            6.82272
          ],
          [
            15.44677,
            12.24271,
            6.84328
          ],
          [
            12.61999,
            7.36176,
            6.87236
          ],
          [
            7.00787,
            2.49985,
            6.84703
          ],
          [
            12.62999,
            12.25025,
            6.937
          ],
          [
            9.82041,
            7.36218,
            6.84036
          ],
          [
            7.02081,
            7.38231,
            6.87328
          ],
          [
            4.17238,
            2.50385,
            6.84092
          ],
          [
            9.80374,
            12.25166,
            6.91134
          ],
          [
            14.05167,
            10.51145,
            10.27922
          ],
          [
            13.74459,
            11.97502,
            10.40857
          ],
          [
            14.91143,
            12.91526,
            10.18556
          ],
          [
            6.02825,
            6.79474,
            10.21238
          ],
          [
            6.1951,
            5.29163,
            10.30919
          ],
          [
            7.62547,
            4.79667,
            10.21583
          ],
          [
            7.78919,
            3.25882,
            10.2384
          ],
          [
            14.43933,
            14.3722,
            10.30459
          ],
          [
            6.73112,
            9.99544,
            10.44752
          ],
          [
            12.94907,
            9.77929,
            10.07379
          ],
          [
            4.9207,
            7.31623,
            9.89632
          ],
          [
            7.08546,
            7.4769,
            10.55267
          ],
          [
            5.31516,
            4.69319,
            9.30888
          ],
          [
            12.6193,
            12.30428,
            9.5824
          ],
          [
            13.18036,
            8.73614,
            9.97692
          ],
          [
            13.43241,
            12.157,
            11.50066
          ],
          [
            12.06016,
            11.48005,
            9.61937
          ],
          [
            15.68023,
            12.6698,
            10.97258
          ],
          [
            15.3505,
            12.76224,
            9.20845
          ],
          [
            6.95188,
            8.50261,
            10.52442
          ],
          [
            5.3142,
            3.73045,
            9.42243
          ],
          [
            5.763,
            5.03491,
            11.30559
          ],
          [
            8.18254,
            5.23333,
            11.0723
          ],
          [
            8.05244,
            5.14918,
            9.3045
          ],
          [
            8.87016,
            3.0344,
            10.13166
          ],
          [
            7.41092,
            2.74979,
            11.17331
          ],
          [
            7.25656,
            2.75198,
            9.3652
          ],
          [
            6.82508,
            0.44767,
            10.0069
          ],
          [
            14.11866,
            14.59785,
            11.3637
          ],
          [
            13.55607,
            14.53885,
            9.64068
          ]
        ],
        "Stress": [
          [
            -60.55338,
            -0.24377,
            -0.88887
          ],
          [
            -0.24377,
            -59.24206,
            0.05957
          ],
          [
            -0.88887,
            0.05957,
            -9.84522
          ]
        ],
        "computation_code": "VASP",
        "pseudopotential_information": [
          [
            "PAW_PBE",
            "Pt",
            "04Feb2005"
          ],
          [
            "PAW_PBE",
            "C",
            "08Apr2002"
          ],
          [
            "PAW_PBE",
            "O",
            "08Apr2002"
          ],
          [
            "PAW_PBE",
            "H",
            "15Jun2001"
          ]
        ]
      }
    ],
    "EnergyStyle": "electronvolt",
    "ForcesStyle": "electronvoltperangstrom",
    "LatticeStyle": "angstrom",
    "PositionsStyle": "angstrom",
    "StressStyle": "kB"
  }
}