{
  "Dataset": {
    "AtomTypeStyle": "chemicalsymbol",
    "Data": [
      {
        "AtomTypes": [
          "Pt",
          "Pt",
          "Pt",
          "Pt",
          "Pt",
          "Pt",
          "Pt",
          "Pt",
          "Pt",
          "Pt",
          "Pt",
          "Pt",
          "Pt",
          "Pt",
          "Pt",
          "Pt",
          "Pt",
          "Pt",
          "Pt",
          "Pt",
          "Pt",
          "Pt",
          "Pt",
          "Pt",
          "Pt",
          "Pt",
          "Pt",
          "Pt",
          "Pt",
          "Pt",
          "Pt",
          "Pt",
          "Pt",
          "Pt",
          "Pt",
          "Pt",
          "Pt",
          "Pt",
          "Pt",
          "Pt",
          "Pt",
          "Pt",
          "Pt",
          "Pt",
          "Pt",
          "Pt",
          "Pt",
          "Pt",
          "Pt",
          "Pt",
          "Pt",
          "Pt",
          "Pt",
          "Pt",
          "Pt",
          "Pt",
          "Pt",
          "Pt",
          "Pt",
          "Pt",
          "Pt",
          "Pt",
          "Pt",
          "Pt",
          "Pt",
          "Pt",
          "Pt",
          "Pt",
          "Pt",
          "Pt",
          "Pt",
          "Pt",
          "C",
          "C",
          "C",
          "C",
          "C",
          "C",
          "C",
          "C",
          "O",
          "O",
          "O",
          "O",
          "O",
          "O",
          "H",
          "H",
          "H",
          "H",
          "H",
          "H",
          "H",
          "H",
          "H",
          "H",
          "H",
          "H",
          "H",
          "H",
          "H",
          "H"
        ],
        "Energy": -377.36025735,
        "Forces": [
          [
            0.010674,
            -0.024814,
            -0.046882
          ],
          [
            0.009462,
            -0.001405,
            -0.039751
          ],
          [
            0.013571,
            -0.043242,
            -0.053574
          ],
          [
            0.01763,
            -0.019759,
            -0.0498
          ],
          [
            0.008271,
            -0.001535,
            -0.024323
          ],
          [
            0.005805,
            -0.046227,
            -0.08493
          ],
          [
            0.016118,
            -0.03369,
            -0.066682
          ],
          [
            0.029493,
            0.005434,
            -0.014745
          ],
          [
            0.003774,
            -0.063421,
            -0.050965
          ],
          [
            0.006628,
            -0.000847,
            -0.073322
          ],
          [
            0.017666,
            -0.035664,
            -0.016569
          ],
          [
            0.018048,
            -0.039724,
            -0.049417
          ],
          [
            0.018206,
            -0.007755,
            -0.056692
          ],
          [
            0.008559,
            -0.039745,
            -0.030407
          ],
          [
            0.022415,
            -0.034744,
            -0.063169
          ],
          [
            0.023762,
            0.020876,
            -0.106737
          ],
          [
            0.012434,
            -0.029824,
            -0.022831
          ],
          [
            -0.006641,
            -0.039492,
            -0.051187
          ],
          [
            -0.051453,
            0.002975,
            0.137855
          ],
          [
            6.6e-05,
            -0.007936,
            0.21487
          ],
          [
            -0.017474,
            0.049637,
            0.072804
          ],
          [
            0.017009,
            0.027966,
            0.170323
          ],
          [
            -0.078242,
            -0.037905,
            0.14548
          ],
          [
            0.004355,
            0.085119,
            0.062378
          ],
          [
            0.013373,
            0.008255,
            0.226112
          ],
          [
            0.029135,
            0.005616,
            0.181119
          ],
          [
            0.003407,
            0.040895,
            0.070418
          ],
          [
            -0.039334,
            0.037033,
            0.133675
          ],
          [
            0.019197,
            0.066451,
            0.155033
          ],
          [
            0.011312,
            0.026979,
            0.093115
          ],
          [
            0.009597,
            0.015669,
            0.143494
          ],
          [
            -0.030539,
            0.052617,
            0.185386
          ],
          [
            0.060607,
            -0.024476,
            0.148069
          ],
          [
            0.00515,
            0.041111,
            0.204988
          ],
          [
            -0.026785,
            0.027294,
            0.13092
          ],
          [
            -0.042838,
            0.006112,
            0.091086
          ],
          [
            0.009318,
            0.054685,
            -0.019043
          ],
          [
            -0.019061,
            -0.002494,
            -0.024135
          ],
          [
            0.03378,
            0.002362,
            -0.025485
          ],
          [
            -0.003073,
            0.031821,
            -0.068809
          ],
          [
            -0.013979,
            0.005961,
            0.032265
          ],
          [
            -0.050824,
            -0.037473,
            0.082342
          ],
          [
            -0.015257,
            0.056384,
            0.021893
          ],
          [
            0.026395,
            -0.016857,
            -0.00796
          ],
          [
            -0.090371,
            -0.076211,
            0.011391
          ],
          [
            0.032884,
            0.007134,
            -0.083608
          ],
          [
            -0.022557,
            0.00226,
            0.010963
          ],
          [
            -0.023944,
            -0.101684,
            0.01702
          ],
          [
            -0.027509,
            0.123578,
            -0.014361
          ],
          [
            0.017659,
            0.001698,
            -0.036815
          ],
          [
            -0.060215,
            -0.068796,
            0.016069
          ],
          [
            0.003099,
            0.022434,
            -0.029079
          ],
          [
            0.012727,
            0.04854,
            -0.100224
          ],
          [
            0.05792,
            -0.029993,
            0.084456
          ],
          [
            -0.011563,
            0.097083,
            -0.170272
          ],
          [
            0.078131,
            -0.07454,
            -0.01961
          ],
          [
            -0.095205,
            0.028711,
            0.099705
          ],
          [
            0.05467,
            0.085391,
            -0.119924
          ],
          [
            -0.030185,
            -0.095255,
            -0.073641
          ],
          [
            0.099337,
            -0.073644,
            -0.070508
          ],
          [
            0.053398,
            0.059852,
            -0.143764
          ],
          [
            -0.021351,
            0.145696,
            -0.08676
          ],
          [
            -0.046771,
            -0.043806,
            -0.021864
          ],
          [
            -0.013313,
            0.084109,
            -0.161604
          ],
          [
            -0.057282,
            -0.025331,
            -0.181799
          ],
          [
            0.08359,
            -0.174609,
            0.042486
          ],
          [
            -0.094199,
            0.233,
            0.023539
          ],
          [
            -0.005362,
            -0.043298,
            0.001491
          ],
          [
            -0.00125,
            -0.116192,
            -0.166136
          ],
          [
            -0.070615,
            -0.144876,
            0.029399
          ],
          [
            0.058575,
            0.169639,
            -0.005957
          ],
          [
            0.075487,
            -0.023674,
            -0.077083
          ],
          [
            -0.992654,
            0.705435,
            0.305815
          ],
          [
            -0.412149,
            0.548667,
            0.859237
          ],
          [
            0.833995,
            0.306009,
            0.123784
          ],
          [
            0.295592,
            -0.225335,
            -0.014175
          ],
          [
            -0.214018,
            -0.152888,
            0.225235
          ],
          [
            0.200381,
            0.871925,
            -0.202111
          ],
          [
            0.474863,
            -0.369449,
            0.672612
          ],
          [
            0.345027,
            0.279443,
            0.11549
          ],
          [
            1.71402,
            -0.405839,
            0.050938
          ],
          [
            -0.532325,
            -1.95293,
            -0.238117
          ],
          [
            -0.555452,
            0.403177,
            -0.15143
          ],
          [
            0.332071,
            0.743439,
            -0.147707
          ],
          [
            0.054162,
            -0.701475,
            -0.375069
          ],
          [
            -0.089156,
            -0.358923,
            -0.236998
          ],
          [
            -0.213201,
            1.035623,
            0.054845
          ],
          [
            0.417595,
            -0.425146,
            -0.935626
          ],
          [
            -0.069721,
            0.18179,
            0.016333
          ],
          [
            -0.443255,
            0.135998,
            -0.469011
          ],
          [
            0.061757,
            -0.02082,
            0.5453
          ],
          [
            0.023386,
            -0.16461,
            0.160307
          ],
          [
            -0.177774,
            0.320758,
            0.19041
          ],
          [
            -0.075465,
            0.051744,
            -0.302363
          ],
          [
            -0.142653,
            -0.427426,
            0.115713
          ],
          [
            -0.192178,
            -0.202468,
            -0.188828
          ],
          [
            -0.324998,
            -0.048671,
            0.115314
          ],
          [
            0.180697,
            0.1603,
            -0.718596
          ],
          [
            -0.110964,
            0.048482,
            0.118594
          ],
          [
            -1.005442,
            -0.293337,
            0.096003
          ],
          [
            0.332802,
            -0.046515,
            -0.773313
          ],
          [
            0.26032,
            -0.084294,
            0.410792
          ]
        ],
        "Lattice": [
          [
            8.440733911,
            0.0,
            0.0
          ],
          [
            8.440733911,
            14.619780548,
            0.0
          ],
          [
            0.0,
            0.0,
            21.483230591
          ]
        ],
        "NumAtoms": 102,
        "Positions": [
          [
            4.22079,
            2.43687,
            0.0
          ],
          [
            9.84794,
            12.18339,
            0.0
          ],
          [
            7.03437,
            7.31013,
            0.0
          ],
          [
            7.03437,
            2.43687,
            0.0
          ],
          [
            12.66152,
            12.18339,
            0.0
          ],
          [
            9.84795,
            7.31013,
            0.0
          ],
          [
            1.40721,
            2.43687,
            0.0
          ],
          [
            7.03437,
            12.18339,
            0.0
          ],
          [
            4.22079,
            7.31013,
            0.0
          ],
          [
            2.81385,
            0.0,
            0.0
          ],
          [
            8.44101,
            9.74652,
            0.0
          ],
          [
            5.62743,
            4.87326,
            0.0
          ],
          [
            5.62743,
            0.0,
            0.0
          ],
          [
            11.25459,
            9.74652,
            0.0
          ],
          [
            8.44101,
            4.87326,
            0.0
          ],
          [
            0.00028,
            0.0,
            0.0
          ],
          [
            5.62743,
            9.74652,
            0.0
          ],
          [
            2.81385,
            4.87326,
            0.0
          ],
          [
            7.03462,
            4.06144,
            2.2975
          ],
          [
            12.66177,
            13.80796,
            2.2975
          ],
          [
            9.8482,
            8.9347,
            2.2975
          ],
          [
            9.8482,
            4.06144,
            2.2975
          ],
          [
            15.47535,
            13.80796,
            2.2975
          ],
          [
            12.66177,
            8.9347,
            2.2975
          ],
          [
            4.22104,
            4.06144,
            2.2975
          ],
          [
            9.8482,
            13.80796,
            2.2975
          ],
          [
            7.03462,
            8.9347,
            2.2975
          ],
          [
            5.62769,
            1.62456,
            2.2975
          ],
          [
            11.25484,
            11.37109,
            2.2975
          ],
          [
            8.44127,
            6.49782,
            2.2975
          ],
          [
            8.44127,
            1.62456,
            2.2975
          ],
          [
            14.06842,
            11.37109,
            2.2975
          ],
          [
            11.25484,
            6.49782,
            2.2975
          ],
          [
            2.81411,
            1.62456,
            2.2975
          ],
          [
            8.44127,
            11.37109,
            2.2975
          ],
          [
            5.62769,
            6.49782,
            2.2975
          ],
          [
            1.38958,
            0.8258,
            4.58753
          ],
          [
            7.02149,
            10.60184,
            4.58997
          ],
          [
            4.21104,
            5.71453,
            4.59084
          ],
          [
            4.19893,
            0.81746,
            4.59059
          ],
          [
            9.82697,
            10.61305,
            4.58398
          ],
          [
            7.01846,
            5.72128,
            4.56118
          ],
          [
            7.01485,
            0.80204,
            4.57056
          ],
          [
            12.63419,
            10.60732,
            4.59449
          ],
          [
            9.85365,
            5.74551,
            4.57354
          ],
          [
            2.79021,
            3.27594,
            4.59417
          ],
          [
            8.42023,
            13.02036,
            4.5855
          ],
          [
            5.61072,
            8.17783,
            4.56293
          ],
          [
            5.61357,
            3.25391,
            4.59151
          ],
          [
            11.23659,
            13.02392,
            4.60571
          ],
          [
            8.43786,
            8.18267,
            4.57274
          ],
          [
            8.43072,
            3.26514,
            4.57423
          ],
          [
            14.04057,
            13.00198,
            4.61288
          ],
          [
            11.23273,
            8.18101,
            4.56035
          ],
          [
            5.58964,
            0.05615,
            6.92866
          ],
          [
            11.1941,
            9.84546,
            6.90587
          ],
          [
            8.42528,
            4.93843,
            6.83251
          ],
          [
            2.75939,
            0.04998,
            6.94315
          ],
          [
            8.40662,
            9.84674,
            6.92915
          ],
          [
            5.57245,
            4.97052,
            6.90485
          ],
          [
            11.2095,
            4.92898,
            6.91097
          ],
          [
            8.40905,
            0.03485,
            6.93126
          ],
          [
            14.03953,
            9.84148,
            6.89311
          ],
          [
            9.8172,
            2.46957,
            6.9259
          ],
          [
            15.44857,
            12.25643,
            6.95091
          ],
          [
            12.60267,
            7.43525,
            6.86317
          ],
          [
            7.02085,
            2.44241,
            6.87093
          ],
          [
            12.61824,
            12.27024,
            6.95983
          ],
          [
            9.81301,
            7.41645,
            6.9157
          ],
          [
            7.01388,
            7.42294,
            6.85496
          ],
          [
            4.17298,
            2.46142,
            6.89145
          ],
          [
            9.79079,
            12.25859,
            6.93661
          ],
          [
            13.85633,
            10.37906,
            10.40547
          ],
          [
            13.50843,
            11.85568,
            10.51585
          ],
          [
            14.69309,
            12.73204,
            10.23882
          ],
          [
            6.22621,
            6.65544,
            10.46388
          ],
          [
            6.59523,
            5.18396,
            10.55709
          ],
          [
            8.06081,
            4.8529,
            10.32581
          ],
          [
            8.37323,
            3.37789,
            10.42728
          ],
          [
            14.48078,
            14.22599,
            10.502
          ],
          [
            6.55027,
            9.95739,
            10.52921
          ],
          [
            12.79906,
            9.6274,
            10.26724
          ],
          [
            5.05643,
            7.02692,
            10.32789
          ],
          [
            7.26038,
            7.45015,
            10.55619
          ],
          [
            5.69678,
            4.53848,
            9.64974
          ],
          [
            12.41234,
            12.21762,
            9.65975
          ],
          [
            13.06198,
            8.56631,
            10.24209
          ],
          [
            13.1534,
            12.05513,
            11.60249
          ],
          [
            11.8345,
            11.42118,
            9.57061
          ],
          [
            15.55237,
            12.35786,
            10.8623
          ],
          [
            14.97328,
            12.59063,
            9.14214
          ],
          [
            6.98254,
            8.4478,
            10.48177
          ],
          [
            6.06773,
            3.65883,
            9.37728
          ],
          [
            6.34794,
            4.87189,
            11.61304
          ],
          [
            8.66438,
            5.4812,
            11.02019
          ],
          [
            8.38784,
            5.26728,
            9.34138
          ],
          [
            9.47104,
            3.22905,
            10.29404
          ],
          [
            8.07645,
            2.96631,
            11.43951
          ],
          [
            7.90674,
            2.77057,
            9.62276
          ],
          [
            7.05142,
            0.12646,
            10.4182
          ],
          [
            14.05299,
            14.40273,
            11.53837
          ],
          [
            5.34638,
            0.04604,
            9.73602
          ]
        ],
        "Stress": [
          [
            -63.55826,
            0.60985,
            0.62748
          ],
          [
            0.60985,
            -64.30316,
            0.57708
          ],
          [
            0.62748,
            0.57708,
            -18.70573
          ]
        ],
        "computation_code": "VASP",
        "pseudopotential_information": [
          [
            "PAW_PBE",
            "Pt",
            "04Feb2005"
          ],
          [
            "PAW_PBE",
            "C",
            "08Apr2002"
          ],
          [
            "PAW_PBE",
            "O",
            "08Apr2002"
          ],
          [
            "PAW_PBE",
            "H",
            "15Jun2001"
          ]
        ]
      }
    ],
    "EnergyStyle": "electronvolt",
    "ForcesStyle": "electronvoltperangstrom",
    "LatticeStyle": "angstrom",
    "PositionsStyle": "angstrom",
    "StressStyle": "kB"
  }
}