{
  "Dataset": {
    "AtomTypeStyle": "chemicalsymbol",
    "Data": [
      {
        "AtomTypes": [
          "Pt",
          "Pt",
          "Pt",
          "Pt",
          "Pt",
          "Pt",
          "Pt",
          "Pt",
          "Pt",
          "Pt",
          "Pt",
          "Pt",
          "Pt",
          "Pt",
          "Pt",
          "Pt",
          "Pt",
          "Pt",
          "Pt",
          "Pt",
          "Pt",
          "Pt",
          "Pt",
          "Pt",
          "Pt",
          "Pt",
          "Pt",
          "Pt",
          "Pt",
          "Pt",
          "Pt",
          "Pt",
          "Pt",
          "Pt",
          "Pt",
          "Pt",
          "Pt",
          "Pt",
          "Pt",
          "Pt",
          "Pt",
          "Pt",
          "Pt",
          "Pt",
          "Pt",
          "Pt",
          "Pt",
          "Pt",
          "Pt",
          "Pt",
          "Pt",
          "Pt",
          "Pt",
          "Pt",
          "Pt",
          "Pt",
          "Pt",
          "Pt",
          "Pt",
          "Pt",
          "Pt",
          "Pt",
          "Pt",
          "Pt",
          "Pt",
          "Pt",
          "Pt",
          "Pt",
          "Pt",
          "Pt",
          "Pt",
          "Pt",
          "C",
          "C",
          "C",
          "C",
          "C",
          "C",
          "C",
          "C",
          "O",
          "O",
          "O",
          "O",
          "O",
          "O",
          "H",
          "H",
          "H",
          "H",
          "H",
          "H",
          "H",
          "H",
          "H",
          "H",
          "H",
          "H",
          "H",
          "H",
          "H",
          "H"
        ],
        "Energy": -377.32820143,
        "Forces": [
          [
            0.011715,
            -0.018729,
            -0.052239
          ],
          [
            0.009715,
            0.000664,
            -0.036879
          ],
          [
            0.009267,
            -0.049244,
            -0.047257
          ],
          [
            0.016597,
            -0.011269,
            -0.054057
          ],
          [
            0.007212,
            0.004215,
            -0.02525
          ],
          [
            0.004743,
            -0.061688,
            -0.071143
          ],
          [
            0.017854,
            -0.030062,
            -0.072018
          ],
          [
            0.030051,
            0.012421,
            -0.014421
          ],
          [
            0.008558,
            -0.069768,
            -0.04922
          ],
          [
            0.007402,
            0.006069,
            -0.068974
          ],
          [
            0.015907,
            -0.037762,
            -0.012102
          ],
          [
            0.019875,
            -0.042153,
            -0.051887
          ],
          [
            0.015472,
            0.005279,
            -0.054894
          ],
          [
            0.009562,
            -0.038867,
            -0.027218
          ],
          [
            0.01923,
            -0.04277,
            -0.068134
          ],
          [
            0.026605,
            0.029271,
            -0.10475
          ],
          [
            0.009848,
            -0.029896,
            -0.021869
          ],
          [
            -0.007365,
            -0.051751,
            -0.055464
          ],
          [
            -0.044568,
            -0.011804,
            0.083586
          ],
          [
            0.009067,
            -0.030327,
            0.196241
          ],
          [
            -0.020608,
            0.068257,
            0.060366
          ],
          [
            0.022566,
            0.041251,
            0.137443
          ],
          [
            -0.081472,
            -0.050062,
            0.135371
          ],
          [
            -0.00037,
            0.093882,
            0.05038
          ],
          [
            0.012108,
            -0.011791,
            0.171025
          ],
          [
            0.019981,
            -0.005303,
            0.171815
          ],
          [
            0.013055,
            0.052462,
            0.067047
          ],
          [
            -0.035878,
            0.008382,
            0.127908
          ],
          [
            0.0187,
            0.06064,
            0.141823
          ],
          [
            0.033144,
            0.066029,
            0.061789
          ],
          [
            0.000391,
            -0.021644,
            0.121882
          ],
          [
            -0.027718,
            0.04155,
            0.171068
          ],
          [
            0.030928,
            0.024454,
            0.073608
          ],
          [
            0.008371,
            0.026159,
            0.194884
          ],
          [
            -0.022966,
            0.025561,
            0.114407
          ],
          [
            -0.035975,
            0.020084,
            0.038129
          ],
          [
            0.006589,
            0.084993,
            -0.005442
          ],
          [
            -0.063767,
            -0.047647,
            -0.011275
          ],
          [
            0.146337,
            -0.028233,
            0.169359
          ],
          [
            0.019485,
            0.083324,
            -0.041345
          ],
          [
            -0.018292,
            -0.049593,
            0.038639
          ],
          [
            -0.105403,
            -0.040047,
            0.183438
          ],
          [
            -0.017491,
            0.114555,
            0.027293
          ],
          [
            0.063812,
            -0.024283,
            0.011737
          ],
          [
            -0.133648,
            -0.095201,
            0.06623
          ],
          [
            0.02524,
            0.008353,
            -0.044207
          ],
          [
            -0.025048,
            0.02119,
            0.013792
          ],
          [
            -0.021035,
            -0.074574,
            0.065998
          ],
          [
            -0.048229,
            0.13019,
            -0.003926
          ],
          [
            0.066902,
            0.006883,
            0.014849
          ],
          [
            -0.081082,
            -0.112159,
            0.017754
          ],
          [
            -0.010673,
            0.056173,
            0.044348
          ],
          [
            -0.009965,
            0.080354,
            -0.079089
          ],
          [
            0.060302,
            -0.071304,
            0.122207
          ],
          [
            0.000303,
            0.050855,
            -0.130582
          ],
          [
            0.059725,
            -0.143499,
            -0.019873
          ],
          [
            0.040859,
            0.019599,
            0.035566
          ],
          [
            0.069669,
            0.148084,
            -0.127994
          ],
          [
            -0.038154,
            -0.116961,
            -0.089911
          ],
          [
            0.03594,
            -0.045702,
            -0.11123
          ],
          [
            -0.020269,
            0.073353,
            -0.137482
          ],
          [
            -0.039855,
            0.183573,
            -0.099256
          ],
          [
            -0.002012,
            -0.018654,
            -0.023843
          ],
          [
            0.003697,
            0.096364,
            -0.127943
          ],
          [
            -0.07973,
            -0.029687,
            -0.174905
          ],
          [
            0.008376,
            -0.197492,
            -0.041229
          ],
          [
            -0.03881,
            0.114691,
            -0.008921
          ],
          [
            0.071052,
            -0.034847,
            -0.020951
          ],
          [
            0.014645,
            -0.103233,
            -0.112486
          ],
          [
            -0.012786,
            -0.103989,
            -0.004837
          ],
          [
            -0.013088,
            0.099239,
            -0.025321
          ],
          [
            0.034289,
            -0.012197,
            -0.075671
          ],
          [
            1.105442,
            0.427976,
            -0.048764
          ],
          [
            -0.223835,
            0.765981,
            -0.323375
          ],
          [
            -0.033859,
            0.441561,
            1.256464
          ],
          [
            -0.05592,
            0.124118,
            0.090997
          ],
          [
            0.344516,
            -0.230512,
            -0.208725
          ],
          [
            -0.815323,
            -0.12415,
            0.727386
          ],
          [
            0.636891,
            1.264413,
            0.176361
          ],
          [
            0.305367,
            -0.019285,
            0.098899
          ],
          [
            -0.667198,
            -0.368605,
            0.200823
          ],
          [
            -0.336714,
            0.053738,
            -0.1251
          ],
          [
            0.047511,
            -0.062706,
            -0.010042
          ],
          [
            -0.392542,
            0.325875,
            -0.214664
          ],
          [
            -0.433115,
            1.109683,
            -0.116278
          ],
          [
            -0.444592,
            -1.051354,
            0.275464
          ],
          [
            0.318178,
            -0.201635,
            0.009436
          ],
          [
            0.112103,
            -0.234038,
            -0.072669
          ],
          [
            0.562316,
            0.715393,
            -0.109852
          ],
          [
            -0.252271,
            0.197576,
            -0.229239
          ],
          [
            0.312499,
            -0.268227,
            -0.932569
          ],
          [
            0.089364,
            -0.619308,
            0.017359
          ],
          [
            0.236419,
            -0.804406,
            -0.024901
          ],
          [
            -0.101723,
            0.135349,
            0.049511
          ],
          [
            0.311603,
            -0.048124,
            0.607743
          ],
          [
            0.371716,
            0.523426,
            -1.796629
          ],
          [
            0.49205,
            -0.044994,
            0.019737
          ],
          [
            -0.214339,
            -0.684176,
            0.986479
          ],
          [
            -0.809941,
            -0.704259,
            -0.786877
          ],
          [
            -0.842266,
            -0.615656,
            0.314178
          ],
          [
            0.134128,
            -0.02128,
            -0.576879
          ],
          [
            0.161002,
            0.023338,
            0.2164
          ]
        ],
        "Lattice": [
          [
            8.440733911,
            0.0,
            0.0
          ],
          [
            8.440733911,
            14.619780548,
            0.0
          ],
          [
            0.0,
            0.0,
            21.483230591
          ]
        ],
        "NumAtoms": 102,
        "Positions": [
          [
            4.22079,
            2.43687,
            0.0
          ],
          [
            9.84794,
            12.18339,
            0.0
          ],
          [
            7.03437,
            7.31013,
            0.0
          ],
          [
            7.03437,
            2.43687,
            0.0
          ],
          [
            12.66152,
            12.18339,
            0.0
          ],
          [
            9.84795,
            7.31013,
            0.0
          ],
          [
            1.40721,
            2.43687,
            0.0
          ],
          [
            7.03437,
            12.18339,
            0.0
          ],
          [
            4.22079,
            7.31013,
            0.0
          ],
          [
            2.81385,
            0.0,
            0.0
          ],
          [
            8.44101,
            9.74652,
            0.0
          ],
          [
            5.62743,
            4.87326,
            0.0
          ],
          [
            5.62743,
            0.0,
            0.0
          ],
          [
            11.25459,
            9.74652,
            0.0
          ],
          [
            8.44101,
            4.87326,
            0.0
          ],
          [
            0.00028,
            0.0,
            0.0
          ],
          [
            5.62743,
            9.74652,
            0.0
          ],
          [
            2.81385,
            4.87326,
            0.0
          ],
          [
            7.03462,
            4.06144,
            2.2975
          ],
          [
            12.66177,
            13.80796,
            2.2975
          ],
          [
            9.8482,
            8.9347,
            2.2975
          ],
          [
            9.8482,
            4.06144,
            2.2975
          ],
          [
            15.47535,
            13.80796,
            2.2975
          ],
          [
            12.66177,
            8.9347,
            2.2975
          ],
          [
            4.22104,
            4.06144,
            2.2975
          ],
          [
            9.8482,
            13.80796,
            2.2975
          ],
          [
            7.03462,
            8.9347,
            2.2975
          ],
          [
            5.62769,
            1.62456,
            2.2975
          ],
          [
            11.25484,
            11.37109,
            2.2975
          ],
          [
            8.44127,
            6.49782,
            2.2975
          ],
          [
            8.44127,
            1.62456,
            2.2975
          ],
          [
            14.06842,
            11.37109,
            2.2975
          ],
          [
            11.25484,
            6.49782,
            2.2975
          ],
          [
            2.81411,
            1.62456,
            2.2975
          ],
          [
            8.44127,
            11.37109,
            2.2975
          ],
          [
            5.62769,
            6.49782,
            2.2975
          ],
          [
            1.38931,
            0.81642,
            4.5866
          ],
          [
            7.0247,
            10.60424,
            4.58994
          ],
          [
            4.20252,
            5.721,
            4.56991
          ],
          [
            4.19587,
            0.8074,
            4.58866
          ],
          [
            9.82763,
            10.62143,
            4.58755
          ],
          [
            7.02406,
            5.72254,
            4.54708
          ],
          [
            7.01551,
            0.79137,
            4.57187
          ],
          [
            12.63213,
            10.60868,
            4.59381
          ],
          [
            9.85563,
            5.74823,
            4.56727
          ],
          [
            2.79355,
            3.27079,
            4.58626
          ],
          [
            8.42167,
            13.01647,
            4.58757
          ],
          [
            5.61168,
            8.17638,
            4.55847
          ],
          [
            5.61568,
            3.25154,
            4.58204
          ],
          [
            11.23242,
            13.02004,
            4.60449
          ],
          [
            8.43807,
            8.19273,
            4.57451
          ],
          [
            8.43413,
            3.2573,
            4.5625
          ],
          [
            14.03954,
            12.99305,
            4.61285
          ],
          [
            11.23446,
            8.1925,
            4.56091
          ],
          [
            5.58824,
            0.0606,
            6.91945
          ],
          [
            11.19627,
            9.8525,
            6.91123
          ],
          [
            8.40813,
            4.93693,
            6.82795
          ],
          [
            2.75821,
            0.04438,
            6.94509
          ],
          [
            8.40682,
            9.84795,
            6.93292
          ],
          [
            5.58406,
            4.96123,
            6.90342
          ],
          [
            11.22106,
            4.92788,
            6.89441
          ],
          [
            8.40966,
            0.03148,
            6.93526
          ],
          [
            14.03443,
            9.83802,
            6.89188
          ],
          [
            9.815,
            2.46696,
            6.91039
          ],
          [
            15.45221,
            12.25533,
            6.94576
          ],
          [
            12.61507,
            7.43388,
            6.87109
          ],
          [
            7.01506,
            2.45898,
            6.86537
          ],
          [
            12.61261,
            12.26851,
            6.9686
          ],
          [
            9.81299,
            7.41253,
            6.89683
          ],
          [
            7.0044,
            7.41412,
            6.85795
          ],
          [
            4.18258,
            2.47147,
            6.88818
          ],
          [
            9.79433,
            12.25693,
            6.95071
          ],
          [
            13.80903,
            10.36561,
            10.45296
          ],
          [
            13.50352,
            11.85779,
            10.54717
          ],
          [
            14.74381,
            12.71336,
            10.28566
          ],
          [
            6.24846,
            6.70713,
            10.5077
          ],
          [
            6.56873,
            5.20848,
            10.59942
          ],
          [
            8.03918,
            4.83955,
            10.36553
          ],
          [
            8.28875,
            3.34085,
            10.43436
          ],
          [
            14.53663,
            14.23847,
            10.43017
          ],
          [
            6.56912,
            10.00795,
            10.45771
          ],
          [
            12.76327,
            9.58375,
            10.38871
          ],
          [
            5.06743,
            7.09104,
            10.44128
          ],
          [
            7.29436,
            7.51582,
            10.56916
          ],
          [
            5.69067,
            4.5419,
            9.67533
          ],
          [
            12.452,
            12.2566,
            9.61438
          ],
          [
            13.00166,
            8.5774,
            10.35538
          ],
          [
            13.11459,
            12.0863,
            11.5709
          ],
          [
            11.74077,
            11.54427,
            9.64272
          ],
          [
            15.54192,
            12.35108,
            10.97791
          ],
          [
            15.10582,
            12.49885,
            9.28827
          ],
          [
            6.99421,
            8.54152,
            10.512
          ],
          [
            5.91423,
            3.60807,
            9.61779
          ],
          [
            6.2956,
            4.88665,
            11.63091
          ],
          [
            8.64667,
            5.42754,
            11.05197
          ],
          [
            8.33184,
            5.22785,
            9.42557
          ],
          [
            9.32193,
            3.10587,
            10.1804
          ],
          [
            8.07956,
            3.00472,
            11.4287
          ],
          [
            7.70875,
            2.80665,
            9.71438
          ],
          [
            7.04361,
            0.19031,
            10.14802
          ],
          [
            14.2511,
            14.49924,
            11.48708
          ],
          [
            13.72811,
            14.57538,
            9.74039
          ]
        ],
        "Stress": [
          [
            -65.57748,
            -0.56136,
            -0.26404
          ],
          [
            -0.56136,
            -65.21903,
            0.55483
          ],
          [
            -0.26404,
            0.55483,
            -14.89183
          ]
        ],
        "computation_code": "VASP",
        "pseudopotential_information": [
          [
            "PAW_PBE",
            "Pt",
            "04Feb2005"
          ],
          [
            "PAW_PBE",
            "C",
            "08Apr2002"
          ],
          [
            "PAW_PBE",
            "O",
            "08Apr2002"
          ],
          [
            "PAW_PBE",
            "H",
            "15Jun2001"
          ]
        ]
      }
    ],
    "EnergyStyle": "electronvolt",
    "ForcesStyle": "electronvoltperangstrom",
    "LatticeStyle": "angstrom",
    "PositionsStyle": "angstrom",
    "StressStyle": "kB"
  }
}