{
  "Dataset": {
    "AtomTypeStyle": "chemicalsymbol",
    "Data": [
      {
        "AtomTypes": [
          "Pt",
          "Pt",
          "Pt",
          "Pt",
          "Pt",
          "Pt",
          "Pt",
          "Pt",
          "Pt",
          "Pt",
          "Pt",
          "Pt",
          "Pt",
          "Pt",
          "Pt",
          "Pt",
          "Pt",
          "Pt",
          "Pt",
          "Pt",
          "Pt",
          "Pt",
          "Pt",
          "Pt",
          "Pt",
          "Pt",
          "Pt",
          "Pt",
          "Pt",
          "Pt",
          "Pt",
          "Pt",
          "Pt",
          "Pt",
          "Pt",
          "Pt",
          "Pt",
          "Pt",
          "Pt",
          "Pt",
          "Pt",
          "Pt",
          "Pt",
          "Pt",
          "Pt",
          "Pt",
          "Pt",
          "Pt",
          "Pt",
          "Pt",
          "Pt",
          "Pt",
          "Pt",
          "Pt",
          "Pt",
          "Pt",
          "Pt",
          "Pt",
          "Pt",
          "Pt",
          "Pt",
          "Pt",
          "Pt",
          "Pt",
          "Pt",
          "Pt",
          "Pt",
          "Pt",
          "Pt",
          "Pt",
          "Pt",
          "Pt",
          "C",
          "C",
          "C",
          "C",
          "C",
          "C",
          "C",
          "C",
          "O",
          "O",
          "O",
          "O",
          "O",
          "O",
          "H",
          "H",
          "H",
          "H",
          "H",
          "H",
          "H",
          "H",
          "H",
          "H",
          "H",
          "H",
          "H",
          "H",
          "H",
          "H"
        ],
        "Energy": -377.2165543,
        "Forces": [
          [
            0.017527,
            -0.031377,
            -0.025903
          ],
          [
            -0.00409,
            -0.02406,
            -0.037055
          ],
          [
            0.017485,
            -0.018247,
            -0.048665
          ],
          [
            0.01955,
            -0.030888,
            -0.023109
          ],
          [
            0.010609,
            -0.038908,
            -0.050873
          ],
          [
            0.017582,
            -0.021642,
            -0.066942
          ],
          [
            0.008946,
            -0.031849,
            -0.034787
          ],
          [
            0.030912,
            -0.026819,
            -0.040074
          ],
          [
            0.016796,
            -0.039984,
            -0.072466
          ],
          [
            0.004885,
            -0.029476,
            -0.042488
          ],
          [
            0.022039,
            -0.028234,
            -0.041509
          ],
          [
            0.027211,
            -0.015358,
            -0.02894
          ],
          [
            0.014651,
            -0.038845,
            -0.040334
          ],
          [
            0.010857,
            -0.027957,
            -0.049148
          ],
          [
            0.019706,
            -0.008765,
            -0.040537
          ],
          [
            0.016444,
            -0.005472,
            -0.127772
          ],
          [
            0.016323,
            -0.032923,
            -0.045704
          ],
          [
            0.002606,
            -0.013066,
            -0.029873
          ],
          [
            -0.03328,
            0.028644,
            -0.05383
          ],
          [
            -0.021361,
            -0.015992,
            -0.076846
          ],
          [
            -0.036762,
            0.035395,
            -0.105567
          ],
          [
            -0.017404,
            0.040034,
            -0.077995
          ],
          [
            -0.086598,
            0.00712,
            -0.103057
          ],
          [
            -0.004156,
            0.0613,
            -0.128633
          ],
          [
            -0.001854,
            0.027585,
            -0.063508
          ],
          [
            0.016709,
            -0.001154,
            -0.093432
          ],
          [
            -0.005108,
            0.025591,
            -0.111132
          ],
          [
            -0.025161,
            0.061696,
            -0.080847
          ],
          [
            0.020148,
            0.048781,
            -0.055015
          ],
          [
            -0.015691,
            0.030331,
            -0.045851
          ],
          [
            -0.025987,
            0.017004,
            -0.096618
          ],
          [
            -0.05425,
            0.067623,
            -0.080745
          ],
          [
            -0.005783,
            -0.006551,
            -0.100088
          ],
          [
            -0.00164,
            0.043331,
            -0.09595
          ],
          [
            -0.003466,
            0.010323,
            -0.13971
          ],
          [
            -0.030421,
            0.013737,
            -0.090376
          ],
          [
            0.000314,
            0.032686,
            0.072872
          ],
          [
            -0.017381,
            -0.037692,
            0.06533
          ],
          [
            0.024445,
            0.002975,
            0.089785
          ],
          [
            -0.021095,
            0.030827,
            0.053137
          ],
          [
            -0.008254,
            -0.035661,
            0.048032
          ],
          [
            -0.00303,
            -0.012093,
            0.086975
          ],
          [
            0.012923,
            0.038314,
            0.049071
          ],
          [
            0.002592,
            0.038226,
            0.064192
          ],
          [
            -0.032096,
            -0.019203,
            0.026028
          ],
          [
            -0.006576,
            0.001614,
            0.087407
          ],
          [
            0.010797,
            0.05232,
            0.066187
          ],
          [
            -0.021157,
            0.007575,
            0.081004
          ],
          [
            0.006184,
            -0.032533,
            0.038711
          ],
          [
            0.007413,
            0.030846,
            0.050678
          ],
          [
            0.014144,
            -0.015356,
            0.069029
          ],
          [
            0.001426,
            0.005485,
            0.082956
          ],
          [
            -0.014766,
            0.026393,
            0.061514
          ],
          [
            0.011418,
            -0.030322,
            0.119577
          ],
          [
            -0.014168,
            -0.064669,
            0.084837
          ],
          [
            0.024619,
            -0.013913,
            0.076953
          ],
          [
            0.095305,
            -0.018598,
            0.102681
          ],
          [
            0.040242,
            0.003074,
            0.056326
          ],
          [
            -0.030856,
            -0.044319,
            0.068453
          ],
          [
            -0.000166,
            0.004918,
            0.062769
          ],
          [
            -0.049657,
            -0.020988,
            0.096731
          ],
          [
            -0.007006,
            -0.003866,
            0.062947
          ],
          [
            0.019213,
            0.010866,
            0.110403
          ],
          [
            0.020844,
            0.028574,
            0.076347
          ],
          [
            -0.072569,
            0.013021,
            0.132715
          ],
          [
            -0.02477,
            0.016265,
            0.04715
          ],
          [
            0.032272,
            -0.064331,
            0.03987
          ],
          [
            0.007012,
            0.011626,
            0.120772
          ],
          [
            -0.014893,
            0.01537,
            0.084943
          ],
          [
            0.03694,
            0.061536,
            0.046984
          ],
          [
            -0.056406,
            -0.067891,
            0.039605
          ],
          [
            0.031581,
            0.010764,
            0.048328
          ],
          [
            0.325038,
            0.256615,
            0.18245
          ],
          [
            -0.643252,
            0.053985,
            -0.937264
          ],
          [
            0.690979,
            -0.531705,
            0.423814
          ],
          [
            -1.289947,
            0.779692,
            0.471422
          ],
          [
            -0.656781,
            0.297995,
            -0.157241
          ],
          [
            1.255447,
            0.255564,
            -0.389497
          ],
          [
            0.385453,
            0.310251,
            0.363548
          ],
          [
            0.433734,
            -0.13594,
            0.212525
          ],
          [
            0.768611,
            -0.218757,
            0.000766
          ],
          [
            -1.094942,
            1.076004,
            -0.189491
          ],
          [
            0.9098,
            -0.58005,
            -0.35652
          ],
          [
            1.047925,
            -1.65825,
            -0.047042
          ],
          [
            0.264357,
            -0.439676,
            -0.275624
          ],
          [
            0.201869,
            0.018745,
            0.14378
          ],
          [
            0.348325,
            -0.934504,
            0.196589
          ],
          [
            -0.287434,
            0.001857,
            0.862361
          ],
          [
            0.048354,
            -0.065038,
            0.032421
          ],
          [
            -0.36425,
            0.220187,
            -0.596042
          ],
          [
            0.155499,
            -0.032978,
            0.055851
          ],
          [
            -0.470323,
            1.576014,
            -0.126757
          ],
          [
            -0.142258,
            0.42808,
            0.109906
          ],
          [
            -0.005591,
            -0.115857,
            0.214972
          ],
          [
            -0.725051,
            -0.255836,
            -1.084438
          ],
          [
            -0.134221,
            -0.399715,
            1.354231
          ],
          [
            -0.423458,
            -0.100525,
            0.028724
          ],
          [
            0.06706,
            0.238913,
            -0.36034
          ],
          [
            -0.02034,
            -0.16624,
            -0.186286
          ],
          [
            -0.120967,
            -0.024418,
            0.027538
          ],
          [
            -0.112667,
            0.001795,
            0.210506
          ],
          [
            -0.349228,
            0.151167,
            -0.33218
          ]
        ],
        "Lattice": [
          [
            8.440733911,
            0.0,
            0.0
          ],
          [
            8.440733911,
            14.619780548,
            0.0
          ],
          [
            0.0,
            0.0,
            21.483230591
          ]
        ],
        "NumAtoms": 102,
        "Positions": [
          [
            4.22079,
            2.43687,
            0.0
          ],
          [
            9.84794,
            12.18339,
            0.0
          ],
          [
            7.03437,
            7.31013,
            0.0
          ],
          [
            7.03437,
            2.43687,
            0.0
          ],
          [
            12.66152,
            12.18339,
            0.0
          ],
          [
            9.84795,
            7.31013,
            0.0
          ],
          [
            1.40721,
            2.43687,
            0.0
          ],
          [
            7.03437,
            12.18339,
            0.0
          ],
          [
            4.22079,
            7.31013,
            0.0
          ],
          [
            2.81385,
            0.0,
            0.0
          ],
          [
            8.44101,
            9.74652,
            0.0
          ],
          [
            5.62743,
            4.87326,
            0.0
          ],
          [
            5.62743,
            0.0,
            0.0
          ],
          [
            11.25459,
            9.74652,
            0.0
          ],
          [
            8.44101,
            4.87326,
            0.0
          ],
          [
            0.00028,
            0.0,
            0.0
          ],
          [
            5.62743,
            9.74652,
            0.0
          ],
          [
            2.81385,
            4.87326,
            0.0
          ],
          [
            7.03462,
            4.06144,
            2.2975
          ],
          [
            12.66177,
            13.80796,
            2.2975
          ],
          [
            9.8482,
            8.9347,
            2.2975
          ],
          [
            9.8482,
            4.06144,
            2.2975
          ],
          [
            15.47535,
            13.80796,
            2.2975
          ],
          [
            12.66177,
            8.9347,
            2.2975
          ],
          [
            4.22104,
            4.06144,
            2.2975
          ],
          [
            9.8482,
            13.80796,
            2.2975
          ],
          [
            7.03462,
            8.9347,
            2.2975
          ],
          [
            5.62769,
            1.62456,
            2.2975
          ],
          [
            11.25484,
            11.37109,
            2.2975
          ],
          [
            8.44127,
            6.49782,
            2.2975
          ],
          [
            8.44127,
            1.62456,
            2.2975
          ],
          [
            14.06842,
            11.37109,
            2.2975
          ],
          [
            11.25484,
            6.49782,
            2.2975
          ],
          [
            2.81411,
            1.62456,
            2.2975
          ],
          [
            8.44127,
            11.37109,
            2.2975
          ],
          [
            5.62769,
            6.49782,
            2.2975
          ],
          [
            1.38768,
            0.84768,
            4.53751
          ],
          [
            7.02327,
            10.59009,
            4.5365
          ],
          [
            4.20191,
            5.70933,
            4.5523
          ],
          [
            4.20091,
            0.85395,
            4.5428
          ],
          [
            9.82959,
            10.59478,
            4.54573
          ],
          [
            7.00927,
            5.7131,
            4.55116
          ],
          [
            7.01817,
            0.84958,
            4.5391
          ],
          [
            12.64221,
            10.58586,
            4.54771
          ],
          [
            9.82877,
            5.71672,
            4.55245
          ],
          [
            2.79305,
            3.28212,
            4.54899
          ],
          [
            8.42428,
            13.03348,
            4.53005
          ],
          [
            5.61092,
            8.13964,
            4.53855
          ],
          [
            5.60756,
            3.2901,
            4.56043
          ],
          [
            11.24474,
            13.0255,
            4.55427
          ],
          [
            8.41923,
            8.15096,
            4.54817
          ],
          [
            8.41945,
            3.28415,
            4.54895
          ],
          [
            14.03922,
            13.02161,
            4.55496
          ],
          [
            11.2365,
            8.14799,
            4.53301
          ],
          [
            5.59908,
            0.12081,
            6.80986
          ],
          [
            11.20167,
            9.79687,
            6.82619
          ],
          [
            8.38801,
            4.95389,
            6.85149
          ],
          [
            2.76544,
            0.09596,
            6.82896
          ],
          [
            8.41034,
            9.81022,
            6.84909
          ],
          [
            5.58085,
            4.95792,
            6.88952
          ],
          [
            11.21556,
            4.94936,
            6.84939
          ],
          [
            8.40804,
            0.08542,
            6.84096
          ],
          [
            14.04245,
            9.79759,
            6.80783
          ],
          [
            9.80408,
            2.51586,
            6.84653
          ],
          [
            15.47384,
            12.25301,
            6.81056
          ],
          [
            12.62257,
            7.37991,
            6.84929
          ],
          [
            6.99286,
            2.53031,
            6.86263
          ],
          [
            12.63786,
            12.26345,
            6.85523
          ],
          [
            9.81052,
            7.37606,
            6.84481
          ],
          [
            6.99271,
            7.37423,
            6.8582
          ],
          [
            4.182,
            2.53495,
            6.86191
          ],
          [
            9.79699,
            12.25117,
            6.83179
          ],
          [
            13.72042,
            10.37511,
            10.11537
          ],
          [
            13.31951,
            11.84974,
            10.20351
          ],
          [
            14.44966,
            12.84303,
            10.09586
          ],
          [
            6.13395,
            6.62539,
            10.70241
          ],
          [
            6.45965,
            5.1342,
            10.78021
          ],
          [
            7.88609,
            4.76564,
            10.48706
          ],
          [
            8.14331,
            3.24622,
            10.51797
          ],
          [
            14.07086,
            14.31198,
            10.20369
          ],
          [
            6.45677,
            10.0347,
            10.15746
          ],
          [
            12.71688,
            9.52194,
            10.09695
          ],
          [
            4.97659,
            7.06712,
            10.90385
          ],
          [
            7.15312,
            7.42735,
            10.47089
          ],
          [
            5.4948,
            4.53294,
            9.88914
          ],
          [
            12.30626,
            12.16783,
            9.18398
          ],
          [
            12.9851,
            8.58443,
            10.29676
          ],
          [
            12.79171,
            11.98323,
            11.14064
          ],
          [
            11.54365,
            11.54626,
            9.23805
          ],
          [
            15.19678,
            12.55512,
            10.89452
          ],
          [
            14.94685,
            12.66519,
            9.1128
          ],
          [
            6.89078,
            8.35829,
            10.37325
          ],
          [
            5.79671,
            3.61976,
            9.64898
          ],
          [
            6.19826,
            4.84285,
            11.81659
          ],
          [
            8.56951,
            5.24494,
            11.28162
          ],
          [
            8.15968,
            5.17434,
            9.42502
          ],
          [
            9.22626,
            3.07409,
            10.30689
          ],
          [
            7.9025,
            2.78887,
            11.51202
          ],
          [
            7.56903,
            2.71658,
            9.74255
          ],
          [
            6.52437,
            0.30714,
            9.98069
          ],
          [
            13.72012,
            14.58504,
            11.20851
          ],
          [
            13.2925,
            14.57625,
            9.48836
          ]
        ],
        "Stress": [
          [
            -56.82574,
            -0.82178,
            -0.39301
          ],
          [
            -0.82178,
            -57.78677,
            0.65499
          ],
          [
            -0.39301,
            0.65499,
            -7.77104
          ]
        ],
        "computation_code": "VASP",
        "pseudopotential_information": [
          [
            "PAW_PBE",
            "Pt",
            "04Feb2005"
          ],
          [
            "PAW_PBE",
            "C",
            "08Apr2002"
          ],
          [
            "PAW_PBE",
            "O",
            "08Apr2002"
          ],
          [
            "PAW_PBE",
            "H",
            "15Jun2001"
          ]
        ]
      }
    ],
    "EnergyStyle": "electronvolt",
    "ForcesStyle": "electronvoltperangstrom",
    "LatticeStyle": "angstrom",
    "PositionsStyle": "angstrom",
    "StressStyle": "kB"
  }
}