{
  "Dataset": {
    "AtomTypeStyle": "chemicalsymbol",
    "Data": [
      {
        "AtomTypes": [
          "Pt",
          "Pt",
          "Pt",
          "Pt",
          "Pt",
          "Pt",
          "Pt",
          "Pt",
          "Pt",
          "Pt",
          "Pt",
          "Pt",
          "Pt",
          "Pt",
          "Pt",
          "Pt",
          "Pt",
          "Pt",
          "Pt",
          "Pt",
          "Pt",
          "Pt",
          "Pt",
          "Pt",
          "Pt",
          "Pt",
          "Pt",
          "Pt",
          "Pt",
          "Pt",
          "Pt",
          "Pt",
          "Pt",
          "Pt",
          "Pt",
          "Pt",
          "Pt",
          "Pt",
          "Pt",
          "Pt",
          "Pt",
          "Pt",
          "Pt",
          "Pt",
          "Pt",
          "Pt",
          "Pt",
          "Pt",
          "Pt",
          "Pt",
          "Pt",
          "Pt",
          "Pt",
          "Pt",
          "Pt",
          "Pt",
          "Pt",
          "Pt",
          "Pt",
          "Pt",
          "Pt",
          "Pt",
          "Pt",
          "Pt",
          "Pt",
          "Pt",
          "Pt",
          "Pt",
          "Pt",
          "Pt",
          "Pt",
          "Pt",
          "C",
          "C",
          "C",
          "C",
          "C",
          "C",
          "C",
          "C",
          "O",
          "O",
          "O",
          "O",
          "O",
          "O",
          "H",
          "H",
          "H",
          "H",
          "H",
          "H",
          "H",
          "H",
          "H",
          "H",
          "H",
          "H",
          "H",
          "H",
          "H",
          "H"
        ],
        "Energy": -377.36609563,
        "Forces": [
          [
            0.018784,
            -0.034703,
            -0.058409
          ],
          [
            0.005042,
            0.004096,
            -0.01239
          ],
          [
            0.02213,
            -0.041328,
            -0.021
          ],
          [
            0.01028,
            -0.032818,
            -0.043638
          ],
          [
            0.015236,
            -0.013131,
            -0.034138
          ],
          [
            0.016103,
            -0.028874,
            -0.117547
          ],
          [
            0.018659,
            -0.015154,
            -0.036649
          ],
          [
            0.024656,
            -0.009741,
            -0.043564
          ],
          [
            -0.003053,
            -0.054375,
            -0.0635
          ],
          [
            0.024431,
            -0.000118,
            -0.041848
          ],
          [
            0.024698,
            -0.025556,
            -0.044763
          ],
          [
            0.013477,
            -0.052828,
            -0.046277
          ],
          [
            0.023205,
            -0.00674,
            -0.091231
          ],
          [
            0.006669,
            -0.039383,
            -0.040369
          ],
          [
            0.022788,
            -0.017985,
            -0.033336
          ],
          [
            -0.003643,
            0.008445,
            -0.101519
          ],
          [
            0.011996,
            -0.031452,
            -0.020243
          ],
          [
            0.010198,
            -0.025061,
            -0.05182
          ],
          [
            -0.018854,
            0.071689,
            -0.088926
          ],
          [
            -0.091428,
            -0.090593,
            0.070787
          ],
          [
            0.011081,
            0.101484,
            0.069689
          ],
          [
            -0.038971,
            -0.022085,
            -0.185777
          ],
          [
            0.013423,
            -0.042286,
            0.049879
          ],
          [
            -0.016896,
            0.111469,
            0.101909
          ],
          [
            0.001547,
            0.116845,
            -0.116093
          ],
          [
            0.041429,
            -0.131478,
            0.199889
          ],
          [
            -0.042927,
            0.067104,
            0.002534
          ],
          [
            0.000123,
            -0.017553,
            -0.094723
          ],
          [
            -0.028898,
            0.046309,
            0.279586
          ],
          [
            -0.101872,
            0.082519,
            -0.068907
          ],
          [
            -0.000492,
            -0.048146,
            -0.051837
          ],
          [
            -0.050817,
            0.042988,
            0.079481
          ],
          [
            0.028924,
            0.087827,
            -0.008392
          ],
          [
            -0.035222,
            -0.052001,
            -0.080396
          ],
          [
            0.034142,
            0.014308,
            0.153323
          ],
          [
            -0.019274,
            0.077139,
            -0.025303
          ],
          [
            0.013358,
            0.063992,
            0.001782
          ],
          [
            0.086823,
            0.096544,
            0.016242
          ],
          [
            -0.123582,
            -0.038016,
            -0.107302
          ],
          [
            -0.023432,
            -0.091517,
            0.02772
          ],
          [
            0.021725,
            0.005711,
            -0.112059
          ],
          [
            0.047794,
            0.027072,
            0.035521
          ],
          [
            0.015823,
            -0.120995,
            -0.024988
          ],
          [
            -0.068573,
            0.012216,
            0.010805
          ],
          [
            0.15605,
            0.092027,
            0.068918
          ],
          [
            -0.06853,
            0.052777,
            0.079883
          ],
          [
            -0.000662,
            -0.024699,
            -0.121813
          ],
          [
            -0.007783,
            -0.004833,
            -0.028915
          ],
          [
            0.020837,
            0.009478,
            0.215297
          ],
          [
            -0.038381,
            0.019734,
            -0.149164
          ],
          [
            0.106093,
            0.010991,
            0.02493
          ],
          [
            0.030849,
            -0.009948,
            0.03237
          ],
          [
            0.047817,
            -0.00396,
            0.056203
          ],
          [
            -0.064528,
            -0.034062,
            -0.069038
          ],
          [
            0.035796,
            -0.053495,
            0.078086
          ],
          [
            -0.013408,
            0.112585,
            -0.093939
          ],
          [
            -0.175111,
            0.032069,
            0.047101
          ],
          [
            -0.060463,
            -0.138016,
            0.032022
          ],
          [
            0.039628,
            0.109961,
            0.000355
          ],
          [
            0.084263,
            -0.004994,
            0.175462
          ],
          [
            -0.009295,
            -0.055735,
            0.288391
          ],
          [
            0.048589,
            -0.158866,
            -0.021311
          ],
          [
            0.00267,
            0.058332,
            0.011581
          ],
          [
            -0.033948,
            -0.126052,
            0.21094
          ],
          [
            0.052465,
            0.000946,
            0.048806
          ],
          [
            -0.034606,
            0.255949,
            0.020615
          ],
          [
            -0.00935,
            -0.027327,
            -0.004907
          ],
          [
            -0.054903,
            -0.017693,
            -0.106809
          ],
          [
            -0.032299,
            0.098653,
            0.193527
          ],
          [
            0.050136,
            0.047403,
            -0.008324
          ],
          [
            0.053101,
            -0.056952,
            0.036018
          ],
          [
            -0.002801,
            -0.032583,
            -0.164065
          ],
          [
            0.629428,
            0.523348,
            0.275992
          ],
          [
            0.247765,
            -1.462549,
            -0.06384
          ],
          [
            0.036894,
            -0.136129,
            -1.14194
          ],
          [
            -1.212273,
            0.484239,
            -0.303548
          ],
          [
            -0.533182,
            -0.180944,
            -0.327444
          ],
          [
            0.113727,
            0.01999,
            -1.073243
          ],
          [
            0.499187,
            1.833544,
            0.576931
          ],
          [
            -0.504012,
            0.839224,
            0.224659
          ],
          [
            -0.911078,
            -0.057331,
            -0.286124
          ],
          [
            0.151596,
            0.138649,
            -0.160156
          ],
          [
            1.099782,
            -0.184135,
            0.103085
          ],
          [
            0.458092,
            0.225186,
            0.082461
          ],
          [
            0.288869,
            0.170117,
            0.459575
          ],
          [
            -0.635953,
            0.074247,
            -0.018617
          ],
          [
            -0.285031,
            -0.152326,
            0.026366
          ],
          [
            -0.216223,
            0.243958,
            0.23909
          ],
          [
            -0.048033,
            0.009348,
            -0.074426
          ],
          [
            0.445914,
            -0.095642,
            0.207072
          ],
          [
            0.099336,
            0.074261,
            0.766983
          ],
          [
            0.062429,
            -0.011919,
            -0.030863
          ],
          [
            0.047419,
            -0.145268,
            0.051844
          ],
          [
            -0.074469,
            0.057215,
            -0.143961
          ],
          [
            0.160639,
            -0.179227,
            -0.110521
          ],
          [
            -0.307019,
            -0.481994,
            1.193719
          ],
          [
            0.465716,
            -0.387416,
            -0.030454
          ],
          [
            -0.032514,
            -0.234401,
            0.38428
          ],
          [
            -0.664069,
            -0.735517,
            -0.984061
          ],
          [
            0.638556,
            0.172522,
            -0.095455
          ],
          [
            -0.029881,
            -0.220802,
            0.32668
          ],
          [
            -0.04135,
            -0.2956,
            -0.254332
          ]
        ],
        "Lattice": [
          [
            8.440733911,
            0.0,
            0.0
          ],
          [
            8.440733911,
            14.619780548,
            0.0
          ],
          [
            0.0,
            0.0,
            21.483230591
          ]
        ],
        "NumAtoms": 102,
        "Positions": [
          [
            4.22079,
            2.43687,
            0.0
          ],
          [
            9.84794,
            12.18339,
            0.0
          ],
          [
            7.03437,
            7.31013,
            0.0
          ],
          [
            7.03437,
            2.43687,
            0.0
          ],
          [
            12.66152,
            12.18339,
            0.0
          ],
          [
            9.84795,
            7.31013,
            0.0
          ],
          [
            1.40721,
            2.43687,
            0.0
          ],
          [
            7.03437,
            12.18339,
            0.0
          ],
          [
            4.22079,
            7.31013,
            0.0
          ],
          [
            2.81385,
            0.0,
            0.0
          ],
          [
            8.44101,
            9.74652,
            0.0
          ],
          [
            5.62743,
            4.87326,
            0.0
          ],
          [
            5.62743,
            0.0,
            0.0
          ],
          [
            11.25459,
            9.74652,
            0.0
          ],
          [
            8.44101,
            4.87326,
            0.0
          ],
          [
            0.00028,
            0.0,
            0.0
          ],
          [
            5.62743,
            9.74652,
            0.0
          ],
          [
            2.81385,
            4.87326,
            0.0
          ],
          [
            7.03462,
            4.06144,
            2.2975
          ],
          [
            12.66177,
            13.80796,
            2.2975
          ],
          [
            9.8482,
            8.9347,
            2.2975
          ],
          [
            9.8482,
            4.06144,
            2.2975
          ],
          [
            15.47535,
            13.80796,
            2.2975
          ],
          [
            12.66177,
            8.9347,
            2.2975
          ],
          [
            4.22104,
            4.06144,
            2.2975
          ],
          [
            9.8482,
            13.80796,
            2.2975
          ],
          [
            7.03462,
            8.9347,
            2.2975
          ],
          [
            5.62769,
            1.62456,
            2.2975
          ],
          [
            11.25484,
            11.37109,
            2.2975
          ],
          [
            8.44127,
            6.49782,
            2.2975
          ],
          [
            8.44127,
            1.62456,
            2.2975
          ],
          [
            14.06842,
            11.37109,
            2.2975
          ],
          [
            11.25484,
            6.49782,
            2.2975
          ],
          [
            2.81411,
            1.62456,
            2.2975
          ],
          [
            8.44127,
            11.37109,
            2.2975
          ],
          [
            5.62769,
            6.49782,
            2.2975
          ],
          [
            1.38909,
            0.81226,
            4.55304
          ],
          [
            7.00672,
            10.57884,
            4.56952
          ],
          [
            4.22525,
            5.73272,
            4.55693
          ],
          [
            4.19943,
            0.84106,
            4.54504
          ],
          [
            9.82725,
            10.59194,
            4.60702
          ],
          [
            7.00537,
            5.71435,
            4.56145
          ],
          [
            7.01818,
            0.84076,
            4.55187
          ],
          [
            12.643,
            10.59993,
            4.59648
          ],
          [
            9.81257,
            5.71083,
            4.51835
          ],
          [
            2.80594,
            3.26794,
            4.52647
          ],
          [
            8.42717,
            13.01453,
            4.5896
          ],
          [
            5.60696,
            8.1648,
            4.56987
          ],
          [
            5.60806,
            3.28179,
            4.5365
          ],
          [
            11.24556,
            13.00638,
            4.62582
          ],
          [
            8.41105,
            8.15696,
            4.55052
          ],
          [
            8.41704,
            3.27086,
            4.54258
          ],
          [
            14.03647,
            13.01664,
            4.56602
          ],
          [
            11.24784,
            8.17091,
            4.56524
          ],
          [
            5.5828,
            0.09824,
            6.83239
          ],
          [
            11.21903,
            9.78772,
            6.91991
          ],
          [
            8.44608,
            4.93683,
            6.83788
          ],
          [
            2.78182,
            0.10054,
            6.87766
          ],
          [
            8.40185,
            9.78628,
            6.89053
          ],
          [
            5.60074,
            4.947,
            6.86215
          ],
          [
            11.21975,
            4.93995,
            6.78282
          ],
          [
            8.40332,
            0.09886,
            6.87594
          ],
          [
            14.03169,
            9.79206,
            6.89199
          ],
          [
            9.82453,
            2.51725,
            6.81274
          ],
          [
            15.44257,
            12.24398,
            6.85978
          ],
          [
            12.6317,
            7.35273,
            6.87376
          ],
          [
            7.00325,
            2.51121,
            6.84612
          ],
          [
            12.62936,
            12.25334,
            6.95472
          ],
          [
            9.82187,
            7.36119,
            6.81949
          ],
          [
            7.00334,
            7.37474,
            6.87016
          ],
          [
            4.1797,
            2.51282,
            6.84826
          ],
          [
            9.80574,
            12.25311,
            6.94265
          ],
          [
            14.08401,
            10.47177,
            10.39896
          ],
          [
            13.72103,
            11.98941,
            10.45999
          ],
          [
            14.83798,
            12.9235,
            10.13335
          ],
          [
            6.03927,
            6.75897,
            10.3216
          ],
          [
            6.27275,
            5.25974,
            10.35041
          ],
          [
            7.7119,
            4.8154,
            10.205
          ],
          [
            7.83371,
            3.2778,
            10.33022
          ],
          [
            14.41888,
            14.3601,
            10.24848
          ],
          [
            6.82002,
            10.05964,
            10.56118
          ],
          [
            13.02096,
            9.71075,
            10.28865
          ],
          [
            4.87716,
            7.2184,
            10.12298
          ],
          [
            7.08926,
            7.49011,
            10.54494
          ],
          [
            5.37103,
            4.7391,
            9.32085
          ],
          [
            12.63063,
            12.25976,
            9.59567
          ],
          [
            13.22613,
            8.66684,
            10.19826
          ],
          [
            13.41977,
            12.11056,
            11.51923
          ],
          [
            11.97024,
            11.53707,
            9.68615
          ],
          [
            15.70007,
            12.68544,
            10.75117
          ],
          [
            15.11745,
            12.71543,
            9.03419
          ],
          [
            6.93682,
            8.53643,
            10.54519
          ],
          [
            5.27566,
            3.76746,
            9.38707
          ],
          [
            5.89559,
            4.9104,
            11.34391
          ],
          [
            8.29174,
            5.36088,
            10.97228
          ],
          [
            8.0929,
            5.18471,
            9.15825
          ],
          [
            8.87076,
            3.00575,
            10.16247
          ],
          [
            7.50851,
            2.96159,
            11.32352
          ],
          [
            7.23135,
            2.8028,
            9.59155
          ],
          [
            6.81036,
            0.43604,
            10.21282
          ],
          [
            13.8799,
            14.59487,
            11.1812
          ],
          [
            5.28219,
            0.08247,
            9.45951
          ]
        ],
        "Stress": [
          [
            -58.98993,
            0.18254,
            0.19387
          ],
          [
            0.18254,
            -59.81575,
            0.85088
          ],
          [
            0.19387,
            0.85088,
            -10.20303
          ]
        ],
        "computation_code": "VASP",
        "pseudopotential_information": [
          [
            "PAW_PBE",
            "Pt",
            "04Feb2005"
          ],
          [
            "PAW_PBE",
            "C",
            "08Apr2002"
          ],
          [
            "PAW_PBE",
            "O",
            "08Apr2002"
          ],
          [
            "PAW_PBE",
            "H",
            "15Jun2001"
          ]
        ]
      }
    ],
    "EnergyStyle": "electronvolt",
    "ForcesStyle": "electronvoltperangstrom",
    "LatticeStyle": "angstrom",
    "PositionsStyle": "angstrom",
    "StressStyle": "kB"
  }
}