{
  "Dataset": {
    "AtomTypeStyle": "chemicalsymbol",
    "Data": [
      {
        "AtomTypes": [
          "Pt",
          "Pt",
          "Pt",
          "Pt",
          "Pt",
          "Pt",
          "Pt",
          "Pt",
          "Pt",
          "Pt",
          "Pt",
          "Pt",
          "Pt",
          "Pt",
          "Pt",
          "Pt",
          "Pt",
          "Pt",
          "Pt",
          "Pt",
          "Pt",
          "Pt",
          "Pt",
          "Pt",
          "Pt",
          "Pt",
          "Pt",
          "Pt",
          "Pt",
          "Pt",
          "Pt",
          "Pt",
          "Pt",
          "Pt",
          "Pt",
          "Pt",
          "Pt",
          "Pt",
          "Pt",
          "Pt",
          "Pt",
          "Pt",
          "Pt",
          "Pt",
          "Pt",
          "Pt",
          "Pt",
          "Pt",
          "Pt",
          "Pt",
          "Pt",
          "Pt",
          "Pt",
          "Pt",
          "Pt",
          "Pt",
          "Pt",
          "Pt",
          "Pt",
          "Pt",
          "Pt",
          "Pt",
          "Pt",
          "Pt",
          "Pt",
          "Pt",
          "Pt",
          "Pt",
          "Pt",
          "Pt",
          "Pt",
          "Pt",
          "C",
          "C",
          "C",
          "C",
          "C",
          "C",
          "C",
          "C",
          "O",
          "O",
          "O",
          "O",
          "O",
          "O",
          "H",
          "H",
          "H",
          "H",
          "H",
          "H",
          "H",
          "H",
          "H",
          "H",
          "H",
          "H",
          "H",
          "H",
          "H",
          "H"
        ],
        "Energy": -377.40725135,
        "Forces": [
          [
            0.015465,
            -0.035812,
            -0.035607
          ],
          [
            -0.002825,
            -0.013083,
            -0.040055
          ],
          [
            0.019145,
            -0.027175,
            -0.037867
          ],
          [
            0.015973,
            -0.03702,
            -0.036067
          ],
          [
            0.008625,
            -0.024108,
            -0.043655
          ],
          [
            0.018066,
            -0.017943,
            -0.096482
          ],
          [
            0.012858,
            -0.033187,
            -0.040241
          ],
          [
            0.030684,
            -0.016655,
            -0.038239
          ],
          [
            0.004406,
            -0.046334,
            -0.071863
          ],
          [
            0.009567,
            -0.022355,
            -0.05163
          ],
          [
            0.020443,
            -0.024932,
            -0.038857
          ],
          [
            0.024949,
            -0.029649,
            -0.038773
          ],
          [
            0.014877,
            -0.030944,
            -0.059817
          ],
          [
            0.009895,
            -0.029255,
            -0.040984
          ],
          [
            0.023944,
            -0.013861,
            -0.041023
          ],
          [
            0.014245,
            -0.002005,
            -0.126959
          ],
          [
            0.014862,
            -0.026691,
            -0.035909
          ],
          [
            -0.001318,
            -0.021367,
            -0.043097
          ],
          [
            -0.041649,
            0.050953,
            0.087738
          ],
          [
            -0.022965,
            -0.031662,
            0.047754
          ],
          [
            -0.008988,
            0.026967,
            0.053399
          ],
          [
            -0.018416,
            0.018592,
            0.030893
          ],
          [
            -0.055298,
            0.00037,
            0.029062
          ],
          [
            -0.00669,
            0.069776,
            0.055917
          ],
          [
            0.010721,
            0.046949,
            0.078709
          ],
          [
            0.018524,
            -0.007479,
            0.077745
          ],
          [
            -0.015314,
            0.017406,
            0.038173
          ],
          [
            -0.019929,
            0.064238,
            0.021684
          ],
          [
            0.019297,
            0.03961,
            0.117042
          ],
          [
            -0.06193,
            0.016312,
            0.085475
          ],
          [
            -0.004726,
            0.026522,
            0.025355
          ],
          [
            -0.046142,
            0.045928,
            0.081432
          ],
          [
            0.022725,
            0.0024,
            0.051465
          ],
          [
            -0.010331,
            0.044731,
            0.035018
          ],
          [
            -0.002624,
            0.011597,
            0.046594
          ],
          [
            -0.018648,
            0.008271,
            0.062525
          ],
          [
            -0.008761,
            0.000556,
            -0.015393
          ],
          [
            0.003506,
            0.01425,
            -0.008894
          ],
          [
            -0.027788,
            -0.0239,
            -0.02715
          ],
          [
            0.012576,
            0.012194,
            -0.014279
          ],
          [
            -0.003042,
            0.006346,
            -0.015702
          ],
          [
            0.016849,
            0.003984,
            -0.051969
          ],
          [
            -0.010072,
            -0.003671,
            -0.005035
          ],
          [
            -0.009016,
            -0.007445,
            -0.031735
          ],
          [
            0.01317,
            -0.008402,
            0.004634
          ],
          [
            0.009029,
            0.02324,
            -0.023364
          ],
          [
            0.003947,
            -0.009575,
            -0.014345
          ],
          [
            0.011685,
            -0.009292,
            -0.023124
          ],
          [
            -0.001532,
            0.02938,
            0.001582
          ],
          [
            0.007156,
            -0.006716,
            -0.020348
          ],
          [
            -0.006727,
            0.005678,
            -0.017788
          ],
          [
            -0.002425,
            0.005195,
            -0.033446
          ],
          [
            -0.007226,
            0.001415,
            -0.002343
          ],
          [
            -0.017222,
            -0.00102,
            -0.040219
          ],
          [
            0.00944,
            0.006519,
            0.021077
          ],
          [
            -0.014934,
            -0.003316,
            0.002476
          ],
          [
            -0.067478,
            0.019544,
            0.066925
          ],
          [
            -0.012482,
            0.007061,
            0.016994
          ],
          [
            0.013577,
            0.023118,
            0.016027
          ],
          [
            0.014906,
            -0.010273,
            0.007022
          ],
          [
            0.052268,
            0.017728,
            0.031046
          ],
          [
            0.000915,
            0.004722,
            0.013488
          ],
          [
            -0.017367,
            -0.019594,
            -0.025241
          ],
          [
            -0.006111,
            -0.002477,
            0.027963
          ],
          [
            0.018991,
            0.003789,
            0.046317
          ],
          [
            0.026036,
            -0.034678,
            0.059815
          ],
          [
            -0.031532,
            0.060108,
            0.062957
          ],
          [
            0.050112,
            -0.008672,
            -0.040812
          ],
          [
            0.005257,
            -0.028149,
            0.019412
          ],
          [
            -0.025292,
            -0.039522,
            0.024862
          ],
          [
            0.041552,
            0.073623,
            0.065404
          ],
          [
            -0.014565,
            -0.020813,
            0.000632
          ],
          [
            1.329081,
            -0.507853,
            0.116609
          ],
          [
            0.064183,
            -0.184279,
            0.871527
          ],
          [
            0.528001,
            -0.28103,
            -1.620141
          ],
          [
            -1.697548,
            0.508946,
            -0.124727
          ],
          [
            0.343969,
            0.07373,
            0.871106
          ],
          [
            0.54186,
            0.121302,
            -1.573057
          ],
          [
            -0.442267,
            -0.823266,
            -0.287722
          ],
          [
            -0.559303,
            0.719715,
            -0.006069
          ],
          [
            -0.615145,
            0.357041,
            0.167507
          ],
          [
            -0.981659,
            0.07358,
            -0.079752
          ],
          [
            0.498358,
            -0.307405,
            0.065713
          ],
          [
            1.393005,
            -0.247644,
            0.210457
          ],
          [
            -0.384996,
            0.291505,
            -0.274658
          ],
          [
            0.436861,
            0.943603,
            -0.153733
          ],
          [
            0.454525,
            -0.109864,
            0.065204
          ],
          [
            0.086749,
            0.020969,
            -0.359126
          ],
          [
            -0.701289,
            -0.666823,
            0.022938
          ],
          [
            0.245283,
            -0.137935,
            0.357381
          ],
          [
            -0.672211,
            0.316665,
            0.886616
          ],
          [
            -0.466961,
            0.317104,
            -0.105974
          ],
          [
            0.07015,
            -0.778374,
            0.027399
          ],
          [
            -0.105143,
            0.157285,
            -0.462858
          ],
          [
            0.004768,
            0.22241,
            0.305853
          ],
          [
            -0.387024,
            -0.386325,
            0.997598
          ],
          [
            0.083525,
            0.053543,
            0.008887
          ],
          [
            0.108217,
            0.075595,
            -0.312681
          ],
          [
            0.346212,
            0.419454,
            0.569418
          ],
          [
            0.01881,
            0.002534,
            0.011891
          ],
          [
            0.112283,
            -0.120633,
            -0.294951
          ],
          [
            0.343489,
            -0.189676,
            0.317985
          ]
        ],
        "Lattice": [
          [
            8.440733911,
            0.0,
            0.0
          ],
          [
            8.440733911,
            14.619780548,
            0.0
          ],
          [
            0.0,
            0.0,
            21.483230591
          ]
        ],
        "NumAtoms": 102,
        "Positions": [
          [
            4.22079,
            2.43687,
            0.0
          ],
          [
            9.84794,
            12.18339,
            0.0
          ],
          [
            7.03437,
            7.31013,
            0.0
          ],
          [
            7.03437,
            2.43687,
            0.0
          ],
          [
            12.66152,
            12.18339,
            0.0
          ],
          [
            9.84795,
            7.31013,
            0.0
          ],
          [
            1.40721,
            2.43687,
            0.0
          ],
          [
            7.03437,
            12.18339,
            0.0
          ],
          [
            4.22079,
            7.31013,
            0.0
          ],
          [
            2.81385,
            0.0,
            0.0
          ],
          [
            8.44101,
            9.74652,
            0.0
          ],
          [
            5.62743,
            4.87326,
            0.0
          ],
          [
            5.62743,
            0.0,
            0.0
          ],
          [
            11.25459,
            9.74652,
            0.0
          ],
          [
            8.44101,
            4.87326,
            0.0
          ],
          [
            0.00028,
            0.0,
            0.0
          ],
          [
            5.62743,
            9.74652,
            0.0
          ],
          [
            2.81385,
            4.87326,
            0.0
          ],
          [
            7.03462,
            4.06144,
            2.2975
          ],
          [
            12.66177,
            13.80796,
            2.2975
          ],
          [
            9.8482,
            8.9347,
            2.2975
          ],
          [
            9.8482,
            4.06144,
            2.2975
          ],
          [
            15.47535,
            13.80796,
            2.2975
          ],
          [
            12.66177,
            8.9347,
            2.2975
          ],
          [
            4.22104,
            4.06144,
            2.2975
          ],
          [
            9.8482,
            13.80796,
            2.2975
          ],
          [
            7.03462,
            8.9347,
            2.2975
          ],
          [
            5.62769,
            1.62456,
            2.2975
          ],
          [
            11.25484,
            11.37109,
            2.2975
          ],
          [
            8.44127,
            6.49782,
            2.2975
          ],
          [
            8.44127,
            1.62456,
            2.2975
          ],
          [
            14.06842,
            11.37109,
            2.2975
          ],
          [
            11.25484,
            6.49782,
            2.2975
          ],
          [
            2.81411,
            1.62456,
            2.2975
          ],
          [
            8.44127,
            11.37109,
            2.2975
          ],
          [
            5.62769,
            6.49782,
            2.2975
          ],
          [
            1.38949,
            0.8443,
            4.56176
          ],
          [
            7.02137,
            10.58716,
            4.56563
          ],
          [
            4.20926,
            5.71521,
            4.57585
          ],
          [
            4.20022,
            0.84141,
            4.55841
          ],
          [
            9.83002,
            10.5927,
            4.57349
          ],
          [
            7.00504,
            5.71315,
            4.58141
          ],
          [
            7.01929,
            0.83979,
            4.5546
          ],
          [
            12.64373,
            10.59545,
            4.58087
          ],
          [
            9.8277,
            5.72405,
            4.55924
          ],
          [
            2.79151,
            3.28118,
            4.56712
          ],
          [
            8.42324,
            13.02897,
            4.56031
          ],
          [
            5.60849,
            8.1544,
            4.56445
          ],
          [
            5.60745,
            3.28024,
            4.57679
          ],
          [
            11.24395,
            13.0233,
            4.58215
          ],
          [
            8.425,
            8.15315,
            4.56564
          ],
          [
            8.42241,
            3.28215,
            4.56838
          ],
          [
            14.0436,
            13.01738,
            4.57501
          ],
          [
            11.23965,
            8.15593,
            4.56139
          ],
          [
            5.59575,
            0.09066,
            6.85335
          ],
          [
            11.21093,
            9.80906,
            6.87657
          ],
          [
            8.41896,
            4.94623,
            6.86583
          ],
          [
            2.77032,
            0.08189,
            6.87091
          ],
          [
            8.40854,
            9.81135,
            6.88828
          ],
          [
            5.58364,
            4.96069,
            6.90631
          ],
          [
            11.20278,
            4.93965,
            6.86662
          ],
          [
            8.40928,
            0.06962,
            6.87596
          ],
          [
            14.04872,
            9.81454,
            6.86937
          ],
          [
            9.8106,
            2.50413,
            6.87995
          ],
          [
            15.45868,
            12.25021,
            6.8702
          ],
          [
            12.61805,
            7.39703,
            6.86705
          ],
          [
            7.0042,
            2.49553,
            6.86531
          ],
          [
            12.63474,
            12.26651,
            6.90601
          ],
          [
            9.81407,
            7.38796,
            6.88011
          ],
          [
            7.00696,
            7.39715,
            6.87598
          ],
          [
            4.17126,
            2.49616,
            6.86865
          ],
          [
            9.80243,
            12.25284,
            6.87736
          ],
          [
            13.73749,
            10.3748,
            10.19034
          ],
          [
            13.37474,
            11.84235,
            10.28291
          ],
          [
            14.58482,
            12.74022,
            10.25001
          ],
          [
            5.92265,
            6.7878,
            10.46672
          ],
          [
            6.17994,
            5.30022,
            10.51131
          ],
          [
            7.62665,
            4.89904,
            10.33529
          ],
          [
            7.80894,
            3.40441,
            10.49105
          ],
          [
            14.2778,
            14.211,
            10.32527
          ],
          [
            6.50246,
            9.9999,
            10.27443
          ],
          [
            12.72828,
            9.5813,
            10.08309
          ],
          [
            4.7181,
            7.18442,
            10.43108
          ],
          [
            6.93384,
            7.57007,
            10.4657
          ],
          [
            5.30249,
            4.76487,
            9.53881
          ],
          [
            12.39261,
            12.16966,
            9.29905
          ],
          [
            12.8904,
            8.50172,
            10.19072
          ],
          [
            12.88512,
            11.94713,
            11.29707
          ],
          [
            11.70959,
            11.48686,
            9.2921
          ],
          [
            15.24984,
            12.42869,
            11.0545
          ],
          [
            15.18784,
            12.49671,
            9.27898
          ],
          [
            6.7742,
            8.61623,
            10.39122
          ],
          [
            5.33656,
            3.80084,
            9.52032
          ],
          [
            5.87487,
            4.9627,
            11.5511
          ],
          [
            8.28213,
            5.44007,
            11.02415
          ],
          [
            7.98059,
            5.23841,
            9.27771
          ],
          [
            8.86129,
            3.09925,
            10.38217
          ],
          [
            7.44733,
            3.05246,
            11.48977
          ],
          [
            7.25212,
            2.81868,
            9.68653
          ],
          [
            6.75327,
            0.18926,
            10.18465
          ],
          [
            13.83444,
            14.49596,
            11.31284
          ],
          [
            13.54739,
            14.53599,
            9.53263
          ]
        ],
        "Stress": [
          [
            -60.86833,
            0.03762,
            0.97373
          ],
          [
            0.03762,
            -57.59045,
            0.56957
          ],
          [
            0.97373,
            0.56957,
            -13.29906
          ]
        ],
        "computation_code": "VASP",
        "pseudopotential_information": [
          [
            "PAW_PBE",
            "Pt",
            "04Feb2005"
          ],
          [
            "PAW_PBE",
            "C",
            "08Apr2002"
          ],
          [
            "PAW_PBE",
            "O",
            "08Apr2002"
          ],
          [
            "PAW_PBE",
            "H",
            "15Jun2001"
          ]
        ]
      }
    ],
    "EnergyStyle": "electronvolt",
    "ForcesStyle": "electronvoltperangstrom",
    "LatticeStyle": "angstrom",
    "PositionsStyle": "angstrom",
    "StressStyle": "kB"
  }
}