{
  "Dataset": {
    "AtomTypeStyle": "chemicalsymbol",
    "Data": [
      {
        "AtomTypes": [
          "Pt",
          "Pt",
          "Pt",
          "Pt",
          "Pt",
          "Pt",
          "Pt",
          "Pt",
          "Pt",
          "Pt",
          "Pt",
          "Pt",
          "Pt",
          "Pt",
          "Pt",
          "Pt",
          "Pt",
          "Pt",
          "Pt",
          "Pt",
          "Pt",
          "Pt",
          "Pt",
          "Pt",
          "Pt",
          "Pt",
          "Pt",
          "Pt",
          "Pt",
          "Pt",
          "Pt",
          "Pt",
          "Pt",
          "Pt",
          "Pt",
          "Pt",
          "Pt",
          "Pt",
          "Pt",
          "Pt",
          "Pt",
          "Pt",
          "Pt",
          "Pt",
          "Pt",
          "Pt",
          "Pt",
          "Pt",
          "Pt",
          "Pt",
          "Pt",
          "Pt",
          "Pt",
          "Pt",
          "Pt",
          "Pt",
          "Pt",
          "Pt",
          "Pt",
          "Pt",
          "Pt",
          "Pt",
          "Pt",
          "Pt",
          "Pt",
          "Pt",
          "Pt",
          "Pt",
          "Pt",
          "Pt",
          "Pt",
          "Pt",
          "C",
          "C",
          "C",
          "C",
          "C",
          "C",
          "C",
          "C",
          "O",
          "O",
          "O",
          "O",
          "O",
          "O",
          "H",
          "H",
          "H",
          "H",
          "H",
          "H",
          "H",
          "H",
          "H",
          "H",
          "H",
          "H",
          "H",
          "H",
          "H",
          "H"
        ],
        "Energy": -377.55004741,
        "Forces": [
          [
            0.014805,
            -0.036196,
            -0.036511
          ],
          [
            -0.004037,
            -0.013367,
            -0.040661
          ],
          [
            0.018205,
            -0.026128,
            -0.036591
          ],
          [
            0.016109,
            -0.037087,
            -0.037361
          ],
          [
            0.00868,
            -0.023602,
            -0.044183
          ],
          [
            0.017701,
            -0.017326,
            -0.100398
          ],
          [
            0.013034,
            -0.032836,
            -0.040361
          ],
          [
            0.031742,
            -0.01589,
            -0.03771
          ],
          [
            0.004791,
            -0.046207,
            -0.070415
          ],
          [
            0.010445,
            -0.023305,
            -0.050131
          ],
          [
            0.020427,
            -0.024217,
            -0.039277
          ],
          [
            0.025655,
            -0.029607,
            -0.041127
          ],
          [
            0.014736,
            -0.031756,
            -0.061228
          ],
          [
            0.009938,
            -0.029098,
            -0.040652
          ],
          [
            0.024259,
            -0.012942,
            -0.041313
          ],
          [
            0.013342,
            -0.002345,
            -0.126884
          ],
          [
            0.015234,
            -0.02704,
            -0.03674
          ],
          [
            -0.002312,
            -0.021032,
            -0.044266
          ],
          [
            -0.042416,
            0.04939,
            0.093604
          ],
          [
            -0.021158,
            -0.032313,
            0.05458
          ],
          [
            -0.008278,
            0.025318,
            0.059103
          ],
          [
            -0.017465,
            0.018714,
            0.037724
          ],
          [
            -0.054805,
            0.001583,
            0.036879
          ],
          [
            -0.007395,
            0.07111,
            0.065648
          ],
          [
            0.011272,
            0.04645,
            0.08446
          ],
          [
            0.017049,
            -0.006283,
            0.082737
          ],
          [
            -0.015561,
            0.017801,
            0.044911
          ],
          [
            -0.01933,
            0.06387,
            0.027195
          ],
          [
            0.018937,
            0.041429,
            0.120349
          ],
          [
            -0.060749,
            0.014685,
            0.096028
          ],
          [
            -0.004498,
            0.02477,
            0.032134
          ],
          [
            -0.046584,
            0.044972,
            0.087589
          ],
          [
            0.021644,
            0.001158,
            0.059501
          ],
          [
            -0.010604,
            0.046046,
            0.042052
          ],
          [
            -0.002547,
            0.011788,
            0.054355
          ],
          [
            -0.019483,
            0.005095,
            0.068847
          ],
          [
            -0.007818,
            -6.5e-05,
            -0.015623
          ],
          [
            0.002867,
            0.008425,
            -0.009829
          ],
          [
            -0.024439,
            -0.022036,
            -0.024092
          ],
          [
            0.009471,
            0.010241,
            -0.013859
          ],
          [
            -0.001922,
            0.005485,
            -0.015239
          ],
          [
            0.01291,
            0.004204,
            -0.04142
          ],
          [
            -0.006839,
            -0.003922,
            -0.010443
          ],
          [
            -0.007343,
            -0.005318,
            -0.031002
          ],
          [
            0.015557,
            -0.00449,
            -0.001515
          ],
          [
            0.007821,
            0.021147,
            -0.023821
          ],
          [
            0.007402,
            -0.006778,
            -0.016533
          ],
          [
            0.011377,
            -0.007168,
            -0.02272
          ],
          [
            -0.003349,
            0.024669,
            -0.002361
          ],
          [
            0.009024,
            -0.00774,
            -0.015742
          ],
          [
            -0.006143,
            0.003881,
            -0.019694
          ],
          [
            -0.003217,
            0.004383,
            -0.03273
          ],
          [
            -0.010637,
            0.00159,
            0.004644
          ],
          [
            -0.01844,
            0.000267,
            -0.041039
          ],
          [
            0.017132,
            0.001853,
            0.0098
          ],
          [
            -0.014776,
            -0.007373,
            -0.002032
          ],
          [
            -0.050425,
            0.00382,
            -0.006616
          ],
          [
            -0.012466,
            0.011019,
            0.008252
          ],
          [
            0.006694,
            0.023145,
            0.011236
          ],
          [
            0.012451,
            -0.024592,
            0.067518
          ],
          [
            0.041007,
            0.017279,
            0.024421
          ],
          [
            -0.004641,
            -0.002135,
            0.009722
          ],
          [
            -0.008724,
            -0.016843,
            -0.023692
          ],
          [
            -0.007268,
            -0.000401,
            0.02384
          ],
          [
            0.026761,
            -0.0023,
            -0.033266
          ],
          [
            0.023022,
            -0.0285,
            0.044472
          ],
          [
            -0.025482,
            0.054783,
            0.035897
          ],
          [
            0.057397,
            -0.007663,
            0.006867
          ],
          [
            0.003262,
            -0.025409,
            0.012698
          ],
          [
            -0.024011,
            -0.037479,
            0.031375
          ],
          [
            0.037694,
            0.062363,
            0.048106
          ],
          [
            -0.027259,
            -0.015908,
            -0.001153
          ],
          [
            -0.731063,
            0.271114,
            -0.009582
          ],
          [
            -0.020758,
            -0.090833,
            -0.561013
          ],
          [
            -0.502204,
            0.471143,
            1.65285
          ],
          [
            1.126227,
            -0.426873,
            0.282061
          ],
          [
            0.10847,
            0.062772,
            -0.959758
          ],
          [
            -0.750434,
            -0.1224,
            1.677174
          ],
          [
            0.620269,
            0.649959,
            0.216855
          ],
          [
            0.438901,
            -0.381292,
            -0.107888
          ],
          [
            0.482091,
            -0.167277,
            0.116426
          ],
          [
            0.092622,
            -0.245854,
            0.098471
          ],
          [
            -0.72761,
            0.367676,
            -0.325053
          ],
          [
            -0.138814,
            0.018821,
            -0.038569
          ],
          [
            0.263126,
            -0.901809,
            0.398138
          ],
          [
            -0.338277,
            -0.483082,
            0.298904
          ],
          [
            -0.065963,
            0.230951,
            -0.032229
          ],
          [
            -0.141095,
            0.136459,
            0.304151
          ],
          [
            0.475579,
            0.490318,
            0.022595
          ],
          [
            -0.103326,
            0.152717,
            -0.349178
          ],
          [
            0.701849,
            -0.290541,
            -1.199824
          ],
          [
            0.062129,
            -0.253455,
            -0.012911
          ],
          [
            -0.083986,
            0.815518,
            -0.115582
          ],
          [
            -0.24843,
            -0.16196,
            0.228672
          ],
          [
            -0.032578,
            -0.222964,
            -0.251145
          ],
          [
            0.445339,
            0.414125,
            -1.185228
          ],
          [
            -0.013808,
            -0.067138,
            0.001716
          ],
          [
            -0.09076,
            -0.075047,
            0.293987
          ],
          [
            -0.361178,
            -0.450619,
            -0.580804
          ],
          [
            0.007389,
            0.018446,
            0.049056
          ],
          [
            -0.145797,
            0.032778,
            0.291685
          ],
          [
            -0.34299,
            0.182408,
            -0.326424
          ]
        ],
        "Lattice": [
          [
            8.440733911,
            0.0,
            0.0
          ],
          [
            8.440733911,
            14.619780548,
            0.0
          ],
          [
            0.0,
            0.0,
            21.483230591
          ]
        ],
        "NumAtoms": 102,
        "Positions": [
          [
            4.22079,
            2.43687,
            0.0
          ],
          [
            9.84794,
            12.18339,
            0.0
          ],
          [
            7.03437,
            7.31013,
            0.0
          ],
          [
            7.03437,
            2.43687,
            0.0
          ],
          [
            12.66152,
            12.18339,
            0.0
          ],
          [
            9.84795,
            7.31013,
            0.0
          ],
          [
            1.40721,
            2.43687,
            0.0
          ],
          [
            7.03437,
            12.18339,
            0.0
          ],
          [
            4.22079,
            7.31013,
            0.0
          ],
          [
            2.81385,
            0.0,
            0.0
          ],
          [
            8.44101,
            9.74652,
            0.0
          ],
          [
            5.62743,
            4.87326,
            0.0
          ],
          [
            5.62743,
            0.0,
            0.0
          ],
          [
            11.25459,
            9.74652,
            0.0
          ],
          [
            8.44101,
            4.87326,
            0.0
          ],
          [
            0.00028,
            0.0,
            0.0
          ],
          [
            5.62743,
            9.74652,
            0.0
          ],
          [
            2.81385,
            4.87326,
            0.0
          ],
          [
            7.03462,
            4.06144,
            2.2975
          ],
          [
            12.66177,
            13.80796,
            2.2975
          ],
          [
            9.8482,
            8.9347,
            2.2975
          ],
          [
            9.8482,
            4.06144,
            2.2975
          ],
          [
            15.47535,
            13.80796,
            2.2975
          ],
          [
            12.66177,
            8.9347,
            2.2975
          ],
          [
            4.22104,
            4.06144,
            2.2975
          ],
          [
            9.8482,
            13.80796,
            2.2975
          ],
          [
            7.03462,
            8.9347,
            2.2975
          ],
          [
            5.62769,
            1.62456,
            2.2975
          ],
          [
            11.25484,
            11.37109,
            2.2975
          ],
          [
            8.44127,
            6.49782,
            2.2975
          ],
          [
            8.44127,
            1.62456,
            2.2975
          ],
          [
            14.06842,
            11.37109,
            2.2975
          ],
          [
            11.25484,
            6.49782,
            2.2975
          ],
          [
            2.81411,
            1.62456,
            2.2975
          ],
          [
            8.44127,
            11.37109,
            2.2975
          ],
          [
            5.62769,
            6.49782,
            2.2975
          ],
          [
            1.38944,
            0.84437,
            4.56305
          ],
          [
            7.02135,
            10.58729,
            4.56697
          ],
          [
            4.20933,
            5.71512,
            4.57694
          ],
          [
            4.20029,
            0.84161,
            4.55934
          ],
          [
            9.82996,
            10.59255,
            4.57436
          ],
          [
            7.00481,
            5.71319,
            4.58247
          ],
          [
            7.01907,
            0.8397,
            4.55589
          ],
          [
            12.64352,
            10.59563,
            4.58188
          ],
          [
            9.82779,
            5.72394,
            4.56042
          ],
          [
            2.79159,
            3.28143,
            4.56829
          ],
          [
            8.42332,
            13.02888,
            4.56166
          ],
          [
            5.60844,
            8.15452,
            4.56554
          ],
          [
            5.60752,
            3.28042,
            4.57759
          ],
          [
            11.24376,
            13.02346,
            4.5828
          ],
          [
            8.42504,
            8.15338,
            4.56663
          ],
          [
            8.4225,
            3.28211,
            4.56923
          ],
          [
            14.04369,
            13.01742,
            4.57598
          ],
          [
            11.23966,
            8.15583,
            4.5628
          ],
          [
            5.59539,
            0.08994,
            6.85537
          ],
          [
            11.21136,
            9.80976,
            6.87895
          ],
          [
            8.41922,
            4.94619,
            6.86755
          ],
          [
            2.77064,
            0.08139,
            6.87316
          ],
          [
            8.40878,
            9.81149,
            6.89067
          ],
          [
            5.58446,
            4.96057,
            6.90757
          ],
          [
            11.20283,
            4.93964,
            6.86853
          ],
          [
            8.40944,
            0.06956,
            6.8779
          ],
          [
            14.0481,
            9.81477,
            6.87161
          ],
          [
            9.81072,
            2.504,
            6.88209
          ],
          [
            15.4583,
            12.25004,
            6.8722
          ],
          [
            12.61826,
            7.39693,
            6.86915
          ],
          [
            7.00429,
            2.49548,
            6.86709
          ],
          [
            12.63428,
            12.26591,
            6.90897
          ],
          [
            9.81411,
            7.38737,
            6.88225
          ],
          [
            7.00743,
            7.39708,
            6.87744
          ],
          [
            4.17132,
            2.49584,
            6.87041
          ],
          [
            9.80335,
            12.25233,
            6.8794
          ],
          [
            13.74612,
            10.37109,
            10.20656
          ],
          [
            13.38435,
            11.84786,
            10.31529
          ],
          [
            14.59448,
            12.74671,
            10.239
          ],
          [
            5.89766,
            6.80676,
            10.42634
          ],
          [
            6.18297,
            5.3061,
            10.50616
          ],
          [
            7.64167,
            4.87598,
            10.30177
          ],
          [
            7.79816,
            3.36393,
            10.47731
          ],
          [
            14.2855,
            14.24389,
            10.33594
          ],
          [
            6.48534,
            9.99797,
            10.31281
          ],
          [
            12.70389,
            9.59792,
            10.07321
          ],
          [
            4.71866,
            7.1895,
            10.38149
          ],
          [
            6.94858,
            7.57607,
            10.48175
          ],
          [
            5.28831,
            4.73566,
            9.50156
          ],
          [
            12.388,
            12.19357,
            9.30613
          ],
          [
            12.92386,
            8.50323,
            10.17464
          ],
          [
            12.88658,
            11.95027,
            11.29248
          ],
          [
            11.68398,
            11.47716,
            9.30154
          ],
          [
            15.24907,
            12.43035,
            11.08946
          ],
          [
            15.13976,
            12.53857,
            9.34447
          ],
          [
            6.72668,
            8.64636,
            10.40149
          ],
          [
            5.34889,
            3.73701,
            9.54825
          ],
          [
            5.86192,
            4.99399,
            11.51291
          ],
          [
            8.24621,
            5.43848,
            11.05164
          ],
          [
            7.96581,
            5.18163,
            9.32937
          ],
          [
            8.86174,
            3.08455,
            10.38306
          ],
          [
            7.43532,
            3.02215,
            11.45289
          ],
          [
            7.2702,
            2.82547,
            9.69998
          ],
          [
            6.77009,
            0.20305,
            10.17282
          ],
          [
            13.86537,
            14.52417,
            11.30724
          ],
          [
            13.5803,
            14.53764,
            9.55678
          ]
        ],
        "Stress": [
          [
            -60.67518,
            -0.90429,
            -0.73009
          ],
          [
            -0.90429,
            -60.6456,
            0.50632
          ],
          [
            -0.73009,
            0.50632,
            -10.00471
          ]
        ],
        "computation_code": "VASP",
        "pseudopotential_information": [
          [
            "PAW_PBE",
            "Pt",
            "04Feb2005"
          ],
          [
            "PAW_PBE",
            "C",
            "08Apr2002"
          ],
          [
            "PAW_PBE",
            "O",
            "08Apr2002"
          ],
          [
            "PAW_PBE",
            "H",
            "15Jun2001"
          ]
        ]
      }
    ],
    "EnergyStyle": "electronvolt",
    "ForcesStyle": "electronvoltperangstrom",
    "LatticeStyle": "angstrom",
    "PositionsStyle": "angstrom",
    "StressStyle": "kB"
  }
}