{
  "Dataset": {
    "AtomTypeStyle": "chemicalsymbol",
    "Data": [
      {
        "AtomTypes": [
          "Pt",
          "Pt",
          "Pt",
          "Pt",
          "Pt",
          "Pt",
          "Pt",
          "Pt",
          "Pt",
          "Pt",
          "Pt",
          "Pt",
          "Pt",
          "Pt",
          "Pt",
          "Pt",
          "Pt",
          "Pt",
          "Pt",
          "Pt",
          "Pt",
          "Pt",
          "Pt",
          "Pt",
          "Pt",
          "Pt",
          "Pt",
          "Pt",
          "Pt",
          "Pt",
          "Pt",
          "Pt",
          "Pt",
          "Pt",
          "Pt",
          "Pt",
          "Pt",
          "Pt",
          "Pt",
          "Pt",
          "Pt",
          "Pt",
          "Pt",
          "Pt",
          "Pt",
          "Pt",
          "Pt",
          "Pt",
          "Pt",
          "Pt",
          "Pt",
          "Pt",
          "Pt",
          "Pt",
          "Pt",
          "Pt",
          "Pt",
          "Pt",
          "Pt",
          "Pt",
          "Pt",
          "Pt",
          "Pt",
          "Pt",
          "Pt",
          "Pt",
          "Pt",
          "Pt",
          "Pt",
          "Pt",
          "Pt",
          "Pt",
          "C",
          "C",
          "C",
          "C",
          "C",
          "C",
          "C",
          "C",
          "O",
          "O",
          "O",
          "O",
          "O",
          "O",
          "H",
          "H",
          "H",
          "H",
          "H",
          "H",
          "H",
          "H",
          "H",
          "H",
          "H",
          "H",
          "H",
          "H",
          "H",
          "H"
        ],
        "Energy": -377.42278723,
        "Forces": [
          [
            0.018885,
            -0.038891,
            -0.038452
          ],
          [
            0.000833,
            0.00196,
            -0.020514
          ],
          [
            0.022575,
            -0.034331,
            -0.013424
          ],
          [
            0.010329,
            -0.044522,
            -0.03496
          ],
          [
            0.017222,
            -0.019707,
            -0.032722
          ],
          [
            0.021042,
            -0.012616,
            -0.125632
          ],
          [
            0.016241,
            -0.018853,
            -0.01719
          ],
          [
            0.023621,
            -0.012671,
            -0.050271
          ],
          [
            -0.006075,
            -0.047047,
            -0.066432
          ],
          [
            0.024251,
            -0.01571,
            -0.036568
          ],
          [
            0.028685,
            -0.020703,
            -0.044419
          ],
          [
            0.01469,
            -0.051779,
            -0.038693
          ],
          [
            0.024031,
            -0.027216,
            -0.097564
          ],
          [
            0.005278,
            -0.03597,
            -0.041802
          ],
          [
            0.029157,
            -0.002772,
            -0.023219
          ],
          [
            -0.006855,
            -0.004811,
            -0.1058
          ],
          [
            0.013849,
            -0.030761,
            -0.017484
          ],
          [
            0.009104,
            -0.008343,
            -0.058846
          ],
          [
            -0.06127,
            0.082805,
            -0.055585
          ],
          [
            -0.097501,
            -0.088219,
            0.047949
          ],
          [
            0.002395,
            0.103541,
            -0.030712
          ],
          [
            -0.072871,
            -0.063214,
            -0.271181
          ],
          [
            0.018354,
            -0.034044,
            -0.018503
          ],
          [
            0.005353,
            0.135819,
            0.07474
          ],
          [
            0.042538,
            0.087123,
            -0.12415
          ],
          [
            0.055417,
            -0.135923,
            0.122999
          ],
          [
            -0.066863,
            0.067421,
            -0.012167
          ],
          [
            -0.007677,
            0.048249,
            -0.146341
          ],
          [
            -0.019585,
            0.05344,
            0.250974
          ],
          [
            -0.156052,
            0.032099,
            -0.140475
          ],
          [
            0.013051,
            0.008294,
            -0.122746
          ],
          [
            -0.071913,
            0.046558,
            0.098726
          ],
          [
            0.053976,
            0.053317,
            -0.183979
          ],
          [
            -0.033203,
            -0.024146,
            -0.151134
          ],
          [
            0.039435,
            0.005652,
            0.092903
          ],
          [
            0.007764,
            0.080891,
            -0.014972
          ],
          [
            0.010811,
            0.079528,
            0.08889
          ],
          [
            0.024216,
            0.034614,
            0.056361
          ],
          [
            -0.015813,
            -0.047068,
            0.102772
          ],
          [
            -0.019913,
            -0.131471,
            0.102999
          ],
          [
            0.005175,
            0.0691,
            -0.096529
          ],
          [
            -0.023877,
            0.023024,
            0.072527
          ],
          [
            -0.014509,
            -0.173872,
            0.106273
          ],
          [
            0.028478,
            0.009806,
            -0.012149
          ],
          [
            0.073034,
            0.057453,
            0.313387
          ],
          [
            -0.009229,
            -0.017745,
            0.163058
          ],
          [
            -0.011542,
            -0.00125,
            -0.102905
          ],
          [
            0.01791,
            -0.051617,
            0.00113
          ],
          [
            -0.020762,
            0.055617,
            0.135748
          ],
          [
            0.012466,
            0.030363,
            -0.197428
          ],
          [
            0.031918,
            0.094211,
            0.148106
          ],
          [
            0.107577,
            -0.042333,
            0.047238
          ],
          [
            -0.01637,
            -0.083083,
            0.09159
          ],
          [
            0.018394,
            0.078005,
            0.135717
          ],
          [
            0.049024,
            -0.102052,
            0.034532
          ],
          [
            -0.018297,
            0.149569,
            -0.104124
          ],
          [
            -0.310289,
            0.055218,
            -0.041556
          ],
          [
            -0.040366,
            -0.160386,
            0.04947
          ],
          [
            0.007327,
            0.136389,
            0.03137
          ],
          [
            0.071611,
            -0.030115,
            0.055647
          ],
          [
            0.156113,
            0.038786,
            0.164796
          ],
          [
            0.019267,
            -0.173866,
            0.031994
          ],
          [
            0.013556,
            0.135452,
            -0.117142
          ],
          [
            -0.070215,
            -0.168849,
            0.11884
          ],
          [
            -0.001885,
            -0.002955,
            0.078219
          ],
          [
            0.030803,
            0.114285,
            -0.070404
          ],
          [
            -0.040683,
            0.074072,
            0.024268
          ],
          [
            0.017907,
            0.023776,
            -0.012837
          ],
          [
            0.002794,
            0.047945,
            0.067874
          ],
          [
            -0.05416,
            -0.047931,
            -0.036968
          ],
          [
            0.093229,
            0.027023,
            0.046192
          ],
          [
            0.019668,
            -0.05644,
            -0.079089
          ],
          [
            0.129361,
            -0.785347,
            0.546671
          ],
          [
            0.043664,
            0.839807,
            -0.545426
          ],
          [
            -0.185747,
            0.311004,
            0.109724
          ],
          [
            0.202474,
            0.035458,
            0.138861
          ],
          [
            0.234567,
            -0.219806,
            -0.393589
          ],
          [
            -0.063453,
            -0.291883,
            0.353751
          ],
          [
            -0.254854,
            -1.326525,
            0.508326
          ],
          [
            0.349991,
            -1.423543,
            0.635558
          ],
          [
            0.408738,
            0.199838,
            0.129871
          ],
          [
            -0.071923,
            -0.853913,
            -0.220612
          ],
          [
            -0.266997,
            0.080394,
            -0.151908
          ],
          [
            0.029357,
            0.140329,
            -0.092797
          ],
          [
            -0.133942,
            0.29215,
            0.0389
          ],
          [
            -0.389534,
            -0.607838,
            -0.020845
          ],
          [
            -0.173868,
            0.63392,
            0.118747
          ],
          [
            -0.150671,
            -0.275319,
            0.59269
          ],
          [
            0.12611,
            0.627567,
            -0.168679
          ],
          [
            0.022141,
            0.140803,
            -0.122923
          ],
          [
            -0.01624,
            -0.101942,
            -0.124773
          ],
          [
            -0.075097,
            -0.064152,
            -0.060351
          ],
          [
            0.043887,
            -0.085843,
            0.019107
          ],
          [
            -0.189844,
            -0.103735,
            0.388866
          ],
          [
            0.07704,
            0.017628,
            -0.085411
          ],
          [
            0.156019,
            0.309519,
            -0.301232
          ],
          [
            -0.427283,
            0.148149,
            -0.014201
          ],
          [
            0.281901,
            0.796736,
            -0.726592
          ],
          [
            0.319956,
            0.520705,
            0.405383
          ],
          [
            0.240805,
            0.418611,
            -0.046518
          ],
          [
            0.033653,
            0.206798,
            -0.26573
          ],
          [
            -0.364551,
            0.344721,
            -0.287981
          ]
        ],
        "Lattice": [
          [
            8.440733911,
            0.0,
            0.0
          ],
          [
            8.440733911,
            14.619780548,
            0.0
          ],
          [
            0.0,
            0.0,
            21.483230591
          ]
        ],
        "NumAtoms": 102,
        "Positions": [
          [
            4.22079,
            2.43687,
            0.0
          ],
          [
            9.84794,
            12.18339,
            0.0
          ],
          [
            7.03437,
            7.31013,
            0.0
          ],
          [
            7.03437,
            2.43687,
            0.0
          ],
          [
            12.66152,
            12.18339,
            0.0
          ],
          [
            9.84795,
            7.31013,
            0.0
          ],
          [
            1.40721,
            2.43687,
            0.0
          ],
          [
            7.03437,
            12.18339,
            0.0
          ],
          [
            4.22079,
            7.31013,
            0.0
          ],
          [
            2.81385,
            0.0,
            0.0
          ],
          [
            8.44101,
            9.74652,
            0.0
          ],
          [
            5.62743,
            4.87326,
            0.0
          ],
          [
            5.62743,
            0.0,
            0.0
          ],
          [
            11.25459,
            9.74652,
            0.0
          ],
          [
            8.44101,
            4.87326,
            0.0
          ],
          [
            0.00028,
            0.0,
            0.0
          ],
          [
            5.62743,
            9.74652,
            0.0
          ],
          [
            2.81385,
            4.87326,
            0.0
          ],
          [
            7.03462,
            4.06144,
            2.2975
          ],
          [
            12.66177,
            13.80796,
            2.2975
          ],
          [
            9.8482,
            8.9347,
            2.2975
          ],
          [
            9.8482,
            4.06144,
            2.2975
          ],
          [
            15.47535,
            13.80796,
            2.2975
          ],
          [
            12.66177,
            8.9347,
            2.2975
          ],
          [
            4.22104,
            4.06144,
            2.2975
          ],
          [
            9.8482,
            13.80796,
            2.2975
          ],
          [
            7.03462,
            8.9347,
            2.2975
          ],
          [
            5.62769,
            1.62456,
            2.2975
          ],
          [
            11.25484,
            11.37109,
            2.2975
          ],
          [
            8.44127,
            6.49782,
            2.2975
          ],
          [
            8.44127,
            1.62456,
            2.2975
          ],
          [
            14.06842,
            11.37109,
            2.2975
          ],
          [
            11.25484,
            6.49782,
            2.2975
          ],
          [
            2.81411,
            1.62456,
            2.2975
          ],
          [
            8.44127,
            11.37109,
            2.2975
          ],
          [
            5.62769,
            6.49782,
            2.2975
          ],
          [
            1.39059,
            0.82158,
            4.53912
          ],
          [
            7.01055,
            10.57985,
            4.56206
          ],
          [
            4.21804,
            5.72854,
            4.54736
          ],
          [
            4.20088,
            0.85346,
            4.53333
          ],
          [
            9.8301,
            10.57346,
            4.59553
          ],
          [
            7.00537,
            5.71535,
            4.57243
          ],
          [
            7.02195,
            0.85514,
            4.53443
          ],
          [
            12.63622,
            10.59725,
            4.59763
          ],
          [
            9.82019,
            5.70865,
            4.50203
          ],
          [
            2.79727,
            3.27922,
            4.52148
          ],
          [
            8.43041,
            13.01364,
            4.57401
          ],
          [
            5.60436,
            8.16775,
            4.57051
          ],
          [
            5.60896,
            3.28663,
            4.55156
          ],
          [
            11.24479,
            13.00711,
            4.61848
          ],
          [
            8.41754,
            8.1378,
            4.53683
          ],
          [
            8.40815,
            3.28178,
            4.547
          ],
          [
            14.04332,
            13.03161,
            4.55757
          ],
          [
            11.23908,
            8.14785,
            4.5453
          ],
          [
            5.58577,
            0.09833,
            6.82786
          ],
          [
            11.21973,
            9.7753,
            6.90892
          ],
          [
            8.46461,
            4.93927,
            6.84613
          ],
          [
            2.78104,
            0.10431,
            6.8594
          ],
          [
            8.40713,
            9.77952,
            6.87486
          ],
          [
            5.59782,
            4.957,
            6.87598
          ],
          [
            11.2027,
            4.93309,
            6.80037
          ],
          [
            8.4088,
            0.10002,
            6.8509
          ],
          [
            14.03693,
            9.78369,
            6.8983
          ],
          [
            9.82787,
            2.52263,
            6.82437
          ],
          [
            15.44728,
            12.24256,
            6.84184
          ],
          [
            12.61884,
            7.36342,
            6.87211
          ],
          [
            7.0082,
            2.49889,
            6.84714
          ],
          [
            12.63004,
            12.24996,
            6.93494
          ],
          [
            9.82022,
            7.36255,
            6.84295
          ],
          [
            7.02251,
            7.383,
            6.87348
          ],
          [
            4.17199,
            2.50294,
            6.84034
          ],
          [
            9.80357,
            12.25131,
            6.9077
          ],
          [
            14.03299,
            10.50293,
            10.26151
          ],
          [
            13.74657,
            11.96537,
            10.4176
          ],
          [
            14.9126,
            12.91527,
            10.19847
          ],
          [
            6.02591,
            6.7988,
            10.19387
          ],
          [
            6.175,
            5.28737,
            10.30305
          ],
          [
            7.61414,
            4.79034,
            10.22122
          ],
          [
            7.77872,
            3.27714,
            10.22973
          ],
          [
            14.44519,
            14.39428,
            10.30986
          ],
          [
            6.71483,
            9.99894,
            10.44244
          ],
          [
            12.95203,
            9.79062,
            10.05281
          ],
          [
            4.93665,
            7.3156,
            9.87729
          ],
          [
            7.08991,
            7.47031,
            10.55132
          ],
          [
            5.31164,
            4.69375,
            9.31785
          ],
          [
            12.61849,
            12.30953,
            9.58529
          ],
          [
            13.17314,
            8.69447,
            9.94004
          ],
          [
            13.42105,
            12.1461,
            11.45054
          ],
          [
            12.04924,
            11.48495,
            9.59829
          ],
          [
            15.67667,
            12.65523,
            10.9576
          ],
          [
            15.38072,
            12.74475,
            9.20609
          ],
          [
            6.94468,
            8.5182,
            10.50136
          ],
          [
            5.31887,
            3.71643,
            9.39007
          ],
          [
            5.77143,
            5.03802,
            11.29614
          ],
          [
            8.16593,
            5.23732,
            11.06739
          ],
          [
            8.07413,
            5.16071,
            9.29368
          ],
          [
            8.86086,
            3.00666,
            10.1381
          ],
          [
            7.39504,
            2.7309,
            11.16383
          ],
          [
            7.27055,
            2.75055,
            9.35689
          ],
          [
            6.81645,
            0.42366,
            9.99505
          ],
          [
            14.15702,
            14.59211,
            11.3666
          ],
          [
            13.57741,
            14.51857,
            9.6662
          ]
        ],
        "Stress": [
          [
            -58.64317,
            -0.18931,
            0.13609
          ],
          [
            -0.18931,
            -60.1226,
            0.16997
          ],
          [
            0.13609,
            0.16997,
            -8.72055
          ]
        ],
        "computation_code": "VASP",
        "pseudopotential_information": [
          [
            "PAW_PBE",
            "Pt",
            "04Feb2005"
          ],
          [
            "PAW_PBE",
            "C",
            "08Apr2002"
          ],
          [
            "PAW_PBE",
            "O",
            "08Apr2002"
          ],
          [
            "PAW_PBE",
            "H",
            "15Jun2001"
          ]
        ]
      }
    ],
    "EnergyStyle": "electronvolt",
    "ForcesStyle": "electronvoltperangstrom",
    "LatticeStyle": "angstrom",
    "PositionsStyle": "angstrom",
    "StressStyle": "kB"
  }
}