{
  "Dataset": {
    "AtomTypeStyle": "chemicalsymbol",
    "Data": [
      {
        "AtomTypes": [
          "Pt",
          "Pt",
          "Pt",
          "Pt",
          "Pt",
          "Pt",
          "Pt",
          "Pt",
          "Pt",
          "Pt",
          "Pt",
          "Pt",
          "Pt",
          "Pt",
          "Pt",
          "Pt",
          "Pt",
          "Pt",
          "Pt",
          "Pt",
          "Pt",
          "Pt",
          "Pt",
          "Pt",
          "Pt",
          "Pt",
          "Pt",
          "Pt",
          "Pt",
          "Pt",
          "Pt",
          "Pt",
          "Pt",
          "Pt",
          "Pt",
          "Pt",
          "Pt",
          "Pt",
          "Pt",
          "Pt",
          "Pt",
          "Pt",
          "Pt",
          "Pt",
          "Pt",
          "Pt",
          "Pt",
          "Pt",
          "Pt",
          "Pt",
          "Pt",
          "Pt",
          "Pt",
          "Pt",
          "Pt",
          "Pt",
          "Pt",
          "Pt",
          "Pt",
          "Pt",
          "Pt",
          "Pt",
          "Pt",
          "Pt",
          "Pt",
          "Pt",
          "Pt",
          "Pt",
          "Pt",
          "Pt",
          "Pt",
          "Pt",
          "C",
          "C",
          "C",
          "C",
          "C",
          "C",
          "C",
          "C",
          "O",
          "O",
          "O",
          "O",
          "O",
          "O",
          "H",
          "H",
          "H",
          "H",
          "H",
          "H",
          "H",
          "H",
          "H",
          "H",
          "H",
          "H",
          "H",
          "H",
          "H",
          "H"
        ],
        "Energy": -377.36010509,
        "Forces": [
          [
            0.016171,
            -0.018735,
            -0.069245
          ],
          [
            0.009173,
            0.003506,
            -0.02397
          ],
          [
            0.00869,
            -0.053498,
            -0.035111
          ],
          [
            0.01127,
            -0.007547,
            -0.05837
          ],
          [
            0.009055,
            0.003728,
            -0.033575
          ],
          [
            0.004942,
            -0.067009,
            -0.070087
          ],
          [
            0.020642,
            -0.019483,
            -0.073997
          ],
          [
            0.028306,
            0.005434,
            -0.026907
          ],
          [
            0.011985,
            -0.069789,
            -0.058212
          ],
          [
            0.013352,
            0.016255,
            -0.057539
          ],
          [
            0.015362,
            -0.035833,
            -0.024387
          ],
          [
            0.018693,
            -0.046946,
            -0.05443
          ],
          [
            0.014595,
            0.022138,
            -0.063724
          ],
          [
            0.011586,
            -0.037478,
            -0.028015
          ],
          [
            0.014155,
            -0.047734,
            -0.062388
          ],
          [
            0.022216,
            0.034832,
            -0.096613
          ],
          [
            0.007142,
            -0.028495,
            -0.025681
          ],
          [
            2.1e-05,
            -0.061166,
            -0.054358
          ],
          [
            -0.003137,
            0.009233,
            -0.021365
          ],
          [
            -0.010843,
            -0.079667,
            0.11841
          ],
          [
            -0.000133,
            0.086094,
            0.138509
          ],
          [
            0.020884,
            0.07162,
            0.030439
          ],
          [
            -0.048259,
            -0.06261,
            0.107113
          ],
          [
            -0.029895,
            0.089389,
            0.098963
          ],
          [
            -0.009897,
            0.033986,
            0.012875
          ],
          [
            0.007538,
            -0.053692,
            0.213924
          ],
          [
            0.013678,
            0.066543,
            0.080485
          ],
          [
            -0.008492,
            -0.051175,
            0.099412
          ],
          [
            -0.003716,
            0.033328,
            0.193062
          ],
          [
            0.025279,
            0.128967,
            0.063234
          ],
          [
            -0.025323,
            -0.103913,
            0.076187
          ],
          [
            -0.023244,
            0.024085,
            0.113753
          ],
          [
            -0.027831,
            0.123362,
            0.071985
          ],
          [
            -0.002871,
            -0.034307,
            0.110166
          ],
          [
            0.00136,
            0.015862,
            0.136817
          ],
          [
            -0.02636,
            0.046231,
            -0.032732
          ],
          [
            -0.002006,
            0.040832,
            -0.065423
          ],
          [
            -0.026559,
            -0.049933,
            -0.04424
          ],
          [
            0.025199,
            -0.035654,
            0.099977
          ],
          [
            0.033895,
            0.153927,
            -0.040597
          ],
          [
            0.003356,
            -0.141167,
            -0.040084
          ],
          [
            -0.022214,
            -0.001507,
            0.049955
          ],
          [
            0.013234,
            0.172748,
            -0.096625
          ],
          [
            -0.007069,
            -0.017649,
            0.000324
          ],
          [
            0.001223,
            -0.043274,
            -0.105853
          ],
          [
            -0.040841,
            0.062613,
            0.011219
          ],
          [
            0.019304,
            0.031868,
            -0.030397
          ],
          [
            -0.004453,
            0.065176,
            0.023633
          ],
          [
            -0.000898,
            -0.020201,
            0.024008
          ],
          [
            0.022736,
            0.014906,
            0.061249
          ],
          [
            0.008698,
            -0.126956,
            -0.108228
          ],
          [
            -0.083821,
            0.094889,
            0.071375
          ],
          [
            0.022282,
            0.114955,
            -0.046277
          ],
          [
            -0.051317,
            -0.156433,
            -0.126302
          ],
          [
            0.002948,
            -0.027503,
            0.082905
          ],
          [
            -0.035415,
            -0.116824,
            -0.026416
          ],
          [
            0.321496,
            -0.00619,
            -0.00929
          ],
          [
            0.008009,
            0.072306,
            -0.070351
          ],
          [
            0.019873,
            -0.05258,
            -0.068851
          ],
          [
            -0.173162,
            0.172872,
            0.033025
          ],
          [
            -0.158366,
            -0.020345,
            0.108274
          ],
          [
            0.012833,
            0.036011,
            -0.104791
          ],
          [
            0.067847,
            -0.046924,
            0.044965
          ],
          [
            0.050168,
            0.078776,
            0.110744
          ],
          [
            0.004713,
            0.014466,
            -0.014549
          ],
          [
            -0.146172,
            0.006356,
            -0.065074
          ],
          [
            0.097891,
            -0.234946,
            0.05186
          ],
          [
            0.066496,
            0.03843,
            -0.132009
          ],
          [
            0.005114,
            0.025205,
            0.201951
          ],
          [
            0.148956,
            0.133207,
            -0.005287
          ],
          [
            -0.136157,
            -0.138845,
            -0.012927
          ],
          [
            -0.054863,
            0.030965,
            -0.157427
          ],
          [
            -0.167726,
            -0.034905,
            -0.040899
          ],
          [
            -0.370355,
            -0.137639,
            0.748918
          ],
          [
            -0.717895,
            -0.349328,
            -0.068397
          ],
          [
            1.609495,
            -0.965509,
            0.030431
          ],
          [
            0.36835,
            -0.515891,
            -0.172182
          ],
          [
            -1.04145,
            -0.833508,
            1.344813
          ],
          [
            -0.344165,
            -0.500349,
            -0.157536
          ],
          [
            -1.065966,
            0.867076,
            -0.24687
          ],
          [
            -0.36416,
            0.063617,
            0.066771
          ],
          [
            1.135077,
            -0.17437,
            -0.125454
          ],
          [
            -1.600109,
            0.959539,
            -0.074404
          ],
          [
            -0.23229,
            -0.746369,
            0.140071
          ],
          [
            -0.20036,
            -0.571107,
            -0.240221
          ],
          [
            -0.03537,
            0.354198,
            -0.194713
          ],
          [
            -0.480801,
            0.618961,
            0.024133
          ],
          [
            0.517604,
            -0.354817,
            -0.733476
          ],
          [
            -0.282361,
            -0.239799,
            0.027458
          ],
          [
            0.556927,
            -0.16225,
            0.618208
          ],
          [
            0.142852,
            0.161746,
            -0.427187
          ],
          [
            0.036016,
            0.88989,
            -0.058597
          ],
          [
            0.092198,
            0.51089,
            0.160634
          ],
          [
            0.225657,
            0.187895,
            -0.09191
          ],
          [
            0.40827,
            0.351176,
            0.003857
          ],
          [
            0.399199,
            0.374817,
            -0.784548
          ],
          [
            -0.343115,
            0.001746,
            -0.068233
          ],
          [
            0.174475,
            0.279485,
            -0.29641
          ],
          [
            0.471307,
            0.403355,
            0.275162
          ],
          [
            0.083026,
            -0.087396,
            -0.063037
          ],
          [
            0.149845,
            -0.216016,
            -0.383646
          ],
          [
            0.77843,
            -0.20174,
            0.615666
          ]
        ],
        "Lattice": [
          [
            8.440733911,
            0.0,
            0.0
          ],
          [
            8.440733911,
            14.619780548,
            0.0
          ],
          [
            0.0,
            0.0,
            21.483230591
          ]
        ],
        "NumAtoms": 102,
        "Positions": [
          [
            4.22079,
            2.43687,
            0.0
          ],
          [
            9.84794,
            12.18339,
            0.0
          ],
          [
            7.03437,
            7.31013,
            0.0
          ],
          [
            7.03437,
            2.43687,
            0.0
          ],
          [
            12.66152,
            12.18339,
            0.0
          ],
          [
            9.84795,
            7.31013,
            0.0
          ],
          [
            1.40721,
            2.43687,
            0.0
          ],
          [
            7.03437,
            12.18339,
            0.0
          ],
          [
            4.22079,
            7.31013,
            0.0
          ],
          [
            2.81385,
            0.0,
            0.0
          ],
          [
            8.44101,
            9.74652,
            0.0
          ],
          [
            5.62743,
            4.87326,
            0.0
          ],
          [
            5.62743,
            0.0,
            0.0
          ],
          [
            11.25459,
            9.74652,
            0.0
          ],
          [
            8.44101,
            4.87326,
            0.0
          ],
          [
            0.00028,
            0.0,
            0.0
          ],
          [
            5.62743,
            9.74652,
            0.0
          ],
          [
            2.81385,
            4.87326,
            0.0
          ],
          [
            7.03462,
            4.06144,
            2.2975
          ],
          [
            12.66177,
            13.80796,
            2.2975
          ],
          [
            9.8482,
            8.9347,
            2.2975
          ],
          [
            9.8482,
            4.06144,
            2.2975
          ],
          [
            15.47535,
            13.80796,
            2.2975
          ],
          [
            12.66177,
            8.9347,
            2.2975
          ],
          [
            4.22104,
            4.06144,
            2.2975
          ],
          [
            9.8482,
            13.80796,
            2.2975
          ],
          [
            7.03462,
            8.9347,
            2.2975
          ],
          [
            5.62769,
            1.62456,
            2.2975
          ],
          [
            11.25484,
            11.37109,
            2.2975
          ],
          [
            8.44127,
            6.49782,
            2.2975
          ],
          [
            8.44127,
            1.62456,
            2.2975
          ],
          [
            14.06842,
            11.37109,
            2.2975
          ],
          [
            11.25484,
            6.49782,
            2.2975
          ],
          [
            2.81411,
            1.62456,
            2.2975
          ],
          [
            8.44127,
            11.37109,
            2.2975
          ],
          [
            5.62769,
            6.49782,
            2.2975
          ],
          [
            1.38904,
            0.80593,
            4.5804
          ],
          [
            7.01881,
            10.59759,
            4.58656
          ],
          [
            4.20959,
            5.73285,
            4.55055
          ],
          [
            4.19275,
            0.8015,
            4.57452
          ],
          [
            9.82657,
            10.62842,
            4.60412
          ],
          [
            7.0187,
            5.71903,
            4.54257
          ],
          [
            7.01465,
            0.7905,
            4.57716
          ],
          [
            12.63932,
            10.60743,
            4.59466
          ],
          [
            9.83438,
            5.73608,
            4.558
          ],
          [
            2.80662,
            3.2589,
            4.55617
          ],
          [
            8.42201,
            13.01157,
            4.59535
          ],
          [
            5.6109,
            8.16276,
            4.56023
          ],
          [
            5.61244,
            3.26706,
            4.55221
          ],
          [
            11.23569,
            13.01063,
            4.60933
          ],
          [
            8.42294,
            8.19615,
            4.57837
          ],
          [
            8.43802,
            3.24919,
            4.54139
          ],
          [
            14.034,
            12.98682,
            4.59691
          ],
          [
            11.24855,
            8.2066,
            4.5812
          ],
          [
            5.58434,
            0.08203,
            6.86939
          ],
          [
            11.21115,
            9.83851,
            6.92183
          ],
          [
            8.38391,
            4.9367,
            6.82488
          ],
          [
            2.76842,
            0.06089,
            6.92437
          ],
          [
            8.40116,
            9.82619,
            6.92412
          ],
          [
            5.61407,
            4.93333,
            6.87627
          ],
          [
            11.24477,
            4.93792,
            6.82151
          ],
          [
            8.40429,
            0.05807,
            6.92389
          ],
          [
            14.02369,
            9.82188,
            6.88478
          ],
          [
            9.81253,
            2.48055,
            6.84524
          ],
          [
            15.4471,
            12.24822,
            6.90714
          ],
          [
            12.64455,
            7.39162,
            6.88095
          ],
          [
            6.99669,
            2.51617,
            6.85004
          ],
          [
            12.61365,
            12.25874,
            6.98064
          ],
          [
            9.81715,
            7.38364,
            6.82846
          ],
          [
            6.98142,
            7.37665,
            6.864
          ],
          [
            4.20027,
            2.51133,
            6.87223
          ],
          [
            9.80689,
            12.2518,
            6.97421
          ],
          [
            13.91245,
            10.42273,
            10.55839
          ],
          [
            13.59996,
            11.92847,
            10.55802
          ],
          [
            14.82141,
            12.78175,
            10.25599
          ],
          [
            6.19985,
            6.78265,
            10.47734
          ],
          [
            6.42825,
            5.27885,
            10.49143
          ],
          [
            7.87378,
            4.834,
            10.21242
          ],
          [
            8.08008,
            3.33823,
            10.48883
          ],
          [
            14.51587,
            14.254,
            10.25111
          ],
          [
            6.64783,
            10.01493,
            10.54741
          ],
          [
            12.83075,
            9.64012,
            10.55055
          ],
          [
            5.05701,
            7.19399,
            10.57106
          ],
          [
            7.29229,
            7.52267,
            10.42149
          ],
          [
            5.48034,
            4.76172,
            9.5429
          ],
          [
            12.56669,
            12.18124,
            9.59457
          ],
          [
            13.15924,
            8.58967,
            10.53005
          ],
          [
            13.15847,
            12.21155,
            11.58324
          ],
          [
            11.93591,
            11.43647,
            9.61199
          ],
          [
            15.58964,
            12.53614,
            10.97307
          ],
          [
            15.21968,
            12.4108,
            9.29391
          ],
          [
            7.0293,
            8.49606,
            10.48382
          ],
          [
            5.52457,
            3.77159,
            9.47543
          ],
          [
            6.10021,
            4.92051,
            11.50228
          ],
          [
            8.51831,
            5.40259,
            10.88265
          ],
          [
            8.09684,
            5.05057,
            9.17504
          ],
          [
            9.15368,
            3.06594,
            10.37506
          ],
          [
            7.75707,
            3.03626,
            11.51824
          ],
          [
            7.48254,
            2.68774,
            9.7794
          ],
          [
            6.95112,
            0.2527,
            9.99764
          ],
          [
            14.14043,
            14.60628,
            11.25034
          ],
          [
            13.68815,
            14.50452,
            9.4957
          ]
        ],
        "Stress": [
          [
            -62.72318,
            -0.9417,
            0.15
          ],
          [
            -0.9417,
            -61.7632,
            0.0611
          ],
          [
            0.15,
            0.0611,
            -13.60587
          ]
        ],
        "computation_code": "VASP",
        "pseudopotential_information": [
          [
            "PAW_PBE",
            "Pt",
            "04Feb2005"
          ],
          [
            "PAW_PBE",
            "C",
            "08Apr2002"
          ],
          [
            "PAW_PBE",
            "O",
            "08Apr2002"
          ],
          [
            "PAW_PBE",
            "H",
            "15Jun2001"
          ]
        ]
      }
    ],
    "EnergyStyle": "electronvolt",
    "ForcesStyle": "electronvoltperangstrom",
    "LatticeStyle": "angstrom",
    "PositionsStyle": "angstrom",
    "StressStyle": "kB"
  }
}