{
  "Dataset": {
    "AtomTypeStyle": "chemicalsymbol",
    "Data": [
      {
        "AtomTypes": [
          "Pt",
          "Pt",
          "Pt",
          "Pt",
          "Pt",
          "Pt",
          "Pt",
          "Pt",
          "Pt",
          "Pt",
          "Pt",
          "Pt",
          "Pt",
          "Pt",
          "Pt",
          "Pt",
          "Pt",
          "Pt",
          "Pt",
          "Pt",
          "Pt",
          "Pt",
          "Pt",
          "Pt",
          "Pt",
          "Pt",
          "Pt",
          "Pt",
          "Pt",
          "Pt",
          "Pt",
          "Pt",
          "Pt",
          "Pt",
          "Pt",
          "Pt",
          "Pt",
          "Pt",
          "Pt",
          "Pt",
          "Pt",
          "Pt",
          "Pt",
          "Pt",
          "Pt",
          "Pt",
          "Pt",
          "Pt",
          "Pt",
          "Pt",
          "Pt",
          "Pt",
          "Pt",
          "Pt",
          "Pt",
          "Pt",
          "Pt",
          "Pt",
          "Pt",
          "Pt",
          "Pt",
          "Pt",
          "Pt",
          "Pt",
          "Pt",
          "Pt",
          "Pt",
          "Pt",
          "Pt",
          "Pt",
          "Pt",
          "Pt",
          "C",
          "C",
          "C",
          "C",
          "C",
          "C",
          "C",
          "C",
          "O",
          "O",
          "O",
          "O",
          "O",
          "O",
          "H",
          "H",
          "H",
          "H",
          "H",
          "H",
          "H",
          "H",
          "H",
          "H",
          "H",
          "H",
          "H",
          "H",
          "H",
          "H"
        ],
        "Energy": -377.32957941,
        "Forces": [
          [
            0.015436,
            -0.035851,
            -0.036054
          ],
          [
            -0.00319,
            -0.013104,
            -0.040262
          ],
          [
            0.018973,
            -0.027145,
            -0.037403
          ],
          [
            0.016029,
            -0.037198,
            -0.036381
          ],
          [
            0.008597,
            -0.023907,
            -0.043666
          ],
          [
            0.017955,
            -0.017727,
            -0.097321
          ],
          [
            0.012712,
            -0.033142,
            -0.040795
          ],
          [
            0.030803,
            -0.016482,
            -0.037964
          ],
          [
            0.004566,
            -0.046277,
            -0.072009
          ],
          [
            0.009606,
            -0.022503,
            -0.051833
          ],
          [
            0.020405,
            -0.024788,
            -0.039157
          ],
          [
            0.025147,
            -0.029384,
            -0.039483
          ],
          [
            0.015064,
            -0.031355,
            -0.060013
          ],
          [
            0.009862,
            -0.029176,
            -0.041039
          ],
          [
            0.024,
            -0.013572,
            -0.04155
          ],
          [
            0.014062,
            -0.002242,
            -0.126914
          ],
          [
            0.014992,
            -0.026765,
            -0.036138
          ],
          [
            -0.001445,
            -0.02114,
            -0.043628
          ],
          [
            -0.041905,
            0.050779,
            0.089653
          ],
          [
            -0.022614,
            -0.031516,
            0.049948
          ],
          [
            -0.008681,
            0.02658,
            0.055331
          ],
          [
            -0.018078,
            0.018509,
            0.033468
          ],
          [
            -0.055093,
            0.000654,
            0.030917
          ],
          [
            -0.006788,
            0.069678,
            0.057819
          ],
          [
            0.010759,
            0.046923,
            0.080798
          ],
          [
            0.018082,
            -0.007239,
            0.079606
          ],
          [
            -0.015378,
            0.017382,
            0.039929
          ],
          [
            -0.019718,
            0.063827,
            0.023085
          ],
          [
            0.019285,
            0.039862,
            0.118344
          ],
          [
            -0.061844,
            0.016104,
            0.088874
          ],
          [
            -0.004805,
            0.025915,
            0.027591
          ],
          [
            -0.045901,
            0.046121,
            0.083543
          ],
          [
            0.022829,
            0.002119,
            0.05373
          ],
          [
            -0.010457,
            0.044787,
            0.037304
          ],
          [
            -0.002861,
            0.011908,
            0.048538
          ],
          [
            -0.019092,
            0.008092,
            0.064242
          ],
          [
            -0.00843,
            0.000426,
            -0.015837
          ],
          [
            0.003385,
            0.013395,
            -0.009449
          ],
          [
            -0.027473,
            -0.023909,
            -0.027744
          ],
          [
            0.01221,
            0.011307,
            -0.015037
          ],
          [
            -0.002998,
            0.006325,
            -0.015755
          ],
          [
            0.01626,
            0.003955,
            -0.050997
          ],
          [
            -0.009639,
            -0.003795,
            -0.007071
          ],
          [
            -0.0081,
            -0.006634,
            -0.031701
          ],
          [
            0.013158,
            -0.007627,
            0.003116
          ],
          [
            0.008679,
            0.023282,
            -0.023557
          ],
          [
            0.003728,
            -0.00906,
            -0.015381
          ],
          [
            0.011599,
            -0.008689,
            -0.02331
          ],
          [
            -0.001752,
            0.028203,
            0.00085
          ],
          [
            0.007631,
            -0.006997,
            -0.019605
          ],
          [
            -0.006411,
            0.005443,
            -0.018071
          ],
          [
            -0.002315,
            0.004975,
            -0.033408
          ],
          [
            -0.007307,
            0.001234,
            -0.002421
          ],
          [
            -0.017385,
            -0.000889,
            -0.040347
          ],
          [
            0.007881,
            0.006923,
            0.026632
          ],
          [
            -0.014752,
            -0.004469,
            0.001616
          ],
          [
            -0.065555,
            0.020124,
            0.066263
          ],
          [
            -0.013392,
            0.008205,
            0.014365
          ],
          [
            0.01268,
            0.022663,
            0.014785
          ],
          [
            0.011951,
            -0.013593,
            0.011797
          ],
          [
            0.051365,
            0.017479,
            0.028632
          ],
          [
            0.001881,
            0.003993,
            0.012944
          ],
          [
            -0.014562,
            -0.020945,
            -0.025602
          ],
          [
            -0.00546,
            -0.002999,
            0.025995
          ],
          [
            0.020704,
            0.002548,
            0.043555
          ],
          [
            0.025212,
            -0.033742,
            0.0569
          ],
          [
            -0.030636,
            0.058945,
            0.062523
          ],
          [
            0.050448,
            -0.008848,
            -0.037032
          ],
          [
            0.005335,
            -0.026552,
            0.017936
          ],
          [
            -0.025586,
            -0.037799,
            0.024988
          ],
          [
            0.039695,
            0.072391,
            0.059835
          ],
          [
            -0.016839,
            -0.019566,
            0.000389
          ],
          [
            1.531489,
            -0.447135,
            0.132816
          ],
          [
            -0.408299,
            -0.142473,
            1.157591
          ],
          [
            0.862627,
            -0.361504,
            -1.180777
          ],
          [
            -1.646173,
            0.366664,
            -0.053154
          ],
          [
            0.157031,
            -0.197647,
            1.055812
          ],
          [
            0.607104,
            0.496937,
            -1.280686
          ],
          [
            -0.277548,
            -1.256838,
            -0.178186
          ],
          [
            -0.646582,
            1.273807,
            -0.026119
          ],
          [
            -0.720223,
            0.403988,
            0.130301
          ],
          [
            -1.032229,
            -0.038311,
            -0.075251
          ],
          [
            0.464949,
            -0.26725,
            0.021168
          ],
          [
            1.4021,
            -0.34717,
            0.197816
          ],
          [
            -0.221382,
            0.534069,
            -0.048209
          ],
          [
            0.241054,
            0.616962,
            -0.04464
          ],
          [
            0.443502,
            -0.076425,
            0.06242
          ],
          [
            0.334465,
            -0.005131,
            -0.807069
          ],
          [
            -0.392254,
            -0.378533,
            0.031663
          ],
          [
            0.001537,
            -0.01088,
            0.000835
          ],
          [
            -0.658172,
            0.296715,
            0.881293
          ],
          [
            -0.477176,
            0.409333,
            -0.107562
          ],
          [
            0.062259,
            -0.894656,
            0.013463
          ],
          [
            0.012382,
            0.309472,
            -0.946281
          ],
          [
            -0.186705,
            -0.016795,
            -0.001924
          ],
          [
            -0.385178,
            -0.404535,
            1.074973
          ],
          [
            -0.387802,
            0.155721,
            0.048031
          ],
          [
            0.252695,
            0.227234,
            -0.710803
          ],
          [
            0.527986,
            0.579822,
            0.810098
          ],
          [
            -0.442196,
            -0.309477,
            0.096026
          ],
          [
            0.317154,
            -0.267527,
            -0.767038
          ],
          [
            0.664104,
            -0.311324,
            0.685943
          ]
        ],
        "Lattice": [
          [
            8.440733911,
            0.0,
            0.0
          ],
          [
            8.440733911,
            14.619780548,
            0.0
          ],
          [
            0.0,
            0.0,
            21.483230591
          ]
        ],
        "NumAtoms": 102,
        "Positions": [
          [
            4.22079,
            2.43687,
            0.0
          ],
          [
            9.84794,
            12.18339,
            0.0
          ],
          [
            7.03437,
            7.31013,
            0.0
          ],
          [
            7.03437,
            2.43687,
            0.0
          ],
          [
            12.66152,
            12.18339,
            0.0
          ],
          [
            9.84795,
            7.31013,
            0.0
          ],
          [
            1.40721,
            2.43687,
            0.0
          ],
          [
            7.03437,
            12.18339,
            0.0
          ],
          [
            4.22079,
            7.31013,
            0.0
          ],
          [
            2.81385,
            0.0,
            0.0
          ],
          [
            8.44101,
            9.74652,
            0.0
          ],
          [
            5.62743,
            4.87326,
            0.0
          ],
          [
            5.62743,
            0.0,
            0.0
          ],
          [
            11.25459,
            9.74652,
            0.0
          ],
          [
            8.44101,
            4.87326,
            0.0
          ],
          [
            0.00028,
            0.0,
            0.0
          ],
          [
            5.62743,
            9.74652,
            0.0
          ],
          [
            2.81385,
            4.87326,
            0.0
          ],
          [
            7.03462,
            4.06144,
            2.2975
          ],
          [
            12.66177,
            13.80796,
            2.2975
          ],
          [
            9.8482,
            8.9347,
            2.2975
          ],
          [
            9.8482,
            4.06144,
            2.2975
          ],
          [
            15.47535,
            13.80796,
            2.2975
          ],
          [
            12.66177,
            8.9347,
            2.2975
          ],
          [
            4.22104,
            4.06144,
            2.2975
          ],
          [
            9.8482,
            13.80796,
            2.2975
          ],
          [
            7.03462,
            8.9347,
            2.2975
          ],
          [
            5.62769,
            1.62456,
            2.2975
          ],
          [
            11.25484,
            11.37109,
            2.2975
          ],
          [
            8.44127,
            6.49782,
            2.2975
          ],
          [
            8.44127,
            1.62456,
            2.2975
          ],
          [
            14.06842,
            11.37109,
            2.2975
          ],
          [
            11.25484,
            6.49782,
            2.2975
          ],
          [
            2.81411,
            1.62456,
            2.2975
          ],
          [
            8.44127,
            11.37109,
            2.2975
          ],
          [
            5.62769,
            6.49782,
            2.2975
          ],
          [
            1.38948,
            0.84432,
            4.56209
          ],
          [
            7.02137,
            10.58719,
            4.56597
          ],
          [
            4.20929,
            5.7152,
            4.57613
          ],
          [
            4.20023,
            0.84146,
            4.55864
          ],
          [
            9.83001,
            10.59266,
            4.57371
          ],
          [
            7.00498,
            5.71316,
            4.58169
          ],
          [
            7.01923,
            0.83977,
            4.55492
          ],
          [
            12.64368,
            10.5955,
            4.58113
          ],
          [
            9.82772,
            5.72403,
            4.55954
          ],
          [
            2.79153,
            3.28124,
            4.56742
          ],
          [
            8.42326,
            13.02895,
            4.56065
          ],
          [
            5.60847,
            8.15443,
            4.56473
          ],
          [
            5.60747,
            3.28028,
            4.57699
          ],
          [
            11.2439,
            13.02334,
            4.58232
          ],
          [
            8.42501,
            8.15321,
            4.56589
          ],
          [
            8.42243,
            3.28214,
            4.5686
          ],
          [
            14.04362,
            13.01739,
            4.57526
          ],
          [
            11.23966,
            8.1559,
            4.56175
          ],
          [
            5.59565,
            0.09048,
            6.85385
          ],
          [
            11.21104,
            9.80924,
            6.87717
          ],
          [
            8.41904,
            4.94622,
            6.86625
          ],
          [
            2.7704,
            0.08177,
            6.87147
          ],
          [
            8.4086,
            9.81138,
            6.88887
          ],
          [
            5.58384,
            4.96067,
            6.90662
          ],
          [
            11.20278,
            4.93964,
            6.86709
          ],
          [
            8.40932,
            0.0696,
            6.87645
          ],
          [
            14.04857,
            9.8146,
            6.86994
          ],
          [
            9.81063,
            2.5041,
            6.88048
          ],
          [
            15.45858,
            12.25016,
            6.87069
          ],
          [
            12.61809,
            7.39701,
            6.86756
          ],
          [
            7.00423,
            2.4955,
            6.86574
          ],
          [
            12.63461,
            12.26636,
            6.90676
          ],
          [
            9.81408,
            7.38782,
            6.88064
          ],
          [
            7.00709,
            7.39714,
            6.87633
          ],
          [
            4.17126,
            2.49606,
            6.86907
          ],
          [
            9.80266,
            12.25272,
            6.87787
          ],
          [
            13.7339,
            10.37539,
            10.19383
          ],
          [
            13.3794,
            11.84437,
            10.28632
          ],
          [
            14.58363,
            12.74304,
            10.24981
          ],
          [
            5.92186,
            6.79156,
            10.45652
          ],
          [
            6.18021,
            5.30274,
            10.50617
          ],
          [
            7.62835,
            4.8908,
            10.33016
          ],
          [
            7.80657,
            3.39939,
            10.488
          ],
          [
            14.28203,
            14.21366,
            10.32814
          ],
          [
            6.50012,
            9.99827,
            10.28359
          ],
          [
            12.72528,
            9.58584,
            10.08079
          ],
          [
            4.7174,
            7.1862,
            10.4189
          ],
          [
            6.93341,
            7.57263,
            10.46915
          ],
          [
            5.29932,
            4.75731,
            9.5293
          ],
          [
            12.39171,
            12.17491,
            9.30073
          ],
          [
            12.88838,
            8.50236,
            10.18537
          ],
          [
            12.87595,
            11.94761,
            11.31772
          ],
          [
            11.70358,
            11.48469,
            9.29352
          ],
          [
            15.25305,
            12.42717,
            11.06883
          ],
          [
            15.18775,
            12.50172,
            9.28047
          ],
          [
            6.77369,
            8.61509,
            10.39648
          ],
          [
            5.33887,
            3.79548,
            9.52762
          ],
          [
            5.87143,
            4.9626,
            11.56729
          ],
          [
            8.28005,
            5.44367,
            11.03543
          ],
          [
            7.98396,
            5.23202,
            9.27002
          ],
          [
            8.87492,
            3.09126,
            10.38089
          ],
          [
            7.43748,
            3.03854,
            11.49948
          ],
          [
            7.2443,
            2.80747,
            9.67127
          ],
          [
            6.77207,
            0.20267,
            10.1784
          ],
          [
            13.8336,
            14.51053,
            11.3324
          ],
          [
            13.53871,
            14.54391,
            9.52076
          ]
        ],
        "Stress": [
          [
            -62.24775,
            -0.14271,
            0.89672
          ],
          [
            -0.14271,
            -58.10862,
            0.59618
          ],
          [
            0.89672,
            0.59618,
            -15.21076
          ]
        ],
        "computation_code": "VASP",
        "pseudopotential_information": [
          [
            "PAW_PBE",
            "Pt",
            "04Feb2005"
          ],
          [
            "PAW_PBE",
            "C",
            "08Apr2002"
          ],
          [
            "PAW_PBE",
            "O",
            "08Apr2002"
          ],
          [
            "PAW_PBE",
            "H",
            "15Jun2001"
          ]
        ]
      }
    ],
    "EnergyStyle": "electronvolt",
    "ForcesStyle": "electronvoltperangstrom",
    "LatticeStyle": "angstrom",
    "PositionsStyle": "angstrom",
    "StressStyle": "kB"
  }
}