{
  "Dataset": {
    "AtomTypeStyle": "chemicalsymbol",
    "Data": [
      {
        "AtomTypes": [
          "Pt",
          "Pt",
          "Pt",
          "Pt",
          "Pt",
          "Pt",
          "Pt",
          "Pt",
          "Pt",
          "Pt",
          "Pt",
          "Pt",
          "Pt",
          "Pt",
          "Pt",
          "Pt",
          "Pt",
          "Pt",
          "Pt",
          "Pt",
          "Pt",
          "Pt",
          "Pt",
          "Pt",
          "Pt",
          "Pt",
          "Pt",
          "Pt",
          "Pt",
          "Pt",
          "Pt",
          "Pt",
          "Pt",
          "Pt",
          "Pt",
          "Pt",
          "Pt",
          "Pt",
          "Pt",
          "Pt",
          "Pt",
          "Pt",
          "Pt",
          "Pt",
          "Pt",
          "Pt",
          "Pt",
          "Pt",
          "Pt",
          "Pt",
          "Pt",
          "Pt",
          "Pt",
          "Pt",
          "Pt",
          "Pt",
          "Pt",
          "Pt",
          "Pt",
          "Pt",
          "Pt",
          "Pt",
          "Pt",
          "Pt",
          "Pt",
          "Pt",
          "Pt",
          "Pt",
          "Pt",
          "Pt",
          "Pt",
          "Pt",
          "C",
          "C",
          "C",
          "C",
          "C",
          "C",
          "C",
          "C",
          "O",
          "O",
          "O",
          "O",
          "O",
          "O",
          "H",
          "H",
          "H",
          "H",
          "H",
          "H",
          "H",
          "H",
          "H",
          "H",
          "H",
          "H",
          "H",
          "H",
          "H",
          "H"
        ],
        "Energy": -378.92211772,
        "Forces": [
          [
            0.011204,
            -0.035812,
            -0.06733
          ],
          [
            -0.002736,
            -0.013797,
            -0.071619
          ],
          [
            0.014949,
            -0.026564,
            -0.068612
          ],
          [
            0.01249,
            -0.036418,
            -0.067905
          ],
          [
            0.004103,
            -0.023737,
            -0.068223
          ],
          [
            0.01416,
            -0.010294,
            -0.142406
          ],
          [
            0.011278,
            -0.031687,
            -0.07115
          ],
          [
            0.028365,
            -0.015397,
            -0.067536
          ],
          [
            0.00655,
            -0.0416,
            -0.099123
          ],
          [
            0.007615,
            -0.022124,
            -0.082557
          ],
          [
            0.021091,
            -0.02391,
            -0.070342
          ],
          [
            0.021508,
            -0.027873,
            -0.075797
          ],
          [
            0.015722,
            -0.037187,
            -0.095332
          ],
          [
            0.009753,
            -0.029446,
            -0.069009
          ],
          [
            0.025414,
            -0.009251,
            -0.070935
          ],
          [
            0.007183,
            -0.005578,
            -0.140946
          ],
          [
            0.012199,
            -0.028061,
            -0.068544
          ],
          [
            -0.00426,
            -0.014728,
            -0.07503
          ],
          [
            -0.04333,
            0.049098,
            0.101489
          ],
          [
            -0.014705,
            -0.024383,
            0.07176
          ],
          [
            -0.008041,
            0.019748,
            0.074776
          ],
          [
            -0.017243,
            0.019837,
            0.050442
          ],
          [
            -0.052271,
            0.004367,
            0.060793
          ],
          [
            -0.00792,
            0.070314,
            0.094855
          ],
          [
            0.013481,
            0.046967,
            0.099509
          ],
          [
            0.016662,
            0.00061,
            0.094319
          ],
          [
            -0.017351,
            0.023402,
            0.068376
          ],
          [
            -0.013791,
            0.059744,
            0.040674
          ],
          [
            0.017118,
            0.043567,
            0.131743
          ],
          [
            -0.052925,
            0.012123,
            0.123303
          ],
          [
            -0.005539,
            0.021239,
            0.050413
          ],
          [
            -0.037989,
            0.051467,
            0.11221
          ],
          [
            0.009944,
            0.004372,
            0.078204
          ],
          [
            -0.007481,
            0.043239,
            0.063787
          ],
          [
            -0.002854,
            0.014882,
            0.07174
          ],
          [
            -0.028846,
            0.001578,
            0.088183
          ],
          [
            -0.001023,
            0.000825,
            -0.000441
          ],
          [
            0.000936,
            -0.005081,
            -0.000403
          ],
          [
            0.00809,
            -0.002719,
            -0.001142
          ],
          [
            -0.006169,
            -0.001597,
            -0.005037
          ],
          [
            -0.002784,
            -0.005092,
            -0.000821
          ],
          [
            -0.000457,
            0.003742,
            0.000731
          ],
          [
            0.000698,
            -0.001113,
            -0.00369
          ],
          [
            -0.005312,
            -0.002036,
            -0.004295
          ],
          [
            0.003197,
            0.001359,
            -0.004097
          ],
          [
            -0.004444,
            0.001796,
            0.001956
          ],
          [
            -0.00523,
            0.003689,
            -0.003608
          ],
          [
            -0.000223,
            -0.001494,
            -0.001091
          ],
          [
            -0.00036,
            -0.000538,
            -0.001644
          ],
          [
            0.002977,
            0.005019,
            -0.001845
          ],
          [
            0.001458,
            -0.000531,
            -0.002158
          ],
          [
            0.008602,
            -0.002244,
            -0.001882
          ],
          [
            -0.000279,
            0.001425,
            0.000452
          ],
          [
            -0.001262,
            0.000153,
            0.002274
          ],
          [
            1.7e-05,
            0.000575,
            -0.004798
          ],
          [
            -0.003594,
            -0.005395,
            0.001687
          ],
          [
            0.007489,
            -0.001913,
            0.002824
          ],
          [
            0.000953,
            0.001238,
            -0.000273
          ],
          [
            -0.002087,
            -0.004058,
            0.002421
          ],
          [
            0.001505,
            -0.002535,
            0.008642
          ],
          [
            0.001029,
            0.000337,
            0.002796
          ],
          [
            -0.005854,
            -0.004345,
            0.003105
          ],
          [
            -0.000128,
            -0.001496,
            -0.005267
          ],
          [
            0.003745,
            -0.000198,
            0.000443
          ],
          [
            -0.001641,
            0.00139,
            -0.000727
          ],
          [
            -0.001938,
            0.000466,
            0.002837
          ],
          [
            -0.000772,
            0.000271,
            0.001249
          ],
          [
            0.00277,
            0.005462,
            -0.001872
          ],
          [
            0.00096,
            0.000736,
            -0.000756
          ],
          [
            0.002441,
            0.001926,
            0.003487
          ],
          [
            -0.002062,
            0.001031,
            0.003967
          ],
          [
            -3e-05,
            -0.001224,
            -0.000607
          ],
          [
            0.024944,
            -0.028129,
            0.00333
          ],
          [
            -0.014613,
            -0.027047,
            -0.010238
          ],
          [
            0.005378,
            -0.050724,
            -0.001348
          ],
          [
            -0.127864,
            0.015408,
            -0.01
          ],
          [
            0.041357,
            0.012231,
            0.040124
          ],
          [
            0.027519,
            0.017402,
            -0.007258
          ],
          [
            0.014847,
            0.015737,
            0.010827
          ],
          [
            0.001181,
            -0.002402,
            0.021355
          ],
          [
            -0.036459,
            0.035737,
            0.002109
          ],
          [
            -0.029475,
            0.034129,
            -0.04273
          ],
          [
            0.046167,
            -0.017827,
            -0.013129
          ],
          [
            0.100126,
            -0.061713,
            0.029742
          ],
          [
            -0.009482,
            -0.021931,
            -0.005896
          ],
          [
            0.014298,
            0.010149,
            0.044182
          ],
          [
            -0.000303,
            -0.007375,
            0.011224
          ],
          [
            0.024805,
            0.014584,
            -0.015539
          ],
          [
            0.014709,
            -0.014512,
            -0.001629
          ],
          [
            0.005181,
            0.012011,
            -0.003097
          ],
          [
            0.002789,
            -0.002409,
            -0.009867
          ],
          [
            -0.045042,
            0.05168,
            0.008192
          ],
          [
            0.012777,
            -0.006283,
            -0.004083
          ],
          [
            0.014244,
            0.011017,
            -0.014904
          ],
          [
            -0.01657,
            -0.01391,
            -0.025286
          ],
          [
            0.004565,
            -0.004251,
            0.010848
          ],
          [
            -0.008769,
            -0.007298,
            -0.004029
          ],
          [
            -0.00638,
            0.003935,
            0.007512
          ],
          [
            -0.005015,
            -0.014529,
            -0.014966
          ],
          [
            0.044371,
            0.032361,
            -0.00951
          ],
          [
            -0.024548,
            0.000716,
            0.029713
          ],
          [
            -0.039464,
            -0.003294,
            -0.022247
          ]
        ],
        "Lattice": [
          [
            8.440733911,
            0.0,
            0.0
          ],
          [
            8.440733911,
            14.619780548,
            0.0
          ],
          [
            0.0,
            0.0,
            21.483230591
          ]
        ],
        "NumAtoms": 102,
        "Positions": [
          [
            4.22079,
            2.43687,
            0.0
          ],
          [
            9.84794,
            12.18339,
            0.0
          ],
          [
            7.03437,
            7.31013,
            0.0
          ],
          [
            7.03437,
            2.43687,
            0.0
          ],
          [
            12.66152,
            12.18339,
            0.0
          ],
          [
            9.84795,
            7.31013,
            0.0
          ],
          [
            1.40721,
            2.43687,
            0.0
          ],
          [
            7.03437,
            12.18339,
            0.0
          ],
          [
            4.22079,
            7.31013,
            0.0
          ],
          [
            2.81385,
            0.0,
            0.0
          ],
          [
            8.44101,
            9.74652,
            0.0
          ],
          [
            5.62743,
            4.87326,
            0.0
          ],
          [
            5.62743,
            0.0,
            0.0
          ],
          [
            11.25459,
            9.74652,
            0.0
          ],
          [
            8.44101,
            4.87326,
            0.0
          ],
          [
            0.00028,
            0.0,
            0.0
          ],
          [
            5.62743,
            9.74652,
            0.0
          ],
          [
            2.81385,
            4.87326,
            0.0
          ],
          [
            7.03462,
            4.06144,
            2.2975
          ],
          [
            12.66177,
            13.80796,
            2.2975
          ],
          [
            9.8482,
            8.9347,
            2.2975
          ],
          [
            9.8482,
            4.06144,
            2.2975
          ],
          [
            15.47535,
            13.80796,
            2.2975
          ],
          [
            12.66177,
            8.9347,
            2.2975
          ],
          [
            4.22104,
            4.06144,
            2.2975
          ],
          [
            9.8482,
            13.80796,
            2.2975
          ],
          [
            7.03462,
            8.9347,
            2.2975
          ],
          [
            5.62769,
            1.62456,
            2.2975
          ],
          [
            11.25484,
            11.37109,
            2.2975
          ],
          [
            8.44127,
            6.49782,
            2.2975
          ],
          [
            8.44127,
            1.62456,
            2.2975
          ],
          [
            14.06842,
            11.37109,
            2.2975
          ],
          [
            11.25484,
            6.49782,
            2.2975
          ],
          [
            2.81411,
            1.62456,
            2.2975
          ],
          [
            8.44127,
            11.37109,
            2.2975
          ],
          [
            5.62769,
            6.49782,
            2.2975
          ],
          [
            1.39153,
            0.84553,
            4.56846
          ],
          [
            7.02277,
            10.5899,
            4.5739
          ],
          [
            4.20742,
            5.71688,
            4.58111
          ],
          [
            4.20422,
            0.84336,
            4.56447
          ],
          [
            9.83257,
            10.59388,
            4.57868
          ],
          [
            7.00388,
            5.71424,
            4.58556
          ],
          [
            7.01969,
            0.8393,
            4.56237
          ],
          [
            12.64509,
            10.59796,
            4.58748
          ],
          [
            9.82823,
            5.72456,
            4.5663
          ],
          [
            2.79384,
            3.2842,
            4.57308
          ],
          [
            8.42666,
            13.02824,
            4.56815
          ],
          [
            5.6096,
            8.15712,
            4.57109
          ],
          [
            5.60825,
            3.28295,
            4.58088
          ],
          [
            11.24566,
            13.02472,
            4.58658
          ],
          [
            8.42578,
            8.15612,
            4.57071
          ],
          [
            8.42317,
            3.28284,
            4.57215
          ],
          [
            14.0461,
            13.01856,
            4.58255
          ],
          [
            11.23954,
            8.15804,
            4.56808
          ],
          [
            5.59929,
            0.08804,
            6.86913
          ],
          [
            11.21798,
            9.81563,
            6.89381
          ],
          [
            8.41984,
            4.94892,
            6.87773
          ],
          [
            2.77615,
            0.08145,
            6.88506
          ],
          [
            8.41515,
            9.81661,
            6.90198
          ],
          [
            5.59189,
            4.96123,
            6.9141
          ],
          [
            11.20566,
            4.94265,
            6.8778
          ],
          [
            8.41556,
            0.07176,
            6.88801
          ],
          [
            14.0487,
            9.81752,
            6.88646
          ],
          [
            9.8137,
            2.50574,
            6.89407
          ],
          [
            15.46333,
            12.2517,
            6.88449
          ],
          [
            12.62232,
            7.39924,
            6.88267
          ],
          [
            7.00702,
            2.49918,
            6.87682
          ],
          [
            12.64028,
            12.26322,
            6.92562
          ],
          [
            9.8178,
            7.38642,
            6.89371
          ],
          [
            7.01166,
            7.39904,
            6.88509
          ],
          [
            4.17593,
            2.49774,
            6.88114
          ],
          [
            9.81173,
            12.25199,
            6.89147
          ],
          [
            13.69626,
            10.46539,
            10.31665
          ],
          [
            13.3795,
            11.95716,
            10.40352
          ],
          [
            14.61013,
            12.83052,
            10.24952
          ],
          [
            5.89098,
            6.74512,
            10.23414
          ],
          [
            6.11996,
            5.23863,
            10.3428
          ],
          [
            7.57394,
            4.79101,
            10.2663
          ],
          [
            7.73955,
            3.28001,
            10.41074
          ],
          [
            14.3226,
            14.32272,
            10.35875
          ],
          [
            6.40502,
            10.0206,
            10.44269
          ],
          [
            12.61124,
            9.72587,
            10.15612
          ],
          [
            4.74656,
            7.19764,
            10.07522
          ],
          [
            6.978,
            7.47489,
            10.37545
          ],
          [
            5.26817,
            4.65613,
            9.32555
          ],
          [
            12.37752,
            12.3318,
            9.42337
          ],
          [
            12.84559,
            8.72242,
            10.08588
          ],
          [
            12.92932,
            12.11506,
            11.40523
          ],
          [
            11.63763,
            11.68721,
            9.4594
          ],
          [
            15.33561,
            12.50919,
            11.01098
          ],
          [
            15.07902,
            12.60396,
            9.26915
          ],
          [
            6.75515,
            8.47653,
            10.35941
          ],
          [
            5.32086,
            3.6776,
            9.36522
          ],
          [
            5.69509,
            4.94718,
            11.32516
          ],
          [
            8.13413,
            5.31877,
            11.05332
          ],
          [
            8.00044,
            5.13014,
            9.29975
          ],
          [
            8.8036,
            3.00753,
            10.38284
          ],
          [
            7.31271,
            2.90984,
            11.35629
          ],
          [
            7.26371,
            2.73684,
            9.57496
          ],
          [
            6.8168,
            0.27067,
            10.27951
          ],
          [
            13.84618,
            14.57432,
            11.31867
          ],
          [
            5.21673,
            0.0429,
            9.54955
          ]
        ],
        "Stress": [
          [
            -50.03212,
            -0.35975,
            0.01575
          ],
          [
            -0.35975,
            -49.04706,
            0.55268
          ],
          [
            0.01575,
            0.55268,
            -2.47659
          ]
        ],
        "computation_code": "VASP",
        "pseudopotential_information": [
          [
            "PAW_PBE",
            "Pt",
            "04Feb2005"
          ],
          [
            "PAW_PBE",
            "C",
            "08Apr2002"
          ],
          [
            "PAW_PBE",
            "O",
            "08Apr2002"
          ],
          [
            "PAW_PBE",
            "H",
            "15Jun2001"
          ]
        ]
      }
    ],
    "EnergyStyle": "electronvolt",
    "ForcesStyle": "electronvoltperangstrom",
    "LatticeStyle": "angstrom",
    "PositionsStyle": "angstrom",
    "StressStyle": "kB"
  }
}