{
  "Dataset": {
    "AtomTypeStyle": "chemicalsymbol",
    "Data": [
      {
        "AtomTypes": [
          "Pt",
          "Pt",
          "Pt",
          "Pt",
          "Pt",
          "Pt",
          "Pt",
          "Pt",
          "Pt",
          "Pt",
          "Pt",
          "Pt",
          "Pt",
          "Pt",
          "Pt",
          "Pt",
          "Pt",
          "Pt",
          "Pt",
          "Pt",
          "Pt",
          "Pt",
          "Pt",
          "Pt",
          "Pt",
          "Pt",
          "Pt",
          "Pt",
          "Pt",
          "Pt",
          "Pt",
          "Pt",
          "Pt",
          "Pt",
          "Pt",
          "Pt",
          "Pt",
          "Pt",
          "Pt",
          "Pt",
          "Pt",
          "Pt",
          "Pt",
          "Pt",
          "Pt",
          "Pt",
          "Pt",
          "Pt",
          "Pt",
          "Pt",
          "Pt",
          "Pt",
          "Pt",
          "Pt",
          "Pt",
          "Pt",
          "Pt",
          "Pt",
          "Pt",
          "Pt",
          "Pt",
          "Pt",
          "Pt",
          "Pt",
          "Pt",
          "Pt",
          "Pt",
          "Pt",
          "Pt",
          "Pt",
          "Pt",
          "Pt",
          "C",
          "C",
          "C",
          "C",
          "C",
          "C",
          "C",
          "C",
          "O",
          "O",
          "O",
          "O",
          "O",
          "O",
          "H",
          "H",
          "H",
          "H",
          "H",
          "H",
          "H",
          "H",
          "H",
          "H",
          "H",
          "H",
          "H",
          "H",
          "H",
          "H"
        ],
        "Energy": -377.43023915,
        "Forces": [
          [
            0.014936,
            -0.030558,
            -0.026391
          ],
          [
            0.00153,
            -0.042485,
            -0.041286
          ],
          [
            0.0231,
            -0.005239,
            -0.051587
          ],
          [
            0.015218,
            -0.031618,
            -0.022074
          ],
          [
            0.015272,
            -0.051419,
            -0.052841
          ],
          [
            0.014294,
            -0.00294,
            -0.077904
          ],
          [
            0.013701,
            -0.028656,
            -0.02317
          ],
          [
            0.027709,
            -0.049411,
            -0.041013
          ],
          [
            0.01531,
            -0.021723,
            -0.070552
          ],
          [
            0.008734,
            -0.045155,
            -0.041502
          ],
          [
            0.019971,
            -0.030764,
            -0.059476
          ],
          [
            0.024178,
            -0.004809,
            -0.032552
          ],
          [
            0.013179,
            -0.050837,
            -0.036933
          ],
          [
            0.013736,
            -0.028831,
            -0.053678
          ],
          [
            0.020174,
            -0.000127,
            -0.040531
          ],
          [
            0.014803,
            -0.029331,
            -0.101091
          ],
          [
            0.01908,
            -0.03012,
            -0.058545
          ],
          [
            0.007923,
            0.002835,
            -0.030552
          ],
          [
            -0.022123,
            0.029413,
            0.000151
          ],
          [
            -0.014237,
            0.029334,
            -0.044693
          ],
          [
            -0.006332,
            -0.005668,
            -0.006973
          ],
          [
            -0.010551,
            0.011964,
            -0.009892
          ],
          [
            -0.081491,
            0.032912,
            -0.032586
          ],
          [
            -0.024772,
            0.039855,
            -0.033296
          ],
          [
            -0.016444,
            0.027174,
            0.012342
          ],
          [
            0.011424,
            0.033869,
            -0.061539
          ],
          [
            -0.010265,
            0.010347,
            -0.031026
          ],
          [
            -0.020645,
            0.057588,
            -0.037104
          ],
          [
            0.003808,
            0.055045,
            -0.046865
          ],
          [
            -0.019761,
            0.020559,
            0.022826
          ],
          [
            -0.022116,
            0.040564,
            -0.045594
          ],
          [
            -0.03873,
            0.077305,
            -0.033092
          ],
          [
            0.004539,
            -0.021146,
            0.02422
          ],
          [
            -0.018175,
            0.062914,
            -0.049902
          ],
          [
            -0.01794,
            0.039615,
            -0.064988
          ],
          [
            -0.036225,
            -0.001583,
            -0.025864
          ],
          [
            0.011483,
            -0.005674,
            0.014698
          ],
          [
            0.000444,
            0.041729,
            0.039972
          ],
          [
            0.00539,
            -0.01619,
            0.025959
          ],
          [
            0.030929,
            -0.062662,
            -0.006413
          ],
          [
            -0.000611,
            0.02398,
            0.060443
          ],
          [
            -0.006738,
            -0.001137,
            0.051983
          ],
          [
            -0.018085,
            -0.056306,
            -0.003219
          ],
          [
            0.003816,
            0.003371,
            0.054478
          ],
          [
            0.034746,
            0.041681,
            -0.014354
          ],
          [
            -0.003363,
            0.032354,
            -0.02644
          ],
          [
            -0.039722,
            -0.061992,
            0.056605
          ],
          [
            0.002265,
            0.045617,
            0.00983
          ],
          [
            -0.015611,
            0.003344,
            0.0663
          ],
          [
            0.00917,
            -0.024164,
            0.065832
          ],
          [
            0.012501,
            -0.019997,
            -0.034857
          ],
          [
            -0.000185,
            0.009624,
            -0.000574
          ],
          [
            0.042632,
            0.001413,
            0.008952
          ],
          [
            -0.01156,
            0.035645,
            -0.042735
          ],
          [
            0.011618,
            -0.073242,
            0.128951
          ],
          [
            0.002599,
            0.03906,
            0.080491
          ],
          [
            0.03826,
            -9.1e-05,
            0.020142
          ],
          [
            -0.020645,
            -0.044081,
            0.114902
          ],
          [
            -0.000445,
            0.063556,
            0.055219
          ],
          [
            -0.02366,
            -0.014354,
            0.075766
          ],
          [
            -0.005473,
            -0.003777,
            0.037769
          ],
          [
            -7.8e-05,
            -0.057073,
            0.067844
          ],
          [
            0.014245,
            0.0755,
            0.134128
          ],
          [
            0.012215,
            -0.073252,
            0.105578
          ],
          [
            -0.028846,
            -0.009941,
            0.1568
          ],
          [
            -0.00643,
            0.04176,
            0.038214
          ],
          [
            -0.002115,
            -0.103906,
            -0.033593
          ],
          [
            -0.010004,
            -0.014848,
            0.113085
          ],
          [
            0.024109,
            0.053449,
            0.100381
          ],
          [
            -0.001825,
            0.044371,
            0.016306
          ],
          [
            0.020075,
            -0.084322,
            0.012476
          ],
          [
            -0.041917,
            0.012562,
            0.070494
          ],
          [
            -0.050377,
            0.055555,
            -0.031178
          ],
          [
            -0.598128,
            0.310422,
            -0.208443
          ],
          [
            0.215248,
            -0.182539,
            -0.902569
          ],
          [
            -1.359995,
            0.888014,
            -0.141875
          ],
          [
            0.206005,
            -0.136652,
            -0.610595
          ],
          [
            -0.706577,
            0.650913,
            -0.957829
          ],
          [
            0.55934,
            -0.291946,
            -0.086727
          ],
          [
            0.227941,
            -0.742011,
            -0.364903
          ],
          [
            1.094287,
            -0.217393,
            0.077438
          ],
          [
            -0.603647,
            -0.369767,
            -0.325695
          ],
          [
            0.189295,
            -0.566677,
            -0.066144
          ],
          [
            0.618293,
            1.305385,
            0.165834
          ],
          [
            0.288721,
            -0.23353,
            0.127027
          ],
          [
            0.662233,
            0.686933,
            0.091523
          ],
          [
            0.237496,
            0.25936,
            0.129253
          ],
          [
            -0.010655,
            -0.037282,
            0.07095
          ],
          [
            -0.489349,
            -0.677743,
            -0.004861
          ],
          [
            0.209641,
            -0.066739,
            -0.060695
          ],
          [
            -0.196165,
            0.144462,
            0.981561
          ],
          [
            -0.056028,
            -1.234533,
            -0.091829
          ],
          [
            -0.104627,
            0.32464,
            -0.065819
          ],
          [
            -0.188622,
            -0.227284,
            0.26761
          ],
          [
            0.547969,
            0.429075,
            0.29282
          ],
          [
            -0.065132,
            -0.078304,
            0.61267
          ],
          [
            0.416001,
            -0.020671,
            -0.092002
          ],
          [
            -0.433709,
            -0.175866,
            1.051818
          ],
          [
            -0.41552,
            -0.328203,
            -0.749671
          ],
          [
            0.349681,
            0.418889,
            -0.047892
          ],
          [
            -0.325431,
            0.130451,
            0.595631
          ],
          [
            -0.215754,
            0.09082,
            -0.226081
          ]
        ],
        "Lattice": [
          [
            8.440733911,
            0.0,
            0.0
          ],
          [
            8.440733911,
            14.619780548,
            0.0
          ],
          [
            0.0,
            0.0,
            21.483230591
          ]
        ],
        "NumAtoms": 102,
        "Positions": [
          [
            4.22079,
            2.43687,
            0.0
          ],
          [
            9.84794,
            12.18339,
            0.0
          ],
          [
            7.03437,
            7.31013,
            0.0
          ],
          [
            7.03437,
            2.43687,
            0.0
          ],
          [
            12.66152,
            12.18339,
            0.0
          ],
          [
            9.84795,
            7.31013,
            0.0
          ],
          [
            1.40721,
            2.43687,
            0.0
          ],
          [
            7.03437,
            12.18339,
            0.0
          ],
          [
            4.22079,
            7.31013,
            0.0
          ],
          [
            2.81385,
            0.0,
            0.0
          ],
          [
            8.44101,
            9.74652,
            0.0
          ],
          [
            5.62743,
            4.87326,
            0.0
          ],
          [
            5.62743,
            0.0,
            0.0
          ],
          [
            11.25459,
            9.74652,
            0.0
          ],
          [
            8.44101,
            4.87326,
            0.0
          ],
          [
            0.00028,
            0.0,
            0.0
          ],
          [
            5.62743,
            9.74652,
            0.0
          ],
          [
            2.81385,
            4.87326,
            0.0
          ],
          [
            7.03462,
            4.06144,
            2.2975
          ],
          [
            12.66177,
            13.80796,
            2.2975
          ],
          [
            9.8482,
            8.9347,
            2.2975
          ],
          [
            9.8482,
            4.06144,
            2.2975
          ],
          [
            15.47535,
            13.80796,
            2.2975
          ],
          [
            12.66177,
            8.9347,
            2.2975
          ],
          [
            4.22104,
            4.06144,
            2.2975
          ],
          [
            9.8482,
            13.80796,
            2.2975
          ],
          [
            7.03462,
            8.9347,
            2.2975
          ],
          [
            5.62769,
            1.62456,
            2.2975
          ],
          [
            11.25484,
            11.37109,
            2.2975
          ],
          [
            8.44127,
            6.49782,
            2.2975
          ],
          [
            8.44127,
            1.62456,
            2.2975
          ],
          [
            14.06842,
            11.37109,
            2.2975
          ],
          [
            11.25484,
            6.49782,
            2.2975
          ],
          [
            2.81411,
            1.62456,
            2.2975
          ],
          [
            8.44127,
            11.37109,
            2.2975
          ],
          [
            5.62769,
            6.49782,
            2.2975
          ],
          [
            1.38646,
            0.86223,
            4.54886
          ],
          [
            7.01923,
            10.58509,
            4.54249
          ],
          [
            4.2043,
            5.7029,
            4.56987
          ],
          [
            4.19694,
            0.87473,
            4.55107
          ],
          [
            9.82604,
            10.5854,
            4.5449
          ],
          [
            7.00891,
            5.70855,
            4.56385
          ],
          [
            7.0181,
            0.86898,
            4.55089
          ],
          [
            12.63936,
            10.59031,
            4.54839
          ],
          [
            9.82176,
            5.70392,
            4.5629
          ],
          [
            2.79285,
            3.28762,
            4.56785
          ],
          [
            8.42616,
            13.05065,
            4.53761
          ],
          [
            5.6054,
            8.13125,
            4.54903
          ],
          [
            5.60948,
            3.29072,
            4.56717
          ],
          [
            11.24448,
            13.03785,
            4.55175
          ],
          [
            8.4197,
            8.14349,
            4.55927
          ],
          [
            8.41734,
            3.28885,
            4.5651
          ],
          [
            14.03657,
            13.03621,
            4.55828
          ],
          [
            11.23705,
            8.13029,
            4.55386
          ],
          [
            5.59241,
            0.12171,
            6.81919
          ],
          [
            11.20672,
            9.79111,
            6.8279
          ],
          [
            8.39643,
            4.95424,
            6.87953
          ],
          [
            2.77665,
            0.10246,
            6.83065
          ],
          [
            8.40406,
            9.79794,
            6.85432
          ],
          [
            5.58357,
            4.95648,
            6.90709
          ],
          [
            11.20901,
            4.95143,
            6.8817
          ],
          [
            8.40676,
            0.09822,
            6.84496
          ],
          [
            14.0364,
            9.79214,
            6.81426
          ],
          [
            9.80588,
            2.53307,
            6.86124
          ],
          [
            15.45965,
            12.2569,
            6.81258
          ],
          [
            12.61943,
            7.37078,
            6.86643
          ],
          [
            6.99506,
            2.53668,
            6.88593
          ],
          [
            12.63181,
            12.26182,
            6.8654
          ],
          [
            9.80293,
            7.36687,
            6.86081
          ],
          [
            6.9957,
            7.37411,
            6.86959
          ],
          [
            4.17343,
            2.54156,
            6.88096
          ],
          [
            9.81187,
            12.25033,
            6.82147
          ],
          [
            13.74801,
            10.29781,
            10.34361
          ],
          [
            13.33129,
            11.75659,
            10.38706
          ],
          [
            14.44671,
            12.76383,
            10.21543
          ],
          [
            6.36377,
            6.6439,
            10.31514
          ],
          [
            6.59686,
            5.16152,
            10.50807
          ],
          [
            8.0399,
            4.69053,
            10.28275
          ],
          [
            8.22622,
            3.2229,
            10.4799
          ],
          [
            14.00622,
            14.22195,
            10.36554
          ],
          [
            6.45635,
            9.94403,
            10.60713
          ],
          [
            12.76772,
            9.47139,
            10.08894
          ],
          [
            5.21257,
            7.0798,
            10.07159
          ],
          [
            7.37153,
            7.43794,
            10.53604
          ],
          [
            5.62439,
            4.49129,
            9.6815
          ],
          [
            12.28984,
            12.02874,
            9.41289
          ],
          [
            13.09059,
            8.46422,
            10.03941
          ],
          [
            12.87418,
            11.9041,
            11.39282
          ],
          [
            11.68687,
            11.2751,
            9.35576
          ],
          [
            15.22008,
            12.52239,
            10.95864
          ],
          [
            14.89056,
            12.59833,
            9.15967
          ],
          [
            7.07566,
            8.4837,
            10.54057
          ],
          [
            5.85234,
            3.52982,
            9.64776
          ],
          [
            6.35889,
            5.0127,
            11.57856
          ],
          [
            8.65489,
            5.24948,
            10.9755
          ],
          [
            8.34439,
            4.98132,
            9.22035
          ],
          [
            9.28561,
            2.95663,
            10.46002
          ],
          [
            7.84906,
            2.86184,
            11.41879
          ],
          [
            7.77138,
            2.60843,
            9.71378
          ],
          [
            6.45335,
            0.22864,
            10.32643
          ],
          [
            13.50893,
            14.38299,
            11.31581
          ],
          [
            13.32819,
            14.52436,
            9.56094
          ]
        ],
        "Stress": [
          [
            -57.10801,
            1.09995,
            0.53115
          ],
          [
            1.09995,
            -58.79792,
            0.74378
          ],
          [
            0.53115,
            0.74378,
            -8.2486
          ]
        ],
        "computation_code": "VASP",
        "pseudopotential_information": [
          [
            "PAW_PBE",
            "Pt",
            "04Feb2005"
          ],
          [
            "PAW_PBE",
            "C",
            "08Apr2002"
          ],
          [
            "PAW_PBE",
            "O",
            "08Apr2002"
          ],
          [
            "PAW_PBE",
            "H",
            "15Jun2001"
          ]
        ]
      }
    ],
    "EnergyStyle": "electronvolt",
    "ForcesStyle": "electronvoltperangstrom",
    "LatticeStyle": "angstrom",
    "PositionsStyle": "angstrom",
    "StressStyle": "kB"
  }
}