{
  "Dataset": {
    "AtomTypeStyle": "chemicalsymbol",
    "Data": [
      {
        "AtomTypes": [
          "Pt",
          "Pt",
          "Pt",
          "Pt",
          "Pt",
          "Pt",
          "Pt",
          "Pt",
          "Pt",
          "Pt",
          "Pt",
          "Pt",
          "Pt",
          "Pt",
          "Pt",
          "Pt",
          "Pt",
          "Pt",
          "Pt",
          "Pt",
          "Pt",
          "Pt",
          "Pt",
          "Pt",
          "Pt",
          "Pt",
          "Pt",
          "Pt",
          "Pt",
          "Pt",
          "Pt",
          "Pt",
          "Pt",
          "Pt",
          "Pt",
          "Pt",
          "Pt",
          "Pt",
          "Pt",
          "Pt",
          "Pt",
          "Pt",
          "Pt",
          "Pt",
          "Pt",
          "Pt",
          "Pt",
          "Pt",
          "Pt",
          "Pt",
          "Pt",
          "Pt",
          "Pt",
          "Pt",
          "Pt",
          "Pt",
          "Pt",
          "Pt",
          "Pt",
          "Pt",
          "Pt",
          "Pt",
          "Pt",
          "Pt",
          "Pt",
          "Pt",
          "Pt",
          "Pt",
          "Pt",
          "Pt",
          "Pt",
          "Pt",
          "C",
          "C",
          "C",
          "C",
          "C",
          "C",
          "C",
          "C",
          "O",
          "O",
          "O",
          "O",
          "O",
          "O",
          "H",
          "H",
          "H",
          "H",
          "H",
          "H",
          "H",
          "H",
          "H",
          "H",
          "H",
          "H",
          "H",
          "H",
          "H",
          "H"
        ],
        "Energy": -377.38969646,
        "Forces": [
          [
            0.009273,
            -0.037708,
            -0.028532
          ],
          [
            0.00082,
            -0.03533,
            -0.042591
          ],
          [
            0.019305,
            -0.009778,
            -0.05115
          ],
          [
            0.011567,
            -0.04014,
            -0.021891
          ],
          [
            0.014458,
            -0.045033,
            -0.040414
          ],
          [
            0.016852,
            0.015263,
            -0.136471
          ],
          [
            0.015046,
            -0.031038,
            -0.023995
          ],
          [
            0.033535,
            -0.050722,
            -0.033452
          ],
          [
            0.007583,
            -0.025459,
            -0.07283
          ],
          [
            0.017049,
            -0.047644,
            -0.046447
          ],
          [
            0.029899,
            -0.030851,
            -0.057797
          ],
          [
            0.023026,
            -0.011895,
            -0.041213
          ],
          [
            0.015012,
            -0.063751,
            -0.063922
          ],
          [
            0.00545,
            -0.035527,
            -0.048146
          ],
          [
            0.030632,
            0.009249,
            -0.037226
          ],
          [
            0.008687,
            -0.034601,
            -0.100177
          ],
          [
            0.02282,
            -0.029054,
            -0.051308
          ],
          [
            -0.000327,
            0.017764,
            -0.035187
          ],
          [
            -0.056684,
            0.048577,
            0.137268
          ],
          [
            -0.025082,
            0.025526,
            0.035006
          ],
          [
            0.005593,
            -0.007731,
            0.082859
          ],
          [
            -0.019583,
            -0.005841,
            0.038309
          ],
          [
            -0.037915,
            0.035418,
            0.016549
          ],
          [
            -0.014904,
            0.0519,
            0.051673
          ],
          [
            0.029658,
            0.038091,
            0.118458
          ],
          [
            0.007758,
            0.031842,
            0.084102
          ],
          [
            -0.024189,
            0.013376,
            0.051001
          ],
          [
            -0.01413,
            0.094255,
            0.024751
          ],
          [
            -0.006589,
            0.059344,
            0.078837
          ],
          [
            -0.04275,
            -0.028087,
            0.069284
          ],
          [
            -0.009463,
            0.055616,
            0.045804
          ],
          [
            -0.039857,
            0.074314,
            0.08111
          ],
          [
            0.040641,
            -0.054885,
            0.126554
          ],
          [
            -0.021184,
            0.075527,
            0.029569
          ],
          [
            -0.016172,
            0.041469,
            0.064418
          ],
          [
            -0.032627,
            -0.033345,
            0.108348
          ],
          [
            -0.001976,
            -0.068513,
            0.010008
          ],
          [
            0.002528,
            -0.013171,
            0.001038
          ],
          [
            0.050785,
            0.044578,
            0.027517
          ],
          [
            -0.01163,
            -0.050112,
            0.055421
          ],
          [
            0.011379,
            0.025092,
            -0.023036
          ],
          [
            -0.015485,
            0.035111,
            -0.051093
          ],
          [
            0.010842,
            -0.071815,
            -0.000111
          ],
          [
            0.010656,
            -0.005137,
            0.000889
          ],
          [
            0.018183,
            0.046613,
            0.043486
          ],
          [
            -0.006691,
            -0.076982,
            0.035376
          ],
          [
            0.024706,
            -0.025569,
            -0.033814
          ],
          [
            0.023071,
            0.037164,
            -0.012443
          ],
          [
            0.006935,
            -0.041751,
            -0.042905
          ],
          [
            -0.005811,
            -0.023024,
            0.01079
          ],
          [
            -0.003653,
            0.085542,
            0.029117
          ],
          [
            0.024316,
            -0.043363,
            -0.002942
          ],
          [
            -0.038173,
            -0.085276,
            0.061371
          ],
          [
            0.013917,
            0.062723,
            0.005343
          ],
          [
            0.003686,
            -0.001624,
            -0.031225
          ],
          [
            -0.050629,
            0.025779,
            -0.015418
          ],
          [
            0.009458,
            -0.015887,
            -0.287791
          ],
          [
            -0.03435,
            -0.018629,
            0.011292
          ],
          [
            0.028576,
            0.030525,
            0.011168
          ],
          [
            -0.035552,
            0.072311,
            -0.206943
          ],
          [
            -0.008433,
            -0.023956,
            -0.085029
          ],
          [
            0.004754,
            -0.034893,
            0.014488
          ],
          [
            0.007123,
            0.012978,
            -0.091255
          ],
          [
            -0.001816,
            -0.05873,
            -0.056318
          ],
          [
            0.057844,
            -0.002071,
            0.019862
          ],
          [
            -0.051387,
            0.064526,
            -0.177195
          ],
          [
            0.057613,
            -0.079158,
            -0.035416
          ],
          [
            0.020433,
            0.039148,
            -0.047877
          ],
          [
            0.01357,
            0.037935,
            -0.062583
          ],
          [
            0.064336,
            0.020521,
            -0.124034
          ],
          [
            -0.028057,
            -0.066752,
            -0.072691
          ],
          [
            -0.03883,
            0.000357,
            0.081231
          ],
          [
            -1.075267,
            -0.185997,
            -0.563423
          ],
          [
            -0.87191,
            0.84441,
            -0.191862
          ],
          [
            -0.513322,
            -0.001429,
            -0.424726
          ],
          [
            1.326292,
            -0.017443,
            0.851083
          ],
          [
            -0.023234,
            -0.028267,
            0.303002
          ],
          [
            -0.789422,
            -0.907673,
            1.039802
          ],
          [
            -0.361108,
            -1.184914,
            -0.226568
          ],
          [
            -0.539985,
            -0.012031,
            -0.136829
          ],
          [
            0.596138,
            0.103068,
            0.213859
          ],
          [
            0.15051,
            0.24985,
            0.136287
          ],
          [
            -1.223252,
            0.012025,
            -0.31122
          ],
          [
            -0.05011,
            -0.388772,
            -0.140181
          ],
          [
            0.175311,
            -0.608509,
            -0.251056
          ],
          [
            0.94098,
            0.517199,
            0.611559
          ],
          [
            -0.035543,
            0.209992,
            0.189485
          ],
          [
            0.379949,
            -0.071154,
            -0.555249
          ],
          [
            -0.42417,
            -0.729467,
            -0.049995
          ],
          [
            0.587083,
            -0.054344,
            0.565401
          ],
          [
            -0.052733,
            -0.067346,
            0.002983
          ],
          [
            0.063352,
            -0.151654,
            -0.127338
          ],
          [
            -0.30004,
            0.632139,
            0.118764
          ],
          [
            0.124667,
            0.078859,
            0.011338
          ],
          [
            0.373439,
            0.560669,
            0.414806
          ],
          [
            0.449815,
            0.307532,
            -1.281512
          ],
          [
            -0.418576,
            0.137583,
            0.103318
          ],
          [
            0.056436,
            0.160919,
            -0.391359
          ],
          [
            0.738229,
            0.794862,
            0.50619
          ],
          [
            -0.167009,
            0.039955,
            0.03495
          ],
          [
            0.252434,
            -0.086918,
            -0.351188
          ],
          [
            0.509258,
            -0.017246,
            0.450627
          ]
        ],
        "Lattice": [
          [
            8.440733911,
            0.0,
            0.0
          ],
          [
            8.440733911,
            14.619780548,
            0.0
          ],
          [
            0.0,
            0.0,
            21.483230591
          ]
        ],
        "NumAtoms": 102,
        "Positions": [
          [
            4.22079,
            2.43687,
            0.0
          ],
          [
            9.84794,
            12.18339,
            0.0
          ],
          [
            7.03437,
            7.31013,
            0.0
          ],
          [
            7.03437,
            2.43687,
            0.0
          ],
          [
            12.66152,
            12.18339,
            0.0
          ],
          [
            9.84795,
            7.31013,
            0.0
          ],
          [
            1.40721,
            2.43687,
            0.0
          ],
          [
            7.03437,
            12.18339,
            0.0
          ],
          [
            4.22079,
            7.31013,
            0.0
          ],
          [
            2.81385,
            0.0,
            0.0
          ],
          [
            8.44101,
            9.74652,
            0.0
          ],
          [
            5.62743,
            4.87326,
            0.0
          ],
          [
            5.62743,
            0.0,
            0.0
          ],
          [
            11.25459,
            9.74652,
            0.0
          ],
          [
            8.44101,
            4.87326,
            0.0
          ],
          [
            0.00028,
            0.0,
            0.0
          ],
          [
            5.62743,
            9.74652,
            0.0
          ],
          [
            2.81385,
            4.87326,
            0.0
          ],
          [
            7.03462,
            4.06144,
            2.2975
          ],
          [
            12.66177,
            13.80796,
            2.2975
          ],
          [
            9.8482,
            8.9347,
            2.2975
          ],
          [
            9.8482,
            4.06144,
            2.2975
          ],
          [
            15.47535,
            13.80796,
            2.2975
          ],
          [
            12.66177,
            8.9347,
            2.2975
          ],
          [
            4.22104,
            4.06144,
            2.2975
          ],
          [
            9.8482,
            13.80796,
            2.2975
          ],
          [
            7.03462,
            8.9347,
            2.2975
          ],
          [
            5.62769,
            1.62456,
            2.2975
          ],
          [
            11.25484,
            11.37109,
            2.2975
          ],
          [
            8.44127,
            6.49782,
            2.2975
          ],
          [
            8.44127,
            1.62456,
            2.2975
          ],
          [
            14.06842,
            11.37109,
            2.2975
          ],
          [
            11.25484,
            6.49782,
            2.2975
          ],
          [
            2.81411,
            1.62456,
            2.2975
          ],
          [
            8.44127,
            11.37109,
            2.2975
          ],
          [
            5.62769,
            6.49782,
            2.2975
          ],
          [
            1.38874,
            0.86953,
            4.56509
          ],
          [
            7.01526,
            10.5908,
            4.56207
          ],
          [
            4.21055,
            5.69567,
            4.59534
          ],
          [
            4.20191,
            0.86999,
            4.55955
          ],
          [
            9.82335,
            10.5853,
            4.56342
          ],
          [
            7.0058,
            5.70532,
            4.59083
          ],
          [
            7.01385,
            0.8651,
            4.56004
          ],
          [
            12.63926,
            10.59641,
            4.56856
          ],
          [
            9.82598,
            5.70814,
            4.56921
          ],
          [
            2.79112,
            3.2987,
            4.57921
          ],
          [
            8.41793,
            13.04627,
            4.56174
          ],
          [
            5.60188,
            8.14153,
            4.56292
          ],
          [
            5.60655,
            3.28976,
            4.59265
          ],
          [
            11.24738,
            13.03951,
            4.57276
          ],
          [
            8.42441,
            8.13458,
            4.56142
          ],
          [
            8.41671,
            3.29397,
            4.58076
          ],
          [
            14.04457,
            13.04526,
            4.56881
          ],
          [
            11.23507,
            8.12905,
            4.56208
          ],
          [
            5.59109,
            0.09451,
            6.87106
          ],
          [
            11.21047,
            9.79901,
            6.85702
          ],
          [
            8.41999,
            4.95265,
            6.8992
          ],
          [
            2.7789,
            0.09363,
            6.86902
          ],
          [
            8.39874,
            9.80748,
            6.87751
          ],
          [
            5.57693,
            4.95493,
            6.93673
          ],
          [
            11.20025,
            4.94945,
            6.91707
          ],
          [
            8.40527,
            0.08784,
            6.87156
          ],
          [
            14.03896,
            9.81295,
            6.86236
          ],
          [
            9.81218,
            2.52236,
            6.9046
          ],
          [
            15.43989,
            12.25633,
            6.86373
          ],
          [
            12.60996,
            7.38102,
            6.88165
          ],
          [
            7.00022,
            2.50328,
            6.89507
          ],
          [
            12.62904,
            12.25909,
            6.90694
          ],
          [
            9.80445,
            7.37952,
            6.90376
          ],
          [
            7.00337,
            7.39277,
            6.87787
          ],
          [
            4.1688,
            2.515,
            6.89833
          ],
          [
            9.8091,
            12.25432,
            6.84089
          ],
          [
            13.9126,
            10.22477,
            10.37845
          ],
          [
            13.43143,
            11.65026,
            10.49319
          ],
          [
            14.53019,
            12.69541,
            10.35202
          ],
          [
            6.29051,
            6.69715,
            10.03195
          ],
          [
            6.5864,
            5.21637,
            10.16158
          ],
          [
            8.0568,
            4.84147,
            10.06806
          ],
          [
            8.32633,
            3.396,
            10.46074
          ],
          [
            14.03585,
            14.13481,
            10.48047
          ],
          [
            6.58087,
            9.857,
            10.78547
          ],
          [
            13.00492,
            9.43166,
            9.84831
          ],
          [
            5.21727,
            7.09615,
            9.5773
          ],
          [
            7.19972,
            7.47468,
            10.57109
          ],
          [
            5.73282,
            4.49672,
            9.25974
          ],
          [
            12.38772,
            11.94307,
            9.49499
          ],
          [
            4.8825,
            8.39977,
            9.68903
          ],
          [
            12.93166,
            11.74283,
            11.51329
          ],
          [
            11.885,
            11.13484,
            9.3205
          ],
          [
            15.29142,
            12.45427,
            11.07939
          ],
          [
            15.0104,
            12.5669,
            9.35276
          ],
          [
            6.91291,
            8.51426,
            10.65227
          ],
          [
            6.10606,
            3.57123,
            9.10703
          ],
          [
            6.21411,
            4.96354,
            11.1861
          ],
          [
            8.63318,
            5.50475,
            10.69375
          ],
          [
            8.39107,
            5.00124,
            9.05934
          ],
          [
            9.37587,
            3.10251,
            10.20871
          ],
          [
            8.16003,
            3.20562,
            11.55127
          ],
          [
            7.65762,
            2.64284,
            9.89197
          ],
          [
            6.44981,
            0.20309,
            10.3371
          ],
          [
            13.55767,
            14.33575,
            11.47375
          ],
          [
            13.26087,
            14.34642,
            9.68746
          ]
        ],
        "Stress": [
          [
            -61.63894,
            -0.83636,
            0.25078
          ],
          [
            -0.83636,
            -59.83276,
            1.04425
          ],
          [
            0.25078,
            1.04425,
            -11.13579
          ]
        ],
        "computation_code": "VASP",
        "pseudopotential_information": [
          [
            "PAW_PBE",
            "Pt",
            "04Feb2005"
          ],
          [
            "PAW_PBE",
            "C",
            "08Apr2002"
          ],
          [
            "PAW_PBE",
            "O",
            "08Apr2002"
          ],
          [
            "PAW_PBE",
            "H",
            "15Jun2001"
          ]
        ]
      }
    ],
    "EnergyStyle": "electronvolt",
    "ForcesStyle": "electronvoltperangstrom",
    "LatticeStyle": "angstrom",
    "PositionsStyle": "angstrom",
    "StressStyle": "kB"
  }
}