{
  "Dataset": {
    "AtomTypeStyle": "chemicalsymbol",
    "Data": [
      {
        "AtomTypes": [
          "Pt",
          "Pt",
          "Pt",
          "Pt",
          "Pt",
          "Pt",
          "Pt",
          "Pt",
          "Pt",
          "Pt",
          "Pt",
          "Pt",
          "Pt",
          "Pt",
          "Pt",
          "Pt",
          "Pt",
          "Pt",
          "Pt",
          "Pt",
          "Pt",
          "Pt",
          "Pt",
          "Pt",
          "Pt",
          "Pt",
          "Pt",
          "Pt",
          "Pt",
          "Pt",
          "Pt",
          "Pt",
          "Pt",
          "Pt",
          "Pt",
          "Pt",
          "Pt",
          "Pt",
          "Pt",
          "Pt",
          "Pt",
          "Pt",
          "Pt",
          "Pt",
          "Pt",
          "Pt",
          "Pt",
          "Pt",
          "Pt",
          "Pt",
          "Pt",
          "Pt",
          "Pt",
          "Pt",
          "Pt",
          "Pt",
          "Pt",
          "Pt",
          "Pt",
          "Pt",
          "Pt",
          "Pt",
          "Pt",
          "Pt",
          "Pt",
          "Pt",
          "Pt",
          "Pt",
          "Pt",
          "Pt",
          "Pt",
          "Pt",
          "C",
          "C",
          "C",
          "C",
          "C",
          "C",
          "C",
          "C",
          "O",
          "O",
          "O",
          "O",
          "O",
          "O",
          "H",
          "H",
          "H",
          "H",
          "H",
          "H",
          "H",
          "H",
          "H",
          "H",
          "H",
          "H",
          "H",
          "H",
          "H",
          "H"
        ],
        "Energy": -377.43210799,
        "Forces": [
          [
            0.011622,
            -0.035174,
            -0.027105
          ],
          [
            0.002246,
            -0.040602,
            -0.040424
          ],
          [
            0.021886,
            -0.00592,
            -0.049453
          ],
          [
            0.011831,
            -0.037518,
            -0.021106
          ],
          [
            0.015858,
            -0.049529,
            -0.044223
          ],
          [
            0.01644,
            0.009503,
            -0.112948
          ],
          [
            0.015448,
            -0.029655,
            -0.020722
          ],
          [
            0.029462,
            -0.053464,
            -0.034856
          ],
          [
            0.00937,
            -0.020425,
            -0.072542
          ],
          [
            0.0144,
            -0.049054,
            -0.043926
          ],
          [
            0.026062,
            -0.031639,
            -0.060394
          ],
          [
            0.022708,
            -0.007471,
            -0.036408
          ],
          [
            0.014405,
            -0.059438,
            -0.054543
          ],
          [
            0.008851,
            -0.033452,
            -0.051031
          ],
          [
            0.026118,
            0.006489,
            -0.037524
          ],
          [
            0.010019,
            -0.035952,
            -0.096499
          ],
          [
            0.02133,
            -0.028481,
            -0.054402
          ],
          [
            0.003601,
            0.014075,
            -0.033779
          ],
          [
            -0.044475,
            0.044116,
            0.082987
          ],
          [
            -0.023392,
            0.027998,
            -0.002129
          ],
          [
            0.002953,
            -0.006527,
            0.054789
          ],
          [
            -0.017864,
            -0.003897,
            0.009645
          ],
          [
            -0.049287,
            0.03691,
            -0.000571
          ],
          [
            -0.019729,
            0.044302,
            0.023858
          ],
          [
            0.013422,
            0.033773,
            0.072543
          ],
          [
            0.008116,
            0.033559,
            0.02965
          ],
          [
            -0.020461,
            0.011844,
            0.024145
          ],
          [
            -0.015029,
            0.083115,
            0.001117
          ],
          [
            -0.006957,
            0.058801,
            0.03067
          ],
          [
            -0.040274,
            -0.010689,
            0.048745
          ],
          [
            -0.013326,
            0.052758,
            0.004445
          ],
          [
            -0.037398,
            0.075387,
            0.038738
          ],
          [
            0.033056,
            -0.041765,
            0.084488
          ],
          [
            -0.023116,
            0.072798,
            -0.006349
          ],
          [
            -0.016598,
            0.04517,
            0.020646
          ],
          [
            -0.034703,
            -0.021184,
            0.061005
          ],
          [
            0.009019,
            -0.049777,
            0.022241
          ],
          [
            0.000715,
            0.016807,
            0.017807
          ],
          [
            0.048426,
            0.039444,
            0.028945
          ],
          [
            0.00724,
            -0.064751,
            0.052426
          ],
          [
            0.008112,
            0.034859,
            0.00596
          ],
          [
            -0.02979,
            0.025438,
            -0.00031
          ],
          [
            -0.004542,
            -0.075066,
            0.014916
          ],
          [
            0.015032,
            -0.011483,
            0.03525
          ],
          [
            0.025917,
            0.056548,
            0.055906
          ],
          [
            -0.011402,
            -0.04803,
            0.025965
          ],
          [
            0.001036,
            -0.05415,
            -0.004819
          ],
          [
            0.01285,
            0.034812,
            0.001407
          ],
          [
            -0.001762,
            -0.006588,
            0.022616
          ],
          [
            -0.00344,
            -0.023926,
            0.032069
          ],
          [
            -0.009197,
            0.046207,
            0.022291
          ],
          [
            0.017609,
            -0.028731,
            0.013023
          ],
          [
            -0.009871,
            -0.063059,
            0.055215
          ],
          [
            0.017698,
            0.054449,
            0.003055
          ],
          [
            0.007803,
            -0.027143,
            0.018051
          ],
          [
            -0.029477,
            0.036968,
            0.012899
          ],
          [
            0.009787,
            -0.00338,
            -0.177952
          ],
          [
            -0.036771,
            -0.030523,
            0.050395
          ],
          [
            0.026772,
            0.052787,
            0.025642
          ],
          [
            -0.013049,
            0.048428,
            -0.105714
          ],
          [
            -0.002796,
            -0.014638,
            -0.054299
          ],
          [
            0.00419,
            -0.038928,
            0.033315
          ],
          [
            0.000481,
            0.050942,
            -0.027459
          ],
          [
            0.005777,
            -0.080132,
            -0.008439
          ],
          [
            0.034067,
            -0.016405,
            0.022513
          ],
          [
            -0.048104,
            0.067827,
            -0.132158
          ],
          [
            0.024008,
            -0.089908,
            -0.037374
          ],
          [
            -0.006355,
            -0.003022,
            0.006641
          ],
          [
            0.024779,
            0.048589,
            -0.0092
          ],
          [
            0.053018,
            0.037232,
            -0.126712
          ],
          [
            -0.003491,
            -0.082884,
            -0.036087
          ],
          [
            -0.042844,
            -0.000245,
            0.084628
          ],
          [
            0.268712,
            -0.313558,
            0.08465
          ],
          [
            -0.061094,
            -0.066579,
            -1.972638
          ],
          [
            -1.111508,
            0.255085,
            0.797329
          ],
          [
            -1.16756,
            0.275311,
            -0.459289
          ],
          [
            0.149876,
            0.268985,
            -0.327899
          ],
          [
            -0.561448,
            -0.819727,
            -0.615844
          ],
          [
            0.208286,
            -0.934607,
            -0.0257
          ],
          [
            0.237673,
            -0.903976,
            -0.416216
          ],
          [
            0.455778,
            -0.170085,
            0.089823
          ],
          [
            -0.793638,
            1.043345,
            -0.036766
          ],
          [
            0.40614,
            0.045002,
            0.650408
          ],
          [
            0.91589,
            -0.739029,
            0.406506
          ],
          [
            0.144522,
            -1.051696,
            -0.218198
          ],
          [
            -0.161691,
            -0.155626,
            0.152437
          ],
          [
            0.387021,
            -0.706325,
            -0.179843
          ],
          [
            -0.442541,
            0.159753,
            1.108758
          ],
          [
            0.107749,
            0.316001,
            -0.025114
          ],
          [
            0.720703,
            0.03265,
            0.516395
          ],
          [
            0.328993,
            -0.117645,
            -0.850745
          ],
          [
            -0.376809,
            0.733921,
            -0.170803
          ],
          [
            -0.130263,
            0.698747,
            0.194854
          ],
          [
            -0.052287,
            0.004962,
            0.300586
          ],
          [
            0.444939,
            0.370902,
            0.325274
          ],
          [
            -0.033181,
            0.054419,
            0.312661
          ],
          [
            -0.131696,
            0.20455,
            -0.078784
          ],
          [
            -0.043391,
            0.17462,
            0.212456
          ],
          [
            0.227984,
            0.583493,
            -0.002708
          ],
          [
            0.37276,
            0.537066,
            -0.030319
          ],
          [
            -0.281164,
            0.170006,
            0.64064
          ],
          [
            -0.098224,
            0.155353,
            -0.232699
          ]
        ],
        "Lattice": [
          [
            8.440733911,
            0.0,
            0.0
          ],
          [
            8.440733911,
            14.619780548,
            0.0
          ],
          [
            0.0,
            0.0,
            21.483230591
          ]
        ],
        "NumAtoms": 102,
        "Positions": [
          [
            4.22079,
            2.43687,
            0.0
          ],
          [
            9.84794,
            12.18339,
            0.0
          ],
          [
            7.03437,
            7.31013,
            0.0
          ],
          [
            7.03437,
            2.43687,
            0.0
          ],
          [
            12.66152,
            12.18339,
            0.0
          ],
          [
            9.84795,
            7.31013,
            0.0
          ],
          [
            1.40721,
            2.43687,
            0.0
          ],
          [
            7.03437,
            12.18339,
            0.0
          ],
          [
            4.22079,
            7.31013,
            0.0
          ],
          [
            2.81385,
            0.0,
            0.0
          ],
          [
            8.44101,
            9.74652,
            0.0
          ],
          [
            5.62743,
            4.87326,
            0.0
          ],
          [
            5.62743,
            0.0,
            0.0
          ],
          [
            11.25459,
            9.74652,
            0.0
          ],
          [
            8.44101,
            4.87326,
            0.0
          ],
          [
            0.00028,
            0.0,
            0.0
          ],
          [
            5.62743,
            9.74652,
            0.0
          ],
          [
            2.81385,
            4.87326,
            0.0
          ],
          [
            7.03462,
            4.06144,
            2.2975
          ],
          [
            12.66177,
            13.80796,
            2.2975
          ],
          [
            9.8482,
            8.9347,
            2.2975
          ],
          [
            9.8482,
            4.06144,
            2.2975
          ],
          [
            15.47535,
            13.80796,
            2.2975
          ],
          [
            12.66177,
            8.9347,
            2.2975
          ],
          [
            4.22104,
            4.06144,
            2.2975
          ],
          [
            9.8482,
            13.80796,
            2.2975
          ],
          [
            7.03462,
            8.9347,
            2.2975
          ],
          [
            5.62769,
            1.62456,
            2.2975
          ],
          [
            11.25484,
            11.37109,
            2.2975
          ],
          [
            8.44127,
            6.49782,
            2.2975
          ],
          [
            8.44127,
            1.62456,
            2.2975
          ],
          [
            14.06842,
            11.37109,
            2.2975
          ],
          [
            11.25484,
            6.49782,
            2.2975
          ],
          [
            2.81411,
            1.62456,
            2.2975
          ],
          [
            8.44127,
            11.37109,
            2.2975
          ],
          [
            5.62769,
            6.49782,
            2.2975
          ],
          [
            1.38753,
            0.86883,
            4.55877
          ],
          [
            7.01652,
            10.58786,
            4.55465
          ],
          [
            4.20676,
            5.69684,
            4.58569
          ],
          [
            4.19971,
            0.87432,
            4.55503
          ],
          [
            9.82396,
            10.58394,
            4.55653
          ],
          [
            7.00793,
            5.70554,
            4.58129
          ],
          [
            7.01563,
            0.86942,
            4.55645
          ],
          [
            12.63878,
            10.59475,
            4.56016
          ],
          [
            9.82341,
            5.70445,
            4.56528
          ],
          [
            2.79212,
            3.29634,
            4.57481
          ],
          [
            8.42111,
            13.05017,
            4.55332
          ],
          [
            5.60259,
            8.13654,
            4.55812
          ],
          [
            5.60768,
            3.29027,
            4.583
          ],
          [
            11.24654,
            13.03992,
            4.56434
          ],
          [
            8.423,
            8.13617,
            4.56035
          ],
          [
            8.41634,
            3.29315,
            4.57508
          ],
          [
            14.04183,
            13.04439,
            4.56342
          ],
          [
            11.23533,
            8.12731,
            4.55972
          ],
          [
            5.59124,
            0.10492,
            6.85201
          ],
          [
            11.21016,
            9.79476,
            6.84624
          ],
          [
            8.4116,
            4.95329,
            6.89777
          ],
          [
            2.77957,
            0.09799,
            6.85361
          ],
          [
            8.39957,
            9.80197,
            6.86851
          ],
          [
            5.57988,
            4.95481,
            6.9294
          ],
          [
            11.20317,
            4.95056,
            6.90674
          ],
          [
            8.40556,
            0.09304,
            6.86107
          ],
          [
            14.03806,
            9.8037,
            6.84587
          ],
          [
            9.80978,
            2.52932,
            6.88955
          ],
          [
            15.4457,
            12.25705,
            6.84395
          ],
          [
            12.61484,
            7.37506,
            6.88097
          ],
          [
            6.99755,
            2.51833,
            6.89412
          ],
          [
            12.63055,
            12.2602,
            6.89249
          ],
          [
            9.8029,
            7.37323,
            6.88892
          ],
          [
            6.99912,
            7.38517,
            6.87896
          ],
          [
            4.17027,
            2.52729,
            6.8938
          ],
          [
            9.81177,
            12.25287,
            6.8311
          ],
          [
            13.84829,
            10.26712,
            10.40247
          ],
          [
            13.38928,
            11.70249,
            10.4889
          ],
          [
            14.51068,
            12.70294,
            10.26108
          ],
          [
            6.33225,
            6.66316,
            10.10855
          ],
          [
            6.6033,
            5.18845,
            10.28635
          ],
          [
            8.06592,
            4.80485,
            10.12761
          ],
          [
            8.28216,
            3.33908,
            10.45913
          ],
          [
            14.01011,
            14.14327,
            10.44298
          ],
          [
            6.53251,
            9.93261,
            10.79014
          ],
          [
            12.95548,
            9.42285,
            9.93235
          ],
          [
            5.24029,
            7.0302,
            9.60946
          ],
          [
            7.24697,
            7.47374,
            10.55111
          ],
          [
            5.68725,
            4.53869,
            9.39962
          ],
          [
            12.34754,
            11.93097,
            9.49976
          ],
          [
            13.25846,
            8.45467,
            9.83001
          ],
          [
            12.96057,
            11.84597,
            11.46473
          ],
          [
            11.83277,
            11.08845,
            9.39652
          ],
          [
            15.26842,
            12.44025,
            10.98314
          ],
          [
            14.93877,
            12.54962,
            9.27911
          ],
          [
            6.98904,
            8.45075,
            10.62653
          ],
          [
            5.95085,
            3.58154,
            9.24425
          ],
          [
            6.28975,
            4.94795,
            11.31978
          ],
          [
            8.65707,
            5.44928,
            10.76488
          ],
          [
            8.37975,
            5.00298,
            9.05634
          ],
          [
            9.32923,
            3.01177,
            10.28803
          ],
          [
            8.05942,
            3.10781,
            11.51389
          ],
          [
            7.6605,
            2.60414,
            9.87188
          ],
          [
            6.42048,
            0.19374,
            10.45779
          ],
          [
            13.45813,
            14.22951,
            11.37141
          ],
          [
            13.32966,
            14.4186,
            9.62865
          ]
        ],
        "Stress": [
          [
            -59.41307,
            -0.98839,
            0.04603
          ],
          [
            -0.98839,
            -58.70524,
            1.22279
          ],
          [
            0.04603,
            1.22279,
            -8.47627
          ]
        ],
        "computation_code": "VASP",
        "pseudopotential_information": [
          [
            "PAW_PBE",
            "Pt",
            "04Feb2005"
          ],
          [
            "PAW_PBE",
            "C",
            "08Apr2002"
          ],
          [
            "PAW_PBE",
            "O",
            "08Apr2002"
          ],
          [
            "PAW_PBE",
            "H",
            "15Jun2001"
          ]
        ]
      }
    ],
    "EnergyStyle": "electronvolt",
    "ForcesStyle": "electronvoltperangstrom",
    "LatticeStyle": "angstrom",
    "PositionsStyle": "angstrom",
    "StressStyle": "kB"
  }
}