{
  "Dataset": {
    "AtomTypeStyle": "chemicalsymbol",
    "Data": [
      {
        "AtomTypes": [
          "Pt",
          "Pt",
          "Pt",
          "Pt",
          "Pt",
          "Pt",
          "Pt",
          "Pt",
          "Pt",
          "Pt",
          "Pt",
          "Pt",
          "Pt",
          "Pt",
          "Pt",
          "Pt",
          "Pt",
          "Pt",
          "Pt",
          "Pt",
          "Pt",
          "Pt",
          "Pt",
          "Pt",
          "Pt",
          "Pt",
          "Pt",
          "Pt",
          "Pt",
          "Pt",
          "Pt",
          "Pt",
          "Pt",
          "Pt",
          "Pt",
          "Pt",
          "Pt",
          "Pt",
          "Pt",
          "Pt",
          "Pt",
          "Pt",
          "Pt",
          "Pt",
          "Pt",
          "Pt",
          "Pt",
          "Pt",
          "Pt",
          "Pt",
          "Pt",
          "Pt",
          "Pt",
          "Pt",
          "Pt",
          "Pt",
          "Pt",
          "Pt",
          "Pt",
          "Pt",
          "Pt",
          "Pt",
          "Pt",
          "Pt",
          "Pt",
          "Pt",
          "Pt",
          "Pt",
          "Pt",
          "Pt",
          "Pt",
          "Pt",
          "C",
          "C",
          "C",
          "C",
          "C",
          "C",
          "C",
          "C",
          "O",
          "O",
          "O",
          "O",
          "O",
          "O",
          "H",
          "H",
          "H",
          "H",
          "H",
          "H",
          "H",
          "H",
          "H",
          "H",
          "H",
          "H",
          "H",
          "H",
          "H",
          "H"
        ],
        "Energy": -378.91549339,
        "Forces": [
          [
            0.010391,
            -0.03629,
            -0.06873
          ],
          [
            -0.003494,
            -0.014345,
            -0.071042
          ],
          [
            0.013243,
            -0.025958,
            -0.068878
          ],
          [
            0.010128,
            -0.036538,
            -0.069125
          ],
          [
            0.00271,
            -0.023115,
            -0.069335
          ],
          [
            0.012333,
            -0.009799,
            -0.143495
          ],
          [
            0.010599,
            -0.032482,
            -0.07089
          ],
          [
            0.026188,
            -0.014846,
            -0.068119
          ],
          [
            0.003285,
            -0.040896,
            -0.097438
          ],
          [
            0.006681,
            -0.022347,
            -0.083398
          ],
          [
            0.019221,
            -0.023563,
            -0.070506
          ],
          [
            0.01954,
            -0.027901,
            -0.075678
          ],
          [
            0.014084,
            -0.037851,
            -0.095957
          ],
          [
            0.008012,
            -0.02901,
            -0.070528
          ],
          [
            0.023103,
            -0.009649,
            -0.071993
          ],
          [
            0.005397,
            -0.005632,
            -0.138032
          ],
          [
            0.010644,
            -0.02642,
            -0.069392
          ],
          [
            -0.006148,
            -0.015845,
            -0.075171
          ],
          [
            -0.042001,
            0.048291,
            0.104358
          ],
          [
            -0.012087,
            -0.021843,
            0.071852
          ],
          [
            -0.004357,
            0.022024,
            0.079133
          ],
          [
            -0.010585,
            0.020728,
            0.046409
          ],
          [
            -0.048454,
            0.006015,
            0.066786
          ],
          [
            -0.00426,
            0.066893,
            0.098151
          ],
          [
            0.016753,
            0.046689,
            0.106953
          ],
          [
            0.017921,
            0.002257,
            0.096048
          ],
          [
            -0.013446,
            0.023107,
            0.066915
          ],
          [
            -0.011034,
            0.060823,
            0.044613
          ],
          [
            0.015798,
            0.044697,
            0.130329
          ],
          [
            -0.050421,
            0.011019,
            0.122204
          ],
          [
            -0.001371,
            0.017956,
            0.054097
          ],
          [
            -0.032056,
            0.049787,
            0.111438
          ],
          [
            0.020647,
            0.006213,
            0.084652
          ],
          [
            -0.008325,
            0.04528,
            0.069428
          ],
          [
            -0.000249,
            0.016404,
            0.075614
          ],
          [
            -0.023194,
            0.000936,
            0.095754
          ],
          [
            -0.001211,
            0.006361,
            -0.012225
          ],
          [
            -0.00327,
            0.004251,
            -0.01389
          ],
          [
            -0.013447,
            0.003345,
            -0.017996
          ],
          [
            0.005237,
            -0.002399,
            -0.010679
          ],
          [
            -0.003016,
            -0.014163,
            -0.011963
          ],
          [
            -0.00133,
            0.003156,
            -0.008735
          ],
          [
            -0.00363,
            -0.005313,
            -0.01882
          ],
          [
            0.004684,
            -0.000962,
            -0.001998
          ],
          [
            0.004893,
            -0.000453,
            -0.007924
          ],
          [
            0.002104,
            -0.003185,
            -0.008432
          ],
          [
            -0.009212,
            0.004592,
            -0.009075
          ],
          [
            -0.0003,
            -0.004969,
            -0.005914
          ],
          [
            0.001827,
            -0.006889,
            -0.01329
          ],
          [
            0.000347,
            0.005406,
            -0.008917
          ],
          [
            -0.000311,
            0.000974,
            -0.00188
          ],
          [
            -0.005467,
            -0.001621,
            -0.003209
          ],
          [
            0.00345,
            0.003383,
            -0.001933
          ],
          [
            -0.000403,
            -0.00507,
            -0.012179
          ],
          [
            -0.006016,
            -0.011361,
            0.009719
          ],
          [
            0.002258,
            0.000257,
            0.009024
          ],
          [
            0.003786,
            -0.006399,
            0.016438
          ],
          [
            -0.001696,
            -0.001706,
            0.004998
          ],
          [
            0.003086,
            -0.008658,
            -0.003245
          ],
          [
            -0.004242,
            -0.007644,
            0.013419
          ],
          [
            -0.005766,
            -0.005123,
            0.009364
          ],
          [
            0.004706,
            0.003926,
            0.000213
          ],
          [
            -0.00749,
            -0.001288,
            0.017247
          ],
          [
            0.001395,
            0.005163,
            0.006953
          ],
          [
            -0.004921,
            0.007632,
            0.00214
          ],
          [
            0.010096,
            -0.00023,
            0.007337
          ],
          [
            0.010153,
            0.002558,
            0.01663
          ],
          [
            -0.014431,
            0.007617,
            0.013245
          ],
          [
            -0.000932,
            0.006325,
            0.00648
          ],
          [
            -0.004776,
            0.001535,
            -0.001047
          ],
          [
            -0.004939,
            0.004807,
            0.005628
          ],
          [
            -0.004267,
            0.006618,
            0.006557
          ],
          [
            -0.068145,
            0.032668,
            -0.038873
          ],
          [
            -0.001389,
            -0.023736,
            -0.003125
          ],
          [
            0.01995,
            -0.020667,
            -0.005813
          ],
          [
            -0.114698,
            0.075987,
            -0.067089
          ],
          [
            0.030048,
            0.003288,
            -0.013504
          ],
          [
            0.010539,
            -0.003527,
            0.044617
          ],
          [
            0.028606,
            -0.020038,
            -0.04558
          ],
          [
            -0.044489,
            -0.007399,
            -0.005181
          ],
          [
            0.026728,
            -0.038748,
            0.022513
          ],
          [
            0.021303,
            0.035497,
            -0.015066
          ],
          [
            0.115444,
            -0.044785,
            0.002505
          ],
          [
            -0.001515,
            -0.062781,
            0.026608
          ],
          [
            -0.019534,
            0.029809,
            -0.0112
          ],
          [
            -0.001572,
            0.002233,
            -0.00126
          ],
          [
            0.009376,
            -0.003628,
            0.009427
          ],
          [
            0.002466,
            0.006455,
            0.024046
          ],
          [
            0.035717,
            -0.002043,
            -0.005146
          ],
          [
            -0.003217,
            -0.004466,
            -0.004194
          ],
          [
            -0.011094,
            -0.007868,
            0.013326
          ],
          [
            -0.003009,
            0.029368,
            0.031876
          ],
          [
            0.022441,
            -0.023113,
            0.023202
          ],
          [
            0.013632,
            -0.004722,
            -0.001519
          ],
          [
            -0.01666,
            -0.017047,
            -0.025887
          ],
          [
            0.004868,
            0.013304,
            0.004919
          ],
          [
            -0.003037,
            0.015005,
            0.010466
          ],
          [
            -0.006338,
            0.014872,
            0.011146
          ],
          [
            -0.010795,
            -0.012609,
            0.009877
          ],
          [
            0.018829,
            0.00627,
            -0.006814
          ],
          [
            0.015468,
            -0.02141,
            0.007892
          ],
          [
            -0.022076,
            0.028569,
            -0.011234
          ]
        ],
        "Lattice": [
          [
            8.440733911,
            0.0,
            0.0
          ],
          [
            8.440733911,
            14.619780548,
            0.0
          ],
          [
            0.0,
            0.0,
            21.483230591
          ]
        ],
        "NumAtoms": 102,
        "Positions": [
          [
            4.22079,
            2.43687,
            0.0
          ],
          [
            9.84794,
            12.18339,
            0.0
          ],
          [
            7.03437,
            7.31013,
            0.0
          ],
          [
            7.03437,
            2.43687,
            0.0
          ],
          [
            12.66152,
            12.18339,
            0.0
          ],
          [
            9.84795,
            7.31013,
            0.0
          ],
          [
            1.40721,
            2.43687,
            0.0
          ],
          [
            7.03437,
            12.18339,
            0.0
          ],
          [
            4.22079,
            7.31013,
            0.0
          ],
          [
            2.81385,
            0.0,
            0.0
          ],
          [
            8.44101,
            9.74652,
            0.0
          ],
          [
            5.62743,
            4.87326,
            0.0
          ],
          [
            5.62743,
            0.0,
            0.0
          ],
          [
            11.25459,
            9.74652,
            0.0
          ],
          [
            8.44101,
            4.87326,
            0.0
          ],
          [
            0.00028,
            0.0,
            0.0
          ],
          [
            5.62743,
            9.74652,
            0.0
          ],
          [
            2.81385,
            4.87326,
            0.0
          ],
          [
            7.03462,
            4.06144,
            2.2975
          ],
          [
            12.66177,
            13.80796,
            2.2975
          ],
          [
            9.8482,
            8.9347,
            2.2975
          ],
          [
            9.8482,
            4.06144,
            2.2975
          ],
          [
            15.47535,
            13.80796,
            2.2975
          ],
          [
            12.66177,
            8.9347,
            2.2975
          ],
          [
            4.22104,
            4.06144,
            2.2975
          ],
          [
            9.8482,
            13.80796,
            2.2975
          ],
          [
            7.03462,
            8.9347,
            2.2975
          ],
          [
            5.62769,
            1.62456,
            2.2975
          ],
          [
            11.25484,
            11.37109,
            2.2975
          ],
          [
            8.44127,
            6.49782,
            2.2975
          ],
          [
            8.44127,
            1.62456,
            2.2975
          ],
          [
            14.06842,
            11.37109,
            2.2975
          ],
          [
            11.25484,
            6.49782,
            2.2975
          ],
          [
            2.81411,
            1.62456,
            2.2975
          ],
          [
            8.44127,
            11.37109,
            2.2975
          ],
          [
            5.62769,
            6.49782,
            2.2975
          ],
          [
            1.39381,
            0.84389,
            4.57
          ],
          [
            7.02617,
            10.58882,
            4.57442
          ],
          [
            4.21334,
            5.71751,
            4.58294
          ],
          [
            4.20533,
            0.84397,
            4.56438
          ],
          [
            9.83505,
            10.59453,
            4.57981
          ],
          [
            7.00764,
            5.71438,
            4.58628
          ],
          [
            7.02252,
            0.83964,
            4.56296
          ],
          [
            12.6463,
            10.59792,
            4.58629
          ],
          [
            9.83291,
            5.72549,
            4.56543
          ],
          [
            2.79635,
            3.28524,
            4.57393
          ],
          [
            8.42929,
            13.02775,
            4.569
          ],
          [
            5.6129,
            8.15722,
            4.57174
          ],
          [
            5.61077,
            3.2841,
            4.58193
          ],
          [
            11.24809,
            13.02497,
            4.58671
          ],
          [
            8.42885,
            8.1558,
            4.57072
          ],
          [
            8.42768,
            3.28219,
            4.57088
          ],
          [
            14.04869,
            13.01794,
            4.582
          ],
          [
            11.24261,
            8.15893,
            4.56926
          ],
          [
            5.60542,
            0.0882,
            6.86688
          ],
          [
            11.2232,
            9.81465,
            6.89437
          ],
          [
            8.42788,
            4.94811,
            6.8737
          ],
          [
            2.78237,
            0.07968,
            6.8851
          ],
          [
            8.4207,
            9.81669,
            6.90308
          ],
          [
            5.6004,
            4.96395,
            6.91602
          ],
          [
            11.21405,
            4.94255,
            6.87653
          ],
          [
            8.41985,
            0.06884,
            6.88961
          ],
          [
            14.0544,
            9.81686,
            6.88315
          ],
          [
            9.8197,
            2.5032,
            6.89264
          ],
          [
            15.4692,
            12.2503,
            6.8847
          ],
          [
            12.62695,
            7.39946,
            6.88408
          ],
          [
            7.01179,
            2.4992,
            6.87362
          ],
          [
            12.64848,
            12.26139,
            6.9241
          ],
          [
            9.8243,
            7.38537,
            6.89277
          ],
          [
            7.01897,
            7.39953,
            6.88611
          ],
          [
            4.18193,
            2.49705,
            6.88102
          ],
          [
            9.81892,
            12.25017,
            6.89136
          ],
          [
            13.68954,
            10.47003,
            10.3185
          ],
          [
            13.38243,
            11.96367,
            10.41093
          ],
          [
            14.61616,
            12.8337,
            10.25682
          ],
          [
            5.87876,
            6.74258,
            10.24732
          ],
          [
            6.1154,
            5.23664,
            10.35278
          ],
          [
            7.56948,
            4.7919,
            10.26649
          ],
          [
            7.72987,
            3.28015,
            10.4104
          ],
          [
            14.32524,
            14.32703,
            10.35881
          ],
          [
            6.39941,
            10.02325,
            10.40194
          ],
          [
            12.59415,
            9.73552,
            10.19299
          ],
          [
            4.72711,
            7.19447,
            10.14647
          ],
          [
            6.97435,
            7.47511,
            10.30909
          ],
          [
            5.26479,
            4.65599,
            9.33006
          ],
          [
            12.37885,
            12.34494,
            9.43625
          ],
          [
            12.8206,
            8.7317,
            10.12944
          ],
          [
            12.93891,
            12.12435,
            11.41346
          ],
          [
            11.63183,
            11.70848,
            9.47828
          ],
          [
            15.33942,
            12.51761,
            11.02274
          ],
          [
            15.09001,
            12.60662,
            9.27826
          ],
          [
            6.74367,
            8.47534,
            10.29299
          ],
          [
            5.32241,
            3.67763,
            9.35751
          ],
          [
            5.69124,
            4.93916,
            11.33236
          ],
          [
            8.13573,
            5.32004,
            11.04923
          ],
          [
            7.9898,
            5.12662,
            9.29654
          ],
          [
            8.79166,
            2.99857,
            10.38245
          ],
          [
            7.2969,
            2.90573,
            11.35127
          ],
          [
            7.25657,
            2.74328,
            9.56788
          ],
          [
            6.81842,
            0.28079,
            10.3014
          ],
          [
            13.81548,
            14.58268,
            11.30186
          ],
          [
            5.23815,
            0.03582,
            9.5289
          ]
        ],
        "Stress": [
          [
            -50.13936,
            -0.4529,
            0.00577
          ],
          [
            -0.4529,
            -49.12928,
            0.45523
          ],
          [
            0.00577,
            0.45523,
            -2.50264
          ]
        ],
        "computation_code": "VASP",
        "pseudopotential_information": [
          [
            "PAW_PBE",
            "Pt",
            "04Feb2005"
          ],
          [
            "PAW_PBE",
            "C",
            "08Apr2002"
          ],
          [
            "PAW_PBE",
            "O",
            "08Apr2002"
          ],
          [
            "PAW_PBE",
            "H",
            "15Jun2001"
          ]
        ]
      }
    ],
    "EnergyStyle": "electronvolt",
    "ForcesStyle": "electronvoltperangstrom",
    "LatticeStyle": "angstrom",
    "PositionsStyle": "angstrom",
    "StressStyle": "kB"
  }
}