{
  "Dataset": {
    "AtomTypeStyle": "chemicalsymbol",
    "Data": [
      {
        "AtomTypes": [
          "Pt",
          "Pt",
          "Pt",
          "Pt",
          "Pt",
          "Pt",
          "Pt",
          "Pt",
          "Pt",
          "Pt",
          "Pt",
          "Pt",
          "Pt",
          "Pt",
          "Pt",
          "Pt",
          "Pt",
          "Pt",
          "Pt",
          "Pt",
          "Pt",
          "Pt",
          "Pt",
          "Pt",
          "Pt",
          "Pt",
          "Pt",
          "Pt",
          "Pt",
          "Pt",
          "Pt",
          "Pt",
          "Pt",
          "Pt",
          "Pt",
          "Pt",
          "Pt",
          "Pt",
          "Pt",
          "Pt",
          "Pt",
          "Pt",
          "Pt",
          "Pt",
          "Pt",
          "Pt",
          "Pt",
          "Pt",
          "Pt",
          "Pt",
          "Pt",
          "Pt",
          "Pt",
          "Pt",
          "Pt",
          "Pt",
          "Pt",
          "Pt",
          "Pt",
          "Pt",
          "Pt",
          "Pt",
          "Pt",
          "Pt",
          "Pt",
          "Pt",
          "Pt",
          "Pt",
          "Pt",
          "Pt",
          "Pt",
          "Pt",
          "C",
          "C",
          "C",
          "C",
          "C",
          "C",
          "O",
          "O",
          "O",
          "O",
          "O",
          "O",
          "H",
          "H",
          "H",
          "H",
          "H",
          "H",
          "H",
          "H",
          "H",
          "H",
          "H",
          "H"
        ],
        "Energy": -347.07554572,
        "Forces": [
          [
            0.009323,
            -0.024681,
            -0.04023
          ],
          [
            0.009789,
            -0.021901,
            -0.042045
          ],
          [
            0.00518,
            -0.006011,
            -0.098602
          ],
          [
            0.016747,
            -0.011764,
            -0.034844
          ],
          [
            0.024172,
            -0.024068,
            -0.035348
          ],
          [
            0.001438,
            -0.029467,
            -0.043872
          ],
          [
            0.019205,
            -0.022394,
            -0.044473
          ],
          [
            0.015004,
            -0.0163,
            -0.039576
          ],
          [
            0.006617,
            -0.025619,
            -0.066347
          ],
          [
            0.01673,
            -0.030842,
            -0.064227
          ],
          [
            0.009601,
            -0.026572,
            -0.040383
          ],
          [
            0.024647,
            -0.008194,
            -0.053215
          ],
          [
            0.017332,
            -0.009407,
            -0.041352
          ],
          [
            0.01189,
            -0.031942,
            -0.041456
          ],
          [
            -0.002299,
            -0.002113,
            -0.047469
          ],
          [
            0.023054,
            -0.007398,
            -0.0732
          ],
          [
            0.012716,
            -0.034125,
            -0.038944
          ],
          [
            0.009075,
            -0.009782,
            -0.043144
          ],
          [
            -0.003179,
            -0.002328,
            0.041454
          ],
          [
            -0.019924,
            0.001342,
            0.075121
          ],
          [
            -0.00743,
            0.044914,
            -0.013959
          ],
          [
            0.018672,
            0.024406,
            0.121586
          ],
          [
            -0.06105,
            0.005911,
            0.074909
          ],
          [
            0.004801,
            0.04974,
            -0.010329
          ],
          [
            -0.041417,
            -0.003755,
            0.068837
          ],
          [
            0.002003,
            0.018449,
            0.036693
          ],
          [
            -0.005197,
            0.022434,
            0.000207
          ],
          [
            -0.021521,
            0.014874,
            0.035672
          ],
          [
            0.003486,
            0.039213,
            0.031922
          ],
          [
            0.055757,
            -0.019042,
            0.074914
          ],
          [
            -0.02113,
            0.023433,
            0.037034
          ],
          [
            -0.023695,
            0.058687,
            0.056939
          ],
          [
            -0.023188,
            -0.036695,
            0.056124
          ],
          [
            -0.013856,
            0.078328,
            0.0996
          ],
          [
            -0.022343,
            0.027435,
            0.011531
          ],
          [
            -0.012929,
            0.010103,
            -0.004289
          ],
          [
            0.005929,
            -0.003285,
            0.001403
          ],
          [
            0.01075,
            -0.009577,
            -0.010376
          ],
          [
            -0.003743,
            0.011239,
            0.00144
          ],
          [
            -0.006238,
            0.007603,
            -0.00394
          ],
          [
            -0.002732,
            -0.00072,
            -0.005909
          ],
          [
            -0.007541,
            -0.008661,
            0.00759
          ],
          [
            0.010031,
            -0.000128,
            -5.8e-05
          ],
          [
            -0.013655,
            0.001062,
            0.009342
          ],
          [
            -0.001186,
            0.006587,
            -0.00123
          ],
          [
            -0.002133,
            -0.000122,
            -0.005092
          ],
          [
            0.003235,
            0.008941,
            0.008001
          ],
          [
            0.003155,
            -0.000474,
            0.008332
          ],
          [
            0.008226,
            -0.00578,
            -0.001231
          ],
          [
            -0.004972,
            0.002903,
            0.0318
          ],
          [
            -0.001739,
            0.010021,
            0.03116
          ],
          [
            -0.010345,
            0.000948,
            0.000877
          ],
          [
            0.011572,
            0.001395,
            0.006856
          ],
          [
            0.002155,
            0.003675,
            0.01181
          ],
          [
            0.002954,
            -0.014389,
            0.010431
          ],
          [
            0.007018,
            0.004236,
            -0.003118
          ],
          [
            -0.014797,
            0.006185,
            0.002088
          ],
          [
            -0.002929,
            -0.021758,
            0.000309
          ],
          [
            -0.003595,
            -0.015006,
            -0.002341
          ],
          [
            0.004026,
            -0.004354,
            -0.015291
          ],
          [
            0.004314,
            0.015061,
            0.01469
          ],
          [
            0.009956,
            -0.01053,
            -0.000384
          ],
          [
            -0.00434,
            -0.006239,
            0.010439
          ],
          [
            -0.001074,
            -0.001388,
            0.020684
          ],
          [
            -0.002745,
            0.006025,
            -0.002965
          ],
          [
            -0.000427,
            0.012684,
            -0.00245
          ],
          [
            -0.006121,
            0.00494,
            0.00139
          ],
          [
            -0.011658,
            -6.8e-05,
            -0.007182
          ],
          [
            -0.005904,
            0.012661,
            0.010299
          ],
          [
            0.006678,
            0.003535,
            -0.006455
          ],
          [
            0.001961,
            0.00208,
            0.008892
          ],
          [
            0.010318,
            0.012754,
            -0.014393
          ],
          [
            -0.023041,
            -0.025315,
            0.006149
          ],
          [
            0.008001,
            -0.034884,
            -0.02461
          ],
          [
            -0.035016,
            -0.029059,
            0.004166
          ],
          [
            0.031269,
            0.001795,
            0.033684
          ],
          [
            -0.018029,
            0.023234,
            0.044428
          ],
          [
            -0.011747,
            -0.021765,
            -0.021315
          ],
          [
            -0.007936,
            0.010978,
            -0.007004
          ],
          [
            0.001025,
            0.013788,
            -0.008244
          ],
          [
            0.015924,
            -0.018795,
            0.000926
          ],
          [
            -0.038377,
            -0.002097,
            0.001458
          ],
          [
            -0.009734,
            -0.032333,
            -0.031261
          ],
          [
            -0.018147,
            0.020265,
            0.014099
          ],
          [
            0.013073,
            0.015198,
            0.002023
          ],
          [
            0.004959,
            0.032375,
            -0.001545
          ],
          [
            0.011711,
            -0.005724,
            0.011016
          ],
          [
            0.000486,
            0.022291,
            -0.001416
          ],
          [
            -0.011266,
            0.00897,
            0.004712
          ],
          [
            -0.013099,
            0.023087,
            -0.008576
          ],
          [
            0.000368,
            0.010392,
            -0.00308
          ],
          [
            -0.005513,
            -0.028906,
            -0.020574
          ],
          [
            -0.004118,
            -0.002937,
            -0.016288
          ],
          [
            0.022224,
            -0.021552,
            -0.035223
          ],
          [
            0.011754,
            0.010187,
            -0.000409
          ],
          [
            0.042742,
            -0.016118,
            0.036227
          ]
        ],
        "Lattice": [
          [
            8.440733911,
            0.0,
            0.0
          ],
          [
            8.440733911,
            14.619780548,
            0.0
          ],
          [
            0.0,
            0.0,
            21.483230591
          ]
        ],
        "NumAtoms": 96,
        "Positions": [
          [
            4.22079,
            2.43687,
            0.0
          ],
          [
            9.84794,
            12.18339,
            0.0
          ],
          [
            7.03437,
            7.31013,
            0.0
          ],
          [
            7.03437,
            2.43687,
            0.0
          ],
          [
            12.66152,
            12.18339,
            0.0
          ],
          [
            9.84795,
            7.31013,
            0.0
          ],
          [
            1.40721,
            2.43687,
            0.0
          ],
          [
            7.03437,
            12.18339,
            0.0
          ],
          [
            4.22079,
            7.31013,
            0.0
          ],
          [
            2.81385,
            0.0,
            0.0
          ],
          [
            8.44101,
            9.74652,
            0.0
          ],
          [
            5.62743,
            4.87326,
            0.0
          ],
          [
            5.62743,
            0.0,
            0.0
          ],
          [
            11.25459,
            9.74652,
            0.0
          ],
          [
            8.44101,
            4.87326,
            0.0
          ],
          [
            0.00028,
            0.0,
            0.0
          ],
          [
            5.62743,
            9.74652,
            0.0
          ],
          [
            2.81385,
            4.87326,
            0.0
          ],
          [
            7.03462,
            4.06144,
            2.2975
          ],
          [
            12.66177,
            13.80796,
            2.2975
          ],
          [
            9.8482,
            8.9347,
            2.2975
          ],
          [
            9.8482,
            4.06144,
            2.2975
          ],
          [
            15.47535,
            13.80796,
            2.2975
          ],
          [
            12.66177,
            8.9347,
            2.2975
          ],
          [
            4.22104,
            4.06144,
            2.2975
          ],
          [
            9.8482,
            13.80796,
            2.2975
          ],
          [
            7.03462,
            8.9347,
            2.2975
          ],
          [
            5.62769,
            1.62456,
            2.2975
          ],
          [
            11.25484,
            11.37109,
            2.2975
          ],
          [
            8.44127,
            6.49782,
            2.2975
          ],
          [
            8.44127,
            1.62456,
            2.2975
          ],
          [
            14.06842,
            11.37109,
            2.2975
          ],
          [
            11.25484,
            6.49782,
            2.2975
          ],
          [
            2.81411,
            1.62456,
            2.2975
          ],
          [
            8.44127,
            11.37109,
            2.2975
          ],
          [
            5.62769,
            6.49782,
            2.2975
          ],
          [
            1.38754,
            0.8368,
            4.56614
          ],
          [
            7.01222,
            10.58931,
            4.56466
          ],
          [
            4.20746,
            5.6981,
            4.56446
          ],
          [
            4.19916,
            0.83594,
            4.56813
          ],
          [
            9.82556,
            10.58664,
            4.55956
          ],
          [
            7.03141,
            5.70548,
            4.55605
          ],
          [
            7.01155,
            0.8317,
            4.56735
          ],
          [
            12.64575,
            10.59103,
            4.56619
          ],
          [
            9.84837,
            5.6971,
            4.58798
          ],
          [
            2.80079,
            3.278,
            4.58738
          ],
          [
            8.41357,
            13.02234,
            4.56017
          ],
          [
            5.61808,
            8.14794,
            4.55437
          ],
          [
            5.61353,
            3.26454,
            4.56525
          ],
          [
            11.23524,
            13.02075,
            4.57087
          ],
          [
            8.43084,
            8.14281,
            4.55367
          ],
          [
            8.42829,
            3.26804,
            4.57016
          ],
          [
            14.03661,
            13.01982,
            4.58108
          ],
          [
            11.23709,
            8.14345,
            4.54983
          ],
          [
            5.58965,
            0.05718,
            6.88544
          ],
          [
            11.21945,
            9.79332,
            6.84686
          ],
          [
            8.42217,
            4.91852,
            6.8856
          ],
          [
            2.77814,
            0.06243,
            6.88024
          ],
          [
            8.39713,
            9.7933,
            6.86298
          ],
          [
            5.62875,
            4.91563,
            6.85187
          ],
          [
            11.24354,
            4.9325,
            6.9305
          ],
          [
            8.40096,
            0.05559,
            6.87849
          ],
          [
            14.03756,
            9.80506,
            6.87282
          ],
          [
            9.81982,
            2.48531,
            6.88102
          ],
          [
            15.42969,
            12.23629,
            6.88286
          ],
          [
            12.63496,
            7.37252,
            6.83248
          ],
          [
            7.0133,
            2.48211,
            6.88258
          ],
          [
            12.61397,
            12.23562,
            6.90783
          ],
          [
            9.81357,
            7.36444,
            6.87436
          ],
          [
            7.0153,
            7.3571,
            6.86175
          ],
          [
            4.2014,
            2.48375,
            6.88111
          ],
          [
            9.78433,
            12.23793,
            6.85718
          ],
          [
            9.36553,
            9.52892,
            10.32497
          ],
          [
            10.68584,
            10.24463,
            10.20379
          ],
          [
            5.95567,
            7.76984,
            10.31022
          ],
          [
            4.60515,
            7.1304,
            10.10376
          ],
          [
            4.52131,
            5.61203,
            10.0747
          ],
          [
            10.61391,
            11.75292,
            10.04194
          ],
          [
            3.25313,
            5.15648,
            9.54669
          ],
          [
            9.30356,
            8.28829,
            10.42804
          ],
          [
            8.30379,
            10.31278,
            10.2974
          ],
          [
            6.05412,
            9.00128,
            10.4244
          ],
          [
            6.99471,
            6.949,
            10.31426
          ],
          [
            11.94487,
            12.2157,
            9.77106
          ],
          [
            7.4223,
            9.77717,
            10.35685
          ],
          [
            11.19703,
            9.80732,
            9.31391
          ],
          [
            11.3211,
            9.97207,
            11.06409
          ],
          [
            7.87788,
            7.47007,
            10.37645
          ],
          [
            12.70492,
            7.51903,
            9.10726
          ],
          [
            12.34496,
            7.56303,
            10.83828
          ],
          [
            10.96258,
            5.71492,
            9.88407
          ],
          [
            5.29399,
            5.19202,
            9.40707
          ],
          [
            4.671,
            5.17936,
            11.08064
          ],
          [
            11.93372,
            13.19171,
            9.69071
          ],
          [
            10.20479,
            12.23637,
            10.94755
          ],
          [
            9.92939,
            12.01379,
            9.19356
          ]
        ],
        "Stress": [
          [
            -53.39032,
            -0.92075,
            -0.53849
          ],
          [
            -0.92075,
            -52.27319,
            0.33172
          ],
          [
            -0.53849,
            0.33172,
            -2.60973
          ]
        ],
        "computation_code": "VASP",
        "pseudopotential_information": [
          [
            "PAW_PBE",
            "Pt",
            "04Feb2005"
          ],
          [
            "PAW_PBE",
            "C",
            "08Apr2002"
          ],
          [
            "PAW_PBE",
            "O",
            "08Apr2002"
          ],
          [
            "PAW_PBE",
            "H",
            "15Jun2001"
          ]
        ]
      }
    ],
    "EnergyStyle": "electronvolt",
    "ForcesStyle": "electronvoltperangstrom",
    "LatticeStyle": "angstrom",
    "PositionsStyle": "angstrom",
    "StressStyle": "kB"
  }
}