{
  "Dataset": {
    "AtomTypeStyle": "chemicalsymbol",
    "Data": [
      {
        "AtomTypes": [
          "Pt",
          "Pt",
          "Pt",
          "Pt",
          "Pt",
          "Pt",
          "Pt",
          "Pt",
          "Pt",
          "Pt",
          "Pt",
          "Pt",
          "Pt",
          "Pt",
          "Pt",
          "Pt",
          "Pt",
          "Pt",
          "Pt",
          "Pt",
          "Pt",
          "Pt",
          "Pt",
          "Pt",
          "Pt",
          "Pt",
          "Pt",
          "Pt",
          "Pt",
          "Pt",
          "Pt",
          "Pt",
          "Pt",
          "Pt",
          "Pt",
          "Pt",
          "Pt",
          "Pt",
          "Pt",
          "Pt",
          "Pt",
          "Pt",
          "Pt",
          "Pt",
          "Pt",
          "Pt",
          "Pt",
          "Pt",
          "Pt",
          "Pt",
          "Pt",
          "Pt",
          "Pt",
          "Pt",
          "Pt",
          "Pt",
          "Pt",
          "Pt",
          "Pt",
          "Pt",
          "Pt",
          "Pt",
          "Pt",
          "Pt",
          "Pt",
          "Pt",
          "Pt",
          "Pt",
          "Pt",
          "Pt",
          "Pt",
          "Pt",
          "C",
          "C",
          "C",
          "C",
          "C",
          "C",
          "O",
          "O",
          "O",
          "O",
          "O",
          "O",
          "H",
          "H",
          "H",
          "H",
          "H",
          "H",
          "H",
          "H",
          "H",
          "H",
          "H",
          "H"
        ],
        "Energy": -347.07415618,
        "Forces": [
          [
            0.009289,
            -0.024498,
            -0.040316
          ],
          [
            0.009856,
            -0.021742,
            -0.041884
          ],
          [
            0.005255,
            -0.005843,
            -0.098238
          ],
          [
            0.0169,
            -0.011726,
            -0.034876
          ],
          [
            0.024305,
            -0.023907,
            -0.035323
          ],
          [
            0.001438,
            -0.029197,
            -0.043678
          ],
          [
            0.019387,
            -0.022189,
            -0.044723
          ],
          [
            0.015064,
            -0.016363,
            -0.039576
          ],
          [
            0.007006,
            -0.025243,
            -0.066295
          ],
          [
            0.016758,
            -0.030597,
            -0.064074
          ],
          [
            0.009909,
            -0.026412,
            -0.040403
          ],
          [
            0.024794,
            -0.008159,
            -0.053444
          ],
          [
            0.017423,
            -0.00926,
            -0.041227
          ],
          [
            0.012115,
            -0.03177,
            -0.041592
          ],
          [
            -0.002245,
            -0.002089,
            -0.047401
          ],
          [
            0.022955,
            -0.007267,
            -0.072902
          ],
          [
            0.012802,
            -0.034049,
            -0.038967
          ],
          [
            0.009281,
            -0.009444,
            -0.042799
          ],
          [
            -0.003016,
            -0.001664,
            0.040906
          ],
          [
            -0.019839,
            0.001,
            0.073266
          ],
          [
            -0.007807,
            0.044493,
            -0.014802
          ],
          [
            0.018207,
            0.024742,
            0.120274
          ],
          [
            -0.061394,
            0.006154,
            0.07323
          ],
          [
            0.00479,
            0.049262,
            -0.010495
          ],
          [
            -0.041786,
            -0.003586,
            0.066582
          ],
          [
            0.001748,
            0.017946,
            0.035473
          ],
          [
            -0.0055,
            0.02172,
            0.000117
          ],
          [
            -0.021263,
            0.013663,
            0.033458
          ],
          [
            0.002913,
            0.039099,
            0.029937
          ],
          [
            0.056361,
            -0.01855,
            0.076332
          ],
          [
            -0.022635,
            0.022617,
            0.035173
          ],
          [
            -0.024196,
            0.058329,
            0.054312
          ],
          [
            -0.023468,
            -0.037515,
            0.056012
          ],
          [
            -0.014241,
            0.077902,
            0.096782
          ],
          [
            -0.022268,
            0.027168,
            0.009826
          ],
          [
            -0.012915,
            0.010973,
            -0.003451
          ],
          [
            0.007302,
            -0.005836,
            0.003568
          ],
          [
            0.011437,
            -0.011112,
            -0.00762
          ],
          [
            -0.004513,
            0.012966,
            0.001723
          ],
          [
            -0.005845,
            0.005837,
            -0.002398
          ],
          [
            -0.002569,
            -0.000983,
            -0.004858
          ],
          [
            -0.008229,
            -0.01067,
            0.008254
          ],
          [
            0.01165,
            0.001282,
            -0.001824
          ],
          [
            -0.013099,
            -0.000859,
            0.011523
          ],
          [
            -0.002516,
            0.007503,
            -0.003553
          ],
          [
            -0.001583,
            0.000251,
            -0.003971
          ],
          [
            0.006513,
            0.008279,
            0.009399
          ],
          [
            0.002582,
            -0.002978,
            0.008523
          ],
          [
            0.01044,
            -0.002136,
            0.002143
          ],
          [
            -0.007178,
            0.002773,
            0.031248
          ],
          [
            -0.002756,
            0.007505,
            0.031048
          ],
          [
            -0.012777,
            0.003976,
            0.00297
          ],
          [
            0.011501,
            0.002965,
            0.008123
          ],
          [
            0.004083,
            0.004539,
            0.014971
          ],
          [
            0.002247,
            -0.017341,
            0.009692
          ],
          [
            0.00594,
            0.003439,
            -0.005793
          ],
          [
            -0.011747,
            0.004899,
            0.000797
          ],
          [
            -0.003471,
            -0.02142,
            0.000999
          ],
          [
            -0.00197,
            -0.013898,
            -0.00222
          ],
          [
            0.003896,
            -0.004192,
            -0.015571
          ],
          [
            0.004682,
            0.014372,
            0.015924
          ],
          [
            0.010496,
            -0.012823,
            0.000444
          ],
          [
            -0.005039,
            -0.005691,
            0.011172
          ],
          [
            -0.001222,
            0.000912,
            0.022292
          ],
          [
            -0.003394,
            0.00764,
            -0.003292
          ],
          [
            0.000533,
            0.014181,
            -0.006022
          ],
          [
            -0.005502,
            0.005053,
            0.000969
          ],
          [
            -0.013157,
            -0.00024,
            -0.004147
          ],
          [
            -0.006176,
            0.014604,
            0.01117
          ],
          [
            0.007103,
            0.004387,
            -0.008497
          ],
          [
            0.000232,
            0.002436,
            0.009904
          ],
          [
            0.009802,
            0.013323,
            -0.015222
          ],
          [
            0.030486,
            0.032527,
            -0.00546
          ],
          [
            -0.054839,
            -0.020141,
            0.013322
          ],
          [
            0.017592,
            0.041271,
            0.019183
          ],
          [
            0.00383,
            0.002524,
            0.03461
          ],
          [
            0.021313,
            -0.040404,
            -0.035137
          ],
          [
            0.022798,
            -0.008265,
            0.024312
          ],
          [
            0.015753,
            0.026214,
            0.017663
          ],
          [
            0.001783,
            -0.06285,
            -0.002478
          ],
          [
            -0.033317,
            0.002921,
            0.003296
          ],
          [
            -0.060251,
            -0.025703,
            -0.004549
          ],
          [
            0.022231,
            -0.055399,
            -0.033829
          ],
          [
            -0.044165,
            -0.023192,
            0.019604
          ],
          [
            0.028735,
            0.012658,
            0.000228
          ],
          [
            0.02562,
            0.018535,
            -0.037988
          ],
          [
            0.022825,
            -0.009531,
            0.01952
          ],
          [
            -0.035787,
            0.017361,
            -0.000587
          ],
          [
            -0.009814,
            0.016329,
            -0.007269
          ],
          [
            -0.018989,
            0.037033,
            0.002196
          ],
          [
            -0.011297,
            0.008629,
            -0.006529
          ],
          [
            -0.0457,
            -0.003798,
            0.015099
          ],
          [
            -0.009533,
            -0.009418,
            0.002219
          ],
          [
            0.021776,
            0.014924,
            -0.038148
          ],
          [
            0.02687,
            -0.009199,
            -0.032926
          ],
          [
            0.028405,
            -0.009962,
            0.016568
          ]
        ],
        "Lattice": [
          [
            8.440733911,
            0.0,
            0.0
          ],
          [
            8.440733911,
            14.619780548,
            0.0
          ],
          [
            0.0,
            0.0,
            21.483230591
          ]
        ],
        "NumAtoms": 96,
        "Positions": [
          [
            4.22079,
            2.43687,
            0.0
          ],
          [
            9.84794,
            12.18339,
            0.0
          ],
          [
            7.03437,
            7.31013,
            0.0
          ],
          [
            7.03437,
            2.43687,
            0.0
          ],
          [
            12.66152,
            12.18339,
            0.0
          ],
          [
            9.84795,
            7.31013,
            0.0
          ],
          [
            1.40721,
            2.43687,
            0.0
          ],
          [
            7.03437,
            12.18339,
            0.0
          ],
          [
            4.22079,
            7.31013,
            0.0
          ],
          [
            2.81385,
            0.0,
            0.0
          ],
          [
            8.44101,
            9.74652,
            0.0
          ],
          [
            5.62743,
            4.87326,
            0.0
          ],
          [
            5.62743,
            0.0,
            0.0
          ],
          [
            11.25459,
            9.74652,
            0.0
          ],
          [
            8.44101,
            4.87326,
            0.0
          ],
          [
            0.00028,
            0.0,
            0.0
          ],
          [
            5.62743,
            9.74652,
            0.0
          ],
          [
            2.81385,
            4.87326,
            0.0
          ],
          [
            7.03462,
            4.06144,
            2.2975
          ],
          [
            12.66177,
            13.80796,
            2.2975
          ],
          [
            9.8482,
            8.9347,
            2.2975
          ],
          [
            9.8482,
            4.06144,
            2.2975
          ],
          [
            15.47535,
            13.80796,
            2.2975
          ],
          [
            12.66177,
            8.9347,
            2.2975
          ],
          [
            4.22104,
            4.06144,
            2.2975
          ],
          [
            9.8482,
            13.80796,
            2.2975
          ],
          [
            7.03462,
            8.9347,
            2.2975
          ],
          [
            5.62769,
            1.62456,
            2.2975
          ],
          [
            11.25484,
            11.37109,
            2.2975
          ],
          [
            8.44127,
            6.49782,
            2.2975
          ],
          [
            8.44127,
            1.62456,
            2.2975
          ],
          [
            14.06842,
            11.37109,
            2.2975
          ],
          [
            11.25484,
            6.49782,
            2.2975
          ],
          [
            2.81411,
            1.62456,
            2.2975
          ],
          [
            8.44127,
            11.37109,
            2.2975
          ],
          [
            5.62769,
            6.49782,
            2.2975
          ],
          [
            1.38721,
            0.83667,
            4.56573
          ],
          [
            7.012,
            10.58917,
            4.56432
          ],
          [
            4.20749,
            5.6977,
            4.56439
          ],
          [
            4.19894,
            0.83572,
            4.5678
          ],
          [
            9.82549,
            10.5863,
            4.55934
          ],
          [
            7.0313,
            5.70552,
            4.55602
          ],
          [
            7.01107,
            0.83133,
            4.56743
          ],
          [
            12.64558,
            10.59082,
            4.56589
          ],
          [
            9.8481,
            5.69656,
            4.58814
          ],
          [
            2.80055,
            3.27759,
            4.58702
          ],
          [
            8.41328,
            13.02215,
            4.55989
          ],
          [
            5.61776,
            8.14793,
            4.55458
          ],
          [
            5.61325,
            3.26407,
            4.56475
          ],
          [
            11.23531,
            13.02051,
            4.57059
          ],
          [
            8.43069,
            8.14279,
            4.5538
          ],
          [
            8.42811,
            3.26753,
            4.56986
          ],
          [
            14.03671,
            13.01956,
            4.5808
          ],
          [
            11.23688,
            8.14288,
            4.54966
          ],
          [
            5.5896,
            0.05694,
            6.88541
          ],
          [
            11.21952,
            9.7927,
            6.8469
          ],
          [
            8.42116,
            4.91801,
            6.88565
          ],
          [
            2.77806,
            0.06165,
            6.87965
          ],
          [
            8.39693,
            9.79254,
            6.86283
          ],
          [
            5.62819,
            4.91511,
            6.85186
          ],
          [
            11.24289,
            4.93175,
            6.92988
          ],
          [
            8.40081,
            0.0552,
            6.87796
          ],
          [
            14.03739,
            9.80431,
            6.87284
          ],
          [
            9.8193,
            2.48442,
            6.88038
          ],
          [
            15.42984,
            12.23554,
            6.88262
          ],
          [
            12.63412,
            7.37164,
            6.83311
          ],
          [
            7.01269,
            2.4817,
            6.88242
          ],
          [
            12.61448,
            12.23506,
            6.90693
          ],
          [
            9.8133,
            7.36358,
            6.87427
          ],
          [
            7.01462,
            7.35645,
            6.86201
          ],
          [
            4.20111,
            2.48316,
            6.8806
          ],
          [
            9.7845,
            12.23697,
            6.85661
          ],
          [
            9.36424,
            9.53061,
            10.32488
          ],
          [
            10.68625,
            10.24656,
            10.20559
          ],
          [
            5.95615,
            7.76914,
            10.3096
          ],
          [
            4.6076,
            7.12796,
            10.10523
          ],
          [
            4.52596,
            5.61064,
            10.07648
          ],
          [
            10.61228,
            11.75459,
            10.04062
          ],
          [
            3.25783,
            5.15248,
            9.54802
          ],
          [
            9.3023,
            8.29115,
            10.42912
          ],
          [
            8.30368,
            10.31434,
            10.29454
          ],
          [
            6.05415,
            9.00157,
            10.42154
          ],
          [
            6.99663,
            6.95121,
            10.3164
          ],
          [
            11.94433,
            12.21867,
            9.77189
          ],
          [
            7.42059,
            9.77999,
            10.354
          ],
          [
            11.20057,
            9.80711,
            9.32104
          ],
          [
            11.31633,
            9.97746,
            11.07024
          ],
          [
            7.88107,
            7.47311,
            10.3772
          ],
          [
            12.70327,
            7.51564,
            9.11039
          ],
          [
            12.34772,
            7.55773,
            10.84115
          ],
          [
            10.96753,
            5.7084,
            9.88972
          ],
          [
            5.29964,
            5.19083,
            9.40638
          ],
          [
            4.67848,
            5.17718,
            11.0809
          ],
          [
            11.93195,
            13.19372,
            9.6894
          ],
          [
            10.20042,
            12.24001,
            10.94555
          ],
          [
            9.93004,
            12.01325,
            9.19109
          ]
        ],
        "Stress": [
          [
            -53.40924,
            -0.97356,
            -0.52174
          ],
          [
            -0.97356,
            -52.16241,
            0.30238
          ],
          [
            -0.52174,
            0.30238,
            -2.56773
          ]
        ],
        "computation_code": "VASP",
        "pseudopotential_information": [
          [
            "PAW_PBE",
            "Pt",
            "04Feb2005"
          ],
          [
            "PAW_PBE",
            "C",
            "08Apr2002"
          ],
          [
            "PAW_PBE",
            "O",
            "08Apr2002"
          ],
          [
            "PAW_PBE",
            "H",
            "15Jun2001"
          ]
        ]
      }
    ],
    "EnergyStyle": "electronvolt",
    "ForcesStyle": "electronvoltperangstrom",
    "LatticeStyle": "angstrom",
    "PositionsStyle": "angstrom",
    "StressStyle": "kB"
  }
}