{
  "Dataset": {
    "AtomTypeStyle": "chemicalsymbol",
    "Data": [
      {
        "AtomTypes": [
          "Pt",
          "Pt",
          "Pt",
          "Pt",
          "Pt",
          "Pt",
          "Pt",
          "Pt",
          "Pt",
          "Pt",
          "Pt",
          "Pt",
          "Pt",
          "Pt",
          "Pt",
          "Pt",
          "Pt",
          "Pt",
          "Pt",
          "Pt",
          "Pt",
          "Pt",
          "Pt",
          "Pt",
          "Pt",
          "Pt",
          "Pt",
          "Pt",
          "Pt",
          "Pt",
          "Pt",
          "Pt",
          "Pt",
          "Pt",
          "Pt",
          "Pt",
          "Pt",
          "Pt",
          "Pt",
          "Pt",
          "Pt",
          "Pt",
          "Pt",
          "Pt",
          "Pt",
          "Pt",
          "Pt",
          "Pt",
          "Pt",
          "Pt",
          "Pt",
          "Pt",
          "Pt",
          "Pt",
          "Pt",
          "Pt",
          "Pt",
          "Pt",
          "Pt",
          "Pt",
          "Pt",
          "Pt",
          "Pt",
          "Pt",
          "Pt",
          "Pt",
          "Pt",
          "Pt",
          "Pt",
          "Pt",
          "Pt",
          "Pt",
          "Pt",
          "Pt",
          "Pt",
          "Pt",
          "Pt",
          "Pt",
          "Pt",
          "Pt",
          "C",
          "C",
          "C",
          "C",
          "C",
          "C",
          "O",
          "O",
          "O",
          "O",
          "O",
          "O",
          "H",
          "H",
          "H",
          "H",
          "H",
          "H",
          "H",
          "H",
          "H",
          "H",
          "H",
          "H"
        ],
        "Energy": -371.68401163,
        "Forces": [
          [
            -0.016161,
            0.009126,
            -0.065967
          ],
          [
            0.00786,
            -0.015359,
            -0.026328
          ],
          [
            -0.002795,
            0.011221,
            -0.055818
          ],
          [
            0.023219,
            0.015008,
            -0.028692
          ],
          [
            0.005677,
            0.000259,
            -0.041434
          ],
          [
            -0.014915,
            -0.002096,
            -0.061268
          ],
          [
            0.011956,
            -0.018897,
            -0.042672
          ],
          [
            0.006426,
            0.011082,
            -0.035996
          ],
          [
            0.019515,
            0.019747,
            -0.073014
          ],
          [
            -0.023905,
            0.033253,
            -0.018036
          ],
          [
            0.014355,
            0.025012,
            -0.043
          ],
          [
            0.002612,
            -0.006736,
            -0.04055
          ],
          [
            0.005792,
            0.011109,
            -0.042516
          ],
          [
            -0.016663,
            -0.012017,
            -0.066072
          ],
          [
            0.003014,
            0.010863,
            -0.034099
          ],
          [
            0.014087,
            0.008576,
            -0.06768
          ],
          [
            -0.012355,
            0.022872,
            -0.013074
          ],
          [
            -0.002247,
            -0.003939,
            -0.076722
          ],
          [
            -0.016561,
            -0.002312,
            -0.030038
          ],
          [
            0.004543,
            0.013972,
            -0.032922
          ],
          [
            0.029588,
            0.024597,
            0.017328
          ],
          [
            -0.037922,
            0.029041,
            0.075907
          ],
          [
            -0.08519,
            -0.062725,
            0.11679
          ],
          [
            -0.016667,
            -0.047362,
            0.031257
          ],
          [
            0.083353,
            -0.039422,
            0.060217
          ],
          [
            -0.004763,
            -0.008539,
            0.016065
          ],
          [
            -0.013232,
            -0.009673,
            0.006189
          ],
          [
            -0.014144,
            0.013613,
            -0.011219
          ],
          [
            0.046443,
            0.010484,
            0.067587
          ],
          [
            -0.010674,
            -0.068313,
            0.068346
          ],
          [
            0.009345,
            -0.024894,
            0.013553
          ],
          [
            0.017992,
            -0.007435,
            0.016974
          ],
          [
            0.063312,
            0.032917,
            0.110813
          ],
          [
            -0.00481,
            0.009333,
            0.068917
          ],
          [
            -0.036802,
            -0.028905,
            0.031425
          ],
          [
            -0.010153,
            -0.016961,
            -0.018226
          ],
          [
            0.024014,
            0.036356,
            0.075333
          ],
          [
            0.018359,
            -0.058187,
            0.113338
          ],
          [
            -0.022634,
            -0.017955,
            0.0231
          ],
          [
            -0.012465,
            -0.006742,
            0.009767
          ],
          [
            -0.000255,
            -0.000924,
            0.001062
          ],
          [
            0.002195,
            0.001619,
            0.000759
          ],
          [
            0.000658,
            0.004844,
            0.005485
          ],
          [
            0.000313,
            -0.002373,
            0.002603
          ],
          [
            6.4e-05,
            -0.002293,
            -0.000972
          ],
          [
            0.000825,
            9.9e-05,
            0.001792
          ],
          [
            -0.000217,
            -0.0002,
            -0.000593
          ],
          [
            0.000747,
            0.001155,
            0.003423
          ],
          [
            0.000713,
            0.000639,
            0.003065
          ],
          [
            0.002524,
            -0.000775,
            0.004151
          ],
          [
            0.002007,
            -0.005134,
            0.001002
          ],
          [
            0.001553,
            -0.002418,
            0.001001
          ],
          [
            0.002025,
            0.002419,
            0.003835
          ],
          [
            -0.000528,
            0.003838,
            0.004621
          ],
          [
            0.002537,
            -0.002941,
            0.000663
          ],
          [
            -0.001432,
            -0.002416,
            0.004768
          ],
          [
            -0.000108,
            -0.00058,
            0.002478
          ],
          [
            -0.000229,
            0.002441,
            -0.000604
          ],
          [
            0.000578,
            0.000759,
            0.001313
          ],
          [
            -0.001326,
            0.003236,
            5.6e-05
          ],
          [
            -0.000518,
            0.001973,
            -0.00077
          ],
          [
            0.00447,
            -0.000466,
            -0.003169
          ],
          [
            -0.001791,
            -0.002762,
            0.004291
          ],
          [
            -0.002447,
            -0.004543,
            0.008052
          ],
          [
            -0.001639,
            -0.001979,
            -0.00272
          ],
          [
            -9.3e-05,
            0.002148,
            -0.000316
          ],
          [
            -0.000427,
            -0.000368,
            -0.003681
          ],
          [
            -0.004299,
            0.001374,
            -0.001091
          ],
          [
            0.000308,
            0.000181,
            0.000261
          ],
          [
            0.000384,
            0.003185,
            -0.005394
          ],
          [
            0.002086,
            -0.002365,
            -0.007978
          ],
          [
            -0.001215,
            -0.000345,
            -0.004424
          ],
          [
            -0.001735,
            0.003484,
            -0.00094
          ],
          [
            0.001696,
            0.005433,
            -0.000872
          ],
          [
            0.00374,
            0.003109,
            0.002526
          ],
          [
            0.000283,
            -0.002937,
            0.006888
          ],
          [
            -0.000302,
            0.001488,
            0.00317
          ],
          [
            -0.000393,
            0.002186,
            -0.00151
          ],
          [
            -0.000704,
            0.000159,
            -0.005926
          ],
          [
            0.001753,
            -0.004321,
            -0.003322
          ],
          [
            -0.069402,
            -0.024414,
            0.001151
          ],
          [
            0.042113,
            0.048145,
            -0.01859
          ],
          [
            -0.000574,
            0.040541,
            0.020046
          ],
          [
            0.014491,
            -0.007986,
            -0.01415
          ],
          [
            -0.002183,
            -0.029483,
            -0.012071
          ],
          [
            -0.032996,
            -0.027892,
            0.016262
          ],
          [
            0.013927,
            0.002813,
            0.000402
          ],
          [
            0.009497,
            0.039172,
            0.020514
          ],
          [
            0.059471,
            -0.016253,
            -0.030352
          ],
          [
            -0.012282,
            -0.002774,
            -0.016098
          ],
          [
            -0.005797,
            -0.004577,
            -0.0037
          ],
          [
            0.016011,
            -0.006744,
            -0.023944
          ],
          [
            -0.023742,
            -0.004855,
            -0.00434
          ],
          [
            -0.009706,
            0.001993,
            0.011144
          ],
          [
            -0.007028,
            -0.001406,
            -0.005726
          ],
          [
            0.008201,
            0.015842,
            0.00275
          ],
          [
            0.002697,
            0.008633,
            -0.001622
          ],
          [
            -0.022969,
            0.019933,
            0.014244
          ],
          [
            -0.010038,
            -0.001337,
            -0.001725
          ],
          [
            -0.021004,
            0.024415,
            0.015912
          ],
          [
            -0.007895,
            0.009308,
            -0.005927
          ],
          [
            0.007264,
            0.005025,
            0.007583
          ],
          [
            0.009123,
            0.007881,
            0.000198
          ],
          [
            -0.005386,
            0.008421,
            0.007496
          ]
        ],
        "Lattice": [
          [
            11.25432297,
            0.0,
            0.0
          ],
          [
            7.033944591,
            12.18315045,
            0.0
          ],
          [
            0.0,
            0.0,
            21.483230591
          ]
        ],
        "NumAtoms": 104,
        "Positions": [
          [
            0.0,
            0.0,
            0.0
          ],
          [
            1.40679,
            2.43663,
            0.0
          ],
          [
            2.81358,
            4.87326,
            0.0
          ],
          [
            4.22037,
            7.30989,
            0.0
          ],
          [
            5.62716,
            9.74652,
            0.0
          ],
          [
            2.81358,
            0.0,
            0.0
          ],
          [
            4.22037,
            2.43663,
            0.0
          ],
          [
            5.62716,
            4.87326,
            0.0
          ],
          [
            7.03395,
            7.30989,
            0.0
          ],
          [
            8.44074,
            9.74652,
            0.0
          ],
          [
            5.62716,
            0.0,
            0.0
          ],
          [
            7.03395,
            2.43663,
            0.0
          ],
          [
            8.44074,
            4.87326,
            0.0
          ],
          [
            9.84753,
            7.30989,
            0.0
          ],
          [
            11.25432,
            9.74652,
            0.0
          ],
          [
            8.44074,
            0.0,
            0.0
          ],
          [
            9.84753,
            2.43663,
            0.0
          ],
          [
            11.25432,
            4.87326,
            0.0
          ],
          [
            12.66111,
            7.30989,
            0.0
          ],
          [
            14.0679,
            9.74652,
            0.0
          ],
          [
            2.81375,
            1.62442,
            2.2975
          ],
          [
            4.22054,
            4.06105,
            2.2975
          ],
          [
            5.62732,
            6.49768,
            2.2975
          ],
          [
            7.03411,
            8.93431,
            2.2975
          ],
          [
            8.4409,
            11.37094,
            2.2975
          ],
          [
            5.62761,
            1.62442,
            2.2975
          ],
          [
            7.0344,
            4.06105,
            2.2975
          ],
          [
            8.44119,
            6.49768,
            2.2975
          ],
          [
            9.84798,
            8.93431,
            2.2975
          ],
          [
            11.25476,
            11.37094,
            2.2975
          ],
          [
            8.44091,
            1.62442,
            2.2975
          ],
          [
            9.8477,
            4.06105,
            2.2975
          ],
          [
            11.25449,
            6.49768,
            2.2975
          ],
          [
            12.66127,
            8.93431,
            2.2975
          ],
          [
            14.06806,
            11.37094,
            2.2975
          ],
          [
            11.25477,
            1.62442,
            2.2975
          ],
          [
            12.66156,
            4.06105,
            2.2975
          ],
          [
            14.06835,
            6.49768,
            2.2975
          ],
          [
            15.47514,
            8.93431,
            2.2975
          ],
          [
            16.88192,
            11.37094,
            2.2975
          ],
          [
            1.40817,
            0.79345,
            4.55408
          ],
          [
            2.81253,
            3.23728,
            4.57108
          ],
          [
            4.20469,
            5.66594,
            4.58973
          ],
          [
            5.6265,
            8.11225,
            4.56461
          ],
          [
            7.03479,
            10.54934,
            4.5624
          ],
          [
            4.21984,
            0.79384,
            4.55772
          ],
          [
            5.63035,
            3.23741,
            4.56199
          ],
          [
            7.03529,
            5.68425,
            4.5581
          ],
          [
            8.4382,
            8.11527,
            4.56598
          ],
          [
            9.85402,
            10.53921,
            4.58569
          ],
          [
            7.03738,
            0.80221,
            4.55806
          ],
          [
            8.43917,
            3.2423,
            4.5661
          ],
          [
            9.84873,
            5.67803,
            4.54888
          ],
          [
            11.2582,
            8.12332,
            4.57696
          ],
          [
            12.66232,
            10.54437,
            4.5743
          ],
          [
            9.85049,
            0.80339,
            4.5656
          ],
          [
            11.25001,
            3.23338,
            4.56446
          ],
          [
            12.66183,
            5.66662,
            4.5753
          ],
          [
            14.07118,
            8.10971,
            4.56785
          ],
          [
            15.48161,
            10.5505,
            4.56061
          ],
          [
            0.00311,
            -0.03065,
            6.87596
          ],
          [
            1.38831,
            2.38779,
            6.85404
          ],
          [
            2.81104,
            4.83647,
            6.90793
          ],
          [
            4.23543,
            7.29967,
            6.88059
          ],
          [
            5.63376,
            9.72627,
            6.88469
          ],
          [
            2.81613,
            -0.01234,
            6.87079
          ],
          [
            4.23441,
            2.40178,
            6.85749
          ],
          [
            5.66058,
            4.84262,
            6.85742
          ],
          [
            7.03309,
            7.28647,
            6.88549
          ],
          [
            8.42441,
            9.71673,
            6.87489
          ],
          [
            5.63694,
            -0.00477,
            6.86671
          ],
          [
            7.0442,
            2.40971,
            6.8792
          ],
          [
            8.44228,
            4.84772,
            6.87612
          ],
          [
            9.83722,
            7.26753,
            6.85627
          ],
          [
            11.27529,
            9.70381,
            6.90593
          ],
          [
            8.4432,
            -0.0211,
            6.86961
          ],
          [
            9.84191,
            2.40634,
            6.87754
          ],
          [
            11.22544,
            4.83844,
            6.86488
          ],
          [
            12.67441,
            7.27564,
            6.87027
          ],
          [
            14.09722,
            9.72599,
            6.86584
          ],
          [
            9.16002,
            7.37106,
            10.70347
          ],
          [
            10.43447,
            8.05528,
            10.28899
          ],
          [
            5.63154,
            6.20192,
            10.74257
          ],
          [
            4.20847,
            6.02997,
            10.29178
          ],
          [
            3.76428,
            4.59184,
            10.08434
          ],
          [
            10.25199,
            9.54817,
            10.05337
          ],
          [
            2.5836,
            4.50837,
            9.24589
          ],
          [
            8.93863,
            6.1779,
            10.44338
          ],
          [
            8.31425,
            8.16043,
            11.34276
          ],
          [
            5.96124,
            7.12908,
            11.49816
          ],
          [
            6.47887,
            5.33835,
            10.21212
          ],
          [
            11.40278,
            10.00587,
            9.29963
          ],
          [
            7.40486,
            7.69753,
            11.49963
          ],
          [
            10.78271,
            7.57051,
            9.3566
          ],
          [
            11.20877,
            7.87177,
            11.05669
          ],
          [
            7.45836,
            5.60431,
            10.392
          ],
          [
            4.16377,
            6.54898,
            9.30146
          ],
          [
            3.5518,
            6.58214,
            10.98
          ],
          [
            13.12767,
            5.1091,
            9.55595
          ],
          [
            4.5306,
            4.01099,
            9.54952
          ],
          [
            3.54476,
            4.08947,
            11.0429
          ],
          [
            11.39682,
            10.98778,
            9.23772
          ],
          [
            10.19179,
            10.10725,
            11.00032
          ],
          [
            9.33089,
            9.73989,
            9.47076
          ]
        ],
        "Stress": [
          [
            -49.91695,
            0.13647,
            -0.21784
          ],
          [
            0.13647,
            -51.2498,
            0.36062
          ],
          [
            -0.21784,
            0.36062,
            -2.57534
          ]
        ],
        "computation_code": "VASP",
        "pseudopotential_information": [
          [
            "PAW_PBE",
            "Pt",
            "04Feb2005"
          ],
          [
            "PAW_PBE",
            "C",
            "08Apr2002"
          ],
          [
            "PAW_PBE",
            "O",
            "08Apr2002"
          ],
          [
            "PAW_PBE",
            "H",
            "15Jun2001"
          ]
        ]
      }
    ],
    "EnergyStyle": "electronvolt",
    "ForcesStyle": "electronvoltperangstrom",
    "LatticeStyle": "angstrom",
    "PositionsStyle": "angstrom",
    "StressStyle": "kB"
  }
}