{
  "Dataset": {
    "AtomTypeStyle": "chemicalsymbol",
    "Data": [
      {
        "AtomTypes": [
          "Pt",
          "Pt",
          "Pt",
          "Pt",
          "Pt",
          "Pt",
          "Pt",
          "Pt",
          "Pt",
          "Pt",
          "Pt",
          "Pt",
          "Pt",
          "Pt",
          "Pt",
          "Pt",
          "Pt",
          "Pt",
          "Pt",
          "Pt",
          "Pt",
          "Pt",
          "Pt",
          "Pt",
          "Pt",
          "Pt",
          "Pt",
          "Pt",
          "Pt",
          "Pt",
          "Pt",
          "Pt",
          "Pt",
          "Pt",
          "Pt",
          "Pt",
          "Pt",
          "Pt",
          "Pt",
          "Pt",
          "Pt",
          "Pt",
          "Pt",
          "Pt",
          "Pt",
          "Pt",
          "Pt",
          "Pt",
          "Pt",
          "Pt",
          "Pt",
          "Pt",
          "Pt",
          "Pt",
          "Pt",
          "Pt",
          "Pt",
          "Pt",
          "Pt",
          "Pt",
          "Pt",
          "Pt",
          "Pt",
          "Pt",
          "Pt",
          "Pt",
          "Pt",
          "Pt",
          "Pt",
          "Pt",
          "Pt",
          "Pt",
          "Pt",
          "Pt",
          "Pt",
          "Pt",
          "Pt",
          "Pt",
          "Pt",
          "Pt",
          "C",
          "C",
          "C",
          "C",
          "C",
          "C",
          "O",
          "O",
          "O",
          "O",
          "O",
          "O",
          "H",
          "H",
          "H",
          "H",
          "H",
          "H",
          "H",
          "H",
          "H",
          "H",
          "H",
          "H"
        ],
        "Energy": -371.66542002,
        "Forces": [
          [
            -0.0153,
            0.010639,
            -0.063108
          ],
          [
            0.007974,
            -0.012921,
            -0.026871
          ],
          [
            -0.001658,
            0.013099,
            -0.052573
          ],
          [
            0.024302,
            0.015153,
            -0.028767
          ],
          [
            0.005486,
            0.000733,
            -0.037971
          ],
          [
            -0.013706,
            -0.002179,
            -0.062453
          ],
          [
            0.011803,
            -0.018786,
            -0.045506
          ],
          [
            0.008769,
            0.01279,
            -0.0339
          ],
          [
            0.021705,
            0.020714,
            -0.068792
          ],
          [
            -0.020137,
            0.032722,
            -0.020883
          ],
          [
            0.016235,
            0.0244,
            -0.046484
          ],
          [
            0.007602,
            -0.003221,
            -0.041358
          ],
          [
            0.008538,
            0.013742,
            -0.042218
          ],
          [
            -0.014159,
            -0.011512,
            -0.066605
          ],
          [
            0.001976,
            0.010396,
            -0.039094
          ],
          [
            0.015572,
            0.012392,
            -0.064985
          ],
          [
            -0.012163,
            0.026342,
            -0.010595
          ],
          [
            -0.003381,
            -0.003045,
            -0.071977
          ],
          [
            -0.017724,
            -0.002403,
            -0.028009
          ],
          [
            0.005437,
            0.015935,
            -0.032112
          ],
          [
            0.025144,
            0.023789,
            0.016773
          ],
          [
            -0.037831,
            0.037051,
            0.068797
          ],
          [
            -0.081422,
            -0.06078,
            0.118876
          ],
          [
            -0.01573,
            -0.05367,
            0.033113
          ],
          [
            0.077897,
            -0.037122,
            0.058711
          ],
          [
            -0.008907,
            -0.010611,
            -0.000412
          ],
          [
            -0.014738,
            -0.00839,
            -7.2e-05
          ],
          [
            -0.019452,
            0.010448,
            -0.00681
          ],
          [
            0.04122,
            0.005022,
            0.069437
          ],
          [
            -0.015068,
            -0.070103,
            0.063591
          ],
          [
            0.007352,
            -0.031888,
            0.013864
          ],
          [
            0.01973,
            -0.010288,
            0.020538
          ],
          [
            0.06284,
            0.027736,
            0.119233
          ],
          [
            -0.006888,
            0.001184,
            0.061079
          ],
          [
            -0.038418,
            -0.036947,
            0.026466
          ],
          [
            -0.013065,
            -0.01671,
            -0.016504
          ],
          [
            0.015444,
            0.035495,
            0.074673
          ],
          [
            0.016171,
            -0.060919,
            0.115939
          ],
          [
            -0.017637,
            -0.02102,
            0.023579
          ],
          [
            -0.010092,
            -0.010319,
            0.005654
          ],
          [
            -0.012371,
            -0.006124,
            0.004688
          ],
          [
            -0.002765,
            -0.012171,
            0.00684
          ],
          [
            -0.001561,
            -0.009648,
            -0.001771
          ],
          [
            0.006819,
            0.000751,
            0.000139
          ],
          [
            -0.001566,
            0.004184,
            0.003582
          ],
          [
            0.000631,
            0.000455,
            0.010788
          ],
          [
            0.010442,
            0.006215,
            0.015986
          ],
          [
            0.01433,
            0.01226,
            -0.001379
          ],
          [
            -0.003181,
            5.3e-05,
            -0.004199
          ],
          [
            -0.001215,
            -0.005183,
            0.007767
          ],
          [
            0.021719,
            0.003763,
            0.013278
          ],
          [
            0.005188,
            -0.003839,
            0.012087
          ],
          [
            0.007429,
            -0.008022,
            0.007345
          ],
          [
            -0.001617,
            0.00389,
            0.004462
          ],
          [
            0.010317,
            0.00051,
            0.012106
          ],
          [
            -0.003822,
            0.009824,
            0.012944
          ],
          [
            -0.010911,
            0.007661,
            0.003057
          ],
          [
            -0.003899,
            0.005977,
            0.001867
          ],
          [
            -0.011955,
            -0.001486,
            0.004665
          ],
          [
            -0.004318,
            -0.000924,
            0.005128
          ],
          [
            -0.003493,
            -0.003143,
            -0.004992
          ],
          [
            -0.009222,
            -0.004447,
            -0.010986
          ],
          [
            0.001608,
            0.005804,
            0.020714
          ],
          [
            0.005413,
            0.007399,
            -0.005484
          ],
          [
            -0.000286,
            0.002184,
            0.011024
          ],
          [
            -0.00103,
            0.00577,
            -0.022434
          ],
          [
            0.006876,
            0.001318,
            -0.012959
          ],
          [
            0.00159,
            -0.003095,
            -0.013287
          ],
          [
            -0.001866,
            -0.001801,
            -0.004141
          ],
          [
            -0.004243,
            0.000384,
            -0.011184
          ],
          [
            0.006511,
            -0.001149,
            -0.003622
          ],
          [
            0.00848,
            -0.004392,
            0.002364
          ],
          [
            0.007097,
            -0.009367,
            -0.000785
          ],
          [
            -0.009175,
            0.003339,
            -0.009095
          ],
          [
            -0.002014,
            0.000694,
            0.012396
          ],
          [
            0.003633,
            0.004742,
            -0.006863
          ],
          [
            -0.000545,
            -0.00891,
            -0.009354
          ],
          [
            -0.004924,
            -0.005956,
            -0.008826
          ],
          [
            -0.001256,
            0.002058,
            -0.001182
          ],
          [
            0.013101,
            0.006309,
            0.013757
          ],
          [
            0.07833,
            0.042707,
            -0.027747
          ],
          [
            -0.097431,
            0.026147,
            0.010334
          ],
          [
            -0.069917,
            -0.083816,
            -0.137083
          ],
          [
            0.027096,
            -0.095006,
            0.116192
          ],
          [
            -0.265138,
            0.034789,
            0.129808
          ],
          [
            -0.097099,
            0.047399,
            0.000796
          ],
          [
            0.270608,
            -0.114722,
            -0.066293
          ],
          [
            0.002063,
            -0.066737,
            -0.033405
          ],
          [
            -0.003809,
            0.079878,
            0.021598
          ],
          [
            0.011311,
            0.133618,
            0.115847
          ],
          [
            -0.065346,
            -0.030494,
            -0.021529
          ],
          [
            -0.000881,
            0.065754,
            -0.020644
          ],
          [
            -0.027121,
            -0.023916,
            -0.001139
          ],
          [
            0.007302,
            -0.01993,
            -0.028181
          ],
          [
            0.036765,
            -0.010605,
            0.039092
          ],
          [
            0.059192,
            0.032462,
            0.023182
          ],
          [
            -0.003994,
            0.074653,
            -0.099342
          ],
          [
            0.014679,
            -0.024611,
            -0.038024
          ],
          [
            -0.215393,
            0.171167,
            0.094842
          ],
          [
            0.102821,
            -0.057002,
            -0.037017
          ],
          [
            0.056176,
            0.048344,
            -0.095564
          ],
          [
            0.030784,
            -0.076387,
            0.012099
          ],
          [
            0.027711,
            -0.027236,
            -0.051099
          ],
          [
            0.063619,
            0.000709,
            0.056571
          ]
        ],
        "Lattice": [
          [
            11.25432297,
            0.0,
            0.0
          ],
          [
            7.033944591,
            12.18315045,
            0.0
          ],
          [
            0.0,
            0.0,
            21.483230591
          ]
        ],
        "NumAtoms": 104,
        "Positions": [
          [
            0.0,
            0.0,
            0.0
          ],
          [
            1.40679,
            2.43663,
            0.0
          ],
          [
            2.81358,
            4.87326,
            0.0
          ],
          [
            4.22037,
            7.30989,
            0.0
          ],
          [
            5.62716,
            9.74652,
            0.0
          ],
          [
            2.81358,
            0.0,
            0.0
          ],
          [
            4.22037,
            2.43663,
            0.0
          ],
          [
            5.62716,
            4.87326,
            0.0
          ],
          [
            7.03395,
            7.30989,
            0.0
          ],
          [
            8.44074,
            9.74652,
            0.0
          ],
          [
            5.62716,
            0.0,
            0.0
          ],
          [
            7.03395,
            2.43663,
            0.0
          ],
          [
            8.44074,
            4.87326,
            0.0
          ],
          [
            9.84753,
            7.30989,
            0.0
          ],
          [
            11.25432,
            9.74652,
            0.0
          ],
          [
            8.44074,
            0.0,
            0.0
          ],
          [
            9.84753,
            2.43663,
            0.0
          ],
          [
            11.25432,
            4.87326,
            0.0
          ],
          [
            12.66111,
            7.30989,
            0.0
          ],
          [
            14.0679,
            9.74652,
            0.0
          ],
          [
            2.81375,
            1.62442,
            2.2975
          ],
          [
            4.22054,
            4.06105,
            2.2975
          ],
          [
            5.62732,
            6.49768,
            2.2975
          ],
          [
            7.03411,
            8.93431,
            2.2975
          ],
          [
            8.4409,
            11.37094,
            2.2975
          ],
          [
            5.62761,
            1.62442,
            2.2975
          ],
          [
            7.0344,
            4.06105,
            2.2975
          ],
          [
            8.44119,
            6.49768,
            2.2975
          ],
          [
            9.84798,
            8.93431,
            2.2975
          ],
          [
            11.25476,
            11.37094,
            2.2975
          ],
          [
            8.44091,
            1.62442,
            2.2975
          ],
          [
            9.8477,
            4.06105,
            2.2975
          ],
          [
            11.25449,
            6.49768,
            2.2975
          ],
          [
            12.66127,
            8.93431,
            2.2975
          ],
          [
            14.06806,
            11.37094,
            2.2975
          ],
          [
            11.25477,
            1.62442,
            2.2975
          ],
          [
            12.66156,
            4.06105,
            2.2975
          ],
          [
            14.06835,
            6.49768,
            2.2975
          ],
          [
            15.47514,
            8.93431,
            2.2975
          ],
          [
            16.88192,
            11.37094,
            2.2975
          ],
          [
            1.4086,
            0.79314,
            4.55518
          ],
          [
            2.8111,
            3.23831,
            4.56973
          ],
          [
            4.20366,
            5.66731,
            4.59093
          ],
          [
            5.62418,
            8.10888,
            4.56618
          ],
          [
            7.03394,
            10.54679,
            4.56162
          ],
          [
            4.21639,
            0.7919,
            4.55799
          ],
          [
            5.62551,
            3.23549,
            4.56035
          ],
          [
            7.03147,
            5.68056,
            4.55902
          ],
          [
            8.43632,
            8.11254,
            4.56705
          ],
          [
            9.85127,
            10.5389,
            4.58512
          ],
          [
            7.03246,
            0.79814,
            4.5562
          ],
          [
            8.43709,
            3.23987,
            4.56364
          ],
          [
            9.84731,
            5.67653,
            4.54829
          ],
          [
            11.25778,
            8.12084,
            4.57692
          ],
          [
            12.6591,
            10.54071,
            4.57275
          ],
          [
            9.84897,
            0.80053,
            4.56502
          ],
          [
            11.24968,
            3.23072,
            4.5656
          ],
          [
            12.66136,
            5.66403,
            4.57659
          ],
          [
            14.07225,
            8.10754,
            4.56763
          ],
          [
            15.48055,
            10.54943,
            4.55986
          ],
          [
            -0.00016,
            -0.03216,
            6.87519
          ],
          [
            1.38751,
            2.38501,
            6.85659
          ],
          [
            2.80719,
            4.83071,
            6.91043
          ],
          [
            4.23027,
            7.2927,
            6.88777
          ],
          [
            5.62979,
            9.72161,
            6.88117
          ],
          [
            2.81222,
            -0.01653,
            6.87761
          ],
          [
            4.22901,
            2.39624,
            6.85782
          ],
          [
            5.65398,
            4.84044,
            6.85988
          ],
          [
            7.02921,
            7.28332,
            6.88741
          ],
          [
            8.42132,
            9.71373,
            6.87454
          ],
          [
            5.63295,
            -0.0094,
            6.86499
          ],
          [
            7.03862,
            2.40747,
            6.8735
          ],
          [
            8.43767,
            4.84686,
            6.87349
          ],
          [
            9.83591,
            7.26403,
            6.85623
          ],
          [
            11.27212,
            9.69945,
            6.90411
          ],
          [
            8.43931,
            -0.02539,
            6.86941
          ],
          [
            9.83811,
            2.4056,
            6.87668
          ],
          [
            11.22437,
            4.83664,
            6.86752
          ],
          [
            12.67267,
            7.27091,
            6.87084
          ],
          [
            14.09229,
            9.71937,
            6.863
          ],
          [
            9.21144,
            7.30218,
            10.73182
          ],
          [
            10.46266,
            8.02503,
            10.29566
          ],
          [
            5.68406,
            6.12654,
            10.78048
          ],
          [
            4.25558,
            5.96761,
            10.33078
          ],
          [
            3.82052,
            4.52898,
            10.08958
          ],
          [
            10.20355,
            9.502,
            10.03815
          ],
          [
            2.62888,
            4.45162,
            9.26097
          ],
          [
            8.9974,
            6.11523,
            10.4493
          ],
          [
            8.3764,
            8.06166,
            11.41686
          ],
          [
            6.02207,
            7.02404,
            11.56178
          ],
          [
            6.52643,
            5.27937,
            10.21318
          ],
          [
            11.33881,
            10.02343,
            9.30316
          ],
          [
            7.47345,
            7.59203,
            11.57577
          ],
          [
            10.82571,
            7.53962,
            9.37216
          ],
          [
            11.244,
            7.8952,
            11.06406
          ],
          [
            7.50424,
            5.53399,
            10.39315
          ],
          [
            4.20305,
            6.5064,
            9.35804
          ],
          [
            3.60183,
            6.49912,
            11.04132
          ],
          [
            13.15971,
            5.00046,
            9.61315
          ],
          [
            4.5799,
            3.9714,
            9.53141
          ],
          [
            3.60907,
            4.00096,
            11.04009
          ],
          [
            11.2566,
            11.00263,
            9.21849
          ],
          [
            10.08616,
            10.06718,
            10.97827
          ],
          [
            9.28227,
            9.63352,
            9.43196
          ]
        ],
        "Stress": [
          [
            -49.99065,
            0.0167,
            -0.29866
          ],
          [
            0.0167,
            -51.16975,
            0.50011
          ],
          [
            -0.29866,
            0.50011,
            -2.64597
          ]
        ],
        "computation_code": "VASP",
        "pseudopotential_information": [
          [
            "PAW_PBE",
            "Pt",
            "04Feb2005"
          ],
          [
            "PAW_PBE",
            "C",
            "08Apr2002"
          ],
          [
            "PAW_PBE",
            "O",
            "08Apr2002"
          ],
          [
            "PAW_PBE",
            "H",
            "15Jun2001"
          ]
        ]
      }
    ],
    "EnergyStyle": "electronvolt",
    "ForcesStyle": "electronvoltperangstrom",
    "LatticeStyle": "angstrom",
    "PositionsStyle": "angstrom",
    "StressStyle": "kB"
  }
}