{
  "Dataset": {
    "AtomTypeStyle": "chemicalsymbol",
    "Data": [
      {
        "AtomTypes": [
          "Pt",
          "Pt",
          "Pt",
          "Pt",
          "Pt",
          "Pt",
          "Pt",
          "Pt",
          "Pt",
          "Pt",
          "Pt",
          "Pt",
          "Pt",
          "Pt",
          "Pt",
          "Pt",
          "Pt",
          "Pt",
          "Pt",
          "Pt",
          "Pt",
          "Pt",
          "Pt",
          "Pt",
          "Pt",
          "Pt",
          "Pt",
          "Pt",
          "Pt",
          "Pt",
          "Pt",
          "Pt",
          "Pt",
          "Pt",
          "Pt",
          "Pt",
          "Pt",
          "Pt",
          "Pt",
          "Pt",
          "Pt",
          "Pt",
          "Pt",
          "Pt",
          "Pt",
          "Pt",
          "Pt",
          "Pt",
          "Pt",
          "Pt",
          "Pt",
          "Pt",
          "Pt",
          "Pt",
          "Pt",
          "Pt",
          "Pt",
          "Pt",
          "Pt",
          "Pt",
          "Pt",
          "Pt",
          "Pt",
          "Pt",
          "Pt",
          "Pt",
          "Pt",
          "Pt",
          "Pt",
          "Pt",
          "Pt",
          "Pt",
          "C",
          "C",
          "C",
          "C",
          "C",
          "C",
          "O",
          "O",
          "O",
          "O",
          "O",
          "O",
          "H",
          "H",
          "H",
          "H",
          "H",
          "H",
          "H",
          "H",
          "H",
          "H",
          "H",
          "H"
        ],
        "Energy": -347.19503799,
        "Forces": [
          [
            0.014438,
            -0.032786,
            -0.049177
          ],
          [
            -0.004257,
            -0.00832,
            -0.025485
          ],
          [
            0.0138,
            0.031613,
            -0.143504
          ],
          [
            0.008822,
            -0.009944,
            -0.034786
          ],
          [
            0.032076,
            -0.003833,
            -0.023531
          ],
          [
            0.005089,
            -0.034508,
            -0.026823
          ],
          [
            0.00869,
            -0.021139,
            -0.043725
          ],
          [
            0.010852,
            0.009228,
            -0.096595
          ],
          [
            0.014174,
            -0.030498,
            -0.027931
          ],
          [
            0.012707,
            -0.038758,
            -0.084598
          ],
          [
            -0.00527,
            0.001709,
            -0.047521
          ],
          [
            0.026086,
            0.010777,
            -0.049262
          ],
          [
            0.005482,
            0.003784,
            -0.045546
          ],
          [
            0.016706,
            -0.011281,
            -0.052914
          ],
          [
            -0.003509,
            0.00533,
            -0.049408
          ],
          [
            0.017847,
            -0.00603,
            -0.052008
          ],
          [
            0.034876,
            -0.005655,
            -0.039517
          ],
          [
            0.014046,
            -0.025804,
            -0.090838
          ],
          [
            -0.003316,
            -0.003417,
            0.003325
          ],
          [
            -0.036342,
            -0.005052,
            0.010954
          ],
          [
            0.025784,
            0.032891,
            0.054775
          ],
          [
            0.042655,
            0.043278,
            0.094772
          ],
          [
            -0.024527,
            -0.011049,
            -0.010448
          ],
          [
            -0.046112,
            0.023533,
            0.079498
          ],
          [
            -0.07021,
            0.063933,
            0.093893
          ],
          [
            0.016612,
            0.004262,
            0.034766
          ],
          [
            -0.02264,
            -0.051399,
            0.014719
          ],
          [
            0.002673,
            0.007499,
            0.011418
          ],
          [
            -0.012865,
            -0.039555,
            0.083563
          ],
          [
            0.043754,
            -0.006037,
            0.057828
          ],
          [
            -0.020109,
            0.010813,
            0.025593
          ],
          [
            -0.0429,
            -0.008025,
            0.0421
          ],
          [
            -0.004688,
            0.006675,
            0.220401
          ],
          [
            -0.004163,
            0.064329,
            0.002514
          ],
          [
            0.016581,
            -0.01914,
            0.048436
          ],
          [
            -0.07065,
            -0.009517,
            0.088245
          ],
          [
            0.000845,
            -0.003266,
            0.004752
          ],
          [
            0.001073,
            -0.004959,
            -0.001329
          ],
          [
            0.002852,
            0.001838,
            -0.00155
          ],
          [
            -0.003367,
            -0.002197,
            -0.001717
          ],
          [
            0.002595,
            0.00166,
            -0.005
          ],
          [
            -0.00507,
            -0.004091,
            0.000501
          ],
          [
            0.005887,
            0.003741,
            -0.00629
          ],
          [
            -0.003708,
            -0.005987,
            0.001474
          ],
          [
            0.002615,
            -0.008316,
            -0.002313
          ],
          [
            -0.001629,
            0.002354,
            0.001396
          ],
          [
            -0.007917,
            -0.006192,
            0.003437
          ],
          [
            0.002592,
            0.001928,
            -0.003323
          ],
          [
            -0.000575,
            -0.003339,
            0.004761
          ],
          [
            0.001144,
            -0.00148,
            -0.001017
          ],
          [
            0.000122,
            0.002464,
            0.000497
          ],
          [
            0.004044,
            0.002105,
            0.00408
          ],
          [
            -0.003209,
            0.004163,
            0.002879
          ],
          [
            -0.003185,
            -0.004606,
            0.00134
          ],
          [
            -0.008386,
            -0.001952,
            -0.00087
          ],
          [
            -0.000592,
            0.00367,
            0.004088
          ],
          [
            0.010598,
            0.003785,
            -5.1e-05
          ],
          [
            0.003549,
            -0.003977,
            0.001408
          ],
          [
            0.003217,
            -0.005027,
            -9.5e-05
          ],
          [
            -0.000675,
            0.005675,
            0.007907
          ],
          [
            0.001287,
            0.002822,
            0.01136
          ],
          [
            0.004095,
            0.003345,
            0.000201
          ],
          [
            -0.007566,
            -0.001838,
            -0.002362
          ],
          [
            0.00092,
            -0.001358,
            0.005968
          ],
          [
            -0.000179,
            -0.008841,
            -0.002967
          ],
          [
            0.003472,
            -0.010715,
            0.004788
          ],
          [
            0.000756,
            -0.008778,
            0.006882
          ],
          [
            -0.003019,
            -0.003386,
            -0.000465
          ],
          [
            -0.004453,
            -0.001413,
            -0.00263
          ],
          [
            -0.003653,
            0.001464,
            0.002161
          ],
          [
            0.003876,
            0.004421,
            0.00198
          ],
          [
            -0.01015,
            -0.010115,
            -0.000492
          ],
          [
            -0.011415,
            -0.020319,
            -0.009724
          ],
          [
            0.005334,
            0.025119,
            -0.022471
          ],
          [
            0.029528,
            0.083867,
            0.093944
          ],
          [
            0.002851,
            -0.000187,
            -0.026639
          ],
          [
            0.025335,
            -0.009063,
            -0.014398
          ],
          [
            0.020169,
            -0.0062,
            0.012709
          ],
          [
            0.004424,
            -0.018149,
            -0.01182
          ],
          [
            0.00159,
            0.021793,
            0.011703
          ],
          [
            0.007932,
            0.012638,
            -0.016212
          ],
          [
            -0.029353,
            -0.048007,
            -0.078344
          ],
          [
            0.004613,
            -0.037184,
            -0.025227
          ],
          [
            -0.003043,
            -0.00297,
            -0.000866
          ],
          [
            -0.008229,
            0.005819,
            -0.005051
          ],
          [
            -0.000469,
            0.011017,
            -0.005047
          ],
          [
            -0.003606,
            0.010875,
            0.002325
          ],
          [
            -0.002715,
            0.013175,
            0.008731
          ],
          [
            0.006438,
            0.000679,
            0.001252
          ],
          [
            -0.025219,
            0.013019,
            0.024469
          ],
          [
            -0.021237,
            -0.009308,
            0.010922
          ],
          [
            -0.00159,
            0.007152,
            -5.7e-05
          ],
          [
            -0.006004,
            0.004311,
            0.022612
          ],
          [
            0.008058,
            0.041019,
            0.019577
          ],
          [
            -0.00774,
            0.003666,
            0.007832
          ],
          [
            0.003947,
            0.015732,
            -0.012788
          ]
        ],
        "Lattice": [
          [
            8.440733911,
            0.0,
            0.0
          ],
          [
            8.440733911,
            14.619780548,
            0.0
          ],
          [
            0.0,
            0.0,
            21.483230591
          ]
        ],
        "NumAtoms": 96,
        "Positions": [
          [
            4.22079,
            2.43687,
            0.0
          ],
          [
            9.84794,
            12.18339,
            0.0
          ],
          [
            7.03437,
            7.31013,
            0.0
          ],
          [
            7.03437,
            2.43687,
            0.0
          ],
          [
            12.66152,
            12.18339,
            0.0
          ],
          [
            9.84795,
            7.31013,
            0.0
          ],
          [
            1.40721,
            2.43687,
            0.0
          ],
          [
            7.03437,
            12.18339,
            0.0
          ],
          [
            4.22079,
            7.31013,
            0.0
          ],
          [
            2.81385,
            0.0,
            0.0
          ],
          [
            8.44101,
            9.74652,
            0.0
          ],
          [
            5.62743,
            4.87326,
            0.0
          ],
          [
            5.62743,
            0.0,
            0.0
          ],
          [
            11.25459,
            9.74652,
            0.0
          ],
          [
            8.44101,
            4.87326,
            0.0
          ],
          [
            0.00028,
            0.0,
            0.0
          ],
          [
            5.62743,
            9.74652,
            0.0
          ],
          [
            2.81385,
            4.87326,
            0.0
          ],
          [
            7.03462,
            4.06144,
            2.2975
          ],
          [
            12.66177,
            13.80796,
            2.2975
          ],
          [
            9.8482,
            8.9347,
            2.2975
          ],
          [
            9.8482,
            4.06144,
            2.2975
          ],
          [
            15.47535,
            13.80796,
            2.2975
          ],
          [
            12.66177,
            8.9347,
            2.2975
          ],
          [
            4.22104,
            4.06144,
            2.2975
          ],
          [
            9.8482,
            13.80796,
            2.2975
          ],
          [
            7.03462,
            8.9347,
            2.2975
          ],
          [
            5.62769,
            1.62456,
            2.2975
          ],
          [
            11.25484,
            11.37109,
            2.2975
          ],
          [
            8.44127,
            6.49782,
            2.2975
          ],
          [
            8.44127,
            1.62456,
            2.2975
          ],
          [
            14.06842,
            11.37109,
            2.2975
          ],
          [
            11.25484,
            6.49782,
            2.2975
          ],
          [
            2.81411,
            1.62456,
            2.2975
          ],
          [
            8.44127,
            11.37109,
            2.2975
          ],
          [
            5.62769,
            6.49782,
            2.2975
          ],
          [
            1.39328,
            0.8144,
            4.55765
          ],
          [
            7.01503,
            10.56869,
            4.55851
          ],
          [
            4.18572,
            5.69267,
            4.59239
          ],
          [
            4.20455,
            0.80945,
            4.55542
          ],
          [
            9.83444,
            10.56702,
            4.57912
          ],
          [
            7.02042,
            5.70524,
            4.54906
          ],
          [
            7.01836,
            0.81444,
            4.56631
          ],
          [
            12.64296,
            10.56429,
            4.57815
          ],
          [
            9.84708,
            5.68957,
            4.58424
          ],
          [
            2.79702,
            3.26267,
            4.57564
          ],
          [
            8.42637,
            13.00179,
            4.5621
          ],
          [
            5.60923,
            8.12923,
            4.56911
          ],
          [
            5.61357,
            3.25668,
            4.5558
          ],
          [
            11.23889,
            12.99903,
            4.56921
          ],
          [
            8.42319,
            8.13233,
            4.56147
          ],
          [
            8.42186,
            3.25632,
            4.56188
          ],
          [
            14.0543,
            12.99901,
            4.5632
          ],
          [
            11.24059,
            8.14575,
            4.58372
          ],
          [
            5.60306,
            0.01322,
            6.87916
          ],
          [
            11.23297,
            9.76378,
            6.90485
          ],
          [
            8.38745,
            4.88765,
            6.86069
          ],
          [
            2.7857,
            0.02012,
            6.87854
          ],
          [
            8.39593,
            9.76606,
            6.86821
          ],
          [
            5.61726,
            4.88726,
            6.84601
          ],
          [
            11.21314,
            4.89082,
            6.93872
          ],
          [
            8.40865,
            0.01336,
            6.88041
          ],
          [
            14.05032,
            9.76666,
            6.88266
          ],
          [
            9.80086,
            2.43071,
            6.85091
          ],
          [
            15.45051,
            12.20507,
            6.87413
          ],
          [
            12.64812,
            7.33733,
            6.89107
          ],
          [
            7.00366,
            2.44573,
            6.87551
          ],
          [
            12.63952,
            12.21835,
            6.87375
          ],
          [
            9.80149,
            7.33338,
            6.86393
          ],
          [
            7.00379,
            7.32796,
            6.89053
          ],
          [
            4.20526,
            2.42921,
            6.842
          ],
          [
            9.81909,
            12.22228,
            6.87967
          ],
          [
            9.29377,
            7.19461,
            10.78847
          ],
          [
            10.40759,
            8.08643,
            10.32626
          ],
          [
            5.87785,
            5.70319,
            10.8603
          ],
          [
            4.45691,
            5.67087,
            10.38929
          ],
          [
            3.86712,
            4.32873,
            9.97774
          ],
          [
            9.97449,
            9.52301,
            10.07321
          ],
          [
            2.6757,
            4.51944,
            9.1867
          ],
          [
            9.23889,
            5.97616,
            10.49934
          ],
          [
            8.38267,
            7.79275,
            11.51473
          ],
          [
            6.23134,
            6.45424,
            11.78495
          ],
          [
            6.71932,
            4.95617,
            10.16153
          ],
          [
            11.08392,
            10.16117,
            9.409
          ],
          [
            7.57523,
            7.17608,
            11.72389
          ],
          [
            10.82354,
            7.66367,
            9.39304
          ],
          [
            11.21549,
            8.07169,
            11.08056
          ],
          [
            7.67779,
            5.18513,
            10.38233
          ],
          [
            4.45479,
            6.3241,
            9.48374
          ],
          [
            3.84531,
            6.15692,
            11.15912
          ],
          [
            10.44557,
            5.10689,
            9.64734
          ],
          [
            4.56607,
            3.75593,
            9.34828
          ],
          [
            3.60299,
            3.71324,
            10.85526
          ],
          [
            10.85189,
            11.09505,
            9.19923
          ],
          [
            9.74905,
            10.05146,
            11.0134
          ],
          [
            9.07307,
            9.54904,
            9.42691
          ]
        ],
        "Stress": [
          [
            -51.71332,
            -0.59621,
            -0.46964
          ],
          [
            -0.59621,
            -51.31531,
            0.77637
          ],
          [
            -0.46964,
            0.77637,
            -2.47568
          ]
        ],
        "computation_code": "VASP",
        "pseudopotential_information": [
          [
            "PAW_PBE",
            "Pt",
            "04Feb2005"
          ],
          [
            "PAW_PBE",
            "C",
            "08Apr2002"
          ],
          [
            "PAW_PBE",
            "O",
            "08Apr2002"
          ],
          [
            "PAW_PBE",
            "H",
            "15Jun2001"
          ]
        ]
      }
    ],
    "EnergyStyle": "electronvolt",
    "ForcesStyle": "electronvoltperangstrom",
    "LatticeStyle": "angstrom",
    "PositionsStyle": "angstrom",
    "StressStyle": "kB"
  }
}