{
  "Dataset": {
    "AtomTypeStyle": "chemicalsymbol",
    "Data": [
      {
        "AtomTypes": [
          "Pt",
          "Pt",
          "Pt",
          "Pt",
          "Pt",
          "Pt",
          "Pt",
          "Pt",
          "Pt",
          "Pt",
          "Pt",
          "Pt",
          "Pt",
          "Pt",
          "Pt",
          "Pt",
          "Pt",
          "Pt",
          "Pt",
          "Pt",
          "Pt",
          "Pt",
          "Pt",
          "Pt",
          "Pt",
          "Pt",
          "Pt",
          "Pt",
          "Pt",
          "Pt",
          "Pt",
          "Pt",
          "Pt",
          "Pt",
          "Pt",
          "Pt",
          "Pt",
          "Pt",
          "Pt",
          "Pt",
          "Pt",
          "Pt",
          "Pt",
          "Pt",
          "Pt",
          "Pt",
          "Pt",
          "Pt",
          "Pt",
          "Pt",
          "Pt",
          "Pt",
          "Pt",
          "Pt",
          "Pt",
          "Pt",
          "Pt",
          "Pt",
          "Pt",
          "Pt",
          "Pt",
          "Pt",
          "Pt",
          "Pt",
          "Pt",
          "Pt",
          "Pt",
          "Pt",
          "Pt",
          "Pt",
          "Pt",
          "Pt",
          "C",
          "C",
          "C",
          "C",
          "C",
          "C",
          "O",
          "O",
          "O",
          "O",
          "O",
          "O",
          "H",
          "H",
          "H",
          "H",
          "H",
          "H",
          "H",
          "H",
          "H",
          "H",
          "H",
          "H"
        ],
        "Energy": -347.09760747,
        "Forces": [
          [
            0.008259,
            -0.02973,
            -0.040229
          ],
          [
            0.00967,
            -0.026925,
            -0.040117
          ],
          [
            0.007033,
            -0.003405,
            -0.104509
          ],
          [
            0.017061,
            -0.012302,
            -0.035197
          ],
          [
            0.025391,
            -0.03018,
            -0.035655
          ],
          [
            0.005281,
            -0.031977,
            -0.044627
          ],
          [
            0.021188,
            -0.026727,
            -0.044084
          ],
          [
            0.016204,
            -0.019506,
            -0.039379
          ],
          [
            0.008344,
            -0.027575,
            -0.065918
          ],
          [
            0.016233,
            -0.039414,
            -0.069976
          ],
          [
            0.010757,
            -0.02956,
            -0.040567
          ],
          [
            0.028217,
            -0.00682,
            -0.053742
          ],
          [
            0.016013,
            -0.011673,
            -0.038497
          ],
          [
            0.014224,
            -0.037316,
            -0.047018
          ],
          [
            -0.00234,
            -0.003538,
            -0.050763
          ],
          [
            0.023878,
            -0.011118,
            -0.075614
          ],
          [
            0.015187,
            -0.036006,
            -0.040771
          ],
          [
            0.010473,
            -0.012031,
            -0.044663
          ],
          [
            -0.005772,
            -0.001002,
            0.047295
          ],
          [
            -0.026109,
            0.011814,
            0.091511
          ],
          [
            -0.018437,
            0.046427,
            -0.001929
          ],
          [
            0.023677,
            0.029505,
            0.149167
          ],
          [
            -0.063162,
            0.00863,
            0.07629
          ],
          [
            -0.00096,
            0.049074,
            -0.008149
          ],
          [
            -0.051919,
            0.001357,
            0.102132
          ],
          [
            0.007862,
            0.029463,
            0.05337
          ],
          [
            -0.006109,
            0.014981,
            -0.001151
          ],
          [
            -0.024481,
            0.018969,
            0.045168
          ],
          [
            -0.002133,
            0.057765,
            0.035604
          ],
          [
            0.047611,
            -0.014358,
            0.084546
          ],
          [
            -0.019106,
            0.030237,
            0.044507
          ],
          [
            -0.027104,
            0.066533,
            0.059301
          ],
          [
            -0.025402,
            -0.035942,
            0.080915
          ],
          [
            -0.014614,
            0.100903,
            0.128523
          ],
          [
            -0.025474,
            0.038409,
            0.012313
          ],
          [
            -0.019188,
            0.002649,
            0.006588
          ],
          [
            0.002337,
            0.001241,
            -0.001167
          ],
          [
            -0.001016,
            0.003636,
            -0.002007
          ],
          [
            -0.002216,
            -0.000427,
            -0.000937
          ],
          [
            0.001978,
            -0.001031,
            -0.00021
          ],
          [
            -0.004434,
            -0.001406,
            -0.007143
          ],
          [
            -0.001383,
            0.002103,
            -0.006471
          ],
          [
            4.2e-05,
            0.004586,
            0.005308
          ],
          [
            0.007442,
            -0.001846,
            -0.002392
          ],
          [
            -0.002827,
            -0.001092,
            -0.000893
          ],
          [
            -0.002788,
            -0.00263,
            -0.004027
          ],
          [
            -0.000292,
            -0.002224,
            -0.003505
          ],
          [
            0.000133,
            0.004898,
            0.001192
          ],
          [
            -0.003514,
            -0.001266,
            -0.003304
          ],
          [
            -0.000992,
            -0.004587,
            -0.005428
          ],
          [
            0.005062,
            0.000204,
            -0.006817
          ],
          [
            0.002409,
            0.001285,
            0.000557
          ],
          [
            -0.000369,
            0.002077,
            -0.002276
          ],
          [
            0.002239,
            -0.00257,
            -0.004256
          ],
          [
            0.000117,
            0.002298,
            0.003974
          ],
          [
            0.002718,
            -0.00028,
            -0.004646
          ],
          [
            -0.003354,
            0.003119,
            -0.005841
          ],
          [
            0.003181,
            -0.000986,
            -0.004341
          ],
          [
            0.000692,
            0.001839,
            -0.004731
          ],
          [
            -0.004179,
            0.00341,
            -0.006604
          ],
          [
            -0.002099,
            0.00258,
            -0.008761
          ],
          [
            0.003066,
            0.001636,
            -0.002438
          ],
          [
            0.001008,
            0.000264,
            -0.001512
          ],
          [
            -0.001664,
            -0.002263,
            -0.002915
          ],
          [
            0.002502,
            -0.002166,
            0.000384
          ],
          [
            0.001159,
            -0.002213,
            -0.006181
          ],
          [
            -0.000487,
            -0.001419,
            0.003768
          ],
          [
            -0.001787,
            -0.003219,
            0.001901
          ],
          [
            0.00259,
            -0.004664,
            -0.003418
          ],
          [
            -0.004707,
            -0.000961,
            0.002589
          ],
          [
            -0.003618,
            -0.004297,
            -0.010079
          ],
          [
            0.001129,
            -0.005149,
            -0.008473
          ],
          [
            -0.011901,
            -5.3e-05,
            -0.005301
          ],
          [
            0.016684,
            -0.023391,
            0.031096
          ],
          [
            0.003816,
            0.021354,
            0.008974
          ],
          [
            0.006527,
            -0.003171,
            -0.029481
          ],
          [
            0.012238,
            0.016056,
            0.005873
          ],
          [
            -0.006592,
            0.011356,
            0.00486
          ],
          [
            -0.004697,
            -0.002747,
            0.003174
          ],
          [
            0.009134,
            -0.006264,
            0.00641
          ],
          [
            0.003418,
            -0.002039,
            -0.001603
          ],
          [
            0.003065,
            -0.023622,
            -0.000839
          ],
          [
            0.009013,
            -0.019774,
            -0.002249
          ],
          [
            0.006918,
            0.0037,
            0.002605
          ],
          [
            0.003719,
            0.004979,
            -0.000825
          ],
          [
            0.007864,
            -0.002559,
            -0.010657
          ],
          [
            -0.018957,
            -0.002102,
            -0.018293
          ],
          [
            -0.014123,
            0.008878,
            0.003567
          ],
          [
            -0.002418,
            -0.000884,
            -0.002108
          ],
          [
            -0.00052,
            0.005635,
            0.014701
          ],
          [
            -0.009283,
            0.000707,
            -0.000676
          ],
          [
            -0.002649,
            -0.01171,
            -0.00256
          ],
          [
            -0.003341,
            -0.005583,
            -0.003856
          ],
          [
            -0.002826,
            -0.000756,
            0.00672
          ],
          [
            -0.005522,
            -0.006091,
            0.001239
          ],
          [
            0.002107,
            -0.010005,
            -0.004344
          ]
        ],
        "Lattice": [
          [
            8.440733911,
            0.0,
            0.0
          ],
          [
            8.440733911,
            14.619780548,
            0.0
          ],
          [
            0.0,
            0.0,
            21.483230591
          ]
        ],
        "NumAtoms": 96,
        "Positions": [
          [
            4.22079,
            2.43687,
            0.0
          ],
          [
            9.84794,
            12.18339,
            0.0
          ],
          [
            7.03437,
            7.31013,
            0.0
          ],
          [
            7.03437,
            2.43687,
            0.0
          ],
          [
            12.66152,
            12.18339,
            0.0
          ],
          [
            9.84795,
            7.31013,
            0.0
          ],
          [
            1.40721,
            2.43687,
            0.0
          ],
          [
            7.03437,
            12.18339,
            0.0
          ],
          [
            4.22079,
            7.31013,
            0.0
          ],
          [
            2.81385,
            0.0,
            0.0
          ],
          [
            8.44101,
            9.74652,
            0.0
          ],
          [
            5.62743,
            4.87326,
            0.0
          ],
          [
            5.62743,
            0.0,
            0.0
          ],
          [
            11.25459,
            9.74652,
            0.0
          ],
          [
            8.44101,
            4.87326,
            0.0
          ],
          [
            0.00028,
            0.0,
            0.0
          ],
          [
            5.62743,
            9.74652,
            0.0
          ],
          [
            2.81385,
            4.87326,
            0.0
          ],
          [
            7.03462,
            4.06144,
            2.2975
          ],
          [
            12.66177,
            13.80796,
            2.2975
          ],
          [
            9.8482,
            8.9347,
            2.2975
          ],
          [
            9.8482,
            4.06144,
            2.2975
          ],
          [
            15.47535,
            13.80796,
            2.2975
          ],
          [
            12.66177,
            8.9347,
            2.2975
          ],
          [
            4.22104,
            4.06144,
            2.2975
          ],
          [
            9.8482,
            13.80796,
            2.2975
          ],
          [
            7.03462,
            8.9347,
            2.2975
          ],
          [
            5.62769,
            1.62456,
            2.2975
          ],
          [
            11.25484,
            11.37109,
            2.2975
          ],
          [
            8.44127,
            6.49782,
            2.2975
          ],
          [
            8.44127,
            1.62456,
            2.2975
          ],
          [
            14.06842,
            11.37109,
            2.2975
          ],
          [
            11.25484,
            6.49782,
            2.2975
          ],
          [
            2.81411,
            1.62456,
            2.2975
          ],
          [
            8.44127,
            11.37109,
            2.2975
          ],
          [
            5.62769,
            6.49782,
            2.2975
          ],
          [
            1.38799,
            0.84454,
            4.56877
          ],
          [
            7.01144,
            10.59203,
            4.56341
          ],
          [
            4.20236,
            5.70421,
            4.56943
          ],
          [
            4.19621,
            0.84434,
            4.57081
          ],
          [
            9.82339,
            10.59403,
            4.55957
          ],
          [
            7.02695,
            5.7069,
            4.55771
          ],
          [
            7.01149,
            0.83498,
            4.56795
          ],
          [
            12.64274,
            10.59602,
            4.56465
          ],
          [
            9.8454,
            5.7039,
            4.5907
          ],
          [
            2.79751,
            3.28827,
            4.59656
          ],
          [
            8.41373,
            13.02904,
            4.56122
          ],
          [
            5.61521,
            8.15069,
            4.55437
          ],
          [
            5.6105,
            3.26771,
            4.56715
          ],
          [
            11.23485,
            13.02962,
            4.57518
          ],
          [
            8.42695,
            8.14779,
            4.55673
          ],
          [
            8.42582,
            3.27205,
            4.57215
          ],
          [
            14.03673,
            13.02447,
            4.5822
          ],
          [
            11.23343,
            8.1501,
            4.55159
          ],
          [
            5.58594,
            0.0652,
            6.88623
          ],
          [
            11.21565,
            9.80633,
            6.84445
          ],
          [
            8.41308,
            4.92877,
            6.88719
          ],
          [
            2.77423,
            0.07093,
            6.88717
          ],
          [
            8.39316,
            9.80485,
            6.86513
          ],
          [
            5.62019,
            4.92452,
            6.8555
          ],
          [
            11.23441,
            4.95121,
            6.94568
          ],
          [
            8.39901,
            0.06486,
            6.88062
          ],
          [
            14.0352,
            9.81442,
            6.87338
          ],
          [
            9.81411,
            2.49612,
            6.88923
          ],
          [
            15.42878,
            12.24575,
            6.88217
          ],
          [
            12.63089,
            7.3883,
            6.83511
          ],
          [
            7.00595,
            2.49224,
            6.88384
          ],
          [
            12.61104,
            12.24287,
            6.90507
          ],
          [
            9.80518,
            7.38063,
            6.87654
          ],
          [
            7.00965,
            7.36668,
            6.86117
          ],
          [
            4.19547,
            2.49513,
            6.89017
          ],
          [
            9.78371,
            12.25084,
            6.85997
          ],
          [
            9.38393,
            9.44267,
            10.308
          ],
          [
            10.71026,
            10.14793,
            10.1765
          ],
          [
            5.9162,
            7.74804,
            10.3266
          ],
          [
            4.54486,
            7.16073,
            10.11687
          ],
          [
            4.38659,
            5.64903,
            10.07326
          ],
          [
            10.664,
            11.66186,
            10.06158
          ],
          [
            3.10707,
            5.26729,
            9.509
          ],
          [
            9.30185,
            8.19854,
            10.32497
          ],
          [
            8.33659,
            10.24171,
            10.38766
          ],
          [
            6.05062,
            8.96183,
            10.54258
          ],
          [
            6.93564,
            6.90979,
            10.20056
          ],
          [
            11.99616,
            12.10096,
            9.74987
          ],
          [
            7.45012,
            9.72045,
            10.45439
          ],
          [
            11.19452,
            9.73705,
            9.25973
          ],
          [
            11.36616,
            9.84263,
            11.01179
          ],
          [
            7.83053,
            7.40468,
            10.26577
          ],
          [
            12.67546,
            7.56643,
            9.11506
          ],
          [
            12.29563,
            7.62339,
            10.84095
          ],
          [
            10.85549,
            5.91477,
            9.76329
          ],
          [
            5.15276,
            5.19168,
            9.423
          ],
          [
            4.47899,
            5.20195,
            11.07904
          ],
          [
            11.99968,
            13.07473,
            9.64675
          ],
          [
            10.31108,
            12.12951,
            10.99844
          ],
          [
            9.95642,
            11.96315,
            9.25248
          ]
        ],
        "Stress": [
          [
            -53.81281,
            -1.06834,
            -0.40492
          ],
          [
            -1.06834,
            -52.57033,
            0.33024
          ],
          [
            -0.40492,
            0.33024,
            -2.87407
          ]
        ],
        "computation_code": "VASP",
        "pseudopotential_information": [
          [
            "PAW_PBE",
            "Pt",
            "04Feb2005"
          ],
          [
            "PAW_PBE",
            "C",
            "08Apr2002"
          ],
          [
            "PAW_PBE",
            "O",
            "08Apr2002"
          ],
          [
            "PAW_PBE",
            "H",
            "15Jun2001"
          ]
        ]
      }
    ],
    "EnergyStyle": "electronvolt",
    "ForcesStyle": "electronvoltperangstrom",
    "LatticeStyle": "angstrom",
    "PositionsStyle": "angstrom",
    "StressStyle": "kB"
  }
}