{
  "Dataset": {
    "AtomTypeStyle": "chemicalsymbol",
    "Data": [
      {
        "AtomTypes": [
          "Pt",
          "Pt",
          "Pt",
          "Pt",
          "Pt",
          "Pt",
          "Pt",
          "Pt",
          "Pt",
          "Pt",
          "Pt",
          "Pt",
          "Pt",
          "Pt",
          "Pt",
          "Pt",
          "Pt",
          "Pt",
          "Pt",
          "Pt",
          "Pt",
          "Pt",
          "Pt",
          "Pt",
          "Pt",
          "Pt",
          "Pt",
          "Pt",
          "Pt",
          "Pt",
          "Pt",
          "Pt",
          "Pt",
          "Pt",
          "Pt",
          "Pt",
          "Pt",
          "Pt",
          "Pt",
          "Pt",
          "Pt",
          "Pt",
          "Pt",
          "Pt",
          "Pt",
          "Pt",
          "Pt",
          "Pt",
          "Pt",
          "Pt",
          "Pt",
          "Pt",
          "Pt",
          "Pt",
          "Pt",
          "Pt",
          "Pt",
          "Pt",
          "Pt",
          "Pt",
          "Pt",
          "Pt",
          "Pt",
          "Pt",
          "Pt",
          "Pt",
          "Pt",
          "Pt",
          "Pt",
          "Pt",
          "Pt",
          "Pt",
          "Pt",
          "Pt",
          "Pt",
          "Pt",
          "Pt",
          "Pt",
          "Pt",
          "Pt",
          "C",
          "C",
          "C",
          "C",
          "C",
          "C",
          "O",
          "O",
          "O",
          "O",
          "O",
          "O",
          "H",
          "H",
          "H",
          "H",
          "H",
          "H",
          "H",
          "H",
          "H",
          "H",
          "H",
          "H"
        ],
        "Energy": -371.66343896,
        "Forces": [
          [
            -0.014014,
            0.010501,
            -0.063576
          ],
          [
            0.00972,
            -0.0163,
            -0.02418
          ],
          [
            0.000227,
            0.00922,
            -0.051437
          ],
          [
            0.024777,
            0.014669,
            -0.03149
          ],
          [
            0.006602,
            0.002254,
            -0.040471
          ],
          [
            -0.013793,
            -0.000263,
            -0.059466
          ],
          [
            0.01083,
            -0.020734,
            -0.039436
          ],
          [
            0.007003,
            0.00972,
            -0.033473
          ],
          [
            0.020411,
            0.021029,
            -0.071775
          ],
          [
            -0.020605,
            0.035634,
            -0.021006
          ],
          [
            0.014776,
            0.02662,
            -0.043286
          ],
          [
            0.005301,
            -0.006873,
            -0.038685
          ],
          [
            0.00625,
            0.010546,
            -0.043302
          ],
          [
            -0.015161,
            -0.010639,
            -0.068865
          ],
          [
            0.001936,
            0.014682,
            -0.037593
          ],
          [
            0.01587,
            0.011782,
            -0.067614
          ],
          [
            -0.011294,
            0.023079,
            -0.011085
          ],
          [
            -0.00187,
            -0.005773,
            -0.074195
          ],
          [
            -0.01645,
            -0.002869,
            -0.030694
          ],
          [
            0.005302,
            0.017651,
            -0.034118
          ],
          [
            0.02641,
            0.027115,
            0.012163
          ],
          [
            -0.041189,
            0.037974,
            0.065711
          ],
          [
            -0.085981,
            -0.059094,
            0.124921
          ],
          [
            -0.018074,
            -0.050972,
            0.031487
          ],
          [
            0.077273,
            -0.038331,
            0.054161
          ],
          [
            -0.010028,
            -0.009795,
            -0.004122
          ],
          [
            -0.016967,
            -0.006017,
            -0.002233
          ],
          [
            -0.019277,
            0.013723,
            -0.009326
          ],
          [
            0.042647,
            0.006412,
            0.072657
          ],
          [
            -0.013139,
            -0.072287,
            0.065796
          ],
          [
            0.004386,
            -0.029838,
            0.005077
          ],
          [
            0.021698,
            -0.009912,
            0.010735
          ],
          [
            0.067556,
            0.029829,
            0.123316
          ],
          [
            -0.005359,
            0.004581,
            0.065369
          ],
          [
            -0.040533,
            -0.038134,
            0.028167
          ],
          [
            -0.009924,
            -0.014994,
            -0.022683
          ],
          [
            0.020317,
            0.035857,
            0.079012
          ],
          [
            0.017574,
            -0.059104,
            0.121275
          ],
          [
            -0.020149,
            -0.022636,
            0.027554
          ],
          [
            -0.010475,
            -0.011294,
            0.004237
          ],
          [
            -0.018033,
            0.003063,
            0.017421
          ],
          [
            -0.015081,
            -0.015829,
            -0.00051
          ],
          [
            0.010443,
            0.008085,
            -0.006842
          ],
          [
            -0.003269,
            -0.016665,
            -0.002878
          ],
          [
            -0.002015,
            0.018779,
            6.2e-05
          ],
          [
            0.004722,
            0.000251,
            0.022463
          ],
          [
            0.021828,
            0.00019,
            0.025787
          ],
          [
            0.003401,
            0.006524,
            0.000224
          ],
          [
            0.014527,
            -0.00706,
            -0.0019
          ],
          [
            0.006144,
            -0.009594,
            0.006618
          ],
          [
            0.013968,
            0.00632,
            0.025638
          ],
          [
            -0.011316,
            -0.011985,
            0.01831
          ],
          [
            0.012098,
            0.007793,
            0.015593
          ],
          [
            -0.017522,
            0.001883,
            0.002863
          ],
          [
            -0.001424,
            0.008434,
            0.005357
          ],
          [
            0.004135,
            -0.001282,
            0.026684
          ],
          [
            0.007566,
            -0.000512,
            0.009785
          ],
          [
            -0.009314,
            0.002277,
            -0.000852
          ],
          [
            0.000235,
            -0.007956,
            -0.006726
          ],
          [
            -0.004868,
            0.009001,
            -0.000455
          ],
          [
            -0.003557,
            0.005845,
            -0.012474
          ],
          [
            -0.009101,
            -0.011192,
            -0.018682
          ],
          [
            0.004632,
            0.008734,
            0.007359
          ],
          [
            0.005715,
            -0.001477,
            -0.001149
          ],
          [
            -0.001198,
            0.000101,
            0.008157
          ],
          [
            0.001397,
            0.007686,
            -0.022382
          ],
          [
            0.01322,
            -0.00941,
            -0.01145
          ],
          [
            -0.000173,
            -0.006016,
            -0.016009
          ],
          [
            0.000422,
            -0.00257,
            -0.006428
          ],
          [
            0.004765,
            0.002743,
            -0.011936
          ],
          [
            0.002635,
            0.008437,
            -0.016856
          ],
          [
            -0.000109,
            -0.009676,
            -0.00953
          ],
          [
            0.004147,
            -0.00371,
            0.005719
          ],
          [
            -0.00741,
            0.004765,
            -0.003465
          ],
          [
            -0.008258,
            0.004594,
            0.015596
          ],
          [
            0.002835,
            0.013402,
            -0.002829
          ],
          [
            0.001011,
            -0.013659,
            -0.005448
          ],
          [
            -0.001202,
            -0.005436,
            -0.006824
          ],
          [
            -0.004821,
            -0.003651,
            0.008368
          ],
          [
            0.007893,
            0.005456,
            0.018468
          ],
          [
            -0.035522,
            -0.055778,
            -0.027209
          ],
          [
            0.055314,
            0.015364,
            -0.009682
          ],
          [
            0.045504,
            0.149371,
            0.145599
          ],
          [
            0.02858,
            0.039641,
            -0.101847
          ],
          [
            0.075819,
            0.007876,
            -0.021472
          ],
          [
            0.040905,
            -0.000746,
            -0.01289
          ],
          [
            -0.032776,
            0.010817,
            -0.019787
          ],
          [
            0.000407,
            0.082092,
            0.022375
          ],
          [
            0.003404,
            -0.031381,
            -0.015765
          ],
          [
            -0.090263,
            -0.125606,
            -0.146504
          ],
          [
            0.030303,
            0.006748,
            -0.006385
          ],
          [
            0.042879,
            -0.013078,
            -0.035591
          ],
          [
            -0.017781,
            -0.002363,
            -0.007282
          ],
          [
            -0.019156,
            0.004652,
            0.012571
          ],
          [
            -0.015815,
            -0.001245,
            0.000409
          ],
          [
            -0.014476,
            0.013961,
            0.005945
          ],
          [
            -0.004665,
            -0.02888,
            0.070158
          ],
          [
            -0.004826,
            -0.00132,
            0.000305
          ],
          [
            -0.076081,
            0.04208,
            -0.000617
          ],
          [
            0.003038,
            0.005197,
            0.043277
          ],
          [
            -0.005206,
            -0.017286,
            0.015931
          ],
          [
            0.007799,
            -0.01414,
            0.015835
          ],
          [
            0.002903,
            0.024275,
            0.050443
          ],
          [
            -0.07194,
            0.016043,
            -0.020185
          ]
        ],
        "Lattice": [
          [
            11.25432297,
            0.0,
            0.0
          ],
          [
            7.033944591,
            12.18315045,
            0.0
          ],
          [
            0.0,
            0.0,
            21.483230591
          ]
        ],
        "NumAtoms": 104,
        "Positions": [
          [
            0.0,
            0.0,
            0.0
          ],
          [
            1.40679,
            2.43663,
            0.0
          ],
          [
            2.81358,
            4.87326,
            0.0
          ],
          [
            4.22037,
            7.30989,
            0.0
          ],
          [
            5.62716,
            9.74652,
            0.0
          ],
          [
            2.81358,
            0.0,
            0.0
          ],
          [
            4.22037,
            2.43663,
            0.0
          ],
          [
            5.62716,
            4.87326,
            0.0
          ],
          [
            7.03395,
            7.30989,
            0.0
          ],
          [
            8.44074,
            9.74652,
            0.0
          ],
          [
            5.62716,
            0.0,
            0.0
          ],
          [
            7.03395,
            2.43663,
            0.0
          ],
          [
            8.44074,
            4.87326,
            0.0
          ],
          [
            9.84753,
            7.30989,
            0.0
          ],
          [
            11.25432,
            9.74652,
            0.0
          ],
          [
            8.44074,
            0.0,
            0.0
          ],
          [
            9.84753,
            2.43663,
            0.0
          ],
          [
            11.25432,
            4.87326,
            0.0
          ],
          [
            12.66111,
            7.30989,
            0.0
          ],
          [
            14.0679,
            9.74652,
            0.0
          ],
          [
            2.81375,
            1.62442,
            2.2975
          ],
          [
            4.22054,
            4.06105,
            2.2975
          ],
          [
            5.62732,
            6.49768,
            2.2975
          ],
          [
            7.03411,
            8.93431,
            2.2975
          ],
          [
            8.4409,
            11.37094,
            2.2975
          ],
          [
            5.62761,
            1.62442,
            2.2975
          ],
          [
            7.0344,
            4.06105,
            2.2975
          ],
          [
            8.44119,
            6.49768,
            2.2975
          ],
          [
            9.84798,
            8.93431,
            2.2975
          ],
          [
            11.25476,
            11.37094,
            2.2975
          ],
          [
            8.44091,
            1.62442,
            2.2975
          ],
          [
            9.8477,
            4.06105,
            2.2975
          ],
          [
            11.25449,
            6.49768,
            2.2975
          ],
          [
            12.66127,
            8.93431,
            2.2975
          ],
          [
            14.06806,
            11.37094,
            2.2975
          ],
          [
            11.25477,
            1.62442,
            2.2975
          ],
          [
            12.66156,
            4.06105,
            2.2975
          ],
          [
            14.06835,
            6.49768,
            2.2975
          ],
          [
            15.47514,
            8.93431,
            2.2975
          ],
          [
            16.88192,
            11.37094,
            2.2975
          ],
          [
            1.40872,
            0.79375,
            4.5537
          ],
          [
            2.81184,
            3.23903,
            4.57025
          ],
          [
            4.20264,
            5.66699,
            4.59175
          ],
          [
            5.62421,
            8.11082,
            4.5671
          ],
          [
            7.03314,
            10.54711,
            4.56212
          ],
          [
            4.2169,
            0.7923,
            4.55649
          ],
          [
            5.62535,
            3.23729,
            4.55897
          ],
          [
            7.03199,
            5.68256,
            4.55899
          ],
          [
            8.4347,
            8.11382,
            4.56679
          ],
          [
            9.8505,
            10.53949,
            4.58488
          ],
          [
            7.03283,
            0.79918,
            4.55531
          ],
          [
            8.43794,
            3.24183,
            4.563
          ],
          [
            9.84755,
            5.67656,
            4.5477
          ],
          [
            11.25895,
            8.12178,
            4.57737
          ],
          [
            12.66003,
            10.54093,
            4.57416
          ],
          [
            9.84853,
            0.80238,
            4.5636
          ],
          [
            11.24904,
            3.23251,
            4.56514
          ],
          [
            12.66228,
            5.66497,
            4.57785
          ],
          [
            14.07158,
            8.10847,
            4.56907
          ],
          [
            15.48064,
            10.54896,
            4.56052
          ],
          [
            -0.0001,
            -0.03069,
            6.87524
          ],
          [
            1.38714,
            2.38797,
            6.85675
          ],
          [
            2.80728,
            4.83232,
            6.91231
          ],
          [
            4.23035,
            7.29464,
            6.88825
          ],
          [
            5.62959,
            9.72338,
            6.88327
          ],
          [
            2.81188,
            -0.01422,
            6.87546
          ],
          [
            4.22936,
            2.39901,
            6.856
          ],
          [
            5.65434,
            4.84212,
            6.85985
          ],
          [
            7.02818,
            7.28449,
            6.88856
          ],
          [
            8.41937,
            9.71493,
            6.87418
          ],
          [
            5.63318,
            -0.00831,
            6.86599
          ],
          [
            7.03956,
            2.40964,
            6.87403
          ],
          [
            8.43787,
            4.84793,
            6.87305
          ],
          [
            9.83517,
            7.26536,
            6.85465
          ],
          [
            11.27144,
            9.70117,
            6.90421
          ],
          [
            8.43929,
            -0.02443,
            6.86816
          ],
          [
            9.83815,
            2.40739,
            6.8764
          ],
          [
            11.2246,
            4.83855,
            6.86835
          ],
          [
            12.67308,
            7.27317,
            6.87119
          ],
          [
            14.09273,
            9.72137,
            6.86432
          ],
          [
            9.21588,
            7.29744,
            10.73507
          ],
          [
            10.45751,
            8.02672,
            10.29447
          ],
          [
            5.69132,
            6.10959,
            10.78357
          ],
          [
            4.26321,
            5.95311,
            10.33736
          ],
          [
            3.82228,
            4.51742,
            10.09124
          ],
          [
            10.18878,
            9.50168,
            10.03543
          ],
          [
            2.63763,
            4.44512,
            9.26488
          ],
          [
            9.00477,
            6.10875,
            10.44699
          ],
          [
            8.38103,
            8.05315,
            11.42764
          ],
          [
            6.03197,
            7.00276,
            11.57825
          ],
          [
            6.53348,
            5.26832,
            10.20975
          ],
          [
            11.32174,
            10.02956,
            9.30178
          ],
          [
            7.48115,
            7.57534,
            11.59009
          ],
          [
            10.82446,
            7.54188,
            9.37003
          ],
          [
            11.24527,
            7.90409,
            11.06079
          ],
          [
            7.51397,
            5.52451,
            10.3921
          ],
          [
            4.2132,
            6.49806,
            9.35928
          ],
          [
            3.6105,
            6.4859,
            11.04542
          ],
          [
            13.16684,
            4.9954,
            9.62397
          ],
          [
            4.58669,
            3.96281,
            9.52685
          ],
          [
            3.62205,
            3.9864,
            11.03745
          ],
          [
            11.23884,
            11.00704,
            9.21616
          ],
          [
            10.06986,
            10.06611,
            10.9714
          ],
          [
            9.27269,
            9.62657,
            9.42957
          ]
        ],
        "Stress": [
          [
            -49.98593,
            0.02488,
            -0.25547
          ],
          [
            0.02488,
            -51.43651,
            0.31335
          ],
          [
            -0.25547,
            0.31335,
            -2.72193
          ]
        ],
        "computation_code": "VASP",
        "pseudopotential_information": [
          [
            "PAW_PBE",
            "Pt",
            "04Feb2005"
          ],
          [
            "PAW_PBE",
            "C",
            "08Apr2002"
          ],
          [
            "PAW_PBE",
            "O",
            "08Apr2002"
          ],
          [
            "PAW_PBE",
            "H",
            "15Jun2001"
          ]
        ]
      }
    ],
    "EnergyStyle": "electronvolt",
    "ForcesStyle": "electronvoltperangstrom",
    "LatticeStyle": "angstrom",
    "PositionsStyle": "angstrom",
    "StressStyle": "kB"
  }
}