{
  "Dataset": {
    "AtomTypeStyle": "chemicalsymbol",
    "Data": [
      {
        "AtomTypes": [
          "Pt",
          "Pt",
          "Pt",
          "Pt",
          "Pt",
          "Pt",
          "Pt",
          "Pt",
          "Pt",
          "Pt",
          "Pt",
          "Pt",
          "Pt",
          "Pt",
          "Pt",
          "Pt",
          "Pt",
          "Pt",
          "Pt",
          "Pt",
          "Pt",
          "Pt",
          "Pt",
          "Pt",
          "Pt",
          "Pt",
          "Pt",
          "Pt",
          "Pt",
          "Pt",
          "Pt",
          "Pt",
          "Pt",
          "Pt",
          "Pt",
          "Pt",
          "Pt",
          "Pt",
          "Pt",
          "Pt",
          "Pt",
          "Pt",
          "Pt",
          "Pt",
          "Pt",
          "Pt",
          "Pt",
          "Pt",
          "Pt",
          "Pt",
          "Pt",
          "Pt",
          "Pt",
          "Pt",
          "Pt",
          "Pt",
          "Pt",
          "Pt",
          "Pt",
          "Pt",
          "Pt",
          "Pt",
          "Pt",
          "Pt",
          "Pt",
          "Pt",
          "Pt",
          "Pt",
          "Pt",
          "Pt",
          "Pt",
          "Pt",
          "C",
          "C",
          "C",
          "C",
          "C",
          "C",
          "O",
          "O",
          "O",
          "O",
          "O",
          "O",
          "H",
          "H",
          "H",
          "H",
          "H",
          "H",
          "H",
          "H",
          "H",
          "H",
          "H",
          "H"
        ],
        "Energy": -347.03666616,
        "Forces": [
          [
            0.011848,
            -0.01719,
            -0.042198
          ],
          [
            0.013997,
            -0.016284,
            -0.045791
          ],
          [
            0.009508,
            -0.002725,
            -0.085582
          ],
          [
            0.018573,
            -0.006523,
            -0.036103
          ],
          [
            0.024089,
            -0.015591,
            -0.038125
          ],
          [
            0.004292,
            -0.022583,
            -0.047223
          ],
          [
            0.019968,
            -0.016356,
            -0.046763
          ],
          [
            0.016137,
            -0.013555,
            -0.039085
          ],
          [
            0.009087,
            -0.015907,
            -0.062051
          ],
          [
            0.020467,
            -0.022902,
            -0.056058
          ],
          [
            0.013841,
            -0.019135,
            -0.04211
          ],
          [
            0.022928,
            -0.003984,
            -0.051045
          ],
          [
            0.018439,
            -0.001791,
            -0.050048
          ],
          [
            0.014652,
            -0.024735,
            -0.044489
          ],
          [
            0.003314,
            0.000583,
            -0.045736
          ],
          [
            0.021919,
            -0.004975,
            -0.064482
          ],
          [
            0.013936,
            -0.023444,
            -0.041821
          ],
          [
            0.013289,
            -0.006097,
            -0.042707
          ],
          [
            -0.004442,
            -0.009162,
            0.041078
          ],
          [
            -0.029024,
            -0.005828,
            0.081231
          ],
          [
            -0.008967,
            0.02416,
            0.00902
          ],
          [
            0.002914,
            0.014082,
            0.111696
          ],
          [
            -0.044847,
            0.0047,
            0.071244
          ],
          [
            -0.000405,
            0.032622,
            0.012892
          ],
          [
            -0.037382,
            -0.00785,
            0.060729
          ],
          [
            -0.003264,
            0.0031,
            0.055206
          ],
          [
            -0.007082,
            0.007048,
            0.018702
          ],
          [
            -0.022534,
            0.000365,
            0.036596
          ],
          [
            -0.003031,
            0.032729,
            0.040159
          ],
          [
            0.046147,
            -0.016403,
            0.094485
          ],
          [
            -0.022998,
            0.018952,
            0.039658
          ],
          [
            -0.026045,
            0.038243,
            0.052037
          ],
          [
            -0.026455,
            -0.030669,
            0.061732
          ],
          [
            -0.017726,
            0.052614,
            0.087185
          ],
          [
            -0.021911,
            0.022161,
            0.020918
          ],
          [
            -0.015086,
            0.002489,
            0.01254
          ],
          [
            0.002337,
            0.00336,
            0.000746
          ],
          [
            -0.001711,
            0.003818,
            0.000976
          ],
          [
            -0.000703,
            -0.003209,
            0.000501
          ],
          [
            0.003913,
            -0.00097,
            0.001936
          ],
          [
            0.002804,
            -0.000284,
            8.3e-05
          ],
          [
            -0.002065,
            0.001225,
            -0.007547
          ],
          [
            0.003365,
            -0.008794,
            0.00269
          ],
          [
            0.001795,
            -0.00019,
            0.000841
          ],
          [
            -0.008049,
            0.001636,
            0.006548
          ],
          [
            -0.000148,
            0.008767,
            0.015319
          ],
          [
            0.004848,
            0.006377,
            -0.006281
          ],
          [
            -0.000468,
            0.005262,
            -0.001102
          ],
          [
            -0.00229,
            -0.000787,
            -0.001155
          ],
          [
            0.012006,
            0.008748,
            -0.020411
          ],
          [
            0.000344,
            -0.006585,
            -0.005203
          ],
          [
            0.005394,
            -0.002668,
            0.004062
          ],
          [
            0.00193,
            -0.003006,
            0.001873
          ],
          [
            -0.007802,
            0.002698,
            -0.001274
          ],
          [
            0.000213,
            0.005997,
            -0.004172
          ],
          [
            0.001959,
            0.005907,
            0.007609
          ],
          [
            -0.003058,
            -0.000641,
            -0.001065
          ],
          [
            0.009886,
            0.010368,
            0.002164
          ],
          [
            -0.001724,
            0.004164,
            0.003364
          ],
          [
            -0.006701,
            0.005513,
            0.002913
          ],
          [
            0.000169,
            0.002168,
            0.001599
          ],
          [
            0.000346,
            0.000894,
            0.001947
          ],
          [
            0.004975,
            0.008416,
            0.001399
          ],
          [
            -0.000707,
            0.005398,
            0.001594
          ],
          [
            0.005051,
            -0.009148,
            -0.001726
          ],
          [
            -0.001403,
            0.00378,
            0.004885
          ],
          [
            0.00447,
            0.001625,
            0.001408
          ],
          [
            0.005805,
            -0.005412,
            0.012747
          ],
          [
            0.007424,
            0.004046,
            0.009365
          ],
          [
            0.000516,
            -0.00078,
            0.005833
          ],
          [
            -0.00318,
            -0.003777,
            -0.001727
          ],
          [
            -0.005266,
            -0.008681,
            -0.003947
          ],
          [
            -0.032981,
            -0.03221,
            0.001746
          ],
          [
            0.015961,
            -0.00725,
            -0.006715
          ],
          [
            0.014998,
            -0.092885,
            0.002663
          ],
          [
            -0.04771,
            -0.022059,
            -0.011209
          ],
          [
            0.011068,
            0.061634,
            -0.002215
          ],
          [
            0.009317,
            -0.018385,
            -0.000682
          ],
          [
            -0.016929,
            0.017935,
            -0.024594
          ],
          [
            -0.004591,
            0.059707,
            -0.007196
          ],
          [
            0.025254,
            -0.061974,
            0.005591
          ],
          [
            -0.000982,
            0.139922,
            0.000446
          ],
          [
            0.080077,
            -0.009958,
            0.015112
          ],
          [
            -0.008248,
            -0.036114,
            -0.003003
          ],
          [
            0.004484,
            0.035386,
            0.012164
          ],
          [
            -0.020389,
            -0.001195,
            -0.003508
          ],
          [
            0.010724,
            -0.029248,
            -0.013609
          ],
          [
            -0.022172,
            0.005716,
            -0.014282
          ],
          [
            0.019431,
            -0.031269,
            0.026785
          ],
          [
            0.001915,
            -0.016511,
            -0.037886
          ],
          [
            -0.013211,
            0.009359,
            -0.012421
          ],
          [
            -0.043362,
            0.00237,
            0.014398
          ],
          [
            -0.028557,
            0.008734,
            -0.013699
          ],
          [
            -0.002911,
            0.04339,
            0.020341
          ],
          [
            0.02501,
            -0.016203,
            -0.008238
          ],
          [
            -0.038623,
            -0.004285,
            -0.002476
          ]
        ],
        "Lattice": [
          [
            8.440733911,
            0.0,
            0.0
          ],
          [
            8.440733911,
            14.619780548,
            0.0
          ],
          [
            0.0,
            0.0,
            21.483230591
          ]
        ],
        "NumAtoms": 96,
        "Positions": [
          [
            4.22079,
            2.43687,
            0.0
          ],
          [
            9.84794,
            12.18339,
            0.0
          ],
          [
            7.03437,
            7.31013,
            0.0
          ],
          [
            7.03437,
            2.43687,
            0.0
          ],
          [
            12.66152,
            12.18339,
            0.0
          ],
          [
            9.84795,
            7.31013,
            0.0
          ],
          [
            1.40721,
            2.43687,
            0.0
          ],
          [
            7.03437,
            12.18339,
            0.0
          ],
          [
            4.22079,
            7.31013,
            0.0
          ],
          [
            2.81385,
            0.0,
            0.0
          ],
          [
            8.44101,
            9.74652,
            0.0
          ],
          [
            5.62743,
            4.87326,
            0.0
          ],
          [
            5.62743,
            0.0,
            0.0
          ],
          [
            11.25459,
            9.74652,
            0.0
          ],
          [
            8.44101,
            4.87326,
            0.0
          ],
          [
            0.00028,
            0.0,
            0.0
          ],
          [
            5.62743,
            9.74652,
            0.0
          ],
          [
            2.81385,
            4.87326,
            0.0
          ],
          [
            7.03462,
            4.06144,
            2.2975
          ],
          [
            12.66177,
            13.80796,
            2.2975
          ],
          [
            9.8482,
            8.9347,
            2.2975
          ],
          [
            9.8482,
            4.06144,
            2.2975
          ],
          [
            15.47535,
            13.80796,
            2.2975
          ],
          [
            12.66177,
            8.9347,
            2.2975
          ],
          [
            4.22104,
            4.06144,
            2.2975
          ],
          [
            9.8482,
            13.80796,
            2.2975
          ],
          [
            7.03462,
            8.9347,
            2.2975
          ],
          [
            5.62769,
            1.62456,
            2.2975
          ],
          [
            11.25484,
            11.37109,
            2.2975
          ],
          [
            8.44127,
            6.49782,
            2.2975
          ],
          [
            8.44127,
            1.62456,
            2.2975
          ],
          [
            14.06842,
            11.37109,
            2.2975
          ],
          [
            11.25484,
            6.49782,
            2.2975
          ],
          [
            2.81411,
            1.62456,
            2.2975
          ],
          [
            8.44127,
            11.37109,
            2.2975
          ],
          [
            5.62769,
            6.49782,
            2.2975
          ],
          [
            1.38432,
            0.82714,
            4.56753
          ],
          [
            7.0093,
            10.57566,
            4.56465
          ],
          [
            4.20248,
            5.69059,
            4.56588
          ],
          [
            4.19507,
            0.82555,
            4.56921
          ],
          [
            9.8225,
            10.57599,
            4.56005
          ],
          [
            7.02671,
            5.69451,
            4.55837
          ],
          [
            7.00931,
            0.82311,
            4.56817
          ],
          [
            12.64119,
            10.57847,
            4.56604
          ],
          [
            9.84334,
            5.68961,
            4.58603
          ],
          [
            2.79605,
            3.26564,
            4.5816
          ],
          [
            8.41236,
            13.01184,
            4.56367
          ],
          [
            5.61284,
            8.13545,
            4.55828
          ],
          [
            5.60947,
            3.25448,
            4.5643
          ],
          [
            11.22998,
            13.01074,
            4.57383
          ],
          [
            8.428,
            8.13325,
            4.55947
          ],
          [
            8.4238,
            3.25917,
            4.57129
          ],
          [
            14.0376,
            13.0112,
            4.57491
          ],
          [
            11.23408,
            8.13285,
            4.55517
          ],
          [
            5.58305,
            0.03179,
            6.88603
          ],
          [
            11.21294,
            9.76849,
            6.85257
          ],
          [
            8.41432,
            4.89805,
            6.88619
          ],
          [
            2.77077,
            0.03586,
            6.88315
          ],
          [
            8.39159,
            9.76858,
            6.86398
          ],
          [
            5.61667,
            4.89434,
            6.85088
          ],
          [
            11.23232,
            4.90716,
            6.92593
          ],
          [
            8.39573,
            0.03389,
            6.87888
          ],
          [
            14.02763,
            9.77681,
            6.87625
          ],
          [
            9.81366,
            2.46326,
            6.88352
          ],
          [
            15.42183,
            12.21401,
            6.87998
          ],
          [
            12.62307,
            7.34668,
            6.84498
          ],
          [
            7.00271,
            2.45994,
            6.88168
          ],
          [
            12.61357,
            12.2089,
            6.89225
          ],
          [
            9.80739,
            7.34084,
            6.88275
          ],
          [
            7.00591,
            7.33539,
            6.86185
          ],
          [
            4.19152,
            2.46237,
            6.88073
          ],
          [
            9.78131,
            12.21356,
            6.86041
          ],
          [
            9.35738,
            9.59746,
            10.34101
          ],
          [
            10.67071,
            10.3403,
            10.32563
          ],
          [
            5.97501,
            7.7511,
            10.27844
          ],
          [
            4.64478,
            7.05205,
            10.16813
          ],
          [
            4.65998,
            5.52793,
            10.11484
          ],
          [
            10.59291,
            11.82958,
            10.02929
          ],
          [
            3.39731,
            4.99334,
            9.67067
          ],
          [
            9.31048,
            8.35677,
            10.43727
          ],
          [
            8.2826,
            10.36302,
            10.24864
          ],
          [
            6.04207,
            8.98775,
            10.29009
          ],
          [
            7.03553,
            6.95975,
            10.33623
          ],
          [
            11.93093,
            12.2951,
            9.83809
          ],
          [
            7.41457,
            9.80704,
            10.25859
          ],
          [
            11.31896,
            9.8547,
            9.56734
          ],
          [
            11.17284,
            10.17009,
            11.2956
          ],
          [
            7.90524,
            7.50675,
            10.37416
          ],
          [
            12.62349,
            7.44257,
            9.22636
          ],
          [
            12.43898,
            7.42906,
            10.98331
          ],
          [
            11.0987,
            5.44937,
            10.1212
          ],
          [
            5.40785,
            5.17608,
            9.37785
          ],
          [
            4.93218,
            5.09115,
            11.09352
          ],
          [
            11.91056,
            13.2238,
            9.52638
          ],
          [
            10.0819,
            12.38792,
            10.83577
          ],
          [
            9.992,
            11.99597,
            9.09556
          ]
        ],
        "Stress": [
          [
            -53.51306,
            -0.7952,
            -0.54997
          ],
          [
            -0.7952,
            -52.58498,
            0.42602
          ],
          [
            -0.54997,
            0.42602,
            -3.02256
          ]
        ],
        "computation_code": "VASP",
        "pseudopotential_information": [
          [
            "PAW_PBE",
            "Pt",
            "04Feb2005"
          ],
          [
            "PAW_PBE",
            "C",
            "08Apr2002"
          ],
          [
            "PAW_PBE",
            "O",
            "08Apr2002"
          ],
          [
            "PAW_PBE",
            "H",
            "15Jun2001"
          ]
        ]
      }
    ],
    "EnergyStyle": "electronvolt",
    "ForcesStyle": "electronvoltperangstrom",
    "LatticeStyle": "angstrom",
    "PositionsStyle": "angstrom",
    "StressStyle": "kB"
  }
}