{
  "Dataset": {
    "AtomTypeStyle": "chemicalsymbol",
    "Data": [
      {
        "AtomTypes": [
          "Pt",
          "Pt",
          "Pt",
          "Pt",
          "Pt",
          "Pt",
          "Pt",
          "Pt",
          "Pt",
          "Pt",
          "Pt",
          "Pt",
          "Pt",
          "Pt",
          "Pt",
          "Pt",
          "Pt",
          "Pt",
          "Pt",
          "Pt",
          "Pt",
          "Pt",
          "Pt",
          "Pt",
          "Pt",
          "Pt",
          "Pt",
          "Pt",
          "Pt",
          "Pt",
          "Pt",
          "Pt",
          "Pt",
          "Pt",
          "Pt",
          "Pt",
          "Pt",
          "Pt",
          "Pt",
          "Pt",
          "Pt",
          "Pt",
          "Pt",
          "Pt",
          "Pt",
          "Pt",
          "Pt",
          "Pt",
          "Pt",
          "Pt",
          "Pt",
          "Pt",
          "Pt",
          "Pt",
          "Pt",
          "Pt",
          "Pt",
          "Pt",
          "Pt",
          "Pt",
          "Pt",
          "Pt",
          "Pt",
          "Pt",
          "Pt",
          "Pt",
          "Pt",
          "Pt",
          "Pt",
          "Pt",
          "Pt",
          "Pt",
          "Pt",
          "Pt",
          "Pt",
          "Pt",
          "Pt",
          "Pt",
          "Pt",
          "Pt",
          "C",
          "C",
          "C",
          "C",
          "C",
          "C",
          "O",
          "O",
          "O",
          "O",
          "O",
          "O",
          "H",
          "H",
          "H",
          "H",
          "H",
          "H",
          "H",
          "H",
          "H",
          "H",
          "H",
          "H"
        ],
        "Energy": -371.61768515,
        "Forces": [
          [
            -0.009247,
            0.002684,
            -0.065551
          ],
          [
            0.012853,
            -0.02644,
            -0.033789
          ],
          [
            -0.000189,
            -0.001519,
            -0.055521
          ],
          [
            0.023549,
            0.006818,
            -0.032986
          ],
          [
            0.007556,
            -0.004665,
            -0.045206
          ],
          [
            -0.014145,
            -0.003724,
            -0.061592
          ],
          [
            0.006672,
            -0.027278,
            -0.045492
          ],
          [
            0.002972,
            0.000565,
            -0.03422
          ],
          [
            0.016368,
            0.01365,
            -0.067582
          ],
          [
            -0.021449,
            0.037017,
            -0.023508
          ],
          [
            0.013376,
            0.017289,
            -0.041215
          ],
          [
            0.002195,
            -0.016656,
            -0.039399
          ],
          [
            0.004495,
            -0.000108,
            -0.040489
          ],
          [
            -0.016212,
            -0.017455,
            -0.061
          ],
          [
            0.001186,
            0.011647,
            -0.034988
          ],
          [
            0.019153,
            0.000492,
            -0.067129
          ],
          [
            -0.008942,
            0.008446,
            -0.012558
          ],
          [
            -7e-05,
            -0.014967,
            -0.069569
          ],
          [
            -0.013368,
            -0.007382,
            -0.02776
          ],
          [
            0.00906,
            0.010568,
            -0.035435
          ],
          [
            0.02151,
            0.028436,
            -0.00366
          ],
          [
            -0.034071,
            0.049636,
            0.049832
          ],
          [
            -0.083983,
            -0.036667,
            0.119766
          ],
          [
            -0.020455,
            -0.041681,
            0.029638
          ],
          [
            0.064778,
            -0.026224,
            0.034965
          ],
          [
            0.003257,
            7.6e-05,
            -0.001759
          ],
          [
            -0.007042,
            0.006316,
            -0.008242
          ],
          [
            -0.003983,
            0.025809,
            -0.004201
          ],
          [
            0.048647,
            0.0015,
            0.062245
          ],
          [
            -0.002486,
            -0.064932,
            0.05735
          ],
          [
            0.003924,
            -0.019483,
            0.02086
          ],
          [
            0.018539,
            0.014489,
            0.014339
          ],
          [
            0.067941,
            0.04868,
            0.138782
          ],
          [
            -0.005,
            0.01147,
            0.088342
          ],
          [
            -0.041852,
            -0.026131,
            0.054546
          ],
          [
            -0.02996,
            0.003599,
            -0.0202
          ],
          [
            0.012126,
            0.057546,
            0.064593
          ],
          [
            0.014195,
            -0.035594,
            0.132713
          ],
          [
            -0.025039,
            -0.005898,
            0.051931
          ],
          [
            -0.025709,
            0.004074,
            0.022908
          ],
          [
            -0.000727,
            0.010326,
            -0.0069
          ],
          [
            -0.007752,
            -0.012759,
            0.009064
          ],
          [
            -0.006921,
            0.013857,
            0.007117
          ],
          [
            -0.006962,
            -0.008082,
            -0.004475
          ],
          [
            -0.006081,
            0.009174,
            -0.000676
          ],
          [
            0.000454,
            0.003035,
            -0.004719
          ],
          [
            0.008717,
            -0.016236,
            -0.002849
          ],
          [
            0.005757,
            0.003388,
            0.002032
          ],
          [
            0.008406,
            -0.012713,
            -0.009645
          ],
          [
            0.004216,
            -0.001394,
            0.002307
          ],
          [
            -0.006264,
            0.007826,
            -0.006503
          ],
          [
            -0.010091,
            -0.004652,
            -0.00044
          ],
          [
            0.000161,
            0.011273,
            -0.004603
          ],
          [
            -0.011893,
            -0.003721,
            0.000282
          ],
          [
            -0.009509,
            0.008468,
            0.004968
          ],
          [
            0.0072,
            0.003921,
            -0.008985
          ],
          [
            0.012476,
            -0.011726,
            -0.007655
          ],
          [
            0.002293,
            0.001313,
            0.011122
          ],
          [
            0.012605,
            -0.016194,
            -0.007325
          ],
          [
            0.009423,
            -0.005674,
            -0.009495
          ],
          [
            -0.002667,
            -0.003826,
            0.010846
          ],
          [
            -0.000926,
            0.00444,
            0.009708
          ],
          [
            0.001798,
            -0.003686,
            0.017206
          ],
          [
            0.005188,
            0.003216,
            -0.01719
          ],
          [
            -0.001375,
            0.001625,
            -0.006974
          ],
          [
            -5.2e-05,
            -0.002432,
            0.007918
          ],
          [
            0.000386,
            0.004923,
            0.017681
          ],
          [
            0.005187,
            -0.003101,
            -0.00113
          ],
          [
            0.002894,
            -0.010023,
            0.001812
          ],
          [
            -0.001898,
            -0.005503,
            0.001662
          ],
          [
            -0.002327,
            -0.001181,
            -0.000844
          ],
          [
            0.002895,
            -0.002519,
            0.008484
          ],
          [
            -0.000572,
            -0.004586,
            0.004959
          ],
          [
            -0.006273,
            -0.006357,
            -0.021937
          ],
          [
            -0.005893,
            -0.009439,
            0.012157
          ],
          [
            0.001695,
            0.005526,
            -0.008983
          ],
          [
            -0.000903,
            -0.004489,
            0.002506
          ],
          [
            0.00336,
            -0.006859,
            0.006623
          ],
          [
            0.000121,
            -0.006156,
            -0.018023
          ],
          [
            0.006094,
            0.001956,
            -0.008829
          ],
          [
            0.083772,
            0.025308,
            0.03347
          ],
          [
            0.007725,
            0.017855,
            -0.010385
          ],
          [
            -0.003364,
            -0.042338,
            -0.065068
          ],
          [
            0.04393,
            0.027024,
            -0.032219
          ],
          [
            -0.015452,
            0.019224,
            0.026844
          ],
          [
            0.007689,
            -0.012248,
            0.003598
          ],
          [
            0.024765,
            -0.041107,
            -0.050964
          ],
          [
            -0.032294,
            -0.006756,
            0.001921
          ],
          [
            -0.002292,
            -0.053096,
            -0.025507
          ],
          [
            -0.010209,
            0.10147,
            0.03549
          ],
          [
            -0.021083,
            0.025899,
            -0.002469
          ],
          [
            -0.044986,
            -0.006298,
            0.022464
          ],
          [
            -0.018766,
            0.002773,
            0.010512
          ],
          [
            -0.010676,
            0.001882,
            0.017687
          ],
          [
            -0.032227,
            -0.011678,
            -0.018609
          ],
          [
            -0.017826,
            0.02106,
            0.010401
          ],
          [
            -0.026111,
            -0.003731,
            0.025429
          ],
          [
            -0.013022,
            0.005491,
            -0.005934
          ],
          [
            -0.049758,
            0.026376,
            0.039747
          ],
          [
            -0.018785,
            0.031801,
            0.034866
          ],
          [
            0.017616,
            0.011393,
            -0.009141
          ],
          [
            0.044609,
            -0.042521,
            -0.006786
          ],
          [
            0.019474,
            -0.016455,
            -0.038295
          ],
          [
            0.043879,
            0.003711,
            0.012913
          ]
        ],
        "Lattice": [
          [
            11.25432297,
            0.0,
            0.0
          ],
          [
            7.033944591,
            12.18315045,
            0.0
          ],
          [
            0.0,
            0.0,
            21.483230591
          ]
        ],
        "NumAtoms": 104,
        "Positions": [
          [
            0.0,
            0.0,
            0.0
          ],
          [
            1.40679,
            2.43663,
            0.0
          ],
          [
            2.81358,
            4.87326,
            0.0
          ],
          [
            4.22037,
            7.30989,
            0.0
          ],
          [
            5.62716,
            9.74652,
            0.0
          ],
          [
            2.81358,
            0.0,
            0.0
          ],
          [
            4.22037,
            2.43663,
            0.0
          ],
          [
            5.62716,
            4.87326,
            0.0
          ],
          [
            7.03395,
            7.30989,
            0.0
          ],
          [
            8.44074,
            9.74652,
            0.0
          ],
          [
            5.62716,
            0.0,
            0.0
          ],
          [
            7.03395,
            2.43663,
            0.0
          ],
          [
            8.44074,
            4.87326,
            0.0
          ],
          [
            9.84753,
            7.30989,
            0.0
          ],
          [
            11.25432,
            9.74652,
            0.0
          ],
          [
            8.44074,
            0.0,
            0.0
          ],
          [
            9.84753,
            2.43663,
            0.0
          ],
          [
            11.25432,
            4.87326,
            0.0
          ],
          [
            12.66111,
            7.30989,
            0.0
          ],
          [
            14.0679,
            9.74652,
            0.0
          ],
          [
            2.81375,
            1.62442,
            2.2975
          ],
          [
            4.22054,
            4.06105,
            2.2975
          ],
          [
            5.62732,
            6.49768,
            2.2975
          ],
          [
            7.03411,
            8.93431,
            2.2975
          ],
          [
            8.4409,
            11.37094,
            2.2975
          ],
          [
            5.62761,
            1.62442,
            2.2975
          ],
          [
            7.0344,
            4.06105,
            2.2975
          ],
          [
            8.44119,
            6.49768,
            2.2975
          ],
          [
            9.84798,
            8.93431,
            2.2975
          ],
          [
            11.25476,
            11.37094,
            2.2975
          ],
          [
            8.44091,
            1.62442,
            2.2975
          ],
          [
            9.8477,
            4.06105,
            2.2975
          ],
          [
            11.25449,
            6.49768,
            2.2975
          ],
          [
            12.66127,
            8.93431,
            2.2975
          ],
          [
            14.06806,
            11.37094,
            2.2975
          ],
          [
            11.25477,
            1.62442,
            2.2975
          ],
          [
            12.66156,
            4.06105,
            2.2975
          ],
          [
            14.06835,
            6.49768,
            2.2975
          ],
          [
            15.47514,
            8.93431,
            2.2975
          ],
          [
            16.88192,
            11.37094,
            2.2975
          ],
          [
            1.40219,
            0.80382,
            4.55044
          ],
          [
            2.81083,
            3.25144,
            4.56338
          ],
          [
            4.20428,
            5.68344,
            4.58827
          ],
          [
            5.62236,
            8.12347,
            4.56951
          ],
          [
            7.0275,
            10.5584,
            4.56047
          ],
          [
            4.21996,
            0.80149,
            4.55311
          ],
          [
            5.63044,
            3.2521,
            4.55676
          ],
          [
            7.03583,
            5.69792,
            4.55607
          ],
          [
            8.43614,
            8.12663,
            4.56702
          ],
          [
            9.84983,
            10.55029,
            4.57847
          ],
          [
            7.03702,
            0.8099,
            4.55872
          ],
          [
            8.44051,
            3.25575,
            4.56383
          ],
          [
            9.84981,
            5.6926,
            4.55109
          ],
          [
            11.25944,
            8.1344,
            4.58347
          ],
          [
            12.66037,
            10.54958,
            4.57763
          ],
          [
            9.84468,
            0.81329,
            4.56773
          ],
          [
            11.24724,
            3.24982,
            4.56403
          ],
          [
            12.66335,
            5.68356,
            4.57937
          ],
          [
            14.06924,
            8.12305,
            4.57567
          ],
          [
            15.47491,
            10.55969,
            4.56647
          ],
          [
            -0.00437,
            -0.00435,
            6.87337
          ],
          [
            1.38559,
            2.41401,
            6.84431
          ],
          [
            2.81088,
            4.86483,
            6.90405
          ],
          [
            4.22888,
            7.32181,
            6.89638
          ],
          [
            5.62523,
            9.74876,
            6.88931
          ],
          [
            2.80892,
            0.01721,
            6.86228
          ],
          [
            4.23444,
            2.4229,
            6.83943
          ],
          [
            5.65667,
            4.8715,
            6.8499
          ],
          [
            7.02778,
            7.31258,
            6.88734
          ],
          [
            8.41603,
            9.74472,
            6.86484
          ],
          [
            5.6366,
            0.01649,
            6.8636
          ],
          [
            7.04325,
            2.43578,
            6.87056
          ],
          [
            8.44108,
            4.87689,
            6.87213
          ],
          [
            9.83631,
            7.29889,
            6.86173
          ],
          [
            11.26527,
            9.74079,
            6.91031
          ],
          [
            8.43921,
            -0.00039,
            6.8775
          ],
          [
            9.83882,
            2.43385,
            6.87521
          ],
          [
            11.22704,
            4.86949,
            6.86607
          ],
          [
            12.67041,
            7.30653,
            6.88656
          ],
          [
            14.08761,
            9.74762,
            6.88096
          ],
          [
            9.22372,
            7.2946,
            10.71738
          ],
          [
            10.41213,
            8.11259,
            10.28096
          ],
          [
            5.81039,
            5.85625,
            10.84959
          ],
          [
            4.38854,
            5.76861,
            10.36505
          ],
          [
            3.8722,
            4.37561,
            10.04447
          ],
          [
            10.05961,
            9.5728,
            10.03623
          ],
          [
            2.66178,
            4.44041,
            9.24756
          ],
          [
            9.09325,
            6.09932,
            10.42019
          ],
          [
            8.35125,
            7.98184,
            11.43908
          ],
          [
            6.14444,
            6.65506,
            11.73355
          ],
          [
            6.6615,
            5.08011,
            10.19448
          ],
          [
            11.17381,
            10.16822,
            9.32412
          ],
          [
            7.52543,
            7.41263,
            11.65431
          ],
          [
            10.80898,
            7.66194,
            9.35168
          ],
          [
            11.20646,
            8.0326,
            11.04733
          ],
          [
            7.62992,
            5.35721,
            10.38358
          ],
          [
            4.38401,
            6.35815,
            9.41602
          ],
          [
            3.74589,
            6.29203,
            11.08923
          ],
          [
            13.27329,
            5.07851,
            9.61867
          ],
          [
            4.58935,
            3.80762,
            9.43053
          ],
          [
            3.65051,
            3.79918,
            10.96023
          ],
          [
            10.99322,
            11.12778,
            9.18337
          ],
          [
            9.89789,
            10.11871,
            10.98089
          ],
          [
            9.13821,
            9.65371,
            9.42192
          ]
        ],
        "Stress": [
          [
            -50.29314,
            0.03864,
            -0.13577
          ],
          [
            0.03864,
            -51.31827,
            0.35653
          ],
          [
            -0.13577,
            0.35653,
            -2.49654
          ]
        ],
        "computation_code": "VASP",
        "pseudopotential_information": [
          [
            "PAW_PBE",
            "Pt",
            "04Feb2005"
          ],
          [
            "PAW_PBE",
            "C",
            "08Apr2002"
          ],
          [
            "PAW_PBE",
            "O",
            "08Apr2002"
          ],
          [
            "PAW_PBE",
            "H",
            "15Jun2001"
          ]
        ]
      }
    ],
    "EnergyStyle": "electronvolt",
    "ForcesStyle": "electronvoltperangstrom",
    "LatticeStyle": "angstrom",
    "PositionsStyle": "angstrom",
    "StressStyle": "kB"
  }
}