{
  "Dataset": {
    "AtomTypeStyle": "chemicalsymbol",
    "Data": [
      {
        "AtomTypes": [
          "Pt",
          "Pt",
          "Pt",
          "Pt",
          "Pt",
          "Pt",
          "Pt",
          "Pt",
          "Pt",
          "Pt",
          "Pt",
          "Pt",
          "Pt",
          "Pt",
          "Pt",
          "Pt",
          "Pt",
          "Pt",
          "Pt",
          "Pt",
          "Pt",
          "Pt",
          "Pt",
          "Pt",
          "Pt",
          "Pt",
          "Pt",
          "Pt",
          "Pt",
          "Pt",
          "Pt",
          "Pt",
          "Pt",
          "Pt",
          "Pt",
          "Pt",
          "Pt",
          "Pt",
          "Pt",
          "Pt",
          "Pt",
          "Pt",
          "Pt",
          "Pt",
          "Pt",
          "Pt",
          "Pt",
          "Pt",
          "Pt",
          "Pt",
          "Pt",
          "Pt",
          "Pt",
          "Pt",
          "Pt",
          "Pt",
          "Pt",
          "Pt",
          "Pt",
          "Pt",
          "Pt",
          "Pt",
          "Pt",
          "Pt",
          "Pt",
          "Pt",
          "Pt",
          "Pt",
          "Pt",
          "Pt",
          "Pt",
          "Pt",
          "C",
          "C",
          "C",
          "C",
          "C",
          "C",
          "O",
          "O",
          "O",
          "O",
          "O",
          "O",
          "H",
          "H",
          "H",
          "H",
          "H",
          "H",
          "H",
          "H",
          "H",
          "H",
          "H",
          "H"
        ],
        "Energy": -347.08999561,
        "Forces": [
          [
            0.007362,
            -0.027634,
            -0.0403
          ],
          [
            0.007751,
            -0.025839,
            -0.039214
          ],
          [
            0.006564,
            -0.005748,
            -0.102166
          ],
          [
            0.01462,
            -0.013018,
            -0.035297
          ],
          [
            0.023814,
            -0.028884,
            -0.034707
          ],
          [
            0.003554,
            -0.031485,
            -0.044169
          ],
          [
            0.018448,
            -0.024781,
            -0.043444
          ],
          [
            0.014087,
            -0.019955,
            -0.040578
          ],
          [
            0.007704,
            -0.027688,
            -0.06623
          ],
          [
            0.014615,
            -0.036204,
            -0.067185
          ],
          [
            0.009641,
            -0.030369,
            -0.041435
          ],
          [
            0.026475,
            -0.008272,
            -0.053735
          ],
          [
            0.014594,
            -0.012093,
            -0.039897
          ],
          [
            0.012861,
            -0.035928,
            -0.045291
          ],
          [
            -0.002992,
            -0.003603,
            -0.050471
          ],
          [
            0.02105,
            -0.010333,
            -0.074458
          ],
          [
            0.013622,
            -0.036787,
            -0.040727
          ],
          [
            0.00913,
            -0.01098,
            -0.045131
          ],
          [
            -0.003989,
            0.000115,
            0.039822
          ],
          [
            -0.019948,
            0.006185,
            0.079627
          ],
          [
            -0.015732,
            0.0456,
            -0.012608
          ],
          [
            0.022498,
            0.025659,
            0.128949
          ],
          [
            -0.058026,
            0.009234,
            0.070228
          ],
          [
            0.002057,
            0.050116,
            -0.018143
          ],
          [
            -0.044064,
            -0.002556,
            0.082337
          ],
          [
            0.009707,
            0.022936,
            0.037543
          ],
          [
            -0.003538,
            0.01828,
            -0.006784
          ],
          [
            -0.017383,
            0.019614,
            0.034975
          ],
          [
            0.002044,
            0.050974,
            0.024368
          ],
          [
            0.04821,
            -0.013053,
            0.076792
          ],
          [
            -0.015898,
            0.028048,
            0.033395
          ],
          [
            -0.023849,
            0.06711,
            0.051569
          ],
          [
            -0.025927,
            -0.035743,
            0.057317
          ],
          [
            -0.010531,
            0.090691,
            0.103836
          ],
          [
            -0.020965,
            0.038045,
            0.002261
          ],
          [
            -0.015803,
            0.007061,
            -0.006675
          ],
          [
            0.000656,
            0.010462,
            0.005378
          ],
          [
            -0.002717,
            -0.000606,
            0.002007
          ],
          [
            -0.004622,
            -0.001229,
            0.007307
          ],
          [
            0.001801,
            -0.002272,
            0.010603
          ],
          [
            -0.005161,
            -0.003651,
            -0.004398
          ],
          [
            0.007939,
            -0.003036,
            -0.003419
          ],
          [
            -0.005729,
            -0.002743,
            0.007367
          ],
          [
            0.007013,
            -0.002704,
            0.000562
          ],
          [
            0.003753,
            -0.000184,
            0.007206
          ],
          [
            -0.006126,
            0.009614,
            0.004442
          ],
          [
            -0.005765,
            -0.002081,
            -0.004843
          ],
          [
            -0.000668,
            0.009614,
            0.000216
          ],
          [
            -0.006356,
            -0.001756,
            -0.006228
          ],
          [
            0.002658,
            0.005984,
            -0.003613
          ],
          [
            0.007335,
            0.000715,
            -0.008493
          ],
          [
            0.008523,
            0.004706,
            0.006186
          ],
          [
            -0.005219,
            0.001155,
            -0.002713
          ],
          [
            -0.000861,
            0.00458,
            -0.000704
          ],
          [
            -0.001939,
            0.00128,
            0.007865
          ],
          [
            -0.001437,
            0.004546,
            0.007736
          ],
          [
            0.004993,
            0.00071,
            -0.001154
          ],
          [
            0.001616,
            0.00312,
            0.009522
          ],
          [
            -0.003972,
            0.002987,
            0.005028
          ],
          [
            -0.006584,
            0.001024,
            -0.007299
          ],
          [
            -0.002578,
            0.007647,
            0.004921
          ],
          [
            -0.001381,
            0.001383,
            0.005453
          ],
          [
            0.00128,
            0.002379,
            0.006535
          ],
          [
            -0.000854,
            0.001983,
            0.007513
          ],
          [
            0.002469,
            -0.005512,
            0.003856
          ],
          [
            -0.001794,
            0.001229,
            0.009962
          ],
          [
            0.001737,
            -0.010949,
            0.00684
          ],
          [
            -0.002832,
            -0.004443,
            0.008169
          ],
          [
            0.00518,
            -0.001207,
            0.017271
          ],
          [
            -0.002535,
            -0.005211,
            0.008988
          ],
          [
            -0.001593,
            -0.008301,
            -0.002113
          ],
          [
            -0.00457,
            -0.006854,
            0.00269
          ],
          [
            -0.013367,
            0.040262,
            -0.004927
          ],
          [
            0.011281,
            -0.000768,
            -0.036683
          ],
          [
            0.028135,
            0.039272,
            0.011675
          ],
          [
            -0.023355,
            -0.000983,
            0.012433
          ],
          [
            0.012474,
            0.046638,
            0.034399
          ],
          [
            -0.002314,
            -0.041282,
            0.016179
          ],
          [
            -0.019946,
            -0.004414,
            -0.02021
          ],
          [
            -0.004241,
            -0.03464,
            -0.01536
          ],
          [
            0.002539,
            -0.023192,
            0.001697
          ],
          [
            -0.013093,
            -0.069327,
            -0.007898
          ],
          [
            -0.0321,
            0.011356,
            0.001186
          ],
          [
            0.006677,
            -0.033475,
            -0.012446
          ],
          [
            0.021578,
            0.005022,
            0.015422
          ],
          [
            -0.00375,
            0.010772,
            0.016597
          ],
          [
            -0.001285,
            -0.005244,
            0.011263
          ],
          [
            0.022458,
            -0.003384,
            -0.00877
          ],
          [
            -2.2e-05,
            -0.017441,
            0.018592
          ],
          [
            0.006709,
            -0.008385,
            -0.013108
          ],
          [
            0.00148,
            0.007351,
            -0.001613
          ],
          [
            0.001384,
            -0.002197,
            -0.014192
          ],
          [
            -0.004764,
            0.004646,
            -0.005552
          ],
          [
            0.011314,
            0.017484,
            0.000834
          ],
          [
            -0.013031,
            0.020654,
            0.007837
          ],
          [
            -0.008183,
            -0.009813,
            -0.000377
          ]
        ],
        "Lattice": [
          [
            8.440733911,
            0.0,
            0.0
          ],
          [
            8.440733911,
            14.619780548,
            0.0
          ],
          [
            0.0,
            0.0,
            21.483230591
          ]
        ],
        "NumAtoms": 96,
        "Positions": [
          [
            4.22079,
            2.43687,
            0.0
          ],
          [
            9.84794,
            12.18339,
            0.0
          ],
          [
            7.03437,
            7.31013,
            0.0
          ],
          [
            7.03437,
            2.43687,
            0.0
          ],
          [
            12.66152,
            12.18339,
            0.0
          ],
          [
            9.84795,
            7.31013,
            0.0
          ],
          [
            1.40721,
            2.43687,
            0.0
          ],
          [
            7.03437,
            12.18339,
            0.0
          ],
          [
            4.22079,
            7.31013,
            0.0
          ],
          [
            2.81385,
            0.0,
            0.0
          ],
          [
            8.44101,
            9.74652,
            0.0
          ],
          [
            5.62743,
            4.87326,
            0.0
          ],
          [
            5.62743,
            0.0,
            0.0
          ],
          [
            11.25459,
            9.74652,
            0.0
          ],
          [
            8.44101,
            4.87326,
            0.0
          ],
          [
            0.00028,
            0.0,
            0.0
          ],
          [
            5.62743,
            9.74652,
            0.0
          ],
          [
            2.81385,
            4.87326,
            0.0
          ],
          [
            7.03462,
            4.06144,
            2.2975
          ],
          [
            12.66177,
            13.80796,
            2.2975
          ],
          [
            9.8482,
            8.9347,
            2.2975
          ],
          [
            9.8482,
            4.06144,
            2.2975
          ],
          [
            15.47535,
            13.80796,
            2.2975
          ],
          [
            12.66177,
            8.9347,
            2.2975
          ],
          [
            4.22104,
            4.06144,
            2.2975
          ],
          [
            9.8482,
            13.80796,
            2.2975
          ],
          [
            7.03462,
            8.9347,
            2.2975
          ],
          [
            5.62769,
            1.62456,
            2.2975
          ],
          [
            11.25484,
            11.37109,
            2.2975
          ],
          [
            8.44127,
            6.49782,
            2.2975
          ],
          [
            8.44127,
            1.62456,
            2.2975
          ],
          [
            14.06842,
            11.37109,
            2.2975
          ],
          [
            11.25484,
            6.49782,
            2.2975
          ],
          [
            2.81411,
            1.62456,
            2.2975
          ],
          [
            8.44127,
            11.37109,
            2.2975
          ],
          [
            5.62769,
            6.49782,
            2.2975
          ],
          [
            1.39122,
            0.84093,
            4.56601
          ],
          [
            7.01466,
            10.59312,
            4.56184
          ],
          [
            4.20467,
            5.70212,
            4.56523
          ],
          [
            4.20064,
            0.84212,
            4.56786
          ],
          [
            9.82645,
            10.59218,
            4.5581
          ],
          [
            7.0279,
            5.7079,
            4.55638
          ],
          [
            7.01516,
            0.83615,
            4.56698
          ],
          [
            12.64601,
            10.59525,
            4.56372
          ],
          [
            9.84605,
            5.70104,
            4.58726
          ],
          [
            2.80043,
            3.28322,
            4.59094
          ],
          [
            8.41695,
            13.02847,
            4.56027
          ],
          [
            5.61784,
            8.15088,
            4.55307
          ],
          [
            5.61375,
            3.26777,
            4.56625
          ],
          [
            11.23816,
            13.02595,
            4.57273
          ],
          [
            8.42877,
            8.14745,
            4.55536
          ],
          [
            8.42724,
            3.27111,
            4.57025
          ],
          [
            14.04086,
            13.02473,
            4.58093
          ],
          [
            11.2359,
            8.14766,
            4.54914
          ],
          [
            5.59292,
            0.06466,
            6.8843
          ],
          [
            11.22231,
            9.8036,
            6.84226
          ],
          [
            8.41661,
            4.92777,
            6.88504
          ],
          [
            2.78086,
            0.06886,
            6.88141
          ],
          [
            8.39951,
            9.80315,
            6.8613
          ],
          [
            5.62585,
            4.92428,
            6.85327
          ],
          [
            11.23967,
            4.94668,
            6.93655
          ],
          [
            8.40526,
            0.06464,
            6.87789
          ],
          [
            14.04059,
            9.81375,
            6.87057
          ],
          [
            9.81907,
            2.49406,
            6.88367
          ],
          [
            15.43463,
            12.24546,
            6.88046
          ],
          [
            12.63581,
            7.38472,
            6.82893
          ],
          [
            7.01099,
            2.49285,
            6.88295
          ],
          [
            12.61802,
            12.24274,
            6.90339
          ],
          [
            9.81026,
            7.37636,
            6.87084
          ],
          [
            7.01495,
            7.36651,
            6.8596
          ],
          [
            4.20069,
            2.49387,
            6.88505
          ],
          [
            9.79073,
            12.24996,
            6.85551
          ],
          [
            9.37958,
            9.48661,
            10.31691
          ],
          [
            10.70434,
            10.19303,
            10.17483
          ],
          [
            5.92595,
            7.76209,
            10.31699
          ],
          [
            4.56541,
            7.15372,
            10.09776
          ],
          [
            4.43203,
            5.63779,
            10.06801
          ],
          [
            10.65058,
            11.70756,
            10.05867
          ],
          [
            3.1566,
            5.22736,
            9.51921
          ],
          [
            9.3034,
            8.24512,
            10.38363
          ],
          [
            8.32622,
            10.2837,
            10.34339
          ],
          [
            6.04582,
            8.98472,
            10.4919
          ],
          [
            6.9558,
            6.92839,
            10.2528
          ],
          [
            11.98029,
            12.16202,
            9.76414
          ],
          [
            7.4416,
            9.75947,
            10.40701
          ],
          [
            11.17815,
            9.78175,
            9.25008
          ],
          [
            11.3703,
            9.88677,
            10.9998
          ],
          [
            7.84083,
            7.43849,
            10.32623
          ],
          [
            12.69221,
            7.55137,
            9.09322
          ],
          [
            12.30538,
            7.6109,
            10.81747
          ],
          [
            10.88627,
            5.83751,
            9.80929
          ],
          [
            5.19967,
            5.18627,
            9.41538
          ],
          [
            4.5447,
            5.20106,
            11.07666
          ],
          [
            11.96553,
            13.13211,
            9.63366
          ],
          [
            10.28086,
            12.16737,
            10.99252
          ],
          [
            9.95018,
            12.00301,
            9.24101
          ]
        ],
        "Stress": [
          [
            -53.41585,
            -1.04613,
            -0.44852
          ],
          [
            -1.04613,
            -52.3136,
            0.32405
          ],
          [
            -0.44852,
            0.32405,
            -2.40807
          ]
        ],
        "computation_code": "VASP",
        "pseudopotential_information": [
          [
            "PAW_PBE",
            "Pt",
            "04Feb2005"
          ],
          [
            "PAW_PBE",
            "C",
            "08Apr2002"
          ],
          [
            "PAW_PBE",
            "O",
            "08Apr2002"
          ],
          [
            "PAW_PBE",
            "H",
            "15Jun2001"
          ]
        ]
      }
    ],
    "EnergyStyle": "electronvolt",
    "ForcesStyle": "electronvoltperangstrom",
    "LatticeStyle": "angstrom",
    "PositionsStyle": "angstrom",
    "StressStyle": "kB"
  }
}