{
  "Dataset": {
    "AtomTypeStyle": "chemicalsymbol",
    "Data": [
      {
        "AtomTypes": [
          "Pt",
          "Pt",
          "Pt",
          "Pt",
          "Pt",
          "Pt",
          "Pt",
          "Pt",
          "Pt",
          "Pt",
          "Pt",
          "Pt",
          "Pt",
          "Pt",
          "Pt",
          "Pt",
          "Pt",
          "Pt",
          "Pt",
          "Pt",
          "Pt",
          "Pt",
          "Pt",
          "Pt",
          "Pt",
          "Pt",
          "Pt",
          "Pt",
          "Pt",
          "Pt",
          "Pt",
          "Pt",
          "Pt",
          "Pt",
          "Pt",
          "Pt",
          "Pt",
          "Pt",
          "Pt",
          "Pt",
          "Pt",
          "Pt",
          "Pt",
          "Pt",
          "Pt",
          "Pt",
          "Pt",
          "Pt",
          "Pt",
          "Pt",
          "Pt",
          "Pt",
          "Pt",
          "Pt",
          "Pt",
          "Pt",
          "Pt",
          "Pt",
          "Pt",
          "Pt",
          "Pt",
          "Pt",
          "Pt",
          "Pt",
          "Pt",
          "Pt",
          "Pt",
          "Pt",
          "Pt",
          "Pt",
          "Pt",
          "Pt",
          "C",
          "C",
          "C",
          "C",
          "C",
          "C",
          "O",
          "O",
          "O",
          "O",
          "O",
          "O",
          "H",
          "H",
          "H",
          "H",
          "H",
          "H",
          "H",
          "H",
          "H",
          "H",
          "H",
          "H"
        ],
        "Energy": -347.07446372,
        "Forces": [
          [
            0.009341,
            -0.024538,
            -0.040249
          ],
          [
            0.009872,
            -0.021785,
            -0.04198
          ],
          [
            0.005226,
            -0.005932,
            -0.098393
          ],
          [
            0.016852,
            -0.011726,
            -0.034795
          ],
          [
            0.024276,
            -0.023937,
            -0.035375
          ],
          [
            0.001444,
            -0.029296,
            -0.043761
          ],
          [
            0.019345,
            -0.022242,
            -0.044703
          ],
          [
            0.015043,
            -0.01633,
            -0.039607
          ],
          [
            0.006938,
            -0.02537,
            -0.066331
          ],
          [
            0.016775,
            -0.030658,
            -0.06414
          ],
          [
            0.009852,
            -0.026463,
            -0.040424
          ],
          [
            0.024782,
            -0.008194,
            -0.053344
          ],
          [
            0.017408,
            -0.009292,
            -0.041199
          ],
          [
            0.012056,
            -0.031815,
            -0.041514
          ],
          [
            -0.002284,
            -0.002102,
            -0.047395
          ],
          [
            0.02299,
            -0.007301,
            -0.072954
          ],
          [
            0.012805,
            -0.034096,
            -0.038999
          ],
          [
            0.009263,
            -0.009538,
            -0.042857
          ],
          [
            -0.003053,
            -0.001886,
            0.041115
          ],
          [
            -0.019746,
            0.001209,
            0.073325
          ],
          [
            -0.007638,
            0.044731,
            -0.014869
          ],
          [
            0.018375,
            0.024636,
            0.120568
          ],
          [
            -0.061359,
            0.00614,
            0.0736
          ],
          [
            0.004794,
            0.049337,
            -0.010625
          ],
          [
            -0.041702,
            -0.003664,
            0.067022
          ],
          [
            0.001707,
            0.018147,
            0.035574
          ],
          [
            -0.005505,
            0.022029,
            5.3e-05
          ],
          [
            -0.02133,
            0.013977,
            0.033968
          ],
          [
            0.003032,
            0.038945,
            0.030225
          ],
          [
            0.056304,
            -0.018874,
            0.075614
          ],
          [
            -0.02237,
            0.022804,
            0.03558
          ],
          [
            -0.023975,
            0.058418,
            0.054731
          ],
          [
            -0.023364,
            -0.037432,
            0.055971
          ],
          [
            -0.014077,
            0.078001,
            0.097536
          ],
          [
            -0.022308,
            0.027095,
            0.01029
          ],
          [
            -0.012949,
            0.010714,
            -0.003743
          ],
          [
            0.007242,
            -0.005462,
            0.003366
          ],
          [
            0.011815,
            -0.011194,
            -0.008857
          ],
          [
            -0.004271,
            0.012868,
            0.00128
          ],
          [
            -0.006411,
            0.00628,
            -0.003324
          ],
          [
            -0.002577,
            -0.000916,
            -0.005184
          ],
          [
            -0.008254,
            -0.010603,
            0.008617
          ],
          [
            0.011491,
            0.000724,
            -0.001868
          ],
          [
            -0.013642,
            -0.000439,
            0.011537
          ],
          [
            -0.002195,
            0.00743,
            -0.003281
          ],
          [
            -0.001537,
            6.1e-05,
            -0.004403
          ],
          [
            0.006011,
            0.008708,
            0.009466
          ],
          [
            0.002761,
            -0.002515,
            0.008717
          ],
          [
            0.010581,
            -0.002779,
            0.001556
          ],
          [
            -0.007014,
            0.002802,
            0.032597
          ],
          [
            -0.002673,
            0.008895,
            0.032258
          ],
          [
            -0.012819,
            0.003104,
            0.002275
          ],
          [
            0.011965,
            0.002805,
            0.008324
          ],
          [
            0.003969,
            0.004401,
            0.014608
          ],
          [
            0.002259,
            -0.017078,
            0.010325
          ],
          [
            0.006319,
            0.003568,
            -0.005493
          ],
          [
            -0.013274,
            0.005345,
            0.001037
          ],
          [
            -0.003589,
            -0.02211,
            0.00036
          ],
          [
            -0.002253,
            -0.014767,
            -0.002275
          ],
          [
            0.004287,
            -0.004438,
            -0.01586
          ],
          [
            0.004818,
            0.014754,
            0.016332
          ],
          [
            0.010716,
            -0.012582,
            0.000143
          ],
          [
            -0.005064,
            -0.005956,
            0.011174
          ],
          [
            -0.001295,
            0.000494,
            0.022518
          ],
          [
            -0.003202,
            0.006917,
            -0.002966
          ],
          [
            0.000129,
            0.014253,
            -0.005904
          ],
          [
            -0.005765,
            0.0055,
            0.001029
          ],
          [
            -0.013315,
            0.000138,
            -0.00522
          ],
          [
            -0.006667,
            0.014473,
            0.011403
          ],
          [
            0.00688,
            0.004249,
            -0.008693
          ],
          [
            0.000873,
            0.002665,
            0.010075
          ],
          [
            0.010397,
            0.01385,
            -0.015099
          ],
          [
            0.015777,
            0.011613,
            -0.000687
          ],
          [
            -0.043846,
            -0.026902,
            -0.002386
          ],
          [
            -0.005013,
            0.017397,
            0.01416
          ],
          [
            0.02035,
            0.002419,
            0.038889
          ],
          [
            0.007752,
            -0.023935,
            -0.007613
          ],
          [
            0.013085,
            -0.0126,
            0.006381
          ],
          [
            0.010063,
            0.021648,
            0.010622
          ],
          [
            0.002904,
            -0.035966,
            -0.005065
          ],
          [
            -0.02272,
            -0.004399,
            0.002694
          ],
          [
            -0.055289,
            -0.010131,
            -0.002418
          ],
          [
            0.016264,
            -0.057662,
            -0.033911
          ],
          [
            -0.040769,
            -0.002484,
            0.01859
          ],
          [
            0.027431,
            0.014537,
            0.000492
          ],
          [
            0.019992,
            0.023786,
            -0.02763
          ],
          [
            0.023345,
            -0.009572,
            0.021828
          ],
          [
            -0.024208,
            0.02109,
            -0.00027
          ],
          [
            -0.012186,
            0.0165,
            -0.008365
          ],
          [
            -0.019117,
            0.034268,
            0.000193
          ],
          [
            -0.008029,
            0.009173,
            -0.00569
          ],
          [
            -0.033376,
            -0.011856,
            0.003344
          ],
          [
            -0.008411,
            -0.00609,
            -0.0066
          ],
          [
            0.023302,
            -0.002366,
            -0.037045
          ],
          [
            0.023474,
            -0.003005,
            -0.023807
          ],
          [
            0.03571,
            -0.01262,
            0.025804
          ]
        ],
        "Lattice": [
          [
            8.440733911,
            0.0,
            0.0
          ],
          [
            8.440733911,
            14.619780548,
            0.0
          ],
          [
            0.0,
            0.0,
            21.483230591
          ]
        ],
        "NumAtoms": 96,
        "Positions": [
          [
            4.22079,
            2.43687,
            0.0
          ],
          [
            9.84794,
            12.18339,
            0.0
          ],
          [
            7.03437,
            7.31013,
            0.0
          ],
          [
            7.03437,
            2.43687,
            0.0
          ],
          [
            12.66152,
            12.18339,
            0.0
          ],
          [
            9.84795,
            7.31013,
            0.0
          ],
          [
            1.40721,
            2.43687,
            0.0
          ],
          [
            7.03437,
            12.18339,
            0.0
          ],
          [
            4.22079,
            7.31013,
            0.0
          ],
          [
            2.81385,
            0.0,
            0.0
          ],
          [
            8.44101,
            9.74652,
            0.0
          ],
          [
            5.62743,
            4.87326,
            0.0
          ],
          [
            5.62743,
            0.0,
            0.0
          ],
          [
            11.25459,
            9.74652,
            0.0
          ],
          [
            8.44101,
            4.87326,
            0.0
          ],
          [
            0.00028,
            0.0,
            0.0
          ],
          [
            5.62743,
            9.74652,
            0.0
          ],
          [
            2.81385,
            4.87326,
            0.0
          ],
          [
            7.03462,
            4.06144,
            2.2975
          ],
          [
            12.66177,
            13.80796,
            2.2975
          ],
          [
            9.8482,
            8.9347,
            2.2975
          ],
          [
            9.8482,
            4.06144,
            2.2975
          ],
          [
            15.47535,
            13.80796,
            2.2975
          ],
          [
            12.66177,
            8.9347,
            2.2975
          ],
          [
            4.22104,
            4.06144,
            2.2975
          ],
          [
            9.8482,
            13.80796,
            2.2975
          ],
          [
            7.03462,
            8.9347,
            2.2975
          ],
          [
            5.62769,
            1.62456,
            2.2975
          ],
          [
            11.25484,
            11.37109,
            2.2975
          ],
          [
            8.44127,
            6.49782,
            2.2975
          ],
          [
            8.44127,
            1.62456,
            2.2975
          ],
          [
            14.06842,
            11.37109,
            2.2975
          ],
          [
            11.25484,
            6.49782,
            2.2975
          ],
          [
            2.81411,
            1.62456,
            2.2975
          ],
          [
            8.44127,
            11.37109,
            2.2975
          ],
          [
            5.62769,
            6.49782,
            2.2975
          ],
          [
            1.38727,
            0.83672,
            4.56582
          ],
          [
            7.01202,
            10.58923,
            4.56443
          ],
          [
            4.20749,
            5.69776,
            4.5644
          ],
          [
            4.19901,
            0.83575,
            4.56789
          ],
          [
            9.82551,
            10.58638,
            4.55941
          ],
          [
            7.03135,
            5.70554,
            4.556
          ],
          [
            7.01116,
            0.83142,
            4.56741
          ],
          [
            12.64566,
            10.59087,
            4.56593
          ],
          [
            9.84817,
            5.69667,
            4.5881
          ],
          [
            2.80061,
            3.27769,
            4.58712
          ],
          [
            8.41334,
            13.02217,
            4.55993
          ],
          [
            5.61783,
            8.14794,
            4.55451
          ],
          [
            5.61329,
            3.26419,
            4.56487
          ],
          [
            11.23531,
            13.02056,
            4.57056
          ],
          [
            8.43073,
            8.14276,
            4.55368
          ],
          [
            8.42818,
            3.26765,
            4.56993
          ],
          [
            14.03665,
            13.01962,
            4.58085
          ],
          [
            11.23692,
            8.14301,
            4.54966
          ],
          [
            5.5896,
            0.05704,
            6.88539
          ],
          [
            11.21948,
            9.79284,
            6.84691
          ],
          [
            8.42144,
            4.91812,
            6.88563
          ],
          [
            2.77809,
            0.0619,
            6.87979
          ],
          [
            8.39698,
            9.79277,
            6.86287
          ],
          [
            5.62831,
            4.91525,
            6.85191
          ],
          [
            11.24304,
            4.93189,
            6.92998
          ],
          [
            8.40082,
            0.05533,
            6.87809
          ],
          [
            14.03744,
            9.80451,
            6.87281
          ],
          [
            9.81943,
            2.48463,
            6.88048
          ],
          [
            15.42981,
            12.2357,
            6.88269
          ],
          [
            12.63432,
            7.37181,
            6.83298
          ],
          [
            7.01285,
            2.48178,
            6.88246
          ],
          [
            12.61439,
            12.23519,
            6.90717
          ],
          [
            9.81338,
            7.36375,
            6.87426
          ],
          [
            7.01476,
            7.3566,
            6.86197
          ],
          [
            4.20117,
            2.48329,
            6.88069
          ],
          [
            9.78443,
            12.23716,
            6.85679
          ],
          [
            9.36458,
            9.53029,
            10.32488
          ],
          [
            10.68621,
            10.24621,
            10.20525
          ],
          [
            5.95617,
            7.76939,
            10.30974
          ],
          [
            4.60687,
            7.12853,
            10.10475
          ],
          [
            4.52491,
            5.61095,
            10.07592
          ],
          [
            10.61269,
            11.75425,
            10.04101
          ],
          [
            3.25671,
            5.1534,
            9.54771
          ],
          [
            9.30259,
            8.29042,
            10.42889
          ],
          [
            8.30371,
            10.31402,
            10.29522
          ],
          [
            6.05427,
            9.00145,
            10.42222
          ],
          [
            6.99616,
            6.95085,
            10.31598
          ],
          [
            11.94455,
            12.21786,
            9.77165
          ],
          [
            7.42093,
            9.77926,
            10.35468
          ],
          [
            11.1997,
            9.80707,
            9.31936
          ],
          [
            11.3174,
            9.9762,
            11.0687
          ],
          [
            7.88031,
            7.47231,
            10.37702
          ],
          [
            12.70371,
            7.5164,
            9.10967
          ],
          [
            12.34712,
            7.55892,
            10.84048
          ],
          [
            10.96635,
            5.70993,
            9.88838
          ],
          [
            5.29832,
            5.19119,
            9.4066
          ],
          [
            4.67672,
            5.1777,
            11.0809
          ],
          [
            11.9323,
            13.19334,
            9.68981
          ],
          [
            10.20142,
            12.23912,
            10.94604
          ],
          [
            9.92975,
            12.01342,
            9.19156
          ]
        ],
        "Stress": [
          [
            -53.40691,
            -0.96551,
            -0.52732
          ],
          [
            -0.96551,
            -52.19043,
            0.31222
          ],
          [
            -0.52732,
            0.31222,
            -2.57565
          ]
        ],
        "computation_code": "VASP",
        "pseudopotential_information": [
          [
            "PAW_PBE",
            "Pt",
            "04Feb2005"
          ],
          [
            "PAW_PBE",
            "C",
            "08Apr2002"
          ],
          [
            "PAW_PBE",
            "O",
            "08Apr2002"
          ],
          [
            "PAW_PBE",
            "H",
            "15Jun2001"
          ]
        ]
      }
    ],
    "EnergyStyle": "electronvolt",
    "ForcesStyle": "electronvoltperangstrom",
    "LatticeStyle": "angstrom",
    "PositionsStyle": "angstrom",
    "StressStyle": "kB"
  }
}