{
  "Dataset": {
    "AtomTypeStyle": "chemicalsymbol",
    "Data": [
      {
        "AtomTypes": [
          "Pt",
          "Pt",
          "Pt",
          "Pt",
          "Pt",
          "Pt",
          "Pt",
          "Pt",
          "Pt",
          "Pt",
          "Pt",
          "Pt",
          "Pt",
          "Pt",
          "Pt",
          "Pt",
          "Pt",
          "Pt",
          "Pt",
          "Pt",
          "Pt",
          "Pt",
          "Pt",
          "Pt",
          "Pt",
          "Pt",
          "Pt",
          "Pt",
          "Pt",
          "Pt",
          "Pt",
          "Pt",
          "Pt",
          "Pt",
          "Pt",
          "Pt",
          "Pt",
          "Pt",
          "Pt",
          "Pt",
          "Pt",
          "Pt",
          "Pt",
          "Pt",
          "Pt",
          "Pt",
          "Pt",
          "Pt",
          "Pt",
          "Pt",
          "Pt",
          "Pt",
          "Pt",
          "Pt",
          "Pt",
          "Pt",
          "Pt",
          "Pt",
          "Pt",
          "Pt",
          "Pt",
          "Pt",
          "Pt",
          "Pt",
          "Pt",
          "Pt",
          "Pt",
          "Pt",
          "Pt",
          "Pt",
          "Pt",
          "Pt",
          "C",
          "C",
          "C",
          "C",
          "C",
          "C",
          "O",
          "O",
          "O",
          "O",
          "O",
          "O",
          "H",
          "H",
          "H",
          "H",
          "H",
          "H",
          "H",
          "H",
          "H",
          "H",
          "H",
          "H"
        ],
        "Energy": -347.07970987,
        "Forces": [
          [
            0.008999,
            -0.025376,
            -0.041207
          ],
          [
            0.008979,
            -0.022595,
            -0.041603
          ],
          [
            0.0052,
            -0.00588,
            -0.097807
          ],
          [
            0.016124,
            -0.011978,
            -0.035196
          ],
          [
            0.023972,
            -0.024597,
            -0.034011
          ],
          [
            0.001512,
            -0.029811,
            -0.043108
          ],
          [
            0.018774,
            -0.0238,
            -0.044075
          ],
          [
            0.015175,
            -0.016328,
            -0.039593
          ],
          [
            0.005783,
            -0.026472,
            -0.066359
          ],
          [
            0.016672,
            -0.03214,
            -0.064484
          ],
          [
            0.00892,
            -0.02753,
            -0.040586
          ],
          [
            0.024145,
            -0.008318,
            -0.0525
          ],
          [
            0.017122,
            -0.008869,
            -0.041791
          ],
          [
            0.012219,
            -0.032968,
            -0.044071
          ],
          [
            -0.002574,
            -0.003165,
            -0.04833
          ],
          [
            0.022246,
            -0.007467,
            -0.074964
          ],
          [
            0.011355,
            -0.033329,
            -0.039902
          ],
          [
            0.008754,
            -0.011069,
            -0.044908
          ],
          [
            -0.003006,
            -0.0024,
            0.039617
          ],
          [
            -0.02331,
            -0.002096,
            0.095626
          ],
          [
            -0.010147,
            0.039506,
            -0.001983
          ],
          [
            0.017601,
            0.024777,
            0.126749
          ],
          [
            -0.059621,
            0.005463,
            0.078871
          ],
          [
            0.005141,
            0.051701,
            -0.002001
          ],
          [
            -0.040221,
            -0.002753,
            0.07702
          ],
          [
            0.008006,
            0.016984,
            0.048653
          ],
          [
            -0.000528,
            0.016162,
            0.00395
          ],
          [
            -0.019779,
            0.014471,
            0.039642
          ],
          [
            0.006349,
            0.047315,
            0.042819
          ],
          [
            0.051336,
            -0.012534,
            0.0883
          ],
          [
            -0.015802,
            0.02528,
            0.041934
          ],
          [
            -0.027106,
            0.059837,
            0.069436
          ],
          [
            -0.023887,
            -0.031502,
            0.06049
          ],
          [
            -0.014341,
            0.079923,
            0.102079
          ],
          [
            -0.021343,
            0.033751,
            0.010406
          ],
          [
            -0.011798,
            0.008915,
            -0.001783
          ],
          [
            -0.000537,
            0.012651,
            0.00123
          ],
          [
            -0.010653,
            0.00617,
            0.000173
          ],
          [
            -0.001832,
            -0.007153,
            0.001024
          ],
          [
            0.006578,
            -0.002897,
            0.00565
          ],
          [
            -0.000247,
            0.00459,
            -0.001823
          ],
          [
            0.00441,
            0.007694,
            -0.010257
          ],
          [
            -0.007902,
            -0.004672,
            0.008296
          ],
          [
            0.010566,
            0.004464,
            -0.010839
          ],
          [
            -0.001668,
            -0.001662,
            0.011806
          ],
          [
            -0.004119,
            0.008353,
            0.013714
          ],
          [
            -0.005789,
            -0.001679,
            -0.012028
          ],
          [
            -0.003101,
            0.007868,
            -0.003382
          ],
          [
            -0.011801,
            -0.007394,
            -0.008637
          ],
          [
            0.012658,
            0.005157,
            -0.024581
          ],
          [
            0.004189,
            -0.005145,
            -0.016022
          ],
          [
            0.013169,
            -0.005378,
            0.004047
          ],
          [
            -0.004943,
            -0.001454,
            -0.005991
          ],
          [
            -0.005488,
            0.000377,
            -0.007786
          ],
          [
            0.001424,
            0.007376,
            -0.00147
          ],
          [
            -0.001415,
            0.005547,
            0.005057
          ],
          [
            0.000905,
            0.000445,
            0.00088
          ],
          [
            0.00556,
            0.012556,
            0.006593
          ],
          [
            -0.001285,
            0.013783,
            0.004889
          ],
          [
            -0.0087,
            0.002539,
            0.004349
          ],
          [
            -0.005604,
            0.006165,
            -0.001219
          ],
          [
            -0.001659,
            0.010723,
            0.001755
          ],
          [
            0.00475,
            0.005965,
            0.000657
          ],
          [
            0.00193,
            -0.000198,
            -0.003662
          ],
          [
            0.004655,
            -0.013321,
            -0.001563
          ],
          [
            -0.001382,
            -0.002019,
            0.012047
          ],
          [
            -0.001078,
            -0.007168,
            0.002965
          ],
          [
            0.012051,
            -0.004848,
            0.003996
          ],
          [
            0.007401,
            -0.003572,
            0.009735
          ],
          [
            -0.010551,
            -0.005145,
            0.012522
          ],
          [
            -0.003498,
            -0.005094,
            -0.004745
          ],
          [
            -0.006751,
            -0.016428,
            0.00408
          ],
          [
            -0.031192,
            -0.102871,
            0.000948
          ],
          [
            -0.047821,
            0.023522,
            -0.004946
          ],
          [
            -0.01845,
            0.125255,
            -0.004847
          ],
          [
            0.013734,
            -0.046057,
            0.008965
          ],
          [
            -0.029125,
            -0.078308,
            -0.005611
          ],
          [
            0.050079,
            0.055972,
            0.002251
          ],
          [
            -0.004849,
            0.022693,
            -0.001298
          ],
          [
            0.001409,
            0.072829,
            -0.005404
          ],
          [
            0.036569,
            -0.004259,
            -0.002517
          ],
          [
            0.002604,
            -0.040576,
            0.012753
          ],
          [
            0.017216,
            -0.055347,
            -0.008544
          ],
          [
            0.021944,
            -0.01593,
            0.002346
          ],
          [
            -0.011135,
            0.002823,
            0.004992
          ],
          [
            0.029071,
            -0.018808,
            -0.022322
          ],
          [
            0.029241,
            -0.02041,
            0.022439
          ],
          [
            0.013927,
            0.018292,
            -0.017963
          ],
          [
            -0.019239,
            0.001982,
            -0.01965
          ],
          [
            -0.023514,
            0.006651,
            0.017793
          ],
          [
            -0.006998,
            0.014954,
            0.001164
          ],
          [
            -0.020136,
            0.021979,
            0.019777
          ],
          [
            -0.006885,
            0.018106,
            -0.018919
          ],
          [
            -0.008257,
            -0.023524,
            -0.026423
          ],
          [
            -0.011881,
            -0.010841,
            0.024528
          ],
          [
            -0.007479,
            -0.016432,
            -0.006306
          ]
        ],
        "Lattice": [
          [
            8.440733911,
            0.0,
            0.0
          ],
          [
            8.440733911,
            14.619780548,
            0.0
          ],
          [
            0.0,
            0.0,
            21.483230591
          ]
        ],
        "NumAtoms": 96,
        "Positions": [
          [
            4.22079,
            2.43687,
            0.0
          ],
          [
            9.84794,
            12.18339,
            0.0
          ],
          [
            7.03437,
            7.31013,
            0.0
          ],
          [
            7.03437,
            2.43687,
            0.0
          ],
          [
            12.66152,
            12.18339,
            0.0
          ],
          [
            9.84795,
            7.31013,
            0.0
          ],
          [
            1.40721,
            2.43687,
            0.0
          ],
          [
            7.03437,
            12.18339,
            0.0
          ],
          [
            4.22079,
            7.31013,
            0.0
          ],
          [
            2.81385,
            0.0,
            0.0
          ],
          [
            8.44101,
            9.74652,
            0.0
          ],
          [
            5.62743,
            4.87326,
            0.0
          ],
          [
            5.62743,
            0.0,
            0.0
          ],
          [
            11.25459,
            9.74652,
            0.0
          ],
          [
            8.44101,
            4.87326,
            0.0
          ],
          [
            0.00028,
            0.0,
            0.0
          ],
          [
            5.62743,
            9.74652,
            0.0
          ],
          [
            2.81385,
            4.87326,
            0.0
          ],
          [
            7.03462,
            4.06144,
            2.2975
          ],
          [
            12.66177,
            13.80796,
            2.2975
          ],
          [
            9.8482,
            8.9347,
            2.2975
          ],
          [
            9.8482,
            4.06144,
            2.2975
          ],
          [
            15.47535,
            13.80796,
            2.2975
          ],
          [
            12.66177,
            8.9347,
            2.2975
          ],
          [
            4.22104,
            4.06144,
            2.2975
          ],
          [
            9.8482,
            13.80796,
            2.2975
          ],
          [
            7.03462,
            8.9347,
            2.2975
          ],
          [
            5.62769,
            1.62456,
            2.2975
          ],
          [
            11.25484,
            11.37109,
            2.2975
          ],
          [
            8.44127,
            6.49782,
            2.2975
          ],
          [
            8.44127,
            1.62456,
            2.2975
          ],
          [
            14.06842,
            11.37109,
            2.2975
          ],
          [
            11.25484,
            6.49782,
            2.2975
          ],
          [
            2.81411,
            1.62456,
            2.2975
          ],
          [
            8.44127,
            11.37109,
            2.2975
          ],
          [
            5.62769,
            6.49782,
            2.2975
          ],
          [
            1.38925,
            0.83739,
            4.56749
          ],
          [
            7.01395,
            10.58858,
            4.56379
          ],
          [
            4.20671,
            5.70057,
            4.5648
          ],
          [
            4.19904,
            0.83776,
            4.56856
          ],
          [
            9.8253,
            10.58756,
            4.55906
          ],
          [
            7.03076,
            5.70449,
            4.55692
          ],
          [
            7.01399,
            0.83237,
            4.56757
          ],
          [
            12.64463,
            10.59208,
            4.56795
          ],
          [
            9.84885,
            5.69944,
            4.58785
          ],
          [
            2.80086,
            3.27921,
            4.58799
          ],
          [
            8.41436,
            13.02412,
            4.56153
          ],
          [
            5.61933,
            8.14827,
            4.5548
          ],
          [
            5.61492,
            3.26437,
            4.56586
          ],
          [
            11.23493,
            13.02184,
            4.57555
          ],
          [
            8.43112,
            8.14427,
            4.55752
          ],
          [
            8.4279,
            3.26908,
            4.57115
          ],
          [
            14.03809,
            13.02054,
            4.58258
          ],
          [
            11.23768,
            8.14548,
            4.55165
          ],
          [
            5.59031,
            0.056,
            6.88699
          ],
          [
            11.22033,
            9.79583,
            6.84665
          ],
          [
            8.42255,
            4.92089,
            6.8858
          ],
          [
            2.77813,
            0.06158,
            6.88207
          ],
          [
            8.39707,
            9.79353,
            6.86322
          ],
          [
            5.63054,
            4.91644,
            6.84983
          ],
          [
            11.2457,
            4.93704,
            6.93413
          ],
          [
            8.40273,
            0.05554,
            6.87989
          ],
          [
            14.03749,
            9.80634,
            6.87442
          ],
          [
            9.82104,
            2.48731,
            6.88556
          ],
          [
            15.42908,
            12.23853,
            6.88309
          ],
          [
            12.63693,
            7.37654,
            6.83134
          ],
          [
            7.01382,
            2.48359,
            6.88333
          ],
          [
            12.61137,
            12.23691,
            6.90909
          ],
          [
            9.81368,
            7.36828,
            6.87652
          ],
          [
            7.01778,
            7.35914,
            6.86047
          ],
          [
            4.20234,
            2.48531,
            6.88361
          ],
          [
            9.7852,
            12.24167,
            6.85657
          ],
          [
            9.36865,
            9.52186,
            10.32504
          ],
          [
            10.68924,
            10.23594,
            10.1969
          ],
          [
            5.94971,
            7.76578,
            10.31197
          ],
          [
            4.59861,
            7.13711,
            10.10243
          ],
          [
            4.50753,
            5.62058,
            10.07425
          ],
          [
            10.6168,
            11.74465,
            10.04539
          ],
          [
            3.23854,
            5.16851,
            9.54119
          ],
          [
            9.30485,
            8.28004,
            10.42456
          ],
          [
            8.30722,
            10.30645,
            10.30499
          ],
          [
            6.05011,
            8.99743,
            10.43255
          ],
          [
            6.98711,
            6.94441,
            10.30422
          ],
          [
            11.94745,
            12.20871,
            9.77031
          ],
          [
            7.42639,
            9.77225,
            10.3648
          ],
          [
            11.18855,
            9.81216,
            9.29537
          ],
          [
            11.3334,
            9.95761,
            11.04741
          ],
          [
            7.86967,
            7.46407,
            10.37351
          ],
          [
            12.70851,
            7.52743,
            9.10345
          ],
          [
            12.3369,
            7.57954,
            10.82838
          ],
          [
            10.94947,
            5.73428,
            9.8693
          ],
          [
            5.27762,
            5.19104,
            9.40669
          ],
          [
            4.65122,
            5.18371,
            11.07959
          ],
          [
            11.94106,
            13.18451,
            9.68789
          ],
          [
            10.21677,
            12.22848,
            10.95402
          ],
          [
            9.93222,
            12.01289,
            9.20311
          ]
        ],
        "Stress": [
          [
            -53.40985,
            -0.92193,
            -0.50561
          ],
          [
            -0.92193,
            -52.39564,
            0.33906
          ],
          [
            -0.50561,
            0.33906,
            -2.66899
          ]
        ],
        "computation_code": "VASP",
        "pseudopotential_information": [
          [
            "PAW_PBE",
            "Pt",
            "04Feb2005"
          ],
          [
            "PAW_PBE",
            "C",
            "08Apr2002"
          ],
          [
            "PAW_PBE",
            "O",
            "08Apr2002"
          ],
          [
            "PAW_PBE",
            "H",
            "15Jun2001"
          ]
        ]
      }
    ],
    "EnergyStyle": "electronvolt",
    "ForcesStyle": "electronvoltperangstrom",
    "LatticeStyle": "angstrom",
    "PositionsStyle": "angstrom",
    "StressStyle": "kB"
  }
}