{
  "Dataset": {
    "AtomTypeStyle": "chemicalsymbol",
    "Data": [
      {
        "AtomTypes": [
          "Pt",
          "Pt",
          "Pt",
          "Pt",
          "Pt",
          "Pt",
          "Pt",
          "Pt",
          "Pt",
          "Pt",
          "Pt",
          "Pt",
          "Pt",
          "Pt",
          "Pt",
          "Pt",
          "Pt",
          "Pt",
          "Pt",
          "Pt",
          "Pt",
          "Pt",
          "Pt",
          "Pt",
          "Pt",
          "Pt",
          "Pt",
          "Pt",
          "Pt",
          "Pt",
          "Pt",
          "Pt",
          "Pt",
          "Pt",
          "Pt",
          "Pt",
          "Pt",
          "Pt",
          "Pt",
          "Pt",
          "Pt",
          "Pt",
          "Pt",
          "Pt",
          "Pt",
          "Pt",
          "Pt",
          "Pt",
          "Pt",
          "Pt",
          "Pt",
          "Pt",
          "Pt",
          "Pt",
          "Pt",
          "Pt",
          "Pt",
          "Pt",
          "Pt",
          "Pt",
          "Pt",
          "Pt",
          "Pt",
          "Pt",
          "Pt",
          "Pt",
          "Pt",
          "Pt",
          "Pt",
          "Pt",
          "Pt",
          "Pt",
          "Pt",
          "Pt",
          "Pt",
          "Pt",
          "Pt",
          "Pt",
          "Pt",
          "Pt",
          "C",
          "C",
          "C",
          "C",
          "C",
          "C",
          "O",
          "O",
          "O",
          "O",
          "O",
          "O",
          "H",
          "H",
          "H",
          "H",
          "H",
          "H",
          "H",
          "H",
          "H",
          "H",
          "H",
          "H"
        ],
        "Energy": -371.68037698,
        "Forces": [
          [
            -0.016724,
            0.009715,
            -0.06635
          ],
          [
            0.008117,
            -0.015383,
            -0.025239
          ],
          [
            -0.003229,
            0.011039,
            -0.054696
          ],
          [
            0.023353,
            0.015352,
            -0.028009
          ],
          [
            0.006623,
            0.000527,
            -0.040564
          ],
          [
            -0.0167,
            -0.001661,
            -0.061304
          ],
          [
            0.010244,
            -0.019031,
            -0.041963
          ],
          [
            0.004957,
            0.011679,
            -0.035314
          ],
          [
            0.019038,
            0.021221,
            -0.07254
          ],
          [
            -0.024219,
            0.034797,
            -0.018474
          ],
          [
            0.014564,
            0.025009,
            -0.043345
          ],
          [
            0.001856,
            -0.007444,
            -0.039991
          ],
          [
            0.005292,
            0.011495,
            -0.042098
          ],
          [
            -0.016943,
            -0.012043,
            -0.066848
          ],
          [
            0.002949,
            0.01154,
            -0.035106
          ],
          [
            0.017551,
            0.008681,
            -0.068308
          ],
          [
            -0.011653,
            0.022483,
            -0.011472
          ],
          [
            -0.002392,
            -0.006227,
            -0.078764
          ],
          [
            -0.016998,
            -0.003134,
            -0.030742
          ],
          [
            0.005998,
            0.014665,
            -0.033714
          ],
          [
            0.03024,
            0.026392,
            0.013861
          ],
          [
            -0.03831,
            0.030962,
            0.077571
          ],
          [
            -0.086393,
            -0.064963,
            0.11781
          ],
          [
            -0.019871,
            -0.04993,
            0.026584
          ],
          [
            0.084581,
            -0.041659,
            0.054425
          ],
          [
            -0.005064,
            -0.008001,
            0.010294
          ],
          [
            -0.012343,
            -0.007313,
            0.003263
          ],
          [
            -0.01307,
            0.012518,
            -0.01518
          ],
          [
            0.049842,
            0.01063,
            0.068911
          ],
          [
            -0.010119,
            -0.072201,
            0.070738
          ],
          [
            0.009118,
            -0.024845,
            0.009766
          ],
          [
            0.021125,
            -0.0062,
            0.013703
          ],
          [
            0.068284,
            0.037319,
            0.109849
          ],
          [
            -0.00678,
            0.009589,
            0.073839
          ],
          [
            -0.040471,
            -0.03289,
            0.028682
          ],
          [
            -0.010643,
            -0.017359,
            -0.021353
          ],
          [
            0.027741,
            0.035751,
            0.074525
          ],
          [
            0.02214,
            -0.060151,
            0.113376
          ],
          [
            -0.022016,
            -0.021201,
            0.023346
          ],
          [
            -0.014475,
            -0.006176,
            0.005566
          ],
          [
            -8.9e-05,
            -0.00033,
            0.006823
          ],
          [
            -0.000616,
            0.003987,
            -0.001934
          ],
          [
            -6.3e-05,
            0.002879,
            -0.000266
          ],
          [
            -0.002902,
            0.005569,
            0.004485
          ],
          [
            0.00163,
            0.000581,
            0.005269
          ],
          [
            -0.002248,
            -0.002421,
            0.006522
          ],
          [
            0.000507,
            -0.001325,
            0.006258
          ],
          [
            0.000336,
            -0.005623,
            0.003523
          ],
          [
            0.001811,
            0.000218,
            0.007895
          ],
          [
            -0.000608,
            0.004105,
            0.000678
          ],
          [
            0.002023,
            -0.000455,
            0.008108
          ],
          [
            -0.00266,
            -0.002171,
            0.008869
          ],
          [
            -0.005186,
            -0.003886,
            0.007939
          ],
          [
            0.001902,
            0.000266,
            -0.002092
          ],
          [
            -0.001445,
            -0.00044,
            -0.001718
          ],
          [
            0.001471,
            -0.003838,
            0.010496
          ],
          [
            -0.003096,
            -0.003646,
            0.008901
          ],
          [
            -0.000393,
            0.000634,
            0.003253
          ],
          [
            0.005305,
            0.00317,
            0.002471
          ],
          [
            0.002453,
            0.000762,
            0.006031
          ],
          [
            -0.00199,
            0.004094,
            -0.005198
          ],
          [
            -0.000292,
            0.000235,
            -0.00304
          ],
          [
            -0.002476,
            -0.002974,
            -0.007996
          ],
          [
            0.000342,
            -0.005298,
            0.005667
          ],
          [
            -0.002437,
            -0.003798,
            -0.009944
          ],
          [
            0.001299,
            -0.003308,
            0.002971
          ],
          [
            0.002875,
            0.000454,
            -0.003179
          ],
          [
            -0.001481,
            -0.002208,
            -0.000117
          ],
          [
            -0.000496,
            0.003652,
            -7.9e-05
          ],
          [
            0.003436,
            -0.000445,
            -0.0009
          ],
          [
            -0.000589,
            0.002527,
            -0.001131
          ],
          [
            -0.001215,
            0.002175,
            -0.009406
          ],
          [
            -0.0035,
            -0.000647,
            -0.003941
          ],
          [
            0.002953,
            0.000841,
            0.005474
          ],
          [
            0.002991,
            0.003173,
            -0.005495
          ],
          [
            -0.000796,
            0.001465,
            0.005425
          ],
          [
            -0.002243,
            0.001814,
            -0.003785
          ],
          [
            -0.002983,
            0.000712,
            -0.001827
          ],
          [
            0.002962,
            -0.002649,
            0.001118
          ],
          [
            -0.002148,
            -0.001597,
            -0.002153
          ],
          [
            0.009159,
            -0.065651,
            -0.063738
          ],
          [
            -0.025956,
            -0.015185,
            0.001929
          ],
          [
            0.055049,
            0.053726,
            0.046003
          ],
          [
            0.018631,
            -0.019686,
            0.007787
          ],
          [
            -0.011266,
            -4.8e-05,
            -0.02051
          ],
          [
            0.023468,
            -0.025148,
            0.019174
          ],
          [
            -0.004117,
            0.007334,
            0.009384
          ],
          [
            0.009718,
            0.083869,
            0.036857
          ],
          [
            -0.022732,
            0.010362,
            0.001969
          ],
          [
            -0.033445,
            -0.026159,
            -0.032068
          ],
          [
            -0.027108,
            -0.002183,
            -0.011368
          ],
          [
            0.023734,
            0.015933,
            -0.005097
          ],
          [
            -0.004956,
            0.019291,
            -0.009611
          ],
          [
            -0.002071,
            0.004268,
            -0.001778
          ],
          [
            0.018389,
            -0.003449,
            0.009444
          ],
          [
            -0.011042,
            0.01384,
            0.00868
          ],
          [
            -0.006418,
            0.011653,
            -0.008741
          ],
          [
            -0.019252,
            0.021474,
            0.002803
          ],
          [
            -0.010434,
            -0.007449,
            -0.009585
          ],
          [
            0.005994,
            0.004522,
            0.003115
          ],
          [
            -0.009842,
            0.011812,
            0.001992
          ],
          [
            -0.001997,
            0.009545,
            -0.001366
          ],
          [
            -0.001261,
            0.005996,
            0.012601
          ],
          [
            -0.009786,
            0.011527,
            -0.016586
          ]
        ],
        "Lattice": [
          [
            11.25432297,
            0.0,
            0.0
          ],
          [
            7.033944591,
            12.18315045,
            0.0
          ],
          [
            0.0,
            0.0,
            21.483230591
          ]
        ],
        "NumAtoms": 104,
        "Positions": [
          [
            0.0,
            0.0,
            0.0
          ],
          [
            1.40679,
            2.43663,
            0.0
          ],
          [
            2.81358,
            4.87326,
            0.0
          ],
          [
            4.22037,
            7.30989,
            0.0
          ],
          [
            5.62716,
            9.74652,
            0.0
          ],
          [
            2.81358,
            0.0,
            0.0
          ],
          [
            4.22037,
            2.43663,
            0.0
          ],
          [
            5.62716,
            4.87326,
            0.0
          ],
          [
            7.03395,
            7.30989,
            0.0
          ],
          [
            8.44074,
            9.74652,
            0.0
          ],
          [
            5.62716,
            0.0,
            0.0
          ],
          [
            7.03395,
            2.43663,
            0.0
          ],
          [
            8.44074,
            4.87326,
            0.0
          ],
          [
            9.84753,
            7.30989,
            0.0
          ],
          [
            11.25432,
            9.74652,
            0.0
          ],
          [
            8.44074,
            0.0,
            0.0
          ],
          [
            9.84753,
            2.43663,
            0.0
          ],
          [
            11.25432,
            4.87326,
            0.0
          ],
          [
            12.66111,
            7.30989,
            0.0
          ],
          [
            14.0679,
            9.74652,
            0.0
          ],
          [
            2.81375,
            1.62442,
            2.2975
          ],
          [
            4.22054,
            4.06105,
            2.2975
          ],
          [
            5.62732,
            6.49768,
            2.2975
          ],
          [
            7.03411,
            8.93431,
            2.2975
          ],
          [
            8.4409,
            11.37094,
            2.2975
          ],
          [
            5.62761,
            1.62442,
            2.2975
          ],
          [
            7.0344,
            4.06105,
            2.2975
          ],
          [
            8.44119,
            6.49768,
            2.2975
          ],
          [
            9.84798,
            8.93431,
            2.2975
          ],
          [
            11.25476,
            11.37094,
            2.2975
          ],
          [
            8.44091,
            1.62442,
            2.2975
          ],
          [
            9.8477,
            4.06105,
            2.2975
          ],
          [
            11.25449,
            6.49768,
            2.2975
          ],
          [
            12.66127,
            8.93431,
            2.2975
          ],
          [
            14.06806,
            11.37094,
            2.2975
          ],
          [
            11.25477,
            1.62442,
            2.2975
          ],
          [
            12.66156,
            4.06105,
            2.2975
          ],
          [
            14.06835,
            6.49768,
            2.2975
          ],
          [
            15.47514,
            8.93431,
            2.2975
          ],
          [
            16.88192,
            11.37094,
            2.2975
          ],
          [
            1.40797,
            0.79327,
            4.55266
          ],
          [
            2.81364,
            3.23701,
            4.57151
          ],
          [
            4.2049,
            5.66554,
            4.59099
          ],
          [
            5.62597,
            8.11083,
            4.56501
          ],
          [
            7.03323,
            10.54911,
            4.56092
          ],
          [
            4.22099,
            0.79382,
            4.55668
          ],
          [
            5.63163,
            3.23743,
            4.56127
          ],
          [
            7.03604,
            5.68435,
            4.55827
          ],
          [
            8.4372,
            8.11494,
            4.56491
          ],
          [
            9.85376,
            10.53878,
            4.58569
          ],
          [
            7.03783,
            0.80108,
            4.5571
          ],
          [
            8.44078,
            3.24226,
            4.56553
          ],
          [
            9.85072,
            5.67855,
            4.5482
          ],
          [
            11.25791,
            8.12404,
            4.57858
          ],
          [
            12.66223,
            10.54286,
            4.5757
          ],
          [
            9.8501,
            0.80347,
            4.56508
          ],
          [
            11.2511,
            3.2332,
            4.56396
          ],
          [
            12.66295,
            5.66604,
            4.57521
          ],
          [
            14.07099,
            8.10853,
            4.56788
          ],
          [
            15.48111,
            10.54965,
            4.55996
          ],
          [
            0.0031,
            -0.0313,
            6.87561
          ],
          [
            1.38969,
            2.38724,
            6.85374
          ],
          [
            2.8117,
            4.83539,
            6.91093
          ],
          [
            4.23453,
            7.29847,
            6.88235
          ],
          [
            5.63332,
            9.72527,
            6.88572
          ],
          [
            2.81592,
            -0.01088,
            6.86826
          ],
          [
            4.23575,
            2.40086,
            6.85689
          ],
          [
            5.66065,
            4.84174,
            6.85723
          ],
          [
            7.03219,
            7.2851,
            6.88609
          ],
          [
            8.42108,
            9.71691,
            6.87259
          ],
          [
            5.63803,
            -0.00661,
            6.8656
          ],
          [
            7.04587,
            2.4081,
            6.87873
          ],
          [
            8.44348,
            4.8469,
            6.87578
          ],
          [
            9.83542,
            7.26694,
            6.85501
          ],
          [
            11.27175,
            9.70316,
            6.90772
          ],
          [
            8.44387,
            -0.0233,
            6.86943
          ],
          [
            9.84343,
            2.40519,
            6.87821
          ],
          [
            11.22703,
            4.83781,
            6.86487
          ],
          [
            12.6737,
            7.27453,
            6.86956
          ],
          [
            14.09781,
            9.72382,
            6.86594
          ],
          [
            9.16778,
            7.35419,
            10.71067
          ],
          [
            10.43536,
            8.05169,
            10.291
          ],
          [
            5.6431,
            6.18679,
            10.74559
          ],
          [
            4.21918,
            6.0157,
            10.29809
          ],
          [
            3.77471,
            4.57788,
            10.08626
          ],
          [
            10.23497,
            9.54031,
            10.04828
          ],
          [
            2.59112,
            4.49985,
            9.25218
          ],
          [
            8.95,
            6.1624,
            10.43677
          ],
          [
            8.32674,
            8.13069,
            11.36619
          ],
          [
            5.97378,
            7.11285,
            11.50367
          ],
          [
            6.49158,
            5.32618,
            10.21266
          ],
          [
            11.38022,
            9.99982,
            9.28529
          ],
          [
            7.41479,
            7.66523,
            11.51852
          ],
          [
            10.78817,
            7.56526,
            9.36202
          ],
          [
            11.21009,
            7.8823,
            11.06005
          ],
          [
            7.47314,
            5.59268,
            10.38854
          ],
          [
            4.17226,
            6.53868,
            9.31058
          ],
          [
            3.56461,
            6.56355,
            10.99212
          ],
          [
            13.13779,
            5.09998,
            9.56942
          ],
          [
            4.53802,
            4.00132,
            9.54465
          ],
          [
            3.56016,
            4.06967,
            11.0426
          ],
          [
            11.38608,
            10.98238,
            9.24007
          ],
          [
            10.18035,
            10.10634,
            10.99087
          ],
          [
            9.30856,
            9.72248,
            9.47233
          ]
        ],
        "Stress": [
          [
            -49.87932,
            0.08719,
            -0.20316
          ],
          [
            0.08719,
            -51.21695,
            0.36322
          ],
          [
            -0.20316,
            0.36322,
            -2.51952
          ]
        ],
        "computation_code": "VASP",
        "pseudopotential_information": [
          [
            "PAW_PBE",
            "Pt",
            "04Feb2005"
          ],
          [
            "PAW_PBE",
            "C",
            "08Apr2002"
          ],
          [
            "PAW_PBE",
            "O",
            "08Apr2002"
          ],
          [
            "PAW_PBE",
            "H",
            "15Jun2001"
          ]
        ]
      }
    ],
    "EnergyStyle": "electronvolt",
    "ForcesStyle": "electronvoltperangstrom",
    "LatticeStyle": "angstrom",
    "PositionsStyle": "angstrom",
    "StressStyle": "kB"
  }
}