{
  "Dataset": {
    "AtomTypeStyle": "chemicalsymbol",
    "Data": [
      {
        "AtomTypes": [
          "Pt",
          "Pt",
          "Pt",
          "Pt",
          "Pt",
          "Pt",
          "Pt",
          "Pt",
          "Pt",
          "Pt",
          "Pt",
          "Pt",
          "Pt",
          "Pt",
          "Pt",
          "Pt",
          "Pt",
          "Pt",
          "Pt",
          "Pt",
          "Pt",
          "Pt",
          "Pt",
          "Pt",
          "Pt",
          "Pt",
          "Pt",
          "Pt",
          "Pt",
          "Pt",
          "Pt",
          "Pt",
          "Pt",
          "Pt",
          "Pt",
          "Pt",
          "Pt",
          "Pt",
          "Pt",
          "Pt",
          "Pt",
          "Pt",
          "Pt",
          "Pt",
          "Pt",
          "Pt",
          "Pt",
          "Pt",
          "Pt",
          "Pt",
          "Pt",
          "Pt",
          "Pt",
          "Pt",
          "Pt",
          "Pt",
          "Pt",
          "Pt",
          "Pt",
          "Pt",
          "Pt",
          "Pt",
          "Pt",
          "Pt",
          "Pt",
          "Pt",
          "Pt",
          "Pt",
          "Pt",
          "Pt",
          "Pt",
          "Pt",
          "C",
          "C",
          "C",
          "C",
          "C",
          "C",
          "O",
          "O",
          "O",
          "O",
          "O",
          "O",
          "H",
          "H",
          "H",
          "H",
          "H",
          "H",
          "H",
          "H",
          "H",
          "H",
          "H",
          "H"
        ],
        "Energy": -346.84550466,
        "Forces": [
          [
            -0.001176,
            -0.054823,
            -0.056836
          ],
          [
            0.00483,
            -0.022973,
            -0.035682
          ],
          [
            0.026281,
            0.01303,
            -0.140001
          ],
          [
            0.005064,
            -0.026691,
            -0.030689
          ],
          [
            0.017503,
            -0.012062,
            -0.042789
          ],
          [
            -0.008408,
            -0.033047,
            -0.040027
          ],
          [
            0.013092,
            -0.044395,
            -0.048034
          ],
          [
            0.000903,
            -0.019761,
            -0.054015
          ],
          [
            0.032529,
            -0.036865,
            -0.018752
          ],
          [
            0.010629,
            -0.056014,
            -0.085285
          ],
          [
            0.010781,
            -0.021887,
            -0.030381
          ],
          [
            0.037295,
            -0.006227,
            -0.045438
          ],
          [
            0.000149,
            -0.016895,
            -0.057188
          ],
          [
            0.020748,
            -0.022916,
            -0.035868
          ],
          [
            -0.00474,
            -0.016857,
            -0.062612
          ],
          [
            0.011621,
            -0.018306,
            -0.059207
          ],
          [
            0.021561,
            -0.014399,
            -0.043237
          ],
          [
            0.009151,
            -0.031297,
            -0.034537
          ],
          [
            -0.011869,
            -0.025651,
            -0.034037
          ],
          [
            -0.022762,
            0.000876,
            0.118106
          ],
          [
            0.002196,
            0.079566,
            0.136945
          ],
          [
            0.079452,
            0.077305,
            0.151415
          ],
          [
            -0.011112,
            0.008969,
            0.094461
          ],
          [
            -0.063282,
            0.054442,
            0.07705
          ],
          [
            -0.090008,
            0.08959,
            0.204591
          ],
          [
            0.016913,
            0.016361,
            0.124985
          ],
          [
            0.007244,
            0.020301,
            0.014087
          ],
          [
            0.018664,
            0.026074,
            0.060198
          ],
          [
            -0.029729,
            0.028312,
            0.193647
          ],
          [
            0.108349,
            0.023801,
            -0.035307
          ],
          [
            -0.003156,
            0.013092,
            0.077041
          ],
          [
            0.005423,
            0.016777,
            0.107018
          ],
          [
            0.012613,
            -0.044996,
            0.274079
          ],
          [
            0.015201,
            0.135996,
            0.08117
          ],
          [
            0.01658,
            0.026849,
            0.195644
          ],
          [
            -0.198118,
            -0.026901,
            0.041855
          ],
          [
            -0.109807,
            -0.079796,
            0.036389
          ],
          [
            0.020336,
            0.13804,
            -0.017951
          ],
          [
            -0.034914,
            0.056945,
            -0.273981
          ],
          [
            0.002652,
            -0.033384,
            0.04245
          ],
          [
            0.003086,
            0.011621,
            -0.146501
          ],
          [
            -0.058152,
            -0.158855,
            0.26076
          ],
          [
            0.010768,
            0.018563,
            -0.03008
          ],
          [
            -0.085185,
            -0.006402,
            -0.034938
          ],
          [
            0.11711,
            -0.074498,
            -0.13017
          ],
          [
            0.04592,
            0.004661,
            -0.090927
          ],
          [
            0.053591,
            -0.084902,
            -0.048728
          ],
          [
            -0.099829,
            0.030216,
            0.172346
          ],
          [
            -0.027127,
            0.02173,
            0.069011
          ],
          [
            0.003741,
            -0.09295,
            -0.052665
          ],
          [
            0.073283,
            0.156674,
            0.122949
          ],
          [
            -0.015232,
            -0.013272,
            0.072909
          ],
          [
            -0.012579,
            0.026138,
            -0.002567
          ],
          [
            0.035686,
            -0.022071,
            0.034405
          ],
          [
            -0.02928,
            -0.075349,
            -0.065322
          ],
          [
            -0.054875,
            -0.00673,
            -0.047377
          ],
          [
            0.188681,
            -0.053751,
            0.034107
          ],
          [
            -0.086836,
            -0.03567,
            -0.057096
          ],
          [
            0.023557,
            0.066205,
            -0.156416
          ],
          [
            -0.158799,
            -0.071333,
            0.094956
          ],
          [
            0.042449,
            -0.079024,
            0.301344
          ],
          [
            0.029566,
            -0.086844,
            -0.019933
          ],
          [
            -0.065443,
            0.042176,
            -0.031959
          ],
          [
            0.141832,
            0.083534,
            -0.026652
          ],
          [
            0.027447,
            0.011858,
            -0.005979
          ],
          [
            -0.124063,
            -0.096623,
            -0.023638
          ],
          [
            -0.071946,
            0.024204,
            -0.085518
          ],
          [
            -0.044007,
            0.04559,
            -0.072052
          ],
          [
            0.117788,
            -0.006863,
            -0.059485
          ],
          [
            0.014241,
            0.044891,
            -0.169395
          ],
          [
            -0.069727,
            0.153621,
            -0.069861
          ],
          [
            0.037392,
            -0.001653,
            0.040894
          ],
          [
            0.13158,
            0.323975,
            0.410646
          ],
          [
            -0.401342,
            -0.340819,
            0.306055
          ],
          [
            -0.221444,
            -0.266755,
            0.025549
          ],
          [
            0.239888,
            -0.177195,
            0.467305
          ],
          [
            0.428651,
            0.169043,
            -0.923263
          ],
          [
            0.258869,
            -0.081662,
            -0.384384
          ],
          [
            0.076348,
            -0.179222,
            -0.175718
          ],
          [
            -0.167948,
            0.237645,
            -0.000172
          ],
          [
            0.382211,
            -0.458123,
            -0.727698
          ],
          [
            0.003809,
            0.016211,
            0.108597
          ],
          [
            -0.305165,
            0.211126,
            0.148447
          ],
          [
            -0.005621,
            0.248217,
            -0.054517
          ],
          [
            0.223428,
            0.181968,
            0.138545
          ],
          [
            0.131173,
            -0.010295,
            -0.208162
          ],
          [
            0.035586,
            -0.082115,
            0.050879
          ],
          [
            0.058439,
            -0.130523,
            0.078519
          ],
          [
            -0.113453,
            0.282546,
            -0.298146
          ],
          [
            0.173475,
            -0.113234,
            -0.251335
          ],
          [
            -0.02822,
            -0.019862,
            0.063195
          ],
          [
            -0.467845,
            0.245651,
            0.376489
          ],
          [
            -0.073566,
            -0.130868,
            0.281555
          ],
          [
            -0.013178,
            -0.003398,
            0.012838
          ],
          [
            -0.285257,
            -0.000372,
            0.432518
          ],
          [
            0.045768,
            0.145927,
            -0.156925
          ]
        ],
        "Lattice": [
          [
            8.440733911,
            0.0,
            0.0
          ],
          [
            8.440733911,
            14.619780548,
            0.0
          ],
          [
            0.0,
            0.0,
            21.483230591
          ]
        ],
        "NumAtoms": 96,
        "Positions": [
          [
            4.22079,
            2.43687,
            0.0
          ],
          [
            9.84794,
            12.18339,
            0.0
          ],
          [
            7.03437,
            7.31013,
            0.0
          ],
          [
            7.03437,
            2.43687,
            0.0
          ],
          [
            12.66152,
            12.18339,
            0.0
          ],
          [
            9.84795,
            7.31013,
            0.0
          ],
          [
            1.40721,
            2.43687,
            0.0
          ],
          [
            7.03437,
            12.18339,
            0.0
          ],
          [
            4.22079,
            7.31013,
            0.0
          ],
          [
            2.81385,
            0.0,
            0.0
          ],
          [
            8.44101,
            9.74652,
            0.0
          ],
          [
            5.62743,
            4.87326,
            0.0
          ],
          [
            5.62743,
            0.0,
            0.0
          ],
          [
            11.25459,
            9.74652,
            0.0
          ],
          [
            8.44101,
            4.87326,
            0.0
          ],
          [
            0.00028,
            0.0,
            0.0
          ],
          [
            5.62743,
            9.74652,
            0.0
          ],
          [
            2.81385,
            4.87326,
            0.0
          ],
          [
            7.03462,
            4.06144,
            2.2975
          ],
          [
            12.66177,
            13.80796,
            2.2975
          ],
          [
            9.8482,
            8.9347,
            2.2975
          ],
          [
            9.8482,
            4.06144,
            2.2975
          ],
          [
            15.47535,
            13.80796,
            2.2975
          ],
          [
            12.66177,
            8.9347,
            2.2975
          ],
          [
            4.22104,
            4.06144,
            2.2975
          ],
          [
            9.8482,
            13.80796,
            2.2975
          ],
          [
            7.03462,
            8.9347,
            2.2975
          ],
          [
            5.62769,
            1.62456,
            2.2975
          ],
          [
            11.25484,
            11.37109,
            2.2975
          ],
          [
            8.44127,
            6.49782,
            2.2975
          ],
          [
            8.44127,
            1.62456,
            2.2975
          ],
          [
            14.06842,
            11.37109,
            2.2975
          ],
          [
            11.25484,
            6.49782,
            2.2975
          ],
          [
            2.81411,
            1.62456,
            2.2975
          ],
          [
            8.44127,
            11.37109,
            2.2975
          ],
          [
            5.62769,
            6.49782,
            2.2975
          ],
          [
            1.41401,
            0.85277,
            4.56405
          ],
          [
            7.02768,
            10.56697,
            4.58236
          ],
          [
            4.18268,
            5.71608,
            4.62741
          ],
          [
            4.21285,
            0.84307,
            4.56198
          ],
          [
            9.8305,
            10.58828,
            4.60142
          ],
          [
            7.01383,
            5.7431,
            4.5251
          ],
          [
            7.02347,
            0.8405,
            4.57514
          ],
          [
            12.66017,
            10.58843,
            4.58324
          ],
          [
            9.82432,
            5.733,
            4.59844
          ],
          [
            2.79218,
            3.29577,
            4.60243
          ],
          [
            8.42757,
            13.03336,
            4.5784
          ],
          [
            5.61438,
            8.1484,
            4.55628
          ],
          [
            5.61428,
            3.28096,
            4.56275
          ],
          [
            11.24634,
            13.03164,
            4.5851
          ],
          [
            8.41797,
            8.14552,
            4.56931
          ],
          [
            8.42296,
            3.28636,
            4.56005
          ],
          [
            14.05999,
            13.01637,
            4.57676
          ],
          [
            11.23187,
            8.16313,
            4.58016
          ],
          [
            5.6122,
            0.0688,
            6.89514
          ],
          [
            11.24171,
            9.82413,
            6.90541
          ],
          [
            8.35432,
            4.95329,
            6.85763
          ],
          [
            2.80786,
            0.07011,
            6.89532
          ],
          [
            8.41276,
            9.80595,
            6.93653
          ],
          [
            5.62005,
            4.94966,
            6.85177
          ],
          [
            11.18432,
            4.96107,
            6.92073
          ],
          [
            8.41758,
            0.07356,
            6.88386
          ],
          [
            14.06151,
            9.80999,
            6.90878
          ],
          [
            9.78287,
            2.48297,
            6.87398
          ],
          [
            15.45461,
            12.24412,
            6.88435
          ],
          [
            12.65051,
            7.42025,
            6.89693
          ],
          [
            7.00799,
            2.50009,
            6.89845
          ],
          [
            12.65013,
            12.24333,
            6.90401
          ],
          [
            9.7887,
            7.40642,
            6.90409
          ],
          [
            6.99657,
            7.38325,
            6.92207
          ],
          [
            4.20938,
            2.47567,
            6.87675
          ],
          [
            9.82477,
            12.25374,
            6.88808
          ],
          [
            8.89644,
            8.22239,
            10.63705
          ],
          [
            10.22213,
            8.92728,
            10.46938
          ],
          [
            5.56994,
            6.64265,
            10.61976
          ],
          [
            4.13445,
            6.19222,
            10.4722
          ],
          [
            3.79583,
            4.74488,
            10.16308
          ],
          [
            10.35858,
            10.39091,
            10.83808
          ],
          [
            10.99171,
            4.71744,
            9.40648
          ],
          [
            8.80464,
            7.01212,
            10.26777
          ],
          [
            7.92999,
            8.89383,
            11.21871
          ],
          [
            5.7453,
            7.78873,
            11.08085
          ],
          [
            6.53291,
            5.84865,
            10.20477
          ],
          [
            11.67701,
            10.49878,
            11.40036
          ],
          [
            6.97438,
            8.35818,
            11.16473
          ],
          [
            10.54527,
            8.73609,
            9.43326
          ],
          [
            10.93993,
            8.38292,
            11.10623
          ],
          [
            7.46981,
            6.34836,
            10.23475
          ],
          [
            12.22518,
            6.78209,
            9.6107
          ],
          [
            12.0186,
            6.56891,
            11.36021
          ],
          [
            10.38397,
            5.44421,
            9.68643
          ],
          [
            4.57562,
            4.27894,
            9.49549
          ],
          [
            3.6876,
            4.1198,
            11.05452
          ],
          [
            11.96522,
            11.43082,
            11.39009
          ],
          [
            9.58697,
            10.72504,
            11.53261
          ],
          [
            10.2594,
            11.01088,
            9.9288
          ]
        ],
        "Stress": [
          [
            -63.26962,
            0.41391,
            0.57073
          ],
          [
            0.41391,
            -61.99646,
            0.56658
          ],
          [
            0.57073,
            0.56658,
            -14.14129
          ]
        ],
        "computation_code": "VASP",
        "pseudopotential_information": [
          [
            "PAW_PBE",
            "Pt",
            "04Feb2005"
          ],
          [
            "PAW_PBE",
            "C",
            "08Apr2002"
          ],
          [
            "PAW_PBE",
            "O",
            "08Apr2002"
          ],
          [
            "PAW_PBE",
            "H",
            "15Jun2001"
          ]
        ]
      }
    ],
    "EnergyStyle": "electronvolt",
    "ForcesStyle": "electronvoltperangstrom",
    "LatticeStyle": "angstrom",
    "PositionsStyle": "angstrom",
    "StressStyle": "kB"
  }
}