{
  "Dataset": {
    "AtomTypeStyle": "chemicalsymbol",
    "Data": [
      {
        "AtomTypes": [
          "Pt",
          "Pt",
          "Pt",
          "Pt",
          "Pt",
          "Pt",
          "Pt",
          "Pt",
          "Pt",
          "Pt",
          "Pt",
          "Pt",
          "Pt",
          "Pt",
          "Pt",
          "Pt",
          "Pt",
          "Pt",
          "Pt",
          "Pt",
          "Pt",
          "Pt",
          "Pt",
          "Pt",
          "Pt",
          "Pt",
          "Pt",
          "Pt",
          "Pt",
          "Pt",
          "Pt",
          "Pt",
          "Pt",
          "Pt",
          "Pt",
          "Pt",
          "Pt",
          "Pt",
          "Pt",
          "Pt",
          "Pt",
          "Pt",
          "Pt",
          "Pt",
          "Pt",
          "Pt",
          "Pt",
          "Pt",
          "Pt",
          "Pt",
          "Pt",
          "Pt",
          "Pt",
          "Pt",
          "Pt",
          "Pt",
          "Pt",
          "Pt",
          "Pt",
          "Pt",
          "Pt",
          "Pt",
          "Pt",
          "Pt",
          "Pt",
          "Pt",
          "Pt",
          "Pt",
          "Pt",
          "Pt",
          "Pt",
          "Pt",
          "Pt",
          "Pt",
          "Pt",
          "Pt",
          "Pt",
          "Pt",
          "Pt",
          "Pt",
          "C",
          "C",
          "C",
          "C",
          "C",
          "C",
          "O",
          "O",
          "O",
          "O",
          "O",
          "O",
          "H",
          "H",
          "H",
          "H",
          "H",
          "H",
          "H",
          "H",
          "H",
          "H",
          "H",
          "H"
        ],
        "Energy": -371.67587136,
        "Forces": [
          [
            -0.015792,
            0.011321,
            -0.070106
          ],
          [
            0.009187,
            -0.013218,
            -0.029572
          ],
          [
            -0.003,
            0.011189,
            -0.058563
          ],
          [
            0.022196,
            0.013681,
            -0.033739
          ],
          [
            0.005794,
            0.000359,
            -0.045521
          ],
          [
            -0.016289,
            0.000442,
            -0.063786
          ],
          [
            0.008699,
            -0.018632,
            -0.047079
          ],
          [
            0.003445,
            0.011018,
            -0.037618
          ],
          [
            0.018878,
            0.021055,
            -0.074947
          ],
          [
            -0.022407,
            0.03503,
            -0.023239
          ],
          [
            0.014084,
            0.026116,
            -0.046296
          ],
          [
            0.001461,
            -0.005855,
            -0.0429
          ],
          [
            0.004997,
            0.011213,
            -0.043866
          ],
          [
            -0.016255,
            -0.012109,
            -0.068531
          ],
          [
            0.001908,
            0.012182,
            -0.041673
          ],
          [
            0.01771,
            0.010655,
            -0.071097
          ],
          [
            -0.011618,
            0.023215,
            -0.013933
          ],
          [
            -0.002504,
            -0.007362,
            -0.079995
          ],
          [
            -0.016331,
            -0.002827,
            -0.034308
          ],
          [
            0.005909,
            0.015242,
            -0.037728
          ],
          [
            0.030801,
            0.022896,
            0.027168
          ],
          [
            -0.032501,
            0.033384,
            0.081103
          ],
          [
            -0.080801,
            -0.061795,
            0.127729
          ],
          [
            -0.017512,
            -0.052002,
            0.036038
          ],
          [
            0.08109,
            -0.037633,
            0.061475
          ],
          [
            -0.003503,
            -0.011803,
            0.022629
          ],
          [
            -0.008628,
            -0.009475,
            0.012054
          ],
          [
            -0.011127,
            0.012414,
            -0.000562
          ],
          [
            0.047729,
            0.008475,
            0.079599
          ],
          [
            -0.009257,
            -0.069271,
            0.079686
          ],
          [
            0.01173,
            -0.029787,
            0.029941
          ],
          [
            0.022231,
            -0.006818,
            0.030073
          ],
          [
            0.063934,
            0.03514,
            0.121386
          ],
          [
            -0.006805,
            0.00778,
            0.079185
          ],
          [
            -0.038576,
            -0.032753,
            0.04376
          ],
          [
            -0.015062,
            -0.0183,
            -0.002189
          ],
          [
            0.019893,
            0.034884,
            0.082067
          ],
          [
            0.022889,
            -0.057864,
            0.12263
          ],
          [
            -0.019158,
            -0.017719,
            0.035632
          ],
          [
            -0.015321,
            -0.003366,
            0.021123
          ],
          [
            -0.000496,
            -0.000555,
            -0.015277
          ],
          [
            -0.002654,
            -0.004552,
            -0.001455
          ],
          [
            -0.004268,
            -0.002826,
            -0.003684
          ],
          [
            -0.000724,
            0.001441,
            -0.004055
          ],
          [
            -0.002363,
            -0.000524,
            -0.005044
          ],
          [
            -0.001151,
            -0.001055,
            -0.01643
          ],
          [
            -0.001205,
            -3.6e-05,
            -0.012552
          ],
          [
            0.000863,
            0.002244,
            -0.006485
          ],
          [
            -0.0007,
            -0.000603,
            -0.009485
          ],
          [
            0.001922,
            -0.002129,
            -0.004732
          ],
          [
            -0.002862,
            0.004559,
            -0.018502
          ],
          [
            -0.00211,
            0.003672,
            -0.014179
          ],
          [
            0.000819,
            -0.0003,
            -0.010397
          ],
          [
            -0.001219,
            -0.001298,
            -0.00185
          ],
          [
            0.00136,
            0.003359,
            -0.001929
          ],
          [
            0.000662,
            0.003774,
            -0.021814
          ],
          [
            -0.000814,
            0.003284,
            -0.015151
          ],
          [
            -0.000849,
            -0.002276,
            -0.002991
          ],
          [
            -0.002036,
            -0.000569,
            -0.001804
          ],
          [
            -0.000346,
            -0.00405,
            -0.008538
          ],
          [
            0.000954,
            -0.007353,
            0.00816
          ],
          [
            -0.001833,
            0.002487,
            0.007089
          ],
          [
            0.000598,
            0.003226,
            0.006982
          ],
          [
            0.000354,
            0.006104,
            -0.010063
          ],
          [
            0.001413,
            0.003963,
            0.0084
          ],
          [
            -0.001082,
            -0.001462,
            0.002095
          ],
          [
            -0.009117,
            0.002168,
            0.007228
          ],
          [
            0.000851,
            0.001375,
            0.003439
          ],
          [
            -0.000894,
            -0.001587,
            0.001674
          ],
          [
            -0.000222,
            -0.000266,
            0.006792
          ],
          [
            -0.001901,
            -0.003694,
            0.006316
          ],
          [
            -0.000337,
            0.001422,
            0.01324
          ],
          [
            0.000274,
            -7.2e-05,
            0.007217
          ],
          [
            -0.000577,
            -0.001873,
            0.000197
          ],
          [
            0.004669,
            -0.002473,
            0.004938
          ],
          [
            -0.001317,
            -0.001138,
            -0.003136
          ],
          [
            -0.002302,
            -0.00015,
            0.005672
          ],
          [
            0.001944,
            -0.000744,
            0.00558
          ],
          [
            -0.001916,
            0.003045,
            0.003379
          ],
          [
            0.002042,
            0.005578,
            0.003247
          ],
          [
            -0.089747,
            -0.041186,
            0.012476
          ],
          [
            0.024246,
            -0.052226,
            0.007299
          ],
          [
            0.009299,
            0.034316,
            0.038521
          ],
          [
            0.010808,
            0.025049,
            -0.049138
          ],
          [
            -0.018076,
            -0.000836,
            0.008651
          ],
          [
            0.010254,
            -0.003537,
            0.001511
          ],
          [
            0.001443,
            0.002035,
            -0.007029
          ],
          [
            0.030124,
            0.091341,
            0.014813
          ],
          [
            0.038133,
            0.013022,
            -0.035662
          ],
          [
            -0.02659,
            -0.009568,
            -0.011215
          ],
          [
            0.040541,
            -0.021489,
            -0.01651
          ],
          [
            0.019402,
            -0.044493,
            0.019705
          ],
          [
            0.002303,
            0.006092,
            -0.014555
          ],
          [
            0.001258,
            0.008195,
            0.000874
          ],
          [
            -0.005875,
            0.001112,
            -0.017491
          ],
          [
            -0.030398,
            -4.1e-05,
            0.001653
          ],
          [
            -0.00927,
            -0.001904,
            -0.000165
          ],
          [
            -0.02905,
            0.017815,
            0.022921
          ],
          [
            0.003501,
            -0.006549,
            -0.006017
          ],
          [
            -0.00452,
            0.005459,
            0.002216
          ],
          [
            -0.004816,
            0.003917,
            -0.003623
          ],
          [
            -0.006731,
            0.062055,
            -0.010785
          ],
          [
            -0.002417,
            0.005649,
            0.018553
          ],
          [
            0.010632,
            0.006553,
            -0.015125
          ]
        ],
        "Lattice": [
          [
            11.25432297,
            0.0,
            0.0
          ],
          [
            7.033944591,
            12.18315045,
            0.0
          ],
          [
            0.0,
            0.0,
            21.483230591
          ]
        ],
        "NumAtoms": 104,
        "Positions": [
          [
            0.0,
            0.0,
            0.0
          ],
          [
            1.40679,
            2.43663,
            0.0
          ],
          [
            2.81358,
            4.87326,
            0.0
          ],
          [
            4.22037,
            7.30989,
            0.0
          ],
          [
            5.62716,
            9.74652,
            0.0
          ],
          [
            2.81358,
            0.0,
            0.0
          ],
          [
            4.22037,
            2.43663,
            0.0
          ],
          [
            5.62716,
            4.87326,
            0.0
          ],
          [
            7.03395,
            7.30989,
            0.0
          ],
          [
            8.44074,
            9.74652,
            0.0
          ],
          [
            5.62716,
            0.0,
            0.0
          ],
          [
            7.03395,
            2.43663,
            0.0
          ],
          [
            8.44074,
            4.87326,
            0.0
          ],
          [
            9.84753,
            7.30989,
            0.0
          ],
          [
            11.25432,
            9.74652,
            0.0
          ],
          [
            8.44074,
            0.0,
            0.0
          ],
          [
            9.84753,
            2.43663,
            0.0
          ],
          [
            11.25432,
            4.87326,
            0.0
          ],
          [
            12.66111,
            7.30989,
            0.0
          ],
          [
            14.0679,
            9.74652,
            0.0
          ],
          [
            2.81375,
            1.62442,
            2.2975
          ],
          [
            4.22054,
            4.06105,
            2.2975
          ],
          [
            5.62732,
            6.49768,
            2.2975
          ],
          [
            7.03411,
            8.93431,
            2.2975
          ],
          [
            8.4409,
            11.37094,
            2.2975
          ],
          [
            5.62761,
            1.62442,
            2.2975
          ],
          [
            7.0344,
            4.06105,
            2.2975
          ],
          [
            8.44119,
            6.49768,
            2.2975
          ],
          [
            9.84798,
            8.93431,
            2.2975
          ],
          [
            11.25476,
            11.37094,
            2.2975
          ],
          [
            8.44091,
            1.62442,
            2.2975
          ],
          [
            9.8477,
            4.06105,
            2.2975
          ],
          [
            11.25449,
            6.49768,
            2.2975
          ],
          [
            12.66127,
            8.93431,
            2.2975
          ],
          [
            14.06806,
            11.37094,
            2.2975
          ],
          [
            11.25477,
            1.62442,
            2.2975
          ],
          [
            12.66156,
            4.06105,
            2.2975
          ],
          [
            14.06835,
            6.49768,
            2.2975
          ],
          [
            15.47514,
            8.93431,
            2.2975
          ],
          [
            16.88192,
            11.37094,
            2.2975
          ],
          [
            1.40813,
            0.79343,
            4.55438
          ],
          [
            2.81438,
            3.23852,
            4.56997
          ],
          [
            4.20626,
            5.66701,
            4.59138
          ],
          [
            5.62541,
            8.11006,
            4.56683
          ],
          [
            7.03331,
            10.54851,
            4.56149
          ],
          [
            4.22116,
            0.79328,
            4.55855
          ],
          [
            5.63249,
            3.23691,
            4.56167
          ],
          [
            7.03634,
            5.68282,
            4.55924
          ],
          [
            8.43718,
            8.1139,
            4.56707
          ],
          [
            9.85302,
            10.53935,
            4.5853
          ],
          [
            7.03872,
            0.79903,
            4.55937
          ],
          [
            8.44163,
            3.24061,
            4.5667
          ],
          [
            9.85021,
            5.67798,
            4.55006
          ],
          [
            11.25827,
            8.12355,
            4.57922
          ],
          [
            12.66172,
            10.54136,
            4.57602
          ],
          [
            9.84967,
            0.80192,
            4.5691
          ],
          [
            11.25082,
            3.23211,
            4.56633
          ],
          [
            12.66289,
            5.66627,
            4.5754
          ],
          [
            14.0726,
            8.10832,
            4.5693
          ],
          [
            15.4809,
            10.5502,
            4.56236
          ],
          [
            0.00218,
            -0.03013,
            6.87437
          ],
          [
            1.39138,
            2.38694,
            6.85234
          ],
          [
            2.81058,
            4.83255,
            6.90939
          ],
          [
            4.23341,
            7.29412,
            6.88825
          ],
          [
            5.6317,
            9.72248,
            6.88336
          ],
          [
            2.81598,
            -0.01098,
            6.86856
          ],
          [
            4.23784,
            2.40022,
            6.8546
          ],
          [
            5.65962,
            4.84096,
            6.85708
          ],
          [
            7.03148,
            7.2846,
            6.88679
          ],
          [
            8.42051,
            9.71692,
            6.87096
          ],
          [
            5.63896,
            -0.00719,
            6.86453
          ],
          [
            7.04652,
            2.40746,
            6.87509
          ],
          [
            8.44272,
            4.84685,
            6.87435
          ],
          [
            9.83568,
            7.26688,
            6.85665
          ],
          [
            11.26984,
            9.70353,
            6.90633
          ],
          [
            8.44361,
            -0.02475,
            6.87424
          ],
          [
            9.84339,
            2.40539,
            6.87864
          ],
          [
            11.22665,
            4.83794,
            6.86466
          ],
          [
            12.67418,
            7.27223,
            6.86967
          ],
          [
            14.09641,
            9.72018,
            6.8663
          ],
          [
            9.17746,
            7.33923,
            10.71424
          ],
          [
            10.43718,
            8.04765,
            10.29243
          ],
          [
            5.65313,
            6.17526,
            10.75124
          ],
          [
            4.22881,
            6.00242,
            10.30688
          ],
          [
            3.78377,
            4.56638,
            10.087
          ],
          [
            10.2232,
            9.53279,
            10.04418
          ],
          [
            2.59765,
            4.49224,
            9.25672
          ],
          [
            8.96104,
            6.14824,
            10.43561
          ],
          [
            8.33684,
            8.10726,
            11.38334
          ],
          [
            5.98355,
            7.09981,
            11.51069
          ],
          [
            6.50005,
            5.31834,
            10.21279
          ],
          [
            11.36279,
            9.99924,
            9.27534
          ],
          [
            7.42343,
            7.64303,
            11.53274
          ],
          [
            10.79514,
            7.56104,
            9.36542
          ],
          [
            11.21399,
            7.88894,
            11.06348
          ],
          [
            7.48306,
            5.58379,
            10.38801
          ],
          [
            4.18116,
            6.5313,
            9.32178
          ],
          [
            3.57454,
            6.54881,
            11.00153
          ],
          [
            13.14158,
            5.08564,
            9.58055
          ],
          [
            4.54667,
            3.99303,
            9.541
          ],
          [
            3.57177,
            4.05426,
            11.04201
          ],
          [
            11.37091,
            10.98093,
            9.24191
          ],
          [
            10.16785,
            10.10314,
            10.98376
          ],
          [
            9.29242,
            9.70601,
            9.47114
          ]
        ],
        "Stress": [
          [
            -49.92784,
            0.07494,
            -0.20518
          ],
          [
            0.07494,
            -51.19162,
            0.3818
          ],
          [
            -0.20518,
            0.3818,
            -2.47258
          ]
        ],
        "computation_code": "VASP",
        "pseudopotential_information": [
          [
            "PAW_PBE",
            "Pt",
            "04Feb2005"
          ],
          [
            "PAW_PBE",
            "C",
            "08Apr2002"
          ],
          [
            "PAW_PBE",
            "O",
            "08Apr2002"
          ],
          [
            "PAW_PBE",
            "H",
            "15Jun2001"
          ]
        ]
      }
    ],
    "EnergyStyle": "electronvolt",
    "ForcesStyle": "electronvoltperangstrom",
    "LatticeStyle": "angstrom",
    "PositionsStyle": "angstrom",
    "StressStyle": "kB"
  }
}