{
  "Dataset": {
    "AtomTypeStyle": "chemicalsymbol",
    "Data": [
      {
        "AtomTypes": [
          "Pt",
          "Pt",
          "Pt",
          "Pt",
          "Pt",
          "Pt",
          "Pt",
          "Pt",
          "Pt",
          "Pt",
          "Pt",
          "Pt",
          "Pt",
          "Pt",
          "Pt",
          "Pt",
          "Pt",
          "Pt",
          "Pt",
          "Pt",
          "Pt",
          "Pt",
          "Pt",
          "Pt",
          "Pt",
          "Pt",
          "Pt",
          "Pt",
          "Pt",
          "Pt",
          "Pt",
          "Pt",
          "Pt",
          "Pt",
          "Pt",
          "Pt",
          "Pt",
          "Pt",
          "Pt",
          "Pt",
          "Pt",
          "Pt",
          "Pt",
          "Pt",
          "Pt",
          "Pt",
          "Pt",
          "Pt",
          "Pt",
          "Pt",
          "Pt",
          "Pt",
          "Pt",
          "Pt",
          "Pt",
          "Pt",
          "Pt",
          "Pt",
          "Pt",
          "Pt",
          "Pt",
          "Pt",
          "Pt",
          "Pt",
          "Pt",
          "Pt",
          "Pt",
          "Pt",
          "Pt",
          "Pt",
          "Pt",
          "Pt",
          "C",
          "C",
          "C",
          "C",
          "C",
          "C",
          "O",
          "O",
          "O",
          "O",
          "O",
          "O",
          "H",
          "H",
          "H",
          "H",
          "H",
          "H",
          "H",
          "H",
          "H",
          "H",
          "H",
          "H"
        ],
        "Energy": -347.08707132,
        "Forces": [
          [
            0.005854,
            -0.027139,
            -0.040883
          ],
          [
            0.008791,
            -0.025883,
            -0.042874
          ],
          [
            0.003891,
            -0.003163,
            -0.101077
          ],
          [
            0.016131,
            -0.01031,
            -0.03375
          ],
          [
            0.023881,
            -0.027566,
            -0.034722
          ],
          [
            0.002004,
            -0.031353,
            -0.041254
          ],
          [
            0.019078,
            -0.026395,
            -0.04617
          ],
          [
            0.014653,
            -0.018664,
            -0.039716
          ],
          [
            0.007004,
            -0.026746,
            -0.066075
          ],
          [
            0.014449,
            -0.037538,
            -0.068488
          ],
          [
            0.008989,
            -0.028093,
            -0.041272
          ],
          [
            0.024735,
            -0.007437,
            -0.056595
          ],
          [
            0.015717,
            -0.009513,
            -0.036929
          ],
          [
            0.01226,
            -0.03521,
            -0.045685
          ],
          [
            -0.003823,
            -0.003723,
            -0.049133
          ],
          [
            0.02287,
            -0.009733,
            -0.074445
          ],
          [
            0.011716,
            -0.034238,
            -0.040595
          ],
          [
            0.009077,
            -0.012381,
            -0.044717
          ],
          [
            0.003751,
            -0.007744,
            0.044028
          ],
          [
            -0.018767,
            0.010618,
            0.090417
          ],
          [
            -0.010197,
            0.044793,
            0.004964
          ],
          [
            0.022585,
            0.028639,
            0.1573
          ],
          [
            -0.061313,
            0.011157,
            0.079855
          ],
          [
            0.004686,
            0.048996,
            -0.001425
          ],
          [
            -0.051351,
            -0.002734,
            0.090044
          ],
          [
            0.008465,
            0.032291,
            0.046867
          ],
          [
            -0.000331,
            0.012731,
            0.007728
          ],
          [
            -0.018082,
            0.010078,
            0.045569
          ],
          [
            0.005072,
            0.051704,
            0.034181
          ],
          [
            0.061136,
            -0.014571,
            0.09132
          ],
          [
            -0.016144,
            0.029512,
            0.057946
          ],
          [
            -0.023876,
            0.064479,
            0.060326
          ],
          [
            -0.027352,
            -0.035024,
            0.086118
          ],
          [
            -0.01122,
            0.09675,
            0.130141
          ],
          [
            -0.023559,
            0.035652,
            0.006731
          ],
          [
            -0.016472,
            0.010382,
            0.000216
          ],
          [
            -0.004637,
            0.000399,
            -0.004332
          ],
          [
            0.00821,
            -0.001975,
            -0.00357
          ],
          [
            -0.003989,
            0.003169,
            -0.000184
          ],
          [
            -0.00524,
            0.009232,
            -0.007182
          ],
          [
            -0.001537,
            -0.008513,
            -0.003496
          ],
          [
            -0.001952,
            -0.000797,
            0.010732
          ],
          [
            0.003561,
            0.005058,
            -0.008204
          ],
          [
            -0.005887,
            -0.002238,
            0.005371
          ],
          [
            0.004028,
            -0.002981,
            -0.015005
          ],
          [
            0.000127,
            -0.012151,
            -0.021653
          ],
          [
            -0.004658,
            -0.001081,
            0.004295
          ],
          [
            0.005069,
            -0.00416,
            -0.00574
          ],
          [
            0.00389,
            0.004695,
            0.002282
          ],
          [
            -0.004163,
            -0.010462,
            0.019388
          ],
          [
            -0.005834,
            0.006397,
            0.004506
          ],
          [
            -0.002975,
            0.002852,
            -0.011956
          ],
          [
            0.007197,
            -0.00093,
            -0.001079
          ],
          [
            -0.001966,
            -0.006308,
            -0.00397
          ],
          [
            0.000448,
            0.004411,
            -0.003713
          ],
          [
            0.004313,
            -0.001054,
            -0.003172
          ],
          [
            -0.003911,
            0.003291,
            0.000165
          ],
          [
            -0.002741,
            -0.007968,
            -0.010213
          ],
          [
            0.003709,
            -0.010948,
            -0.00401
          ],
          [
            0.001396,
            0.005595,
            0.00909
          ],
          [
            -0.00198,
            -0.008206,
            0.001368
          ],
          [
            -0.001989,
            -0.003537,
            -0.006382
          ],
          [
            -0.002975,
            -0.001314,
            -0.006751
          ],
          [
            -0.007086,
            -0.002203,
            -0.009488
          ],
          [
            0.000877,
            0.016334,
            -0.000602
          ],
          [
            -0.007977,
            -0.009214,
            -0.007932
          ],
          [
            -9.9e-05,
            0.004869,
            -0.003966
          ],
          [
            -0.006066,
            0.005943,
            -0.01477
          ],
          [
            -0.013395,
            -0.006158,
            -0.01808
          ],
          [
            0.006131,
            0.003329,
            -0.010626
          ],
          [
            0.00233,
            0.00666,
            0.002817
          ],
          [
            0.017395,
            0.017468,
            0.002408
          ],
          [
            -0.016249,
            -0.007626,
            -0.000391
          ],
          [
            0.038228,
            0.032187,
            -0.02061
          ],
          [
            -0.003397,
            0.000164,
            -0.006992
          ],
          [
            0.008586,
            0.028013,
            -0.001295
          ],
          [
            -0.018498,
            0.003276,
            -0.018953
          ],
          [
            0.01732,
            -0.007062,
            0.010706
          ],
          [
            -0.016755,
            -8e-06,
            -0.014594
          ],
          [
            -0.012887,
            -0.027053,
            -0.009319
          ],
          [
            0.00287,
            0.018436,
            0.005367
          ],
          [
            -0.017922,
            -0.004194,
            0.002755
          ],
          [
            0.04686,
            0.008487,
            -0.001982
          ],
          [
            0.035434,
            -0.010877,
            -0.012454
          ],
          [
            0.007832,
            -0.014031,
            -0.000994
          ],
          [
            -0.013562,
            -0.030626,
            0.008683
          ],
          [
            -0.009226,
            -0.002793,
            0.016425
          ],
          [
            -0.036675,
            -0.01803,
            -0.006462
          ],
          [
            -0.00061,
            -0.000879,
            0.018904
          ],
          [
            -0.001524,
            -0.006116,
            0.006369
          ],
          [
            0.006626,
            0.007804,
            -0.003516
          ],
          [
            -0.002267,
            -0.010166,
            -0.008058
          ],
          [
            -0.003855,
            0.001585,
            0.031333
          ],
          [
            -0.013243,
            -0.004704,
            -0.004609
          ],
          [
            -0.004959,
            -0.013009,
            0.016239
          ],
          [
            -0.01406,
            0.007093,
            -0.010843
          ]
        ],
        "Lattice": [
          [
            8.440733911,
            0.0,
            0.0
          ],
          [
            8.440733911,
            14.619780548,
            0.0
          ],
          [
            0.0,
            0.0,
            21.483230591
          ]
        ],
        "NumAtoms": 96,
        "Positions": [
          [
            4.22079,
            2.43687,
            0.0
          ],
          [
            9.84794,
            12.18339,
            0.0
          ],
          [
            7.03437,
            7.31013,
            0.0
          ],
          [
            7.03437,
            2.43687,
            0.0
          ],
          [
            12.66152,
            12.18339,
            0.0
          ],
          [
            9.84795,
            7.31013,
            0.0
          ],
          [
            1.40721,
            2.43687,
            0.0
          ],
          [
            7.03437,
            12.18339,
            0.0
          ],
          [
            4.22079,
            7.31013,
            0.0
          ],
          [
            2.81385,
            0.0,
            0.0
          ],
          [
            8.44101,
            9.74652,
            0.0
          ],
          [
            5.62743,
            4.87326,
            0.0
          ],
          [
            5.62743,
            0.0,
            0.0
          ],
          [
            11.25459,
            9.74652,
            0.0
          ],
          [
            8.44101,
            4.87326,
            0.0
          ],
          [
            0.00028,
            0.0,
            0.0
          ],
          [
            5.62743,
            9.74652,
            0.0
          ],
          [
            2.81385,
            4.87326,
            0.0
          ],
          [
            7.03462,
            4.06144,
            2.2975
          ],
          [
            12.66177,
            13.80796,
            2.2975
          ],
          [
            9.8482,
            8.9347,
            2.2975
          ],
          [
            9.8482,
            4.06144,
            2.2975
          ],
          [
            15.47535,
            13.80796,
            2.2975
          ],
          [
            12.66177,
            8.9347,
            2.2975
          ],
          [
            4.22104,
            4.06144,
            2.2975
          ],
          [
            9.8482,
            13.80796,
            2.2975
          ],
          [
            7.03462,
            8.9347,
            2.2975
          ],
          [
            5.62769,
            1.62456,
            2.2975
          ],
          [
            11.25484,
            11.37109,
            2.2975
          ],
          [
            8.44127,
            6.49782,
            2.2975
          ],
          [
            8.44127,
            1.62456,
            2.2975
          ],
          [
            14.06842,
            11.37109,
            2.2975
          ],
          [
            11.25484,
            6.49782,
            2.2975
          ],
          [
            2.81411,
            1.62456,
            2.2975
          ],
          [
            8.44127,
            11.37109,
            2.2975
          ],
          [
            5.62769,
            6.49782,
            2.2975
          ],
          [
            1.39176,
            0.84301,
            4.56989
          ],
          [
            7.01331,
            10.58982,
            4.56348
          ],
          [
            4.20625,
            5.70307,
            4.56671
          ],
          [
            4.20009,
            0.83968,
            4.57139
          ],
          [
            9.82602,
            10.5922,
            4.55892
          ],
          [
            7.03141,
            5.70594,
            4.55487
          ],
          [
            7.01427,
            0.83224,
            4.57019
          ],
          [
            12.64613,
            10.59502,
            4.56634
          ],
          [
            9.84881,
            5.70367,
            4.59355
          ],
          [
            2.80008,
            3.28655,
            4.5959
          ],
          [
            8.41582,
            13.02746,
            4.56015
          ],
          [
            5.61874,
            8.15059,
            4.55609
          ],
          [
            5.61374,
            3.26362,
            4.5648
          ],
          [
            11.23744,
            13.02788,
            4.57327
          ],
          [
            8.43254,
            8.14507,
            4.558
          ],
          [
            8.4296,
            3.26988,
            4.57453
          ],
          [
            14.03841,
            13.02229,
            4.58284
          ],
          [
            11.23723,
            8.14943,
            4.55313
          ],
          [
            5.5928,
            0.05809,
            6.88945
          ],
          [
            11.22106,
            9.80231,
            6.84807
          ],
          [
            8.42159,
            4.92474,
            6.8871
          ],
          [
            2.78078,
            0.06617,
            6.88811
          ],
          [
            8.39735,
            9.79901,
            6.86451
          ],
          [
            5.62872,
            4.91868,
            6.84759
          ],
          [
            11.24428,
            4.94677,
            6.94171
          ],
          [
            8.40676,
            0.0602,
            6.88214
          ],
          [
            14.03998,
            9.81097,
            6.87681
          ],
          [
            9.82274,
            2.4918,
            6.89222
          ],
          [
            15.43253,
            12.23868,
            6.88201
          ],
          [
            12.63811,
            7.38483,
            6.83513
          ],
          [
            7.01382,
            2.48534,
            6.88516
          ],
          [
            12.61568,
            12.23884,
            6.90968
          ],
          [
            9.81519,
            7.37567,
            6.88359
          ],
          [
            7.01651,
            7.36126,
            6.86288
          ],
          [
            4.20238,
            2.48784,
            6.88541
          ],
          [
            9.78619,
            12.243,
            6.85602
          ],
          [
            9.37712,
            9.50316,
            10.32197
          ],
          [
            10.69678,
            10.21634,
            10.18356
          ],
          [
            5.93544,
            7.76711,
            10.31384
          ],
          [
            4.57957,
            7.14572,
            10.09829
          ],
          [
            4.46738,
            5.63024,
            10.07115
          ],
          [
            10.63247,
            11.72904,
            10.05634
          ],
          [
            3.19414,
            5.20086,
            9.52965
          ],
          [
            9.3088,
            8.26258,
            10.41419
          ],
          [
            8.31893,
            10.29295,
            10.31755
          ],
          [
            6.04673,
            8.99342,
            10.46146
          ],
          [
            6.96908,
            6.93813,
            10.27691
          ],
          [
            11.96356,
            12.18535,
            9.7747
          ],
          [
            7.43529,
            9.7675,
            10.38512
          ],
          [
            11.1809,
            9.8125,
            9.26141
          ],
          [
            11.36309,
            9.91764,
            11.01098
          ],
          [
            7.85529,
            7.45206,
            10.3484
          ],
          [
            12.70172,
            7.53388,
            9.09152
          ],
          [
            12.31385,
            7.59962,
            10.81393
          ],
          [
            10.91401,
            5.78869,
            9.84017
          ],
          [
            5.23607,
            5.19258,
            9.40991
          ],
          [
            4.5956,
            5.19111,
            11.07551
          ],
          [
            11.95705,
            13.15724,
            9.65544
          ],
          [
            10.24429,
            12.20275,
            10.97586
          ],
          [
            9.94221,
            12.00833,
            9.22398
          ]
        ],
        "Stress": [
          [
            -53.84308,
            -1.01129,
            -0.4868
          ],
          [
            -1.01129,
            -52.5786,
            0.3335
          ],
          [
            -0.4868,
            0.3335,
            -2.96938
          ]
        ],
        "computation_code": "VASP",
        "pseudopotential_information": [
          [
            "PAW_PBE",
            "Pt",
            "04Feb2005"
          ],
          [
            "PAW_PBE",
            "C",
            "08Apr2002"
          ],
          [
            "PAW_PBE",
            "O",
            "08Apr2002"
          ],
          [
            "PAW_PBE",
            "H",
            "15Jun2001"
          ]
        ]
      }
    ],
    "EnergyStyle": "electronvolt",
    "ForcesStyle": "electronvoltperangstrom",
    "LatticeStyle": "angstrom",
    "PositionsStyle": "angstrom",
    "StressStyle": "kB"
  }
}