{
  "Dataset": {
    "AtomTypeStyle": "chemicalsymbol",
    "Data": [
      {
        "AtomTypes": [
          "Pt",
          "Pt",
          "Pt",
          "Pt",
          "Pt",
          "Pt",
          "Pt",
          "Pt",
          "Pt",
          "Pt",
          "Pt",
          "Pt",
          "Pt",
          "Pt",
          "Pt",
          "Pt",
          "Pt",
          "Pt",
          "Pt",
          "Pt",
          "Pt",
          "Pt",
          "Pt",
          "Pt",
          "Pt",
          "Pt",
          "Pt",
          "Pt",
          "Pt",
          "Pt",
          "Pt",
          "Pt",
          "Pt",
          "Pt",
          "Pt",
          "Pt",
          "Pt",
          "Pt",
          "Pt",
          "Pt",
          "Pt",
          "Pt",
          "Pt",
          "Pt",
          "Pt",
          "Pt",
          "Pt",
          "Pt",
          "Pt",
          "Pt",
          "Pt",
          "Pt",
          "Pt",
          "Pt",
          "Pt",
          "Pt",
          "Pt",
          "Pt",
          "Pt",
          "Pt",
          "Pt",
          "Pt",
          "Pt",
          "Pt",
          "Pt",
          "Pt",
          "Pt",
          "Pt",
          "Pt",
          "Pt",
          "Pt",
          "Pt",
          "Pt",
          "Pt",
          "Pt",
          "Pt",
          "Pt",
          "Pt",
          "Pt",
          "Pt",
          "C",
          "C",
          "C",
          "C",
          "C",
          "C",
          "O",
          "O",
          "O",
          "O",
          "O",
          "O",
          "H",
          "H",
          "H",
          "H",
          "H",
          "H",
          "H",
          "H",
          "H",
          "H",
          "H",
          "H"
        ],
        "Energy": -371.51112513,
        "Forces": [
          [
            -0.000852,
            -0.002629,
            -0.046015
          ],
          [
            0.001097,
            -0.026648,
            -0.041339
          ],
          [
            -0.003297,
            0.007226,
            -0.051137
          ],
          [
            0.01076,
            0.008616,
            -0.037387
          ],
          [
            -0.00117,
            -0.006294,
            -0.040884
          ],
          [
            -0.001562,
            -0.002144,
            -0.058131
          ],
          [
            0.009361,
            -0.023741,
            -0.044362
          ],
          [
            0.001235,
            0.00839,
            -0.023783
          ],
          [
            0.013032,
            0.001616,
            -0.067071
          ],
          [
            -0.022761,
            0.014122,
            -0.024656
          ],
          [
            0.00416,
            0.007905,
            -0.035593
          ],
          [
            0.00803,
            -0.003495,
            -0.039366
          ],
          [
            0.001655,
            0.009261,
            -0.051424
          ],
          [
            -0.009213,
            -0.016279,
            -0.072495
          ],
          [
            -0.001826,
            -0.00307,
            -0.04631
          ],
          [
            -0.003389,
            0.000605,
            -0.056198
          ],
          [
            -0.018227,
            0.013056,
            -0.031015
          ],
          [
            -0.007009,
            0.00113,
            -0.05821
          ],
          [
            -0.016658,
            -0.001796,
            -0.034133
          ],
          [
            0.008805,
            0.005464,
            -0.028064
          ],
          [
            0.034038,
            0.000155,
            0.066343
          ],
          [
            0.013067,
            0.036252,
            0.074866
          ],
          [
            -0.021472,
            -0.063587,
            0.125675
          ],
          [
            0.023109,
            -0.016994,
            0.035118
          ],
          [
            0.030523,
            0.014069,
            0.079832
          ],
          [
            0.004191,
            0.015599,
            0.034393
          ],
          [
            -0.001461,
            0.009108,
            0.058854
          ],
          [
            -0.009312,
            0.000932,
            0.047233
          ],
          [
            0.015149,
            -0.01304,
            0.01022
          ],
          [
            0.00627,
            0.004038,
            0.039542
          ],
          [
            0.014653,
            -0.012223,
            0.017216
          ],
          [
            0.011599,
            0.008933,
            0.020161
          ],
          [
            0.048174,
            -0.002209,
            0.121765
          ],
          [
            0.014794,
            0.005442,
            0.000524
          ],
          [
            -0.005812,
            0.004622,
            0.025228
          ],
          [
            -0.004043,
            -0.001471,
            0.009077
          ],
          [
            0.017208,
            0.04843,
            0.048135
          ],
          [
            0.032844,
            -0.060208,
            0.113219
          ],
          [
            -0.002688,
            0.000129,
            0.007462
          ],
          [
            0.016067,
            -0.006086,
            0.03239
          ],
          [
            -0.006824,
            -0.01304,
            0.050523
          ],
          [
            -0.029066,
            0.006103,
            0.077401
          ],
          [
            -0.078489,
            -0.032916,
            -0.052412
          ],
          [
            -0.019243,
            -0.001923,
            0.025257
          ],
          [
            -0.024604,
            0.019775,
            -0.07473
          ],
          [
            -0.046147,
            -0.024894,
            0.010191
          ],
          [
            -0.023789,
            -0.013326,
            -0.0508
          ],
          [
            -0.009062,
            0.00759,
            -0.125381
          ],
          [
            -0.014862,
            0.026006,
            -0.057631
          ],
          [
            -0.0148,
            0.032921,
            0.089455
          ],
          [
            -0.027376,
            -0.00411,
            0.008008
          ],
          [
            -0.00776,
            -0.005765,
            -0.00501
          ],
          [
            -0.018516,
            0.011464,
            -0.036564
          ],
          [
            -0.024226,
            0.064477,
            0.044683
          ],
          [
            -0.040797,
            -0.006761,
            0.023113
          ],
          [
            0.00616,
            0.005821,
            0.021559
          ],
          [
            -0.001479,
            -0.027165,
            0.046857
          ],
          [
            0.009607,
            -0.02457,
            -0.097384
          ],
          [
            -0.00945,
            -0.004183,
            0.008623
          ],
          [
            0.004057,
            0.014126,
            -0.012924
          ],
          [
            0.015781,
            0.007676,
            0.008425
          ],
          [
            -0.052147,
            -0.106846,
            -0.18101
          ],
          [
            -0.026745,
            0.003217,
            0.179562
          ],
          [
            0.047605,
            0.080413,
            0.007371
          ],
          [
            0.006456,
            0.005278,
            0.038899
          ],
          [
            -0.025405,
            0.104036,
            -0.259541
          ],
          [
            0.044263,
            -0.078049,
            -0.078097
          ],
          [
            0.135439,
            -0.019563,
            -0.086848
          ],
          [
            -0.009898,
            0.005318,
            0.118555
          ],
          [
            -0.078286,
            0.004991,
            -0.023125
          ],
          [
            0.027387,
            0.090232,
            -0.062504
          ],
          [
            0.025086,
            -0.014231,
            0.033588
          ],
          [
            0.013772,
            -0.007128,
            0.057737
          ],
          [
            -0.034757,
            -0.065013,
            -0.119221
          ],
          [
            0.029305,
            0.002718,
            0.234038
          ],
          [
            0.007152,
            0.008101,
            0.011147
          ],
          [
            0.003018,
            -0.009061,
            -0.059578
          ],
          [
            -0.11581,
            -0.024119,
            0.071801
          ],
          [
            0.020098,
            0.023046,
            -0.002883
          ],
          [
            0.064398,
            0.013424,
            0.064242
          ],
          [
            -0.026807,
            -0.6042,
            -0.135921
          ],
          [
            0.001938,
            -0.022723,
            0.024309
          ],
          [
            0.042759,
            0.006239,
            0.043277
          ],
          [
            -0.077059,
            0.048846,
            0.000446
          ],
          [
            0.014173,
            -0.047362,
            -0.00818
          ],
          [
            0.032664,
            -0.020356,
            -0.006835
          ],
          [
            0.39774,
            -0.395443,
            -0.210096
          ],
          [
            -0.115891,
            0.536387,
            0.066056
          ],
          [
            0.045639,
            0.111372,
            0.008799
          ],
          [
            -0.069542,
            -0.08265,
            -0.015142
          ],
          [
            -0.04247,
            0.029716,
            0.006292
          ],
          [
            0.011532,
            -0.009839,
            -0.006641
          ],
          [
            0.025208,
            0.047538,
            0.03362
          ],
          [
            0.000698,
            -0.055542,
            0.02115
          ],
          [
            0.020781,
            -0.059571,
            0.009839
          ],
          [
            0.100367,
            0.055469,
            0.003799
          ],
          [
            -0.04113,
            0.036754,
            -0.01029
          ],
          [
            -0.042353,
            0.133627,
            0.016848
          ],
          [
            0.082549,
            0.107468,
            0.18147
          ],
          [
            -0.292552,
            0.16616,
            0.032496
          ],
          [
            -0.02759,
            0.02301,
            0.051773
          ],
          [
            -0.006137,
            -0.002055,
            -0.015237
          ],
          [
            0.00733,
            -0.014016,
            -0.019005
          ],
          [
            0.029038,
            -0.006087,
            0.002103
          ]
        ],
        "Lattice": [
          [
            11.25432297,
            0.0,
            0.0
          ],
          [
            7.033944591,
            12.18315045,
            0.0
          ],
          [
            0.0,
            0.0,
            21.483230591
          ]
        ],
        "NumAtoms": 104,
        "Positions": [
          [
            0.0,
            0.0,
            0.0
          ],
          [
            1.40679,
            2.43663,
            0.0
          ],
          [
            2.81358,
            4.87326,
            0.0
          ],
          [
            4.22037,
            7.30989,
            0.0
          ],
          [
            5.62716,
            9.74652,
            0.0
          ],
          [
            2.81358,
            0.0,
            0.0
          ],
          [
            4.22037,
            2.43663,
            0.0
          ],
          [
            5.62716,
            4.87326,
            0.0
          ],
          [
            7.03395,
            7.30989,
            0.0
          ],
          [
            8.44074,
            9.74652,
            0.0
          ],
          [
            5.62716,
            0.0,
            0.0
          ],
          [
            7.03395,
            2.43663,
            0.0
          ],
          [
            8.44074,
            4.87326,
            0.0
          ],
          [
            9.84753,
            7.30989,
            0.0
          ],
          [
            11.25432,
            9.74652,
            0.0
          ],
          [
            8.44074,
            0.0,
            0.0
          ],
          [
            9.84753,
            2.43663,
            0.0
          ],
          [
            11.25432,
            4.87326,
            0.0
          ],
          [
            12.66111,
            7.30989,
            0.0
          ],
          [
            14.0679,
            9.74652,
            0.0
          ],
          [
            2.81375,
            1.62442,
            2.2975
          ],
          [
            4.22054,
            4.06105,
            2.2975
          ],
          [
            5.62732,
            6.49768,
            2.2975
          ],
          [
            7.03411,
            8.93431,
            2.2975
          ],
          [
            8.4409,
            11.37094,
            2.2975
          ],
          [
            5.62761,
            1.62442,
            2.2975
          ],
          [
            7.0344,
            4.06105,
            2.2975
          ],
          [
            8.44119,
            6.49768,
            2.2975
          ],
          [
            9.84798,
            8.93431,
            2.2975
          ],
          [
            11.25476,
            11.37094,
            2.2975
          ],
          [
            8.44091,
            1.62442,
            2.2975
          ],
          [
            9.8477,
            4.06105,
            2.2975
          ],
          [
            11.25449,
            6.49768,
            2.2975
          ],
          [
            12.66127,
            8.93431,
            2.2975
          ],
          [
            14.06806,
            11.37094,
            2.2975
          ],
          [
            11.25477,
            1.62442,
            2.2975
          ],
          [
            12.66156,
            4.06105,
            2.2975
          ],
          [
            14.06835,
            6.49768,
            2.2975
          ],
          [
            15.47514,
            8.93431,
            2.2975
          ],
          [
            16.88192,
            11.37094,
            2.2975
          ],
          [
            1.41612,
            0.81189,
            4.56796
          ],
          [
            2.81918,
            3.24784,
            4.56129
          ],
          [
            4.22369,
            5.6843,
            4.58545
          ],
          [
            5.63336,
            8.12256,
            4.55769
          ],
          [
            7.04091,
            10.56032,
            4.57133
          ],
          [
            4.22236,
            0.80984,
            4.5712
          ],
          [
            5.6322,
            3.2481,
            4.5718
          ],
          [
            7.04022,
            5.68499,
            4.5713
          ],
          [
            8.44801,
            8.12283,
            4.57285
          ],
          [
            9.85258,
            10.56313,
            4.56543
          ],
          [
            7.03945,
            0.812,
            4.55973
          ],
          [
            8.44803,
            3.24799,
            4.56714
          ],
          [
            9.85246,
            5.68791,
            4.55823
          ],
          [
            11.25923,
            8.1248,
            4.56499
          ],
          [
            12.66574,
            10.55958,
            4.5602
          ],
          [
            9.85525,
            0.81317,
            4.56612
          ],
          [
            11.26166,
            3.24474,
            4.56595
          ],
          [
            12.66976,
            5.68492,
            4.57622
          ],
          [
            14.07461,
            8.12058,
            4.56397
          ],
          [
            15.48255,
            10.55952,
            4.55968
          ],
          [
            0.00307,
            0.0028,
            6.87807
          ],
          [
            1.40358,
            2.42679,
            6.89188
          ],
          [
            2.81231,
            4.87246,
            6.87749
          ],
          [
            4.22329,
            7.3174,
            6.88123
          ],
          [
            5.62674,
            9.74556,
            6.86862
          ],
          [
            2.81108,
            0.00916,
            6.92491
          ],
          [
            4.22257,
            2.42833,
            6.87453
          ],
          [
            5.63644,
            4.87148,
            6.87517
          ],
          [
            7.0333,
            7.31113,
            6.86403
          ],
          [
            8.43617,
            9.74731,
            6.87149
          ],
          [
            5.62792,
            0.0077,
            6.8742
          ],
          [
            7.03491,
            2.43497,
            6.87022
          ],
          [
            8.44274,
            4.87263,
            6.86758
          ],
          [
            9.84558,
            7.30507,
            6.88253
          ],
          [
            11.25578,
            9.74615,
            6.8633
          ],
          [
            8.44092,
            0.00099,
            6.86401
          ],
          [
            9.84901,
            2.43632,
            6.88542
          ],
          [
            11.2452,
            4.87071,
            6.85422
          ],
          [
            12.66234,
            7.31306,
            6.87297
          ],
          [
            14.07252,
            9.74597,
            6.8528
          ],
          [
            9.2634,
            7.29372,
            10.73088
          ],
          [
            10.40637,
            8.16581,
            10.28265
          ],
          [
            5.84254,
            5.7962,
            10.83797
          ],
          [
            4.41969,
            5.72002,
            10.36595
          ],
          [
            3.84074,
            4.3656,
            10.00164
          ],
          [
            10.02539,
            9.61885,
            10.05107
          ],
          [
            2.62254,
            4.5293,
            9.22033
          ],
          [
            9.2127,
            6.06988,
            10.48759
          ],
          [
            8.32775,
            7.9479,
            11.39426
          ],
          [
            6.17459,
            6.61559,
            11.70569
          ],
          [
            6.69878,
            5.01154,
            10.19699
          ],
          [
            11.14727,
            10.21665,
            9.36121
          ],
          [
            7.52337,
            7.34299,
            11.60837
          ],
          [
            10.80867,
            7.74433,
            9.34226
          ],
          [
            11.21564,
            8.11159,
            11.03303
          ],
          [
            7.65829,
            5.27463,
            10.40678
          ],
          [
            4.41077,
            6.34527,
            9.44269
          ],
          [
            3.79605,
            6.21946,
            11.11907
          ],
          [
            13.18913,
            5.08558,
            9.63576
          ],
          [
            4.54163,
            3.78126,
            9.3691
          ],
          [
            3.60434,
            3.75961,
            10.89181
          ],
          [
            10.96606,
            11.16974,
            9.1897
          ],
          [
            9.84379,
            10.1547,
            10.99775
          ],
          [
            9.11065,
            9.69345,
            9.42604
          ]
        ],
        "Stress": [
          [
            -51.03612,
            -0.02909,
            -0.07658
          ],
          [
            -0.02909,
            -51.71187,
            0.23311
          ],
          [
            -0.07658,
            0.23311,
            -2.38276
          ]
        ],
        "computation_code": "VASP",
        "pseudopotential_information": [
          [
            "PAW_PBE",
            "Pt",
            "04Feb2005"
          ],
          [
            "PAW_PBE",
            "C",
            "08Apr2002"
          ],
          [
            "PAW_PBE",
            "O",
            "08Apr2002"
          ],
          [
            "PAW_PBE",
            "H",
            "15Jun2001"
          ]
        ]
      }
    ],
    "EnergyStyle": "electronvolt",
    "ForcesStyle": "electronvoltperangstrom",
    "LatticeStyle": "angstrom",
    "PositionsStyle": "angstrom",
    "StressStyle": "kB"
  }
}