{
  "Dataset": {
    "AtomTypeStyle": "chemicalsymbol",
    "Data": [
      {
        "AtomTypes": [
          "Pt",
          "Pt",
          "Pt",
          "Pt",
          "Pt",
          "Pt",
          "Pt",
          "Pt",
          "Pt",
          "Pt",
          "Pt",
          "Pt",
          "Pt",
          "Pt",
          "Pt",
          "Pt",
          "Pt",
          "Pt",
          "Pt",
          "Pt",
          "Pt",
          "Pt",
          "Pt",
          "Pt",
          "Pt",
          "Pt",
          "Pt",
          "Pt",
          "Pt",
          "Pt",
          "Pt",
          "Pt",
          "Pt",
          "Pt",
          "Pt",
          "Pt",
          "Pt",
          "Pt",
          "Pt",
          "Pt",
          "Pt",
          "Pt",
          "Pt",
          "Pt",
          "Pt",
          "Pt",
          "Pt",
          "Pt",
          "Pt",
          "Pt",
          "Pt",
          "Pt",
          "Pt",
          "Pt",
          "Pt",
          "Pt",
          "Pt",
          "Pt",
          "Pt",
          "Pt",
          "Pt",
          "Pt",
          "Pt",
          "Pt",
          "Pt",
          "Pt",
          "Pt",
          "Pt",
          "Pt",
          "Pt",
          "Pt",
          "Pt",
          "C",
          "C",
          "C",
          "C",
          "C",
          "C",
          "O",
          "O",
          "O",
          "O",
          "O",
          "O",
          "H",
          "H",
          "H",
          "H",
          "H",
          "H",
          "H",
          "H",
          "H",
          "H",
          "H",
          "H"
        ],
        "Energy": -347.15846296,
        "Forces": [
          [
            0.008102,
            -0.036644,
            -0.051405
          ],
          [
            -0.004591,
            -0.004859,
            -0.030451
          ],
          [
            0.006198,
            0.033044,
            -0.144101
          ],
          [
            0.005924,
            -0.016193,
            -0.035032
          ],
          [
            0.02565,
            -0.002007,
            -0.026151
          ],
          [
            -0.001256,
            -0.030304,
            -0.024311
          ],
          [
            0.005598,
            -0.026661,
            -0.048174
          ],
          [
            0.007746,
            0.006248,
            -0.082669
          ],
          [
            0.006455,
            -0.026233,
            -0.027671
          ],
          [
            0.010626,
            -0.039927,
            -0.0861
          ],
          [
            -0.008433,
            0.002681,
            -0.046516
          ],
          [
            0.022226,
            0.00566,
            -0.045504
          ],
          [
            0.00387,
            -0.000818,
            -0.047634
          ],
          [
            0.011594,
            -0.007197,
            -0.046605
          ],
          [
            -0.011319,
            0.001886,
            -0.044887
          ],
          [
            0.016663,
            -0.009511,
            -0.056842
          ],
          [
            0.026926,
            -0.002918,
            -0.040374
          ],
          [
            0.007788,
            -0.028582,
            -0.081407
          ],
          [
            0.008182,
            0.001615,
            0.017452
          ],
          [
            -0.025546,
            -0.008217,
            0.024851
          ],
          [
            0.039519,
            0.01733,
            0.083101
          ],
          [
            0.046819,
            0.058416,
            0.117229
          ],
          [
            -0.023236,
            -0.00966,
            0.01568
          ],
          [
            -0.035173,
            0.006603,
            0.109141
          ],
          [
            -0.059058,
            0.073325,
            0.105186
          ],
          [
            0.021244,
            0.000763,
            0.042285
          ],
          [
            -0.010852,
            -0.049853,
            0.042265
          ],
          [
            0.008687,
            0.012402,
            0.020799
          ],
          [
            -0.001132,
            -0.038066,
            0.098092
          ],
          [
            0.060197,
            -0.009278,
            0.084847
          ],
          [
            -0.012608,
            0.023412,
            0.033481
          ],
          [
            -0.033924,
            -0.017934,
            0.073582
          ],
          [
            0.001219,
            -0.001166,
            0.246258
          ],
          [
            0.003481,
            0.069866,
            0.00532
          ],
          [
            0.014501,
            -0.026795,
            0.062905
          ],
          [
            -0.059703,
            -0.010676,
            0.105773
          ],
          [
            -0.006673,
            -0.001998,
            0.008015
          ],
          [
            -0.004847,
            -0.001575,
            -0.009677
          ],
          [
            -0.004884,
            -0.00505,
            0.004158
          ],
          [
            -0.007734,
            -0.00068,
            -0.005209
          ],
          [
            0.008439,
            -0.005411,
            -0.003314
          ],
          [
            -0.004638,
            -0.006896,
            -0.006043
          ],
          [
            -0.002095,
            -0.001104,
            -0.009404
          ],
          [
            -0.000556,
            0.004055,
            -0.010766
          ],
          [
            -0.003479,
            -0.001498,
            -0.014951
          ],
          [
            -0.001703,
            -0.001654,
            0.004087
          ],
          [
            0.006615,
            0.000615,
            0.002057
          ],
          [
            -0.006104,
            0.006078,
            -0.005583
          ],
          [
            0.005719,
            0.005331,
            0.001998
          ],
          [
            -0.003832,
            0.002175,
            0.002136
          ],
          [
            -0.009181,
            0.005128,
            0.00244
          ],
          [
            0.001464,
            -0.000677,
            -0.005812
          ],
          [
            -0.00269,
            -5.2e-05,
            -0.007882
          ],
          [
            -0.000395,
            -0.003618,
            -0.017451
          ],
          [
            -0.009734,
            -0.004145,
            -0.015494
          ],
          [
            0.003173,
            -0.027313,
            -0.013346
          ],
          [
            -0.009513,
            0.014957,
            -0.01135
          ],
          [
            -0.010858,
            -0.003799,
            0.002638
          ],
          [
            -0.010861,
            0.007944,
            0.006581
          ],
          [
            -0.018662,
            0.019168,
            0.022638
          ],
          [
            -0.009196,
            0.018841,
            -0.014841
          ],
          [
            0.003515,
            -0.01603,
            0.001288
          ],
          [
            0.003286,
            -0.000644,
            -0.006495
          ],
          [
            -0.004407,
            0.001535,
            0.003263
          ],
          [
            -0.008941,
            -0.006197,
            0.012138
          ],
          [
            0.002754,
            0.003368,
            -0.003191
          ],
          [
            0.003144,
            0.010397,
            -0.004417
          ],
          [
            -0.00061,
            -0.00612,
            0.004657
          ],
          [
            -0.003868,
            0.005519,
            -0.013185
          ],
          [
            -0.001039,
            -0.003634,
            -0.027489
          ],
          [
            0.002838,
            -0.006382,
            -0.010962
          ],
          [
            0.016313,
            -0.012543,
            0.010309
          ],
          [
            -0.067544,
            0.001033,
            0.065285
          ],
          [
            0.061857,
            0.048825,
            -0.034853
          ],
          [
            0.125,
            0.022872,
            0.09769
          ],
          [
            -0.001506,
            0.124646,
            -0.058549
          ],
          [
            0.022674,
            -0.060604,
            0.037727
          ],
          [
            -0.076951,
            0.115125,
            0.010759
          ],
          [
            -0.027665,
            0.041081,
            0.033808
          ],
          [
            -0.024867,
            -0.041426,
            -0.024426
          ],
          [
            0.028999,
            -0.003795,
            -0.037353
          ],
          [
            -0.078654,
            -0.021895,
            -0.099172
          ],
          [
            -0.007923,
            0.001769,
            0.029964
          ],
          [
            0.009444,
            -0.007928,
            -0.024873
          ],
          [
            -0.029445,
            -0.019736,
            -0.017932
          ],
          [
            -0.003179,
            -0.037631,
            0.022133
          ],
          [
            -0.006068,
            -0.029032,
            -0.000483
          ],
          [
            -0.037542,
            0.016919,
            -0.035484
          ],
          [
            0.00936,
            -0.046297,
            0.072519
          ],
          [
            -0.014923,
            -0.007192,
            -0.034559
          ],
          [
            0.029815,
            -0.000446,
            -0.012052
          ],
          [
            -0.032947,
            -0.006207,
            0.023551
          ],
          [
            -0.005351,
            0.02968,
            -0.065653
          ],
          [
            -0.019615,
            -0.013095,
            -0.043365
          ],
          [
            0.034473,
            -0.000281,
            -0.109301
          ],
          [
            0.119409,
            -0.004225,
            0.010662
          ]
        ],
        "Lattice": [
          [
            8.440733911,
            0.0,
            0.0
          ],
          [
            8.440733911,
            14.619780548,
            0.0
          ],
          [
            0.0,
            0.0,
            21.483230591
          ]
        ],
        "NumAtoms": 96,
        "Positions": [
          [
            4.22079,
            2.43687,
            0.0
          ],
          [
            9.84794,
            12.18339,
            0.0
          ],
          [
            7.03437,
            7.31013,
            0.0
          ],
          [
            7.03437,
            2.43687,
            0.0
          ],
          [
            12.66152,
            12.18339,
            0.0
          ],
          [
            9.84795,
            7.31013,
            0.0
          ],
          [
            1.40721,
            2.43687,
            0.0
          ],
          [
            7.03437,
            12.18339,
            0.0
          ],
          [
            4.22079,
            7.31013,
            0.0
          ],
          [
            2.81385,
            0.0,
            0.0
          ],
          [
            8.44101,
            9.74652,
            0.0
          ],
          [
            5.62743,
            4.87326,
            0.0
          ],
          [
            5.62743,
            0.0,
            0.0
          ],
          [
            11.25459,
            9.74652,
            0.0
          ],
          [
            8.44101,
            4.87326,
            0.0
          ],
          [
            0.00028,
            0.0,
            0.0
          ],
          [
            5.62743,
            9.74652,
            0.0
          ],
          [
            2.81385,
            4.87326,
            0.0
          ],
          [
            7.03462,
            4.06144,
            2.2975
          ],
          [
            12.66177,
            13.80796,
            2.2975
          ],
          [
            9.8482,
            8.9347,
            2.2975
          ],
          [
            9.8482,
            4.06144,
            2.2975
          ],
          [
            15.47535,
            13.80796,
            2.2975
          ],
          [
            12.66177,
            8.9347,
            2.2975
          ],
          [
            4.22104,
            4.06144,
            2.2975
          ],
          [
            9.8482,
            13.80796,
            2.2975
          ],
          [
            7.03462,
            8.9347,
            2.2975
          ],
          [
            5.62769,
            1.62456,
            2.2975
          ],
          [
            11.25484,
            11.37109,
            2.2975
          ],
          [
            8.44127,
            6.49782,
            2.2975
          ],
          [
            8.44127,
            1.62456,
            2.2975
          ],
          [
            14.06842,
            11.37109,
            2.2975
          ],
          [
            11.25484,
            6.49782,
            2.2975
          ],
          [
            2.81411,
            1.62456,
            2.2975
          ],
          [
            8.44127,
            11.37109,
            2.2975
          ],
          [
            5.62769,
            6.49782,
            2.2975
          ],
          [
            1.40059,
            0.81608,
            4.55646
          ],
          [
            7.02115,
            10.56444,
            4.56497
          ],
          [
            4.19587,
            5.69795,
            4.59704
          ],
          [
            4.21186,
            0.81023,
            4.5558
          ],
          [
            9.83908,
            10.56677,
            4.58058
          ],
          [
            7.03211,
            5.70818,
            4.55222
          ],
          [
            7.02537,
            0.81675,
            4.56652
          ],
          [
            12.64733,
            10.56154,
            4.58238
          ],
          [
            9.85897,
            5.69514,
            4.59373
          ],
          [
            2.80663,
            3.26785,
            4.57569
          ],
          [
            8.42919,
            13.00083,
            4.56279
          ],
          [
            5.61868,
            8.12933,
            4.57303
          ],
          [
            5.62236,
            3.25906,
            4.55638
          ],
          [
            11.24373,
            12.99778,
            4.56937
          ],
          [
            8.43527,
            8.13202,
            4.56657
          ],
          [
            8.43137,
            3.26122,
            4.56441
          ],
          [
            14.0575,
            12.99778,
            4.56658
          ],
          [
            11.24834,
            8.14772,
            4.59182
          ],
          [
            5.61717,
            0.01472,
            6.88148
          ],
          [
            11.23845,
            9.78735,
            6.92565
          ],
          [
            8.41541,
            4.89037,
            6.86669
          ],
          [
            2.80148,
            0.0206,
            6.87663
          ],
          [
            8.41478,
            9.76782,
            6.87873
          ],
          [
            5.64367,
            4.89143,
            6.845
          ],
          [
            11.24294,
            4.89317,
            6.94846
          ],
          [
            8.42264,
            0.01866,
            6.87813
          ],
          [
            14.05469,
            9.77036,
            6.89076
          ],
          [
            9.82182,
            2.43322,
            6.85004
          ],
          [
            15.46058,
            12.20517,
            6.87337
          ],
          [
            12.66159,
            7.34718,
            6.89917
          ],
          [
            7.02324,
            2.44671,
            6.87757
          ],
          [
            12.64689,
            12.21664,
            6.87925
          ],
          [
            9.82422,
            7.34391,
            6.88034
          ],
          [
            7.02226,
            7.33487,
            6.89724
          ],
          [
            4.22472,
            2.43167,
            6.8409
          ],
          [
            9.82411,
            12.2221,
            6.88131
          ],
          [
            9.32395,
            7.13297,
            10.85101
          ],
          [
            10.37593,
            8.07655,
            10.36004
          ],
          [
            5.91648,
            5.62245,
            10.90469
          ],
          [
            4.49133,
            5.6219,
            10.43794
          ],
          [
            3.91284,
            4.28972,
            9.97855
          ],
          [
            9.90687,
            9.51777,
            10.24434
          ],
          [
            2.71892,
            4.48295,
            9.19241
          ],
          [
            9.29185,
            5.92221,
            10.53515
          ],
          [
            8.42844,
            7.68026,
            11.64139
          ],
          [
            6.2849,
            6.28602,
            11.88652
          ],
          [
            6.75327,
            4.9274,
            10.14151
          ],
          [
            10.99313,
            10.22679,
            9.62397
          ],
          [
            7.65208,
            7.03884,
            11.85728
          ],
          [
            10.72606,
            7.72903,
            9.36822
          ],
          [
            11.24634,
            8.03763,
            11.04108
          ],
          [
            7.71094,
            5.1207,
            10.39322
          ],
          [
            4.48022,
            6.31105,
            9.55726
          ],
          [
            3.88648,
            6.07339,
            11.23702
          ],
          [
            10.48232,
            5.05593,
            9.66449
          ],
          [
            4.62363,
            3.75208,
            9.33005
          ],
          [
            3.66244,
            3.64245,
            10.84067
          ],
          [
            10.73341,
            11.15622,
            9.44473
          ],
          [
            9.68288,
            9.94248,
            11.24125
          ],
          [
            8.98496,
            9.58108,
            9.62411
          ]
        ],
        "Stress": [
          [
            -52.81534,
            -0.48039,
            -0.51929
          ],
          [
            -0.48039,
            -51.97517,
            0.82806
          ],
          [
            -0.51929,
            0.82806,
            -3.89905
          ]
        ],
        "computation_code": "VASP",
        "pseudopotential_information": [
          [
            "PAW_PBE",
            "Pt",
            "04Feb2005"
          ],
          [
            "PAW_PBE",
            "C",
            "08Apr2002"
          ],
          [
            "PAW_PBE",
            "O",
            "08Apr2002"
          ],
          [
            "PAW_PBE",
            "H",
            "15Jun2001"
          ]
        ]
      }
    ],
    "EnergyStyle": "electronvolt",
    "ForcesStyle": "electronvoltperangstrom",
    "LatticeStyle": "angstrom",
    "PositionsStyle": "angstrom",
    "StressStyle": "kB"
  }
}