{
  "Dataset": {
    "AtomTypeStyle": "chemicalsymbol",
    "Data": [
      {
        "AtomTypes": [
          "Pt",
          "Pt",
          "Pt",
          "Pt",
          "Pt",
          "Pt",
          "Pt",
          "Pt",
          "Pt",
          "Pt",
          "Pt",
          "Pt",
          "Pt",
          "Pt",
          "Pt",
          "Pt",
          "Pt",
          "Pt",
          "Pt",
          "Pt",
          "Pt",
          "Pt",
          "Pt",
          "Pt",
          "Pt",
          "Pt",
          "Pt",
          "Pt",
          "Pt",
          "Pt",
          "Pt",
          "Pt",
          "Pt",
          "Pt",
          "Pt",
          "Pt",
          "Pt",
          "Pt",
          "Pt",
          "Pt",
          "Pt",
          "Pt",
          "Pt",
          "Pt",
          "Pt",
          "Pt",
          "Pt",
          "Pt",
          "Pt",
          "Pt",
          "Pt",
          "Pt",
          "Pt",
          "Pt",
          "Pt",
          "Pt",
          "Pt",
          "Pt",
          "Pt",
          "Pt",
          "Pt",
          "Pt",
          "Pt",
          "Pt",
          "Pt",
          "Pt",
          "Pt",
          "Pt",
          "Pt",
          "Pt",
          "Pt",
          "Pt",
          "C",
          "C",
          "C",
          "C",
          "C",
          "C",
          "O",
          "O",
          "O",
          "O",
          "O",
          "O",
          "H",
          "H",
          "H",
          "H",
          "H",
          "H",
          "H",
          "H",
          "H",
          "H",
          "H",
          "H"
        ],
        "Energy": -346.90965795,
        "Forces": [
          [
            -0.001096,
            -0.036616,
            -0.05178
          ],
          [
            -0.003242,
            -0.042139,
            -0.024079
          ],
          [
            0.019486,
            0.02287,
            -0.16624
          ],
          [
            0.004414,
            -0.003573,
            -0.024898
          ],
          [
            0.021406,
            -0.02673,
            -0.031082
          ],
          [
            0.000419,
            -0.039689,
            -0.057909
          ],
          [
            0.013896,
            -0.035075,
            -0.050107
          ],
          [
            0.005373,
            -0.022911,
            -0.046255
          ],
          [
            0.025698,
            -0.045519,
            -0.046701
          ],
          [
            0.009647,
            -0.057045,
            -0.088909
          ],
          [
            0.008092,
            -0.038814,
            -0.053541
          ],
          [
            0.03553,
            0.01844,
            -0.043766
          ],
          [
            -0.00231,
            -0.01504,
            -0.045339
          ],
          [
            0.01132,
            -0.055481,
            -0.033744
          ],
          [
            -0.00146,
            0.006777,
            -0.055831
          ],
          [
            0.017155,
            -0.009477,
            -0.05848
          ],
          [
            0.029848,
            -0.036758,
            -0.033684
          ],
          [
            0.004521,
            -0.022722,
            -0.05568
          ],
          [
            -0.009404,
            -0.04273,
            0.022434
          ],
          [
            -0.015799,
            -0.006929,
            0.130441
          ],
          [
            0.064323,
            0.109743,
            0.103641
          ],
          [
            0.058192,
            0.090898,
            0.181939
          ],
          [
            -0.039314,
            -0.017451,
            0.071592
          ],
          [
            -0.05726,
            0.101917,
            0.09879
          ],
          [
            -0.067021,
            0.045455,
            0.149355
          ],
          [
            0.033226,
            0.015979,
            0.086849
          ],
          [
            -0.039596,
            0.011415,
            -0.022437
          ],
          [
            0.022949,
            0.008043,
            0.002426
          ],
          [
            -0.016973,
            0.077502,
            0.201771
          ],
          [
            0.069797,
            -0.035495,
            0.057415
          ],
          [
            -0.006875,
            0.001132,
            0.028392
          ],
          [
            -0.027599,
            0.038343,
            0.111599
          ],
          [
            -0.024778,
            -0.022895,
            0.239111
          ],
          [
            0.006838,
            0.108932,
            0.050174
          ],
          [
            0.023972,
            0.055969,
            0.113859
          ],
          [
            -0.118422,
            -0.041948,
            0.068478
          ],
          [
            -0.025726,
            -0.036662,
            0.035968
          ],
          [
            -0.126949,
            0.02628,
            0.010665
          ],
          [
            0.073845,
            0.086278,
            -0.009415
          ],
          [
            -0.035079,
            -0.120719,
            0.05422
          ],
          [
            0.084525,
            -0.059237,
            -0.102716
          ],
          [
            0.050955,
            0.044459,
            -0.028477
          ],
          [
            -0.009646,
            0.022516,
            0.037738
          ],
          [
            0.044589,
            -0.116852,
            -0.11653
          ],
          [
            -0.08291,
            0.000498,
            -0.219147
          ],
          [
            -0.01554,
            -0.048323,
            -0.074031
          ],
          [
            0.003367,
            -0.072478,
            -0.015182
          ],
          [
            0.046693,
            0.116334,
            -0.002613
          ],
          [
            0.058098,
            0.092869,
            0.005978
          ],
          [
            0.024791,
            -0.119873,
            -0.112721
          ],
          [
            -0.04359,
            -0.046392,
            0.111647
          ],
          [
            -0.042983,
            0.095128,
            0.035397
          ],
          [
            -0.024175,
            0.027227,
            -0.069924
          ],
          [
            -0.060994,
            0.050451,
            -0.10989
          ],
          [
            -0.0555,
            -0.113048,
            -0.043061
          ],
          [
            -0.011956,
            0.069526,
            0.012305
          ],
          [
            0.188622,
            -0.051871,
            0.096456
          ],
          [
            -0.018753,
            -0.08622,
            0.005533
          ],
          [
            0.037369,
            0.163284,
            -0.144883
          ],
          [
            -0.171375,
            0.054898,
            -0.002123
          ],
          [
            0.021594,
            0.04765,
            0.029668
          ],
          [
            -0.027021,
            -0.083497,
            -0.05655
          ],
          [
            -0.15802,
            0.124831,
            0.102557
          ],
          [
            -0.008223,
            0.005569,
            -0.039402
          ],
          [
            -0.021724,
            0.014738,
            0.002146
          ],
          [
            -0.062949,
            -0.100318,
            0.008553
          ],
          [
            -0.025794,
            -0.082369,
            -0.031512
          ],
          [
            -0.005458,
            0.049897,
            -0.040692
          ],
          [
            0.108615,
            -0.029394,
            0.108983
          ],
          [
            -0.020737,
            -0.081764,
            0.041094
          ],
          [
            0.025326,
            -0.000452,
            -0.031389
          ],
          [
            0.090708,
            -0.031435,
            0.083939
          ],
          [
            -0.225422,
            -0.051939,
            0.13144
          ],
          [
            -0.383885,
            0.440395,
            0.553449
          ],
          [
            -0.045933,
            -0.303122,
            -0.294661
          ],
          [
            0.414932,
            -0.234269,
            -0.415314
          ],
          [
            -0.529777,
            -0.035005,
            0.916125
          ],
          [
            -0.375277,
            0.189323,
            -0.375942
          ],
          [
            0.338784,
            -0.05126,
            -0.097285
          ],
          [
            -0.039759,
            -0.042962,
            -0.222323
          ],
          [
            -0.070893,
            -0.384013,
            -0.141573
          ],
          [
            0.105902,
            0.488323,
            0.349993
          ],
          [
            0.032041,
            0.027268,
            0.238107
          ],
          [
            -0.200098,
            -0.107821,
            -0.164501
          ],
          [
            0.193336,
            0.222186,
            -0.096827
          ],
          [
            0.367168,
            -0.017849,
            -0.536569
          ],
          [
            0.07219,
            -0.033155,
            0.134542
          ],
          [
            0.114846,
            -0.026813,
            -0.095878
          ],
          [
            -0.036383,
            -0.015149,
            0.089138
          ],
          [
            -0.223001,
            0.102688,
            0.22403
          ],
          [
            -0.047424,
            0.135316,
            0.115924
          ],
          [
            0.159336,
            -0.162681,
            -0.140879
          ],
          [
            0.138695,
            0.364078,
            -0.668934
          ],
          [
            0.025038,
            -0.112369,
            0.039261
          ],
          [
            0.333098,
            -0.030848,
            -0.21403
          ],
          [
            0.031006,
            -0.237616,
            0.441662
          ]
        ],
        "Lattice": [
          [
            8.440733911,
            0.0,
            0.0
          ],
          [
            8.440733911,
            14.619780548,
            0.0
          ],
          [
            0.0,
            0.0,
            21.483230591
          ]
        ],
        "NumAtoms": 96,
        "Positions": [
          [
            4.22079,
            2.43687,
            0.0
          ],
          [
            9.84794,
            12.18339,
            0.0
          ],
          [
            7.03437,
            7.31013,
            0.0
          ],
          [
            7.03437,
            2.43687,
            0.0
          ],
          [
            12.66152,
            12.18339,
            0.0
          ],
          [
            9.84795,
            7.31013,
            0.0
          ],
          [
            1.40721,
            2.43687,
            0.0
          ],
          [
            7.03437,
            12.18339,
            0.0
          ],
          [
            4.22079,
            7.31013,
            0.0
          ],
          [
            2.81385,
            0.0,
            0.0
          ],
          [
            8.44101,
            9.74652,
            0.0
          ],
          [
            5.62743,
            4.87326,
            0.0
          ],
          [
            5.62743,
            0.0,
            0.0
          ],
          [
            11.25459,
            9.74652,
            0.0
          ],
          [
            8.44101,
            4.87326,
            0.0
          ],
          [
            0.00028,
            0.0,
            0.0
          ],
          [
            5.62743,
            9.74652,
            0.0
          ],
          [
            2.81385,
            4.87326,
            0.0
          ],
          [
            7.03462,
            4.06144,
            2.2975
          ],
          [
            12.66177,
            13.80796,
            2.2975
          ],
          [
            9.8482,
            8.9347,
            2.2975
          ],
          [
            9.8482,
            4.06144,
            2.2975
          ],
          [
            15.47535,
            13.80796,
            2.2975
          ],
          [
            12.66177,
            8.9347,
            2.2975
          ],
          [
            4.22104,
            4.06144,
            2.2975
          ],
          [
            9.8482,
            13.80796,
            2.2975
          ],
          [
            7.03462,
            8.9347,
            2.2975
          ],
          [
            5.62769,
            1.62456,
            2.2975
          ],
          [
            11.25484,
            11.37109,
            2.2975
          ],
          [
            8.44127,
            6.49782,
            2.2975
          ],
          [
            8.44127,
            1.62456,
            2.2975
          ],
          [
            14.06842,
            11.37109,
            2.2975
          ],
          [
            11.25484,
            6.49782,
            2.2975
          ],
          [
            2.81411,
            1.62456,
            2.2975
          ],
          [
            8.44127,
            11.37109,
            2.2975
          ],
          [
            5.62769,
            6.49782,
            2.2975
          ],
          [
            1.40599,
            0.85335,
            4.56476
          ],
          [
            7.0407,
            10.58624,
            4.56601
          ],
          [
            4.17582,
            5.69447,
            4.60427
          ],
          [
            4.21541,
            0.85371,
            4.56133
          ],
          [
            9.82842,
            10.61187,
            4.59392
          ],
          [
            7.00584,
            5.70632,
            4.54168
          ],
          [
            7.02667,
            0.83464,
            4.57047
          ],
          [
            12.64234,
            10.61224,
            4.58592
          ],
          [
            9.8433,
            5.71828,
            4.60719
          ],
          [
            2.7957,
            3.2913,
            4.59609
          ],
          [
            8.4318,
            13.04638,
            4.57546
          ],
          [
            5.60105,
            8.13459,
            4.55027
          ],
          [
            5.60869,
            3.25977,
            4.56798
          ],
          [
            11.24382,
            13.05443,
            4.5927
          ],
          [
            8.43265,
            8.16259,
            4.54227
          ],
          [
            8.43002,
            3.26493,
            4.56343
          ],
          [
            14.05861,
            13.02314,
            4.58628
          ],
          [
            11.246,
            8.16496,
            4.58006
          ],
          [
            5.61735,
            0.08846,
            6.89079
          ],
          [
            11.23101,
            9.81593,
            6.89556
          ],
          [
            8.35541,
            4.94652,
            6.84837
          ],
          [
            2.80233,
            0.08723,
            6.89145
          ],
          [
            8.41701,
            9.79685,
            6.92145
          ],
          [
            5.62122,
            4.93044,
            6.86277
          ],
          [
            11.18997,
            4.94018,
            6.94048
          ],
          [
            8.42407,
            0.08531,
            6.89777
          ],
          [
            14.07375,
            9.80058,
            6.85282
          ],
          [
            9.80159,
            2.48858,
            6.88315
          ],
          [
            15.46101,
            12.25037,
            6.87809
          ],
          [
            12.64252,
            7.40518,
            6.87503
          ],
          [
            7.00898,
            2.51135,
            6.8964
          ],
          [
            12.642,
            12.24785,
            6.89858
          ],
          [
            9.79268,
            7.40296,
            6.86445
          ],
          [
            7.00758,
            7.38831,
            6.85692
          ],
          [
            4.19801,
            2.49416,
            6.88202
          ],
          [
            9.81471,
            12.26244,
            6.88498
          ],
          [
            9.0666,
            8.41883,
            10.68737
          ],
          [
            10.40297,
            9.11636,
            10.70604
          ],
          [
            5.46553,
            6.74001,
            10.51845
          ],
          [
            4.05319,
            6.29669,
            10.24231
          ],
          [
            3.78354,
            4.82088,
            10.00499
          ],
          [
            10.38325,
            10.60163,
            11.10399
          ],
          [
            10.99128,
            4.65756,
            9.23024
          ],
          [
            8.96274,
            7.17936,
            10.57126
          ],
          [
            8.01223,
            9.21986,
            10.80613
          ],
          [
            5.69722,
            7.89544,
            10.86338
          ],
          [
            6.42657,
            5.84748,
            10.26063
          ],
          [
            11.68113,
            10.96228,
            11.60742
          ],
          [
            7.13977,
            8.6701,
            10.83798
          ],
          [
            10.81755,
            8.98728,
            9.70503
          ],
          [
            11.06663,
            8.57038,
            11.39058
          ],
          [
            7.32205,
            6.2936,
            10.40694
          ],
          [
            12.25534,
            6.8375,
            9.28518
          ],
          [
            11.8437,
            6.71826,
            11.00815
          ],
          [
            10.29638,
            5.2836,
            9.53623
          ],
          [
            4.57294,
            4.34738,
            9.41642
          ],
          [
            3.64803,
            4.25347,
            10.97626
          ],
          [
            11.80535,
            11.92268,
            11.48072
          ],
          [
            9.58627,
            10.78201,
            11.8688
          ],
          [
            10.13082,
            11.21651,
            10.19347
          ]
        ],
        "Stress": [
          [
            -62.7496,
            -1.13562,
            -0.03857
          ],
          [
            -1.13562,
            -61.56162,
            1.29667
          ],
          [
            -0.03857,
            1.29667,
            -12.90496
          ]
        ],
        "computation_code": "VASP",
        "pseudopotential_information": [
          [
            "PAW_PBE",
            "Pt",
            "04Feb2005"
          ],
          [
            "PAW_PBE",
            "C",
            "08Apr2002"
          ],
          [
            "PAW_PBE",
            "O",
            "08Apr2002"
          ],
          [
            "PAW_PBE",
            "H",
            "15Jun2001"
          ]
        ]
      }
    ],
    "EnergyStyle": "electronvolt",
    "ForcesStyle": "electronvoltperangstrom",
    "LatticeStyle": "angstrom",
    "PositionsStyle": "angstrom",
    "StressStyle": "kB"
  }
}