{
  "Dataset": {
    "AtomTypeStyle": "chemicalsymbol",
    "Data": [
      {
        "AtomTypes": [
          "Pt",
          "Pt",
          "Pt",
          "Pt",
          "Pt",
          "Pt",
          "Pt",
          "Pt",
          "Pt",
          "Pt",
          "Pt",
          "Pt",
          "Pt",
          "Pt",
          "Pt",
          "Pt",
          "Pt",
          "Pt",
          "Pt",
          "Pt",
          "Pt",
          "Pt",
          "Pt",
          "Pt",
          "Pt",
          "Pt",
          "Pt",
          "Pt",
          "Pt",
          "Pt",
          "Pt",
          "Pt",
          "Pt",
          "Pt",
          "Pt",
          "Pt",
          "Pt",
          "Pt",
          "Pt",
          "Pt",
          "Pt",
          "Pt",
          "Pt",
          "Pt",
          "Pt",
          "Pt",
          "Pt",
          "Pt",
          "Pt",
          "Pt",
          "Pt",
          "Pt",
          "Pt",
          "Pt",
          "Pt",
          "Pt",
          "Pt",
          "Pt",
          "Pt",
          "Pt",
          "Pt",
          "Pt",
          "Pt",
          "Pt",
          "Pt",
          "Pt",
          "Pt",
          "Pt",
          "Pt",
          "Pt",
          "Pt",
          "Pt",
          "C",
          "C",
          "C",
          "C",
          "C",
          "C",
          "O",
          "O",
          "O",
          "O",
          "O",
          "O",
          "H",
          "H",
          "H",
          "H",
          "H",
          "H",
          "H",
          "H",
          "H",
          "H",
          "H",
          "H"
        ],
        "Energy": -347.09007072,
        "Forces": [
          [
            0.007443,
            -0.02759,
            -0.040245
          ],
          [
            0.007681,
            -0.02578,
            -0.03915
          ],
          [
            0.006568,
            -0.00586,
            -0.102156
          ],
          [
            0.014658,
            -0.013032,
            -0.035333
          ],
          [
            0.023811,
            -0.028928,
            -0.034625
          ],
          [
            0.003645,
            -0.031428,
            -0.044093
          ],
          [
            0.018426,
            -0.02465,
            -0.04341
          ],
          [
            0.014127,
            -0.020039,
            -0.040502
          ],
          [
            0.00785,
            -0.027728,
            -0.066265
          ],
          [
            0.014589,
            -0.036099,
            -0.067135
          ],
          [
            0.009643,
            -0.0304,
            -0.041399
          ],
          [
            0.026619,
            -0.008268,
            -0.053749
          ],
          [
            0.014666,
            -0.01212,
            -0.039858
          ],
          [
            0.012952,
            -0.035927,
            -0.045249
          ],
          [
            -0.002996,
            -0.003624,
            -0.050441
          ],
          [
            0.020999,
            -0.010218,
            -0.07454
          ],
          [
            0.013674,
            -0.036931,
            -0.040682
          ],
          [
            0.009229,
            -0.010805,
            -0.045059
          ],
          [
            -0.004118,
            0.000299,
            0.039753
          ],
          [
            -0.019878,
            0.006249,
            0.079539
          ],
          [
            -0.016017,
            0.045676,
            -0.014495
          ],
          [
            0.022273,
            0.025476,
            0.12768
          ],
          [
            -0.058201,
            0.009404,
            0.069458
          ],
          [
            0.001952,
            0.050517,
            -0.019058
          ],
          [
            -0.044072,
            -0.002713,
            0.081397
          ],
          [
            0.009947,
            0.022895,
            0.037355
          ],
          [
            -0.003842,
            0.018611,
            -0.007815
          ],
          [
            -0.017433,
            0.019718,
            0.034417
          ],
          [
            0.002346,
            0.051198,
            0.023442
          ],
          [
            0.047925,
            -0.013034,
            0.075868
          ],
          [
            -0.015962,
            0.027806,
            0.032476
          ],
          [
            -0.023915,
            0.067476,
            0.050966
          ],
          [
            -0.02619,
            -0.036134,
            0.055711
          ],
          [
            -0.010353,
            0.090338,
            0.103104
          ],
          [
            -0.021077,
            0.03835,
            0.001194
          ],
          [
            -0.015787,
            0.007142,
            -0.006903
          ],
          [
            0.000779,
            0.008729,
            0.005221
          ],
          [
            -0.002905,
            -0.000975,
            0.002815
          ],
          [
            -0.003642,
            -0.001148,
            0.008597
          ],
          [
            0.001045,
            -0.002698,
            0.010363
          ],
          [
            -0.005026,
            -0.003209,
            -0.002866
          ],
          [
            0.006755,
            -0.003393,
            -0.003203
          ],
          [
            -0.005591,
            -0.002261,
            0.007845
          ],
          [
            0.006237,
            -0.003314,
            0.000506
          ],
          [
            0.003721,
            0.000463,
            0.007812
          ],
          [
            -0.004982,
            0.009883,
            0.005303
          ],
          [
            -0.004071,
            -0.002009,
            -0.003769
          ],
          [
            -0.000526,
            0.008777,
            0.002007
          ],
          [
            -0.005741,
            -0.000847,
            -0.005423
          ],
          [
            0.001726,
            0.00685,
            -0.003965
          ],
          [
            0.007187,
            0.000111,
            -0.007486
          ],
          [
            0.007202,
            0.006112,
            0.007112
          ],
          [
            -0.006029,
            0.001568,
            -0.002461
          ],
          [
            0.000442,
            0.005445,
            0.00144
          ],
          [
            -0.001958,
            0.000891,
            0.008383
          ],
          [
            -0.002176,
            0.003916,
            0.007076
          ],
          [
            0.00511,
            -0.000463,
            -0.000668
          ],
          [
            0.002018,
            0.003179,
            0.010239
          ],
          [
            -0.003215,
            0.003065,
            0.005288
          ],
          [
            -0.005679,
            -0.000226,
            -0.008145
          ],
          [
            -0.002454,
            0.007403,
            0.007474
          ],
          [
            -0.001124,
            -0.000186,
            0.005875
          ],
          [
            0.001041,
            0.001402,
            0.006663
          ],
          [
            -0.000263,
            0.002644,
            0.007913
          ],
          [
            0.003228,
            -0.00527,
            0.003949
          ],
          [
            -0.00204,
            0.001886,
            0.008711
          ],
          [
            0.001791,
            -0.010096,
            0.006117
          ],
          [
            -0.003105,
            -0.003882,
            0.008412
          ],
          [
            0.004346,
            -0.001716,
            0.018201
          ],
          [
            -0.003211,
            -0.004776,
            0.008565
          ],
          [
            -0.002447,
            -0.007556,
            -0.002217
          ],
          [
            -0.004736,
            -0.006757,
            0.002297
          ],
          [
            -0.011651,
            0.011375,
            -0.005102
          ],
          [
            0.013972,
            0.010408,
            -0.03006
          ],
          [
            0.018429,
            0.001457,
            0.007724
          ],
          [
            -0.00417,
            0.004901,
            0.001231
          ],
          [
            0.008423,
            0.030592,
            0.028517
          ],
          [
            0.000154,
            -0.040004,
            0.019609
          ],
          [
            -0.01074,
            0.003068,
            -0.014884
          ],
          [
            -0.005847,
            -0.022577,
            -0.014906
          ],
          [
            -0.005576,
            -0.018375,
            0.002615
          ],
          [
            -0.01672,
            -0.029327,
            -0.003747
          ],
          [
            -0.008774,
            0.006776,
            -0.000535
          ],
          [
            0.005388,
            -0.02526,
            -0.012516
          ],
          [
            0.025179,
            0.005443,
            0.014091
          ],
          [
            -0.002369,
            0.008191,
            0.009284
          ],
          [
            -0.003189,
            -0.004705,
            0.011238
          ],
          [
            0.007496,
            -0.00682,
            -0.009292
          ],
          [
            -0.000642,
            -0.017899,
            0.020339
          ],
          [
            -0.008471,
            0.00158,
            -0.000963
          ],
          [
            0.002416,
            0.005406,
            -0.002836
          ],
          [
            -0.002163,
            -0.000543,
            -0.011928
          ],
          [
            -0.004532,
            0.006348,
            -0.007431
          ],
          [
            0.012429,
            0.009194,
            0.001611
          ],
          [
            -0.012554,
            0.019348,
            0.005763
          ],
          [
            -0.009379,
            -0.009963,
            -0.002001
          ]
        ],
        "Lattice": [
          [
            8.440733911,
            0.0,
            0.0
          ],
          [
            8.440733911,
            14.619780548,
            0.0
          ],
          [
            0.0,
            0.0,
            21.483230591
          ]
        ],
        "NumAtoms": 96,
        "Positions": [
          [
            4.22079,
            2.43687,
            0.0
          ],
          [
            9.84794,
            12.18339,
            0.0
          ],
          [
            7.03437,
            7.31013,
            0.0
          ],
          [
            7.03437,
            2.43687,
            0.0
          ],
          [
            12.66152,
            12.18339,
            0.0
          ],
          [
            9.84795,
            7.31013,
            0.0
          ],
          [
            1.40721,
            2.43687,
            0.0
          ],
          [
            7.03437,
            12.18339,
            0.0
          ],
          [
            4.22079,
            7.31013,
            0.0
          ],
          [
            2.81385,
            0.0,
            0.0
          ],
          [
            8.44101,
            9.74652,
            0.0
          ],
          [
            5.62743,
            4.87326,
            0.0
          ],
          [
            5.62743,
            0.0,
            0.0
          ],
          [
            11.25459,
            9.74652,
            0.0
          ],
          [
            8.44101,
            4.87326,
            0.0
          ],
          [
            0.00028,
            0.0,
            0.0
          ],
          [
            5.62743,
            9.74652,
            0.0
          ],
          [
            2.81385,
            4.87326,
            0.0
          ],
          [
            7.03462,
            4.06144,
            2.2975
          ],
          [
            12.66177,
            13.80796,
            2.2975
          ],
          [
            9.8482,
            8.9347,
            2.2975
          ],
          [
            9.8482,
            4.06144,
            2.2975
          ],
          [
            15.47535,
            13.80796,
            2.2975
          ],
          [
            12.66177,
            8.9347,
            2.2975
          ],
          [
            4.22104,
            4.06144,
            2.2975
          ],
          [
            9.8482,
            13.80796,
            2.2975
          ],
          [
            7.03462,
            8.9347,
            2.2975
          ],
          [
            5.62769,
            1.62456,
            2.2975
          ],
          [
            11.25484,
            11.37109,
            2.2975
          ],
          [
            8.44127,
            6.49782,
            2.2975
          ],
          [
            8.44127,
            1.62456,
            2.2975
          ],
          [
            14.06842,
            11.37109,
            2.2975
          ],
          [
            11.25484,
            6.49782,
            2.2975
          ],
          [
            2.81411,
            1.62456,
            2.2975
          ],
          [
            8.44127,
            11.37109,
            2.2975
          ],
          [
            5.62769,
            6.49782,
            2.2975
          ],
          [
            1.39119,
            0.84098,
            4.5659
          ],
          [
            7.01467,
            10.59328,
            4.56174
          ],
          [
            4.20452,
            5.70212,
            4.56504
          ],
          [
            4.20072,
            0.84214,
            4.56783
          ],
          [
            9.82644,
            10.59213,
            4.55784
          ],
          [
            7.02784,
            5.70804,
            4.55634
          ],
          [
            7.01509,
            0.83622,
            4.5669
          ],
          [
            12.64611,
            10.59533,
            4.56364
          ],
          [
            9.84586,
            5.70092,
            4.58706
          ],
          [
            2.80029,
            3.2831,
            4.59074
          ],
          [
            8.41681,
            13.02854,
            4.56015
          ],
          [
            5.61777,
            8.15107,
            4.55294
          ],
          [
            5.61364,
            3.26782,
            4.56618
          ],
          [
            11.23827,
            13.02583,
            4.57269
          ],
          [
            8.42865,
            8.14761,
            4.55517
          ],
          [
            8.42715,
            3.27099,
            4.57012
          ],
          [
            14.04093,
            13.0248,
            4.58094
          ],
          [
            11.23578,
            8.14751,
            4.54884
          ],
          [
            5.59288,
            0.0648,
            6.88429
          ],
          [
            11.22227,
            9.80364,
            6.842
          ],
          [
            8.41638,
            4.92798,
            6.88484
          ],
          [
            2.78075,
            0.06886,
            6.88116
          ],
          [
            8.39942,
            9.80322,
            6.8612
          ],
          [
            5.62558,
            4.92446,
            6.85329
          ],
          [
            11.23945,
            4.94683,
            6.93611
          ],
          [
            8.40513,
            0.06484,
            6.87777
          ],
          [
            14.04058,
            9.8139,
            6.87049
          ],
          [
            9.8188,
            2.49409,
            6.88345
          ],
          [
            15.43448,
            12.24557,
            6.88049
          ],
          [
            12.63582,
            7.38478,
            6.82889
          ],
          [
            7.01074,
            2.49296,
            6.88306
          ],
          [
            12.61795,
            12.24269,
            6.90336
          ],
          [
            9.81023,
            7.37652,
            6.87049
          ],
          [
            7.0149,
            7.36663,
            6.85958
          ],
          [
            4.2006,
            2.49389,
            6.88493
          ],
          [
            9.79064,
            12.25001,
            6.85529
          ],
          [
            9.37941,
            9.4863,
            10.31647
          ],
          [
            10.70436,
            10.19176,
            10.17466
          ],
          [
            5.9258,
            7.7622,
            10.31734
          ],
          [
            4.56467,
            7.15394,
            10.09805
          ],
          [
            4.43087,
            5.63842,
            10.06818
          ],
          [
            10.65102,
            11.70636,
            10.05854
          ],
          [
            3.15503,
            5.22796,
            9.51886
          ],
          [
            9.3031,
            8.2444,
            10.38141
          ],
          [
            8.32639,
            10.28326,
            10.34481
          ],
          [
            6.04651,
            8.98401,
            10.49327
          ],
          [
            6.95496,
            6.9281,
            10.25236
          ],
          [
            11.98068,
            12.16056,
            9.76294
          ],
          [
            7.44159,
            9.75907,
            10.40865
          ],
          [
            11.17859,
            9.78035,
            9.25059
          ],
          [
            11.36998,
            9.88542,
            10.99995
          ],
          [
            7.84106,
            7.4375,
            10.32519
          ],
          [
            12.69171,
            7.55199,
            9.09356
          ],
          [
            12.30572,
            7.61078,
            10.81793
          ],
          [
            10.88522,
            5.83931,
            9.80793
          ],
          [
            5.19862,
            5.18649,
            9.41572
          ],
          [
            4.54281,
            5.20129,
            11.07681
          ],
          [
            11.96594,
            13.13099,
            9.63361
          ],
          [
            10.28235,
            12.1663,
            10.99283
          ],
          [
            9.95011,
            12.00221,
            9.2416
          ]
        ],
        "Stress": [
          [
            -53.409,
            -1.06723,
            -0.4574
          ],
          [
            -1.06723,
            -52.27596,
            0.33122
          ],
          [
            -0.4574,
            0.33122,
            -2.38436
          ]
        ],
        "computation_code": "VASP",
        "pseudopotential_information": [
          [
            "PAW_PBE",
            "Pt",
            "04Feb2005"
          ],
          [
            "PAW_PBE",
            "C",
            "08Apr2002"
          ],
          [
            "PAW_PBE",
            "O",
            "08Apr2002"
          ],
          [
            "PAW_PBE",
            "H",
            "15Jun2001"
          ]
        ]
      }
    ],
    "EnergyStyle": "electronvolt",
    "ForcesStyle": "electronvoltperangstrom",
    "LatticeStyle": "angstrom",
    "PositionsStyle": "angstrom",
    "StressStyle": "kB"
  }
}