{
  "Dataset": {
    "AtomTypeStyle": "chemicalsymbol",
    "Data": [
      {
        "AtomTypes": [
          "Pt",
          "Pt",
          "Pt",
          "Pt",
          "Pt",
          "Pt",
          "Pt",
          "Pt",
          "Pt",
          "Pt",
          "Pt",
          "Pt",
          "Pt",
          "Pt",
          "Pt",
          "Pt",
          "Pt",
          "Pt",
          "Pt",
          "Pt",
          "Pt",
          "Pt",
          "Pt",
          "Pt",
          "Pt",
          "Pt",
          "Pt",
          "Pt",
          "Pt",
          "Pt",
          "Pt",
          "Pt",
          "Pt",
          "Pt",
          "Pt",
          "Pt",
          "Pt",
          "Pt",
          "Pt",
          "Pt",
          "Pt",
          "Pt",
          "Pt",
          "Pt",
          "Pt",
          "Pt",
          "Pt",
          "Pt",
          "Pt",
          "Pt",
          "Pt",
          "Pt",
          "Pt",
          "Pt",
          "Pt",
          "Pt",
          "Pt",
          "Pt",
          "Pt",
          "Pt",
          "Pt",
          "Pt",
          "Pt",
          "Pt",
          "C",
          "C",
          "C",
          "C",
          "C",
          "C",
          "C",
          "C",
          "O",
          "O",
          "O",
          "O",
          "O",
          "O",
          "O",
          "O",
          "O",
          "O",
          "O",
          "O",
          "H",
          "H",
          "H",
          "H",
          "H",
          "H",
          "H",
          "H",
          "H",
          "H",
          "H",
          "H",
          "H",
          "H",
          "H",
          "H"
        ],
        "Energy": -382.64117174,
        "Forces": [
          [
            -0.003898,
            0.008259,
            -0.059011
          ],
          [
            0.000135,
            -0.022022,
            -0.031784
          ],
          [
            0.0111,
            0.015244,
            -0.062374
          ],
          [
            -0.007528,
            -0.023364,
            -0.025976
          ],
          [
            -1.4e-05,
            0.013996,
            -0.058666
          ],
          [
            0.013242,
            -0.021718,
            -0.033745
          ],
          [
            0.008405,
            0.010812,
            -0.054682
          ],
          [
            0.01112,
            -0.019689,
            -0.033881
          ],
          [
            0.003204,
            0.017725,
            -0.045407
          ],
          [
            0.006546,
            -0.014098,
            -0.043378
          ],
          [
            0.003995,
            0.020401,
            -0.041867
          ],
          [
            0.003996,
            -0.026705,
            -0.045398
          ],
          [
            0.00674,
            0.000334,
            -0.039375
          ],
          [
            0.00892,
            -0.010809,
            -0.061043
          ],
          [
            0.005601,
            0.006229,
            -0.038797
          ],
          [
            -0.001699,
            -0.00948,
            -0.061667
          ],
          [
            0.007674,
            0.017587,
            -0.023754
          ],
          [
            -0.0303,
            0.001878,
            0.094301
          ],
          [
            0.002958,
            0.011908,
            -0.003408
          ],
          [
            -0.042593,
            -0.003349,
            0.057065
          ],
          [
            -0.005571,
            -0.086065,
            0.092352
          ],
          [
            -0.004564,
            0.100942,
            0.029312
          ],
          [
            -0.007099,
            -0.062639,
            0.077692
          ],
          [
            0.002038,
            0.094967,
            0.03895
          ],
          [
            0.021528,
            -0.051399,
            0.085178
          ],
          [
            -0.014969,
            0.049276,
            -0.003309
          ],
          [
            -0.020745,
            -0.058845,
            0.073931
          ],
          [
            -0.003063,
            0.080428,
            -0.016746
          ],
          [
            -0.032247,
            0.013114,
            -0.028291
          ],
          [
            0.03024,
            0.000118,
            0.060658
          ],
          [
            -0.015912,
            0.00655,
            -0.031448
          ],
          [
            0.018745,
            0.005172,
            0.098901
          ],
          [
            0.008295,
            -0.001865,
            0.042069
          ],
          [
            0.007666,
            -0.007704,
            -0.019897
          ],
          [
            0.023266,
            0.021808,
            -0.002301
          ],
          [
            -0.012537,
            -0.009994,
            0.002854
          ],
          [
            -0.023733,
            0.002311,
            -0.023174
          ],
          [
            3.5e-05,
            0.005149,
            -0.017983
          ],
          [
            -0.002336,
            -0.007502,
            0.016472
          ],
          [
            0.005984,
            0.000877,
            -0.009593
          ],
          [
            0.003539,
            0.010732,
            0.004129
          ],
          [
            0.004337,
            -0.012859,
            -0.024391
          ],
          [
            -0.01569,
            0.011563,
            0.012844
          ],
          [
            -0.004127,
            -0.027261,
            -0.062393
          ],
          [
            0.008001,
            -0.019045,
            -0.01657
          ],
          [
            0.014418,
            0.022305,
            0.048684
          ],
          [
            0.003568,
            -0.009288,
            -0.03813
          ],
          [
            -0.011144,
            0.026068,
            0.047414
          ],
          [
            0.025725,
            0.022321,
            0.089886
          ],
          [
            0.009572,
            -0.030247,
            -0.02105
          ],
          [
            -0.036916,
            0.028759,
            0.084803
          ],
          [
            -0.00039,
            -0.011809,
            -0.018786
          ],
          [
            -0.011445,
            -0.02335,
            -0.04352
          ],
          [
            0.008097,
            0.018329,
            -0.009691
          ],
          [
            0.012689,
            -0.032466,
            -0.128988
          ],
          [
            -0.007023,
            0.015785,
            0.01384
          ],
          [
            0.001952,
            0.029878,
            -0.001006
          ],
          [
            0.000506,
            -0.026062,
            -0.028446
          ],
          [
            -0.02198,
            0.019865,
            0.056498
          ],
          [
            0.028567,
            -0.014262,
            0.019994
          ],
          [
            0.017565,
            -0.005543,
            -0.032334
          ],
          [
            0.016037,
            -0.01203,
            -0.035267
          ],
          [
            0.000855,
            0.024974,
            -0.061475
          ],
          [
            -0.028206,
            -0.011794,
            -0.003311
          ],
          [
            -0.21459,
            -0.094905,
            0.034526
          ],
          [
            -0.013725,
            0.006443,
            0.009571
          ],
          [
            0.197541,
            -0.023343,
            -0.08796
          ],
          [
            0.3558,
            0.308875,
            0.170207
          ],
          [
            -0.213458,
            -0.092362,
            0.033502
          ],
          [
            -0.013067,
            0.005087,
            0.009791
          ],
          [
            0.200429,
            -0.019393,
            -0.087232
          ],
          [
            0.356948,
            0.308478,
            0.16848
          ],
          [
            -0.038111,
            0.068812,
            -0.030079
          ],
          [
            -0.028893,
            -0.182107,
            -0.081053
          ],
          [
            0.065817,
            0.061707,
            0.046143
          ],
          [
            -0.122783,
            -0.097773,
            0.03843
          ],
          [
            -0.75055,
            0.417699,
            0.138896
          ],
          [
            0.289167,
            -0.415243,
            -0.022229
          ],
          [
            -0.037274,
            0.06742,
            -0.029143
          ],
          [
            -0.031996,
            -0.184023,
            -0.078824
          ],
          [
            0.063601,
            0.06289,
            0.048569
          ],
          [
            -0.123765,
            -0.097026,
            0.039061
          ],
          [
            -0.752152,
            0.418557,
            0.137257
          ],
          [
            0.290438,
            -0.417273,
            -0.021412
          ],
          [
            0.141012,
            -0.10713,
            0.0671
          ],
          [
            0.078722,
            0.061661,
            -0.047612
          ],
          [
            0.10364,
            0.016688,
            -0.031661
          ],
          [
            0.002983,
            0.044029,
            -0.00559
          ],
          [
            -0.185915,
            0.062793,
            -0.029606
          ],
          [
            0.135186,
            0.035742,
            -0.197384
          ],
          [
            -0.064679,
            -0.041472,
            0.223256
          ],
          [
            0.045612,
            -0.154574,
            -0.049599
          ],
          [
            0.143228,
            -0.104642,
            0.065905
          ],
          [
            0.081271,
            0.058328,
            -0.044545
          ],
          [
            0.103335,
            0.017295,
            -0.032239
          ],
          [
            0.005716,
            0.043313,
            -0.007176
          ],
          [
            -0.187043,
            0.062658,
            -0.028138
          ],
          [
            0.13417,
            0.036093,
            -0.19852
          ],
          [
            -0.065995,
            -0.040913,
            0.225023
          ],
          [
            0.048247,
            -0.154793,
            -0.051231
          ]
        ],
        "Lattice": [
          [
            11.254311534,
            0.0,
            0.0
          ],
          [
            5.627155767,
            9.746519691,
            0.0
          ],
          [
            0.0,
            0.0,
            21.483230925
          ]
        ],
        "NumAtoms": 100,
        "Positions": [
          [
            4.22079,
            2.43687,
            0.0
          ],
          [
            7.03437,
            7.31013,
            0.0
          ],
          [
            9.84794,
            2.43687,
            0.0
          ],
          [
            12.66152,
            7.31013,
            0.0
          ],
          [
            1.40693,
            2.43687,
            0.0
          ],
          [
            4.22051,
            7.31013,
            0.0
          ],
          [
            7.03409,
            2.43687,
            0.0
          ],
          [
            9.84766,
            7.31013,
            0.0
          ],
          [
            2.81385,
            0.0,
            0.0
          ],
          [
            5.62743,
            4.87326,
            0.0
          ],
          [
            8.44101,
            0.0,
            0.0
          ],
          [
            11.25459,
            4.87326,
            0.0
          ],
          [
            0.0,
            0.0,
            0.0
          ],
          [
            2.81358,
            4.87326,
            0.0
          ],
          [
            5.62716,
            0.0,
            0.0
          ],
          [
            8.44073,
            4.87326,
            0.0
          ],
          [
            7.03462,
            4.06144,
            2.2975
          ],
          [
            9.8482,
            8.9347,
            2.2975
          ],
          [
            12.66177,
            4.06144,
            2.2975
          ],
          [
            15.47535,
            8.9347,
            2.2975
          ],
          [
            5.62769,
            1.62456,
            2.2975
          ],
          [
            8.44127,
            6.49782,
            2.2975
          ],
          [
            11.25484,
            1.62456,
            2.2975
          ],
          [
            14.06842,
            6.49782,
            2.2975
          ],
          [
            2.81383,
            1.62456,
            2.2975
          ],
          [
            5.62741,
            6.49782,
            2.2975
          ],
          [
            8.44098,
            1.62456,
            2.2975
          ],
          [
            11.25456,
            6.49782,
            2.2975
          ],
          [
            4.22076,
            4.06144,
            2.2975
          ],
          [
            7.03434,
            8.9347,
            2.2975
          ],
          [
            9.84791,
            4.06144,
            2.2975
          ],
          [
            12.66149,
            8.9347,
            2.2975
          ],
          [
            1.40909,
            0.81893,
            4.57529
          ],
          [
            4.20911,
            5.68982,
            4.56136
          ],
          [
            7.02996,
            0.81115,
            4.5846
          ],
          [
            9.84339,
            5.69191,
            4.55435
          ],
          [
            4.21014,
            0.81466,
            4.58215
          ],
          [
            7.02845,
            5.68957,
            4.55719
          ],
          [
            9.8319,
            0.81665,
            4.57285
          ],
          [
            12.65461,
            5.69162,
            4.55675
          ],
          [
            2.80162,
            3.25569,
            4.56655
          ],
          [
            5.61786,
            8.13117,
            4.56721
          ],
          [
            8.43374,
            3.25389,
            4.56208
          ],
          [
            11.24685,
            8.1363,
            4.57539
          ],
          [
            5.61969,
            3.25553,
            4.55214
          ],
          [
            8.42969,
            8.14216,
            4.57994
          ],
          [
            11.2484,
            3.2521,
            4.55822
          ],
          [
            14.06449,
            8.14098,
            4.58062
          ],
          [
            2.78324,
            0.01718,
            6.92404
          ],
          [
            5.6098,
            4.89379,
            6.87499
          ],
          [
            8.4213,
            0.01365,
            6.92457
          ],
          [
            11.24001,
            4.89151,
            6.87478
          ],
          [
            11.24044,
            0.01453,
            6.86585
          ],
          [
            14.04528,
            4.8872,
            6.87895
          ],
          [
            5.60551,
            0.01476,
            6.89018
          ],
          [
            8.42763,
            4.88783,
            6.86761
          ],
          [
            12.63415,
            2.46876,
            6.88016
          ],
          [
            15.4712,
            7.30453,
            6.8706
          ],
          [
            7.01073,
            2.47076,
            6.86185
          ],
          [
            9.83735,
            7.30496,
            6.85767
          ],
          [
            4.21044,
            2.47235,
            6.85057
          ],
          [
            7.00506,
            7.30266,
            6.86195
          ],
          [
            9.83882,
            2.46328,
            6.85566
          ],
          [
            12.64392,
            7.30696,
            6.8574
          ],
          [
            7.76508,
            7.67604,
            10.09319
          ],
          [
            8.85149,
            8.72143,
            10.00843
          ],
          [
            5.24372,
            4.77988,
            10.30336
          ],
          [
            4.07315,
            3.79666,
            10.235
          ],
          [
            13.39223,
            7.67628,
            10.09317
          ],
          [
            14.47922,
            8.72138,
            10.0088
          ],
          [
            10.87079,
            4.77991,
            10.30337
          ],
          [
            9.7002,
            3.79677,
            10.23506
          ],
          [
            8.02794,
            6.48318,
            10.26327
          ],
          [
            4.46673,
            2.44703,
            10.03603
          ],
          [
            2.79393,
            0.13756,
            9.28658
          ],
          [
            6.53316,
            8.16595,
            10.03811
          ],
          [
            5.10844,
            5.98947,
            10.43821
          ],
          [
            6.45545,
            4.24714,
            10.20106
          ],
          [
            13.655,
            6.48346,
            10.26337
          ],
          [
            10.09406,
            2.44714,
            10.03655
          ],
          [
            8.42412,
            0.13729,
            9.28512
          ],
          [
            12.16031,
            8.16612,
            10.03784
          ],
          [
            10.73563,
            5.98961,
            10.43754
          ],
          [
            12.08248,
            4.24711,
            10.20196
          ],
          [
            5.90116,
            7.37694,
            10.14596
          ],
          [
            9.72024,
            8.24966,
            9.52978
          ],
          [
            9.10523,
            9.00283,
            11.04793
          ],
          [
            3.34834,
            0.92593,
            9.53802
          ],
          [
            7.11762,
            5.01796,
            10.22386
          ],
          [
            3.37134,
            4.15364,
            9.45779
          ],
          [
            3.53374,
            3.85765,
            11.18682
          ],
          [
            5.15629,
            2.43496,
            9.32972
          ],
          [
            11.52822,
            7.377,
            10.14569
          ],
          [
            15.34792,
            8.24884,
            9.53094
          ],
          [
            14.73218,
            9.00331,
            11.04833
          ],
          [
            8.976,
            0.92652,
            9.53955
          ],
          [
            12.74479,
            5.0178,
            10.22401
          ],
          [
            8.99858,
            4.15346,
            9.45776
          ],
          [
            9.16078,
            3.8579,
            11.18678
          ],
          [
            10.78354,
            2.43512,
            9.33006
          ]
        ],
        "Stress": [
          [
            -50.36711,
            -3.19344,
            -0.53052
          ],
          [
            -3.19344,
            -55.01592,
            -0.11799
          ],
          [
            -0.53052,
            -0.11799,
            -4.95174
          ]
        ],
        "computation_code": "VASP",
        "pseudopotential_information": [
          [
            "PAW_PBE",
            "Pt",
            "04Feb2005"
          ],
          [
            "PAW_PBE",
            "C",
            "08Apr2002"
          ],
          [
            "PAW_PBE",
            "O",
            "08Apr2002"
          ],
          [
            "PAW_PBE",
            "H",
            "15Jun2001"
          ]
        ]
      }
    ],
    "EnergyStyle": "electronvolt",
    "ForcesStyle": "electronvoltperangstrom",
    "LatticeStyle": "angstrom",
    "PositionsStyle": "angstrom",
    "StressStyle": "kB"
  }
}