{
  "Dataset": {
    "AtomTypeStyle": "chemicalsymbol",
    "Data": [
      {
        "AtomTypes": [
          "Pt",
          "Pt",
          "Pt",
          "Pt",
          "Pt",
          "Pt",
          "Pt",
          "Pt",
          "Pt",
          "Pt",
          "Pt",
          "Pt",
          "Pt",
          "Pt",
          "Pt",
          "Pt",
          "Pt",
          "Pt",
          "Pt",
          "Pt",
          "Pt",
          "Pt",
          "Pt",
          "Pt",
          "Pt",
          "Pt",
          "Pt",
          "Pt",
          "Pt",
          "Pt",
          "Pt",
          "Pt",
          "Pt",
          "Pt",
          "Pt",
          "Pt",
          "Pt",
          "Pt",
          "Pt",
          "Pt",
          "Pt",
          "Pt",
          "Pt",
          "Pt",
          "Pt",
          "Pt",
          "Pt",
          "Pt",
          "Pt",
          "Pt",
          "Pt",
          "Pt",
          "Pt",
          "Pt",
          "Pt",
          "Pt",
          "Pt",
          "Pt",
          "Pt",
          "Pt",
          "Pt",
          "Pt",
          "Pt",
          "Pt",
          "C",
          "C",
          "C",
          "C",
          "C",
          "C",
          "C",
          "C",
          "O",
          "O",
          "O",
          "O",
          "O",
          "O",
          "O",
          "O",
          "O",
          "O",
          "O",
          "O",
          "H",
          "H",
          "H",
          "H",
          "H",
          "H",
          "H",
          "H",
          "H",
          "H",
          "H",
          "H",
          "H",
          "H",
          "H",
          "H"
        ],
        "Energy": -382.33420205,
        "Forces": [
          [
            -0.006516,
            -0.020151,
            -0.041141
          ],
          [
            -0.003743,
            -0.021417,
            -0.036786
          ],
          [
            -0.001895,
            -0.019273,
            -0.041048
          ],
          [
            -0.004528,
            -0.024417,
            -0.039623
          ],
          [
            -0.003302,
            0.005215,
            -0.068612
          ],
          [
            -0.002157,
            -0.013314,
            -0.051145
          ],
          [
            -0.000368,
            0.005884,
            -0.066371
          ],
          [
            -0.001005,
            -0.01564,
            -0.051889
          ],
          [
            0.012734,
            0.010018,
            -0.06597
          ],
          [
            0.007002,
            -0.006947,
            -0.069889
          ],
          [
            0.012846,
            0.009422,
            -0.064715
          ],
          [
            0.009143,
            -0.007349,
            -0.072272
          ],
          [
            -0.018828,
            0.012404,
            -0.07459
          ],
          [
            -0.014424,
            -0.007774,
            -0.076958
          ],
          [
            -0.018681,
            0.012104,
            -0.072165
          ],
          [
            -0.012461,
            -0.008734,
            -0.076474
          ],
          [
            0.00703,
            -0.00934,
            0.098085
          ],
          [
            0.004583,
            0.033752,
            0.22736
          ],
          [
            0.005582,
            -0.003663,
            0.086052
          ],
          [
            0.002001,
            0.03215,
            0.220306
          ],
          [
            -0.025754,
            -0.012631,
            0.100983
          ],
          [
            -0.00899,
            0.039663,
            0.045359
          ],
          [
            -0.028522,
            -0.010292,
            0.087545
          ],
          [
            -0.010108,
            0.043481,
            0.050157
          ],
          [
            0.044442,
            0.000577,
            0.081731
          ],
          [
            0.01807,
            0.042291,
            0.032602
          ],
          [
            0.032916,
            -0.002206,
            0.088038
          ],
          [
            0.02061,
            0.047838,
            0.040474
          ],
          [
            -0.009433,
            -0.007459,
            -0.038182
          ],
          [
            -0.017041,
            -0.011663,
            -0.054643
          ],
          [
            -0.01909,
            -0.012437,
            -0.041836
          ],
          [
            -0.014038,
            -0.005102,
            -0.041805
          ],
          [
            -0.000865,
            0.000853,
            0.009914
          ],
          [
            -0.000554,
            -0.003712,
            -0.001384
          ],
          [
            0.003822,
            0.003671,
            -0.000325
          ],
          [
            -0.001268,
            -0.001629,
            -0.000398
          ],
          [
            0.004332,
            -0.010923,
            -0.002659
          ],
          [
            0.000645,
            -0.001743,
            0.003837
          ],
          [
            0.000251,
            -0.01157,
            0.004058
          ],
          [
            0.002248,
            -0.003652,
            0.004403
          ],
          [
            -0.00677,
            -0.00382,
            -0.00154
          ],
          [
            -0.003222,
            0.007341,
            -0.002842
          ],
          [
            -0.012258,
            0.001163,
            -0.001074
          ],
          [
            -0.009741,
            -0.001016,
            0.00092
          ],
          [
            0.006318,
            -0.000656,
            0.001005
          ],
          [
            0.006255,
            0.007512,
            -0.001991
          ],
          [
            0.007209,
            -4.4e-05,
            -0.004102
          ],
          [
            0.002489,
            0.003404,
            0.001837
          ],
          [
            0.004043,
            -0.007489,
            -0.000418
          ],
          [
            -0.000275,
            -0.000635,
            0.003237
          ],
          [
            0.003108,
            -0.004402,
            0.003199
          ],
          [
            0.003886,
            -0.005359,
            -0.004015
          ],
          [
            -0.00264,
            -0.005485,
            0.009433
          ],
          [
            0.002967,
            -0.004222,
            0.003918
          ],
          [
            -0.000528,
            0.003756,
            -0.001231
          ],
          [
            -0.001649,
            -0.003204,
            0.00516
          ],
          [
            0.001124,
            0.001165,
            -0.006734
          ],
          [
            0.000344,
            0.002689,
            -0.006016
          ],
          [
            0.002421,
            -0.001449,
            -0.006336
          ],
          [
            -0.003597,
            0.010273,
            -0.007891
          ],
          [
            0.000385,
            -0.000674,
            0.000489
          ],
          [
            -0.002379,
            -0.002896,
            -0.003262
          ],
          [
            0.002954,
            -0.001687,
            -0.002252
          ],
          [
            0.001293,
            -0.003798,
            -9.8e-05
          ],
          [
            0.050972,
            -0.009094,
            -0.063559
          ],
          [
            0.010348,
            -0.008369,
            -0.00063
          ],
          [
            -0.046217,
            0.01604,
            0.002426
          ],
          [
            -0.001142,
            0.010415,
            -0.007506
          ],
          [
            0.015282,
            -0.010286,
            -0.01419
          ],
          [
            -0.005028,
            0.001567,
            0.005169
          ],
          [
            -0.018808,
            0.014986,
            -0.061916
          ],
          [
            0.017123,
            0.006644,
            0.020805
          ],
          [
            -0.027729,
            0.009074,
            0.035059
          ],
          [
            -0.035135,
            -0.008738,
            0.00191
          ],
          [
            0.012032,
            0.010609,
            0.016104
          ],
          [
            0.025523,
            0.00266,
            -0.005811
          ],
          [
            0.022318,
            -0.001585,
            0.011905
          ],
          [
            -0.008494,
            0.002135,
            0.01872
          ],
          [
            0.01225,
            0.002749,
            -0.01061
          ],
          [
            -0.012055,
            -0.007633,
            -0.008529
          ],
          [
            -0.000883,
            -0.009363,
            -0.00114
          ],
          [
            0.000303,
            -0.004149,
            0.025105
          ],
          [
            0.007444,
            -0.001554,
            0.016967
          ],
          [
            -0.007895,
            0.004819,
            0.007156
          ],
          [
            0.009013,
            -0.008146,
            0.005388
          ],
          [
            -0.012625,
            0.01466,
            0.003927
          ],
          [
            -0.0004,
            -0.012514,
            0.010911
          ],
          [
            0.007688,
            -0.009364,
            -0.00437
          ],
          [
            0.002214,
            -0.001257,
            0.004052
          ],
          [
            0.004785,
            -0.004635,
            -0.015158
          ],
          [
            -0.004007,
            0.00885,
            0.004849
          ],
          [
            0.00398,
            -0.000869,
            -0.008712
          ],
          [
            0.006859,
            -0.004394,
            0.001768
          ],
          [
            -0.01322,
            -0.001517,
            0.005769
          ],
          [
            0.000393,
            -0.007688,
            -0.010623
          ],
          [
            0.003141,
            -0.012113,
            -0.00473
          ],
          [
            0.013958,
            0.001999,
            0.004181
          ],
          [
            0.006768,
            -0.015934,
            -0.000905
          ],
          [
            -0.010377,
            0.000596,
            0.005919
          ],
          [
            0.005203,
            -0.005352,
            0.000876
          ]
        ],
        "Lattice": [
          [
            11.254311534,
            0.0,
            0.0
          ],
          [
            5.627155767,
            9.746519691,
            0.0
          ],
          [
            0.0,
            0.0,
            21.483230925
          ]
        ],
        "NumAtoms": 100,
        "Positions": [
          [
            4.22079,
            2.43687,
            0.0
          ],
          [
            7.03437,
            7.31013,
            0.0
          ],
          [
            9.84794,
            2.43687,
            0.0
          ],
          [
            12.66152,
            7.31013,
            0.0
          ],
          [
            1.40693,
            2.43687,
            0.0
          ],
          [
            4.22051,
            7.31013,
            0.0
          ],
          [
            7.03409,
            2.43687,
            0.0
          ],
          [
            9.84766,
            7.31013,
            0.0
          ],
          [
            2.81385,
            0.0,
            0.0
          ],
          [
            5.62743,
            4.87326,
            0.0
          ],
          [
            8.44101,
            0.0,
            0.0
          ],
          [
            11.25459,
            4.87326,
            0.0
          ],
          [
            0.0,
            0.0,
            0.0
          ],
          [
            2.81358,
            4.87326,
            0.0
          ],
          [
            5.62716,
            0.0,
            0.0
          ],
          [
            8.44073,
            4.87326,
            0.0
          ],
          [
            7.03462,
            4.06144,
            2.2975
          ],
          [
            9.8482,
            8.9347,
            2.2975
          ],
          [
            12.66177,
            4.06144,
            2.2975
          ],
          [
            15.47535,
            8.9347,
            2.2975
          ],
          [
            5.62769,
            1.62456,
            2.2975
          ],
          [
            8.44127,
            6.49782,
            2.2975
          ],
          [
            11.25484,
            1.62456,
            2.2975
          ],
          [
            14.06842,
            6.49782,
            2.2975
          ],
          [
            2.81383,
            1.62456,
            2.2975
          ],
          [
            5.62741,
            6.49782,
            2.2975
          ],
          [
            8.44098,
            1.62456,
            2.2975
          ],
          [
            11.25456,
            6.49782,
            2.2975
          ],
          [
            4.22076,
            4.06144,
            2.2975
          ],
          [
            7.03434,
            8.9347,
            2.2975
          ],
          [
            9.84791,
            4.06144,
            2.2975
          ],
          [
            12.66149,
            8.9347,
            2.2975
          ],
          [
            1.41433,
            0.81629,
            4.56469
          ],
          [
            4.22795,
            5.70222,
            4.55659
          ],
          [
            7.04073,
            0.81718,
            4.56907
          ],
          [
            9.85387,
            5.70143,
            4.55659
          ],
          [
            4.22718,
            0.8317,
            4.58761
          ],
          [
            7.04096,
            5.70601,
            4.55844
          ],
          [
            9.85493,
            0.83218,
            4.58585
          ],
          [
            12.66617,
            5.70751,
            4.5586
          ],
          [
            2.82948,
            3.24925,
            4.5677
          ],
          [
            5.64567,
            8.13182,
            4.5771
          ],
          [
            8.45598,
            3.24738,
            4.57051
          ],
          [
            11.27323,
            8.13319,
            4.57862
          ],
          [
            5.62452,
            3.24662,
            4.56653
          ],
          [
            8.43431,
            8.13207,
            4.57551
          ],
          [
            11.25003,
            3.24899,
            4.56476
          ],
          [
            14.06112,
            8.13321,
            4.57646
          ],
          [
            2.82535,
            0.02039,
            6.87231
          ],
          [
            5.64378,
            4.88724,
            6.83041
          ],
          [
            8.45552,
            0.02246,
            6.87272
          ],
          [
            11.26799,
            4.88879,
            6.8331
          ],
          [
            0.01873,
            0.02544,
            6.87478
          ],
          [
            2.83057,
            4.90173,
            6.83066
          ],
          [
            5.6446,
            0.02417,
            6.87822
          ],
          [
            8.45936,
            4.90027,
            6.83545
          ],
          [
            1.42011,
            2.44978,
            6.85832
          ],
          [
            4.24154,
            7.33062,
            6.86024
          ],
          [
            7.04967,
            2.44964,
            6.86892
          ],
          [
            9.86547,
            7.32902,
            6.86105
          ],
          [
            4.23403,
            2.4576,
            6.94909
          ],
          [
            7.05019,
            7.33495,
            6.94354
          ],
          [
            9.86039,
            2.45897,
            6.95115
          ],
          [
            12.67569,
            7.33642,
            6.94391
          ],
          [
            3.53466,
            3.00527,
            10.08471
          ],
          [
            3.94186,
            3.37777,
            11.48583
          ],
          [
            6.37261,
            6.81559,
            10.08923
          ],
          [
            6.78537,
            6.46278,
            11.49512
          ],
          [
            9.20254,
            3.03055,
            10.10403
          ],
          [
            9.61731,
            3.43474,
            11.4956
          ],
          [
            11.99518,
            6.90134,
            10.08345
          ],
          [
            12.40825,
            6.59884,
            11.49995
          ],
          [
            4.39777,
            2.67208,
            9.25255
          ],
          [
            2.23771,
            3.08245,
            9.85896
          ],
          [
            5.34455,
            3.3828,
            11.66079
          ],
          [
            7.231,
            7.13044,
            9.24774
          ],
          [
            5.07137,
            6.74979,
            9.87223
          ],
          [
            8.18875,
            6.46207,
            11.66528
          ],
          [
            10.05767,
            2.6918,
            9.26882
          ],
          [
            7.89978,
            3.08439,
            9.88982
          ],
          [
            11.0202,
            3.52379,
            11.64662
          ],
          [
            12.8607,
            7.1408,
            9.22199
          ],
          [
            10.69209,
            6.88654,
            9.88152
          ],
          [
            13.80956,
            6.4872,
            11.64904
          ],
          [
            2.00483,
            2.87322,
            8.8747
          ],
          [
            3.52089,
            4.37872,
            11.70099
          ],
          [
            3.45442,
            2.66378,
            12.17926
          ],
          [
            5.7733,
            3.03124,
            10.85052
          ],
          [
            4.84042,
            6.95472,
            8.88711
          ],
          [
            6.2968,
            7.1834,
            12.18249
          ],
          [
            6.37011,
            5.46153,
            11.72345
          ],
          [
            8.61625,
            6.8438,
            10.86805
          ],
          [
            7.66672,
            2.85691,
            8.91286
          ],
          [
            9.15123,
            4.41432,
            11.71407
          ],
          [
            9.1817,
            2.6995,
            12.20304
          ],
          [
            11.4632,
            3.13774,
            10.86001
          ],
          [
            10.45378,
            7.06709,
            8.89129
          ],
          [
            11.9928,
            7.40237,
            12.1434
          ],
          [
            11.92333,
            5.65001,
            11.79658
          ],
          [
            14.2549,
            6.84749,
            10.85177
          ]
        ],
        "Stress": [
          [
            -52.66414,
            -0.12241,
            0.06213
          ],
          [
            -0.12241,
            -53.25414,
            -0.16431
          ],
          [
            0.06213,
            -0.16431,
            -6.04736
          ]
        ],
        "computation_code": "VASP",
        "pseudopotential_information": [
          [
            "PAW_PBE",
            "Pt",
            "04Feb2005"
          ],
          [
            "PAW_PBE",
            "C",
            "08Apr2002"
          ],
          [
            "PAW_PBE",
            "O",
            "08Apr2002"
          ],
          [
            "PAW_PBE",
            "H",
            "15Jun2001"
          ]
        ]
      }
    ],
    "EnergyStyle": "electronvolt",
    "ForcesStyle": "electronvoltperangstrom",
    "LatticeStyle": "angstrom",
    "PositionsStyle": "angstrom",
    "StressStyle": "kB"
  }
}