{
  "Dataset": {
    "AtomTypeStyle": "chemicalsymbol",
    "Data": [
      {
        "AtomTypes": [
          "Pt",
          "Pt",
          "Pt",
          "Pt",
          "Pt",
          "Pt",
          "Pt",
          "Pt",
          "Pt",
          "Pt",
          "Pt",
          "Pt",
          "Pt",
          "Pt",
          "Pt",
          "Pt",
          "Pt",
          "Pt",
          "Pt",
          "Pt",
          "Pt",
          "Pt",
          "Pt",
          "Pt",
          "Pt",
          "Pt",
          "Pt",
          "Pt",
          "Pt",
          "Pt",
          "Pt",
          "Pt",
          "Pt",
          "Pt",
          "Pt",
          "Pt",
          "Pt",
          "Pt",
          "Pt",
          "Pt",
          "Pt",
          "Pt",
          "Pt",
          "Pt",
          "Pt",
          "Pt",
          "Pt",
          "Pt",
          "Pt",
          "Pt",
          "Pt",
          "Pt",
          "Pt",
          "Pt",
          "Pt",
          "Pt",
          "Pt",
          "Pt",
          "Pt",
          "Pt",
          "Pt",
          "Pt",
          "Pt",
          "Pt",
          "C",
          "C",
          "C",
          "C",
          "C",
          "C",
          "C",
          "C",
          "O",
          "O",
          "O",
          "O",
          "O",
          "O",
          "O",
          "O",
          "O",
          "O",
          "O",
          "O",
          "H",
          "H",
          "H",
          "H",
          "H",
          "H",
          "H",
          "H",
          "H",
          "H",
          "H",
          "H",
          "H",
          "H",
          "H",
          "H"
        ],
        "Energy": -383.09085876,
        "Forces": [
          [
            0.0204,
            0.00532,
            -0.046878
          ],
          [
            -0.001169,
            -0.035516,
            -0.034534
          ],
          [
            -0.028706,
            -0.002426,
            -0.067564
          ],
          [
            0.000933,
            -0.0112,
            -0.029292
          ],
          [
            -0.003568,
            -0.000121,
            -0.027957
          ],
          [
            0.003587,
            -0.011142,
            -0.03882
          ],
          [
            0.009345,
            -0.004634,
            -0.066571
          ],
          [
            0.002117,
            -0.020592,
            -0.026765
          ],
          [
            0.002024,
            -0.009747,
            -0.032346
          ],
          [
            0.014872,
            -0.016923,
            -0.039574
          ],
          [
            -0.00192,
            0.009387,
            -0.036145
          ],
          [
            -0.003166,
            -0.009262,
            -0.032426
          ],
          [
            -0.013859,
            0.006337,
            -0.03137
          ],
          [
            0.004248,
            -0.013703,
            -0.032278
          ],
          [
            0.019589,
            0.010584,
            -0.044187
          ],
          [
            -0.006497,
            -0.034255,
            -0.070505
          ],
          [
            0.024239,
            0.042892,
            0.00723
          ],
          [
            -0.088392,
            0.025728,
            0.115023
          ],
          [
            0.01338,
            0.015985,
            0.015126
          ],
          [
            0.005173,
            -0.015336,
            0.02361
          ],
          [
            -0.057803,
            -0.032491,
            0.013829
          ],
          [
            -0.007217,
            0.146797,
            0.071579
          ],
          [
            0.08982,
            -0.067204,
            0.115823
          ],
          [
            -0.008172,
            0.025022,
            0.021543
          ],
          [
            -0.021138,
            -0.057261,
            0.130354
          ],
          [
            -0.020114,
            0.030733,
            0.014763
          ],
          [
            0.024959,
            0.024614,
            0.026356
          ],
          [
            0.010867,
            0.02269,
            -0.010417
          ],
          [
            -0.041618,
            0.018011,
            -0.013675
          ],
          [
            0.072678,
            0.052184,
            0.184477
          ],
          [
            0.016808,
            0.015727,
            -0.035038
          ],
          [
            0.00638,
            -0.016497,
            -0.018708
          ],
          [
            0.004115,
            0.000147,
            0.002475
          ],
          [
            0.004146,
            -0.000979,
            0.00224
          ],
          [
            -0.000745,
            2.9e-05,
            -0.006346
          ],
          [
            0.00187,
            0.001142,
            0.000235
          ],
          [
            -0.002541,
            0.000962,
            -0.000399
          ],
          [
            -0.001739,
            -1.2e-05,
            -0.000427
          ],
          [
            -0.002177,
            0.001487,
            -0.00297
          ],
          [
            -0.002428,
            4e-06,
            -0.002119
          ],
          [
            -0.001278,
            0.000533,
            -0.002689
          ],
          [
            -0.001532,
            0.000929,
            -0.003471
          ],
          [
            0.001234,
            0.001046,
            0.001063
          ],
          [
            0.001253,
            0.000858,
            -0.001066
          ],
          [
            -0.000581,
            -0.000594,
            -0.002999
          ],
          [
            -0.001044,
            -0.000147,
            -0.004203
          ],
          [
            -0.001485,
            0.00288,
            0.000985
          ],
          [
            0.000232,
            0.001947,
            -0.001391
          ],
          [
            -0.000631,
            -0.00049,
            0.003214
          ],
          [
            -0.002515,
            0.001428,
            -0.001703
          ],
          [
            0.001852,
            -0.000866,
            0.00138
          ],
          [
            0.001034,
            5.3e-05,
            -0.000132
          ],
          [
            0.003933,
            -0.000375,
            -0.000266
          ],
          [
            -0.001319,
            0.001009,
            0.00262
          ],
          [
            -0.002479,
            -0.001762,
            0.001923
          ],
          [
            -0.001327,
            -0.001443,
            0.003607
          ],
          [
            -0.000305,
            -0.002663,
            0.00124
          ],
          [
            -0.004231,
            -0.000514,
            0.000807
          ],
          [
            0.001654,
            -0.000104,
            0.003017
          ],
          [
            -0.000724,
            -0.002062,
            -0.000144
          ],
          [
            -0.000739,
            -0.003404,
            -0.000414
          ],
          [
            0.005164,
            0.001199,
            0.000223
          ],
          [
            -0.00206,
            -0.001293,
            -0.000955
          ],
          [
            0.000172,
            -0.006096,
            0.001323
          ],
          [
            0.003893,
            -0.000732,
            -0.004464
          ],
          [
            -0.007036,
            0.005484,
            0.000108
          ],
          [
            -0.002692,
            -0.007772,
            -0.000281
          ],
          [
            -0.008329,
            -0.001081,
            -0.005001
          ],
          [
            -0.003042,
            0.004497,
            -2.5e-05
          ],
          [
            -0.002594,
            6e-06,
            0.004545
          ],
          [
            -0.003139,
            -0.010952,
            0.000685
          ],
          [
            0.000552,
            0.005351,
            0.002246
          ],
          [
            -0.007808,
            -0.001718,
            -0.001171
          ],
          [
            -0.001784,
            0.000183,
            -0.000142
          ],
          [
            0.002641,
            -0.005322,
            0.005251
          ],
          [
            0.005478,
            -0.000488,
            -0.008063
          ],
          [
            0.004511,
            -0.00409,
            -0.000295
          ],
          [
            -0.005032,
            -0.000254,
            0.005297
          ],
          [
            -0.004715,
            -0.006152,
            0.000854
          ],
          [
            -0.000468,
            -0.00039,
            0.00067
          ],
          [
            0.003158,
            -0.004454,
            0.002034
          ],
          [
            0.004415,
            -0.003225,
            -0.003447
          ],
          [
            0.005027,
            -0.000619,
            0.003597
          ],
          [
            -0.01155,
            -0.010488,
            0.000622
          ],
          [
            -0.002955,
            -0.006643,
            -0.002046
          ],
          [
            -0.001215,
            -0.007872,
            -4.6e-05
          ],
          [
            -0.003096,
            -0.004288,
            -0.00952
          ],
          [
            -0.002458,
            -0.004835,
            -0.00252
          ],
          [
            -0.000898,
            -0.000766,
            0.000193
          ],
          [
            -0.006114,
            -0.00657,
            0.004002
          ],
          [
            -0.002697,
            -0.003008,
            -0.004058
          ],
          [
            -0.00272,
            -0.003321,
            -0.002776
          ],
          [
            0.00363,
            -0.002467,
            0.009492
          ],
          [
            -0.000977,
            -0.00075,
            0.003639
          ],
          [
            -0.00019,
            0.005189,
            -0.004589
          ],
          [
            -0.001677,
            -0.00194,
            0.000677
          ],
          [
            0.008388,
            0.0058,
            0.006422
          ],
          [
            0.004434,
            -0.00198,
            0.001774
          ],
          [
            0.00469,
            -0.005941,
            -0.002046
          ],
          [
            -0.000489,
            -0.004943,
            -0.000939
          ]
        ],
        "Lattice": [
          [
            11.254311534,
            0.0,
            0.0
          ],
          [
            5.627155767,
            9.746519691,
            0.0
          ],
          [
            0.0,
            0.0,
            21.483230925
          ]
        ],
        "NumAtoms": 100,
        "Positions": [
          [
            4.22079,
            2.43687,
            0.0
          ],
          [
            7.03437,
            7.31013,
            0.0
          ],
          [
            9.84794,
            2.43687,
            0.0
          ],
          [
            12.66152,
            7.31013,
            0.0
          ],
          [
            1.40693,
            2.43687,
            0.0
          ],
          [
            4.22051,
            7.31013,
            0.0
          ],
          [
            7.03409,
            2.43687,
            0.0
          ],
          [
            9.84766,
            7.31013,
            0.0
          ],
          [
            2.81385,
            0.0,
            0.0
          ],
          [
            5.62743,
            4.87326,
            0.0
          ],
          [
            8.44101,
            0.0,
            0.0
          ],
          [
            11.25459,
            4.87326,
            0.0
          ],
          [
            0.0,
            0.0,
            0.0
          ],
          [
            2.81358,
            4.87326,
            0.0
          ],
          [
            5.62716,
            0.0,
            0.0
          ],
          [
            8.44073,
            4.87326,
            0.0
          ],
          [
            7.03462,
            4.06144,
            2.2975
          ],
          [
            9.8482,
            8.9347,
            2.2975
          ],
          [
            12.66177,
            4.06144,
            2.2975
          ],
          [
            15.47535,
            8.9347,
            2.2975
          ],
          [
            5.62769,
            1.62456,
            2.2975
          ],
          [
            8.44127,
            6.49782,
            2.2975
          ],
          [
            11.25484,
            1.62456,
            2.2975
          ],
          [
            14.06842,
            6.49782,
            2.2975
          ],
          [
            2.81383,
            1.62456,
            2.2975
          ],
          [
            5.62741,
            6.49782,
            2.2975
          ],
          [
            8.44098,
            1.62456,
            2.2975
          ],
          [
            11.25456,
            6.49782,
            2.2975
          ],
          [
            4.22076,
            4.06144,
            2.2975
          ],
          [
            7.03434,
            8.9347,
            2.2975
          ],
          [
            9.84791,
            4.06144,
            2.2975
          ],
          [
            12.66149,
            8.9347,
            2.2975
          ],
          [
            1.4197,
            0.81836,
            4.60893
          ],
          [
            4.2182,
            5.69976,
            4.56568
          ],
          [
            7.03903,
            0.83119,
            4.5604
          ],
          [
            9.83884,
            5.7005,
            4.55852
          ],
          [
            4.21221,
            0.82261,
            4.57947
          ],
          [
            7.03763,
            5.70976,
            4.56229
          ],
          [
            9.85036,
            0.82232,
            4.56647
          ],
          [
            12.65434,
            5.69575,
            4.56406
          ],
          [
            2.80549,
            3.26563,
            4.56481
          ],
          [
            5.62483,
            8.13752,
            4.56981
          ],
          [
            8.43824,
            3.26741,
            4.56547
          ],
          [
            11.25007,
            8.1355,
            4.55739
          ],
          [
            5.63491,
            3.2648,
            4.55321
          ],
          [
            8.4371,
            8.16045,
            4.60608
          ],
          [
            11.2507,
            3.25514,
            4.55849
          ],
          [
            14.06994,
            8.13852,
            4.56568
          ],
          [
            2.81724,
            0.06239,
            6.97458
          ],
          [
            5.628,
            4.90629,
            6.86816
          ],
          [
            8.43241,
            0.02579,
            6.88713
          ],
          [
            11.23938,
            4.90212,
            6.872
          ],
          [
            11.23193,
            0.02504,
            6.88859
          ],
          [
            14.05928,
            4.91307,
            6.8771
          ],
          [
            5.65376,
            0.02307,
            6.85272
          ],
          [
            8.43226,
            4.91037,
            6.87903
          ],
          [
            12.64084,
            2.49291,
            6.88151
          ],
          [
            15.4744,
            7.33514,
            6.88152
          ],
          [
            7.02753,
            2.46837,
            6.88522
          ],
          [
            9.85415,
            7.32505,
            6.86682
          ],
          [
            4.22488,
            2.49803,
            6.8366
          ],
          [
            7.01954,
            7.33543,
            6.87711
          ],
          [
            9.8324,
            2.46709,
            6.85664
          ],
          [
            12.65376,
            7.33805,
            6.85503
          ],
          [
            8.26731,
            7.82315,
            10.17583
          ],
          [
            9.26396,
            8.95646,
            10.06288
          ],
          [
            5.93833,
            4.76307,
            10.35595
          ],
          [
            4.8787,
            3.67731,
            10.27382
          ],
          [
            12.98496,
            6.27946,
            10.20971
          ],
          [
            14.02605,
            7.37505,
            10.21359
          ],
          [
            10.64309,
            3.21645,
            10.29634
          ],
          [
            9.64384,
            2.08111,
            10.24529
          ],
          [
            8.67376,
            6.67248,
            10.35963
          ],
          [
            5.30619,
            2.3414,
            10.0104
          ],
          [
            3.11262,
            0.32843,
            9.32002
          ],
          [
            6.98605,
            8.1572,
            10.12
          ],
          [
            5.57517,
            5.94059,
            10.4949
          ],
          [
            7.19816,
            4.37798,
            10.2644
          ],
          [
            13.35779,
            5.09243,
            10.16439
          ],
          [
            10.14355,
            0.7631,
            10.41412
          ],
          [
            13.49082,
            8.67637,
            10.09108
          ],
          [
            11.72191,
            6.64752,
            10.27262
          ],
          [
            10.23989,
            4.38403,
            10.34863
          ],
          [
            11.91946,
            2.87604,
            10.21244
          ],
          [
            6.42645,
            7.30921,
            10.26153
          ],
          [
            10.18995,
            8.56377,
            9.61012
          ],
          [
            9.50584,
            9.29126,
            11.09005
          ],
          [
            3.75165,
            1.08433,
            9.43164
          ],
          [
            7.82164,
            5.18284,
            10.31148
          ],
          [
            4.14657,
            4.03157,
            9.52511
          ],
          [
            4.34856,
            3.66285,
            11.2403
          ],
          [
            5.86034,
            2.32829,
            9.189
          ],
          [
            11.11117,
            5.82926,
            10.28114
          ],
          [
            14.72957,
            7.13035,
            9.38231
          ],
          [
            14.61201,
            7.24423,
            11.14579
          ],
          [
            14.24444,
            9.3113,
            10.18325
          ],
          [
            12.48595,
            3.734,
            10.1848
          ],
          [
            9.12435,
            2.19806,
            9.25957
          ],
          [
            8.87718,
            2.25406,
            11.01611
          ],
          [
            10.94771,
            0.62373,
            9.86599
          ]
        ],
        "Stress": [
          [
            -55.72013,
            -2.02998,
            -0.24524
          ],
          [
            -2.02998,
            -56.07982,
            -0.31217
          ],
          [
            -0.24524,
            -0.31217,
            -6.85906
          ]
        ],
        "computation_code": "VASP",
        "pseudopotential_information": [
          [
            "PAW_PBE",
            "Pt",
            "04Feb2005"
          ],
          [
            "PAW_PBE",
            "C",
            "08Apr2002"
          ],
          [
            "PAW_PBE",
            "O",
            "08Apr2002"
          ],
          [
            "PAW_PBE",
            "H",
            "15Jun2001"
          ]
        ]
      }
    ],
    "EnergyStyle": "electronvolt",
    "ForcesStyle": "electronvoltperangstrom",
    "LatticeStyle": "angstrom",
    "PositionsStyle": "angstrom",
    "StressStyle": "kB"
  }
}