{
  "Dataset": {
    "AtomTypeStyle": "chemicalsymbol",
    "Data": [
      {
        "AtomTypes": [
          "Pt",
          "Pt",
          "Pt",
          "Pt",
          "Pt",
          "Pt",
          "Pt",
          "Pt",
          "Pt",
          "Pt",
          "Pt",
          "Pt",
          "Pt",
          "Pt",
          "Pt",
          "Pt",
          "Pt",
          "Pt",
          "Pt",
          "Pt",
          "Pt",
          "Pt",
          "Pt",
          "Pt",
          "Pt",
          "Pt",
          "Pt",
          "Pt",
          "Pt",
          "Pt",
          "Pt",
          "Pt",
          "Pt",
          "Pt",
          "Pt",
          "Pt",
          "Pt",
          "Pt",
          "Pt",
          "Pt",
          "Pt",
          "Pt",
          "Pt",
          "Pt",
          "Pt",
          "Pt",
          "Pt",
          "Pt",
          "Pt",
          "Pt",
          "Pt",
          "Pt",
          "Pt",
          "Pt",
          "Pt",
          "Pt",
          "Pt",
          "Pt",
          "Pt",
          "Pt",
          "Pt",
          "Pt",
          "Pt",
          "Pt",
          "C",
          "C",
          "C",
          "C",
          "C",
          "C",
          "C",
          "C",
          "O",
          "O",
          "O",
          "O",
          "O",
          "O",
          "O",
          "O",
          "O",
          "O",
          "O",
          "O",
          "H",
          "H",
          "H",
          "H",
          "H",
          "H",
          "H",
          "H",
          "H",
          "H",
          "H",
          "H",
          "H",
          "H",
          "H",
          "H"
        ],
        "Energy": -383.03669555,
        "Forces": [
          [
            0.009558,
            0.021589,
            -0.062042
          ],
          [
            0.004062,
            -0.035694,
            -0.026559
          ],
          [
            0.006767,
            0.020732,
            -0.063003
          ],
          [
            0.00626,
            -0.033614,
            -0.025783
          ],
          [
            0.004724,
            0.009197,
            -0.058304
          ],
          [
            0.009634,
            -0.025175,
            -0.033626
          ],
          [
            0.005807,
            0.010233,
            -0.059027
          ],
          [
            0.009585,
            -0.023962,
            -0.031888
          ],
          [
            0.007431,
            0.014293,
            -0.029013
          ],
          [
            0.009964,
            -0.015257,
            -0.04873
          ],
          [
            0.006517,
            0.013156,
            -0.029784
          ],
          [
            0.011339,
            -0.015655,
            -0.047437
          ],
          [
            0.010268,
            0.017776,
            -0.03549
          ],
          [
            0.006575,
            -0.016235,
            -0.061125
          ],
          [
            0.011146,
            0.017288,
            -0.036326
          ],
          [
            0.004721,
            -0.01727,
            -0.0618
          ],
          [
            0.004787,
            -0.002656,
            -0.009883
          ],
          [
            -0.05193,
            0.007,
            0.081231
          ],
          [
            -0.001213,
            0.002296,
            -0.014149
          ],
          [
            -0.052081,
            0.007499,
            0.078742
          ],
          [
            0.00016,
            -0.091706,
            0.125184
          ],
          [
            -0.009189,
            0.100287,
            0.034387
          ],
          [
            0.002913,
            -0.092793,
            0.140053
          ],
          [
            -0.012296,
            0.102021,
            0.036574
          ],
          [
            -0.018133,
            -0.040529,
            0.123263
          ],
          [
            -0.010897,
            0.045198,
            -0.028363
          ],
          [
            -0.013274,
            -0.034903,
            0.125986
          ],
          [
            -0.008179,
            0.040439,
            -0.031634
          ],
          [
            -0.032617,
            -0.011374,
            -0.02285
          ],
          [
            0.032553,
            0.030239,
            0.105459
          ],
          [
            -0.032621,
            -0.014818,
            -0.015392
          ],
          [
            0.036929,
            0.026422,
            0.100023
          ],
          [
            -0.002029,
            8e-05,
            -0.005576
          ],
          [
            -0.005524,
            -0.004915,
            0.006716
          ],
          [
            -0.001305,
            0.002757,
            -0.010073
          ],
          [
            -0.004599,
            -0.006786,
            0.004129
          ],
          [
            -0.000337,
            0.002954,
            0.010452
          ],
          [
            0.010415,
            -0.004347,
            0.003825
          ],
          [
            0.00029,
            0.001032,
            0.007631
          ],
          [
            0.009251,
            -0.007866,
            0.001721
          ],
          [
            0.004877,
            0.003784,
            -0.001279
          ],
          [
            0.006449,
            -0.011453,
            -0.012166
          ],
          [
            0.000259,
            0.002672,
            -0.007763
          ],
          [
            0.002676,
            -0.009434,
            -0.008756
          ],
          [
            -0.001196,
            -0.000571,
            0.005761
          ],
          [
            0.002173,
            0.003599,
            0.004039
          ],
          [
            -0.003023,
            -0.00226,
            0.004362
          ],
          [
            -0.000332,
            0.001881,
            -0.002401
          ],
          [
            0.003152,
            -0.007324,
            0.011004
          ],
          [
            -0.00085,
            0.006704,
            -0.003354
          ],
          [
            0.003076,
            -0.01055,
            0.013627
          ],
          [
            0.004654,
            0.008325,
            0.000772
          ],
          [
            -0.000595,
            -0.014467,
            -0.00455
          ],
          [
            -0.000432,
            0.005496,
            0.015198
          ],
          [
            0.004907,
            -0.012838,
            -0.005489
          ],
          [
            0.000945,
            -0.002054,
            0.015717
          ],
          [
            -0.005339,
            0.002931,
            -0.009534
          ],
          [
            0.005996,
            -0.003035,
            -0.007554
          ],
          [
            0.001907,
            0.003996,
            -0.007253
          ],
          [
            0.008306,
            -0.004693,
            -0.003292
          ],
          [
            0.003753,
            0.010378,
            0.004077
          ],
          [
            -0.008844,
            -0.010091,
            -0.002984
          ],
          [
            -0.000563,
            0.010051,
            -0.004948
          ],
          [
            -0.005331,
            -0.012292,
            -0.0045
          ],
          [
            0.064366,
            -0.014594,
            -0.027529
          ],
          [
            -0.049653,
            -0.023321,
            -0.000365
          ],
          [
            0.026775,
            0.062853,
            0.006176
          ],
          [
            0.026529,
            0.002062,
            -0.006698
          ],
          [
            -0.008283,
            0.032501,
            -0.00263
          ],
          [
            -0.03968,
            -0.003822,
            -0.014101
          ],
          [
            -0.011297,
            0.038062,
            0.011511
          ],
          [
            0.050644,
            0.017881,
            -0.023402
          ],
          [
            -0.003083,
            0.0255,
            0.004482
          ],
          [
            -0.019805,
            -0.000155,
            0.022358
          ],
          [
            -0.014243,
            0.016217,
            0.005225
          ],
          [
            -0.059364,
            0.026035,
            0.009484
          ],
          [
            0.006802,
            -0.03059,
            -0.01586
          ],
          [
            -0.013576,
            -0.029632,
            -0.014743
          ],
          [
            0.012321,
            -0.017819,
            0.000436
          ],
          [
            -0.028029,
            -0.01387,
            0.034636
          ],
          [
            -0.025311,
            -0.016286,
            -0.002422
          ],
          [
            -0.011165,
            0.002906,
            -0.004083
          ],
          [
            -0.014167,
            -0.002528,
            -0.01016
          ],
          [
            0.043013,
            -0.024986,
            -0.033915
          ],
          [
            0.023133,
            0.00033,
            0.017441
          ],
          [
            0.061539,
            -0.015051,
            -0.03652
          ],
          [
            0.000587,
            -0.024903,
            0.038313
          ],
          [
            -0.006187,
            0.012656,
            -0.017812
          ],
          [
            -0.012408,
            0.028361,
            0.021918
          ],
          [
            -0.01416,
            -0.021177,
            -0.012717
          ],
          [
            -0.018243,
            0.000653,
            -0.022332
          ],
          [
            0.011799,
            0.015451,
            -0.006085
          ],
          [
            0.013802,
            0.008453,
            -0.006641
          ],
          [
            0.056277,
            -0.008466,
            -0.036651
          ],
          [
            -0.01651,
            -0.023748,
            0.026656
          ],
          [
            0.021614,
            0.025614,
            -0.004553
          ],
          [
            -0.030248,
            0.00038,
            0.02248
          ],
          [
            -0.015685,
            -0.021298,
            -0.018108
          ],
          [
            -0.01825,
            -0.002854,
            -0.006573
          ],
          [
            0.018089,
            0.023498,
            -0.023467
          ]
        ],
        "Lattice": [
          [
            11.254311534,
            0.0,
            0.0
          ],
          [
            5.627155767,
            9.746519691,
            0.0
          ],
          [
            0.0,
            0.0,
            21.483230925
          ]
        ],
        "NumAtoms": 100,
        "Positions": [
          [
            4.22079,
            2.43687,
            0.0
          ],
          [
            7.03437,
            7.31013,
            0.0
          ],
          [
            9.84794,
            2.43687,
            0.0
          ],
          [
            12.66152,
            7.31013,
            0.0
          ],
          [
            1.40693,
            2.43687,
            0.0
          ],
          [
            4.22051,
            7.31013,
            0.0
          ],
          [
            7.03409,
            2.43687,
            0.0
          ],
          [
            9.84766,
            7.31013,
            0.0
          ],
          [
            2.81385,
            0.0,
            0.0
          ],
          [
            5.62743,
            4.87326,
            0.0
          ],
          [
            8.44101,
            0.0,
            0.0
          ],
          [
            11.25459,
            4.87326,
            0.0
          ],
          [
            0.0,
            0.0,
            0.0
          ],
          [
            2.81358,
            4.87326,
            0.0
          ],
          [
            5.62716,
            0.0,
            0.0
          ],
          [
            8.44073,
            4.87326,
            0.0
          ],
          [
            7.03462,
            4.06144,
            2.2975
          ],
          [
            9.8482,
            8.9347,
            2.2975
          ],
          [
            12.66177,
            4.06144,
            2.2975
          ],
          [
            15.47535,
            8.9347,
            2.2975
          ],
          [
            5.62769,
            1.62456,
            2.2975
          ],
          [
            8.44127,
            6.49782,
            2.2975
          ],
          [
            11.25484,
            1.62456,
            2.2975
          ],
          [
            14.06842,
            6.49782,
            2.2975
          ],
          [
            2.81383,
            1.62456,
            2.2975
          ],
          [
            5.62741,
            6.49782,
            2.2975
          ],
          [
            8.44098,
            1.62456,
            2.2975
          ],
          [
            11.25456,
            6.49782,
            2.2975
          ],
          [
            4.22076,
            4.06144,
            2.2975
          ],
          [
            7.03434,
            8.9347,
            2.2975
          ],
          [
            9.84791,
            4.06144,
            2.2975
          ],
          [
            12.66149,
            8.9347,
            2.2975
          ],
          [
            1.40463,
            0.8154,
            4.59486
          ],
          [
            4.20939,
            5.69008,
            4.55307
          ],
          [
            7.03117,
            0.81681,
            4.59256
          ],
          [
            9.83565,
            5.68943,
            4.55357
          ],
          [
            4.19784,
            0.8131,
            4.58323
          ],
          [
            7.02279,
            5.6925,
            4.55595
          ],
          [
            9.82485,
            0.81498,
            4.58446
          ],
          [
            12.64888,
            5.69319,
            4.55653
          ],
          [
            2.79559,
            3.25274,
            4.5685
          ],
          [
            5.61304,
            8.13648,
            4.56436
          ],
          [
            8.42449,
            3.25287,
            4.57179
          ],
          [
            11.24112,
            8.13562,
            4.56337
          ],
          [
            5.61648,
            3.24604,
            4.55673
          ],
          [
            8.42799,
            8.14565,
            4.58612
          ],
          [
            11.24244,
            3.24547,
            4.55792
          ],
          [
            14.05606,
            8.14647,
            4.58656
          ],
          [
            2.76471,
            0.02394,
            6.95866
          ],
          [
            5.60166,
            4.88487,
            6.869
          ],
          [
            8.39246,
            0.02682,
            6.95741
          ],
          [
            11.22607,
            4.88317,
            6.8692
          ],
          [
            11.21555,
            0.01154,
            6.87841
          ],
          [
            14.04287,
            4.89067,
            6.86159
          ],
          [
            5.59132,
            0.011,
            6.87688
          ],
          [
            8.41402,
            4.8909,
            6.866
          ],
          [
            12.62282,
            2.47168,
            6.8916
          ],
          [
            15.45876,
            7.30448,
            6.85801
          ],
          [
            6.99479,
            2.47052,
            6.89281
          ],
          [
            9.8328,
            7.30361,
            6.85606
          ],
          [
            4.19402,
            2.45989,
            6.86141
          ],
          [
            6.9987,
            7.31637,
            6.85771
          ],
          [
            9.82169,
            2.45973,
            6.87015
          ],
          [
            12.62519,
            7.31806,
            6.85791
          ],
          [
            7.82891,
            7.42701,
            10.12495
          ],
          [
            8.89975,
            8.50303,
            9.99872
          ],
          [
            5.33707,
            4.51633,
            10.53624
          ],
          [
            4.23714,
            3.47274,
            10.44657
          ],
          [
            13.44496,
            7.42448,
            10.16394
          ],
          [
            14.5157,
            8.49817,
            10.01539
          ],
          [
            10.96709,
            4.50689,
            10.60372
          ],
          [
            9.85685,
            3.47473,
            10.49875
          ],
          [
            8.12979,
            6.23746,
            9.9481
          ],
          [
            4.64619,
            2.14396,
            10.11798
          ],
          [
            8.42596,
            9.71816,
            9.40183
          ],
          [
            6.63085,
            7.82637,
            10.50982
          ],
          [
            5.10612,
            5.65024,
            10.9766
          ],
          [
            6.51126,
            4.14228,
            10.05372
          ],
          [
            13.71184,
            6.24494,
            9.89497
          ],
          [
            10.25534,
            2.14865,
            10.14732
          ],
          [
            14.02574,
            9.71401,
            9.43217
          ],
          [
            12.28428,
            7.81122,
            10.66519
          ],
          [
            10.76981,
            5.61505,
            11.11844
          ],
          [
            12.10966,
            4.1546,
            10.03776
          ],
          [
            6.03707,
            7.00672,
            10.66202
          ],
          [
            9.72524,
            8.06793,
            9.409
          ],
          [
            9.27394,
            8.71645,
            11.01717
          ],
          [
            3.39213,
            0.72773,
            9.66998
          ],
          [
            7.14288,
            4.95066,
            10.02956
          ],
          [
            3.52675,
            3.87199,
            9.69492
          ],
          [
            3.71567,
            3.42938,
            11.4145
          ],
          [
            5.21929,
            2.16421,
            9.31237
          ],
          [
            11.69693,
            6.98868,
            10.82445
          ],
          [
            15.32055,
            8.06241,
            9.3981
          ],
          [
            14.92184,
            8.70702,
            11.02276
          ],
          [
            8.98554,
            0.72654,
            9.6999
          ],
          [
            12.74217,
            4.9645,
            10.00692
          ],
          [
            9.1563,
            3.89319,
            9.74865
          ],
          [
            9.32951,
            3.42073,
            11.46175
          ],
          [
            10.82422,
            2.17651,
            9.34001
          ]
        ],
        "Stress": [
          [
            -54.95114,
            -2.39122,
            -0.31638
          ],
          [
            -2.39122,
            -57.95215,
            0.34924
          ],
          [
            -0.31638,
            0.34924,
            -7.08802
          ]
        ],
        "computation_code": "VASP",
        "pseudopotential_information": [
          [
            "PAW_PBE",
            "Pt",
            "04Feb2005"
          ],
          [
            "PAW_PBE",
            "C",
            "08Apr2002"
          ],
          [
            "PAW_PBE",
            "O",
            "08Apr2002"
          ],
          [
            "PAW_PBE",
            "H",
            "15Jun2001"
          ]
        ]
      }
    ],
    "EnergyStyle": "electronvolt",
    "ForcesStyle": "electronvoltperangstrom",
    "LatticeStyle": "angstrom",
    "PositionsStyle": "angstrom",
    "StressStyle": "kB"
  }
}