{
  "Dataset": {
    "AtomTypeStyle": "chemicalsymbol",
    "Data": [
      {
        "AtomTypes": [
          "Pt",
          "Pt",
          "Pt",
          "Pt",
          "Pt",
          "Pt",
          "Pt",
          "Pt",
          "Pt",
          "Pt",
          "Pt",
          "Pt",
          "Pt",
          "Pt",
          "Pt",
          "Pt",
          "Pt",
          "Pt",
          "Pt",
          "Pt",
          "Pt",
          "Pt",
          "Pt",
          "Pt",
          "Pt",
          "Pt",
          "Pt",
          "Pt",
          "Pt",
          "Pt",
          "Pt",
          "Pt",
          "Pt",
          "Pt",
          "Pt",
          "Pt",
          "Pt",
          "Pt",
          "Pt",
          "Pt",
          "Pt",
          "Pt",
          "Pt",
          "Pt",
          "Pt",
          "Pt",
          "Pt",
          "Pt",
          "Pt",
          "Pt",
          "Pt",
          "Pt",
          "Pt",
          "Pt",
          "Pt",
          "Pt",
          "Pt",
          "Pt",
          "Pt",
          "Pt",
          "Pt",
          "Pt",
          "Pt",
          "Pt",
          "C",
          "C",
          "C",
          "C",
          "C",
          "C",
          "C",
          "C",
          "O",
          "O",
          "O",
          "O",
          "O",
          "O",
          "O",
          "O",
          "O",
          "O",
          "O",
          "O",
          "H",
          "H",
          "H",
          "H",
          "H",
          "H",
          "H",
          "H",
          "H",
          "H",
          "H",
          "H",
          "H",
          "H",
          "H",
          "H"
        ],
        "Energy": -382.3386172,
        "Forces": [
          [
            -0.006756,
            -0.015796,
            -0.041198
          ],
          [
            -0.006581,
            -0.019652,
            -0.037418
          ],
          [
            -0.005877,
            -0.017054,
            -0.041955
          ],
          [
            -0.005894,
            -0.020843,
            -0.039071
          ],
          [
            -0.00425,
            0.00658,
            -0.070141
          ],
          [
            -0.00393,
            -0.012829,
            -0.053543
          ],
          [
            -0.003136,
            0.008565,
            -0.06886
          ],
          [
            -0.003614,
            -0.013216,
            -0.052865
          ],
          [
            0.010134,
            0.012108,
            -0.064401
          ],
          [
            0.006881,
            -0.003975,
            -0.069326
          ],
          [
            0.012614,
            0.011744,
            -0.063628
          ],
          [
            0.006823,
            -0.005009,
            -0.071133
          ],
          [
            -0.020288,
            0.016192,
            -0.073814
          ],
          [
            -0.016736,
            -0.005476,
            -0.076241
          ],
          [
            -0.019304,
            0.014412,
            -0.071537
          ],
          [
            -0.0143,
            -0.006204,
            -0.076384
          ],
          [
            0.008328,
            -0.009819,
            0.093334
          ],
          [
            0.006006,
            0.031242,
            0.224131
          ],
          [
            0.010745,
            -0.00342,
            0.086585
          ],
          [
            0.004741,
            0.037014,
            0.214903
          ],
          [
            -0.026801,
            -0.017396,
            0.09519
          ],
          [
            -0.0053,
            0.035742,
            0.047343
          ],
          [
            -0.025961,
            -0.017046,
            0.096296
          ],
          [
            -0.008121,
            0.038825,
            0.048063
          ],
          [
            0.043265,
            -0.005587,
            0.08526
          ],
          [
            0.023293,
            0.038829,
            0.028864
          ],
          [
            0.042076,
            -0.005412,
            0.087707
          ],
          [
            0.023464,
            0.042263,
            0.038357
          ],
          [
            -0.010703,
            -0.014791,
            -0.042435
          ],
          [
            -0.01023,
            -0.009626,
            -0.05331
          ],
          [
            -0.015939,
            -0.017543,
            -0.045772
          ],
          [
            -0.01681,
            -0.009521,
            -0.047637
          ],
          [
            -0.000814,
            0.002232,
            0.003755
          ],
          [
            -0.001645,
            0.000418,
            0.00784
          ],
          [
            0.003338,
            -0.002371,
            0.003194
          ],
          [
            -9.5e-05,
            -0.001582,
            0.009299
          ],
          [
            0.000998,
            0.000578,
            -0.002799
          ],
          [
            -0.000905,
            -0.003078,
            0.007374
          ],
          [
            -0.000708,
            0.000675,
            0.001386
          ],
          [
            0.00082,
            -0.005096,
            0.007377
          ],
          [
            0.001222,
            -0.002114,
            -0.002196
          ],
          [
            1.5e-05,
            0.00254,
            0.005918
          ],
          [
            -0.002529,
            -0.00036,
            0.001643
          ],
          [
            0.001455,
            0.000182,
            0.00574
          ],
          [
            0.002526,
            0.001909,
            0.002851
          ],
          [
            -0.001505,
            0.001573,
            0.003123
          ],
          [
            -0.001872,
            -0.002889,
            0.002441
          ],
          [
            0.000821,
            -0.002237,
            0.005351
          ],
          [
            0.001933,
            -0.000691,
            -0.000648
          ],
          [
            -0.001723,
            0.000775,
            -0.004642
          ],
          [
            0.002581,
            -0.003324,
            -0.000234
          ],
          [
            -9.4e-05,
            -0.002959,
            -0.006657
          ],
          [
            0.000329,
            -0.000262,
            -0.00055
          ],
          [
            0.003668,
            -0.007017,
            0.000199
          ],
          [
            0.000728,
            0.000921,
            -0.000834
          ],
          [
            0.006393,
            0.002237,
            -0.002496
          ],
          [
            -0.000391,
            -0.00079,
            -0.009106
          ],
          [
            0.004556,
            0.002914,
            -0.007284
          ],
          [
            -0.000352,
            -0.000944,
            -0.005803
          ],
          [
            -0.0023,
            0.001083,
            -0.007017
          ],
          [
            0.008363,
            0.005417,
            -0.00956
          ],
          [
            -0.003132,
            -0.003294,
            -0.000259
          ],
          [
            0.000164,
            -0.001383,
            -0.010376
          ],
          [
            0.004511,
            -0.002847,
            -0.001975
          ],
          [
            -0.006953,
            -0.015957,
            -0.00125
          ],
          [
            0.006961,
            -0.023208,
            0.011234
          ],
          [
            0.022514,
            -0.029135,
            0.024668
          ],
          [
            0.009587,
            0.013466,
            -0.012317
          ],
          [
            -0.018612,
            0.002664,
            -0.006574
          ],
          [
            0.002853,
            -0.001551,
            0.000217
          ],
          [
            0.016842,
            -0.010483,
            0.018494
          ],
          [
            -0.001536,
            0.026096,
            -0.014664
          ],
          [
            -0.008647,
            0.002262,
            0.002039
          ],
          [
            0.013119,
            -0.000567,
            0.002687
          ],
          [
            -0.010042,
            0.004779,
            0.004845
          ],
          [
            0.016717,
            0.010651,
            -0.012189
          ],
          [
            -0.024036,
            0.007093,
            0.009742
          ],
          [
            -0.021229,
            -0.012414,
            0.009051
          ],
          [
            -0.002309,
            -0.010926,
            0.000274
          ],
          [
            0.017148,
            -0.00865,
            0.002711
          ],
          [
            -0.000313,
            -5.6e-05,
            -0.002163
          ],
          [
            -0.006665,
            4.7e-05,
            -0.005936
          ],
          [
            -0.011298,
            0.003698,
            -0.004618
          ],
          [
            -0.003263,
            -0.008186,
            0.005859
          ],
          [
            0.000784,
            -0.006628,
            -0.002008
          ],
          [
            -0.004811,
            0.010135,
            0.008832
          ],
          [
            0.008124,
            0.003615,
            -0.009944
          ],
          [
            0.005742,
            0.002342,
            -0.008624
          ],
          [
            -0.002234,
            0.007247,
            -0.006619
          ],
          [
            0.006955,
            0.005203,
            0.002661
          ],
          [
            0.001988,
            -0.000492,
            0.002518
          ],
          [
            0.005329,
            0.014694,
            -0.018701
          ],
          [
            -0.004156,
            -0.000857,
            0.005302
          ],
          [
            0.000258,
            -0.006372,
            -0.003741
          ],
          [
            0.000682,
            -0.008507,
            0.005171
          ],
          [
            -0.002571,
            0.001861,
            -0.000441
          ],
          [
            -0.000819,
            -0.001631,
            0.004021
          ],
          [
            0.005407,
            -0.005846,
            0.00196
          ],
          [
            -0.001912,
            -0.010823,
            0.004722
          ],
          [
            -0.003797,
            0.002915,
            0.00236
          ]
        ],
        "Lattice": [
          [
            11.254311534,
            0.0,
            0.0
          ],
          [
            5.627155767,
            9.746519691,
            0.0
          ],
          [
            0.0,
            0.0,
            21.483230925
          ]
        ],
        "NumAtoms": 100,
        "Positions": [
          [
            4.22079,
            2.43687,
            0.0
          ],
          [
            7.03437,
            7.31013,
            0.0
          ],
          [
            9.84794,
            2.43687,
            0.0
          ],
          [
            12.66152,
            7.31013,
            0.0
          ],
          [
            1.40693,
            2.43687,
            0.0
          ],
          [
            4.22051,
            7.31013,
            0.0
          ],
          [
            7.03409,
            2.43687,
            0.0
          ],
          [
            9.84766,
            7.31013,
            0.0
          ],
          [
            2.81385,
            0.0,
            0.0
          ],
          [
            5.62743,
            4.87326,
            0.0
          ],
          [
            8.44101,
            0.0,
            0.0
          ],
          [
            11.25459,
            4.87326,
            0.0
          ],
          [
            0.0,
            0.0,
            0.0
          ],
          [
            2.81358,
            4.87326,
            0.0
          ],
          [
            5.62716,
            0.0,
            0.0
          ],
          [
            8.44073,
            4.87326,
            0.0
          ],
          [
            7.03462,
            4.06144,
            2.2975
          ],
          [
            9.8482,
            8.9347,
            2.2975
          ],
          [
            12.66177,
            4.06144,
            2.2975
          ],
          [
            15.47535,
            8.9347,
            2.2975
          ],
          [
            5.62769,
            1.62456,
            2.2975
          ],
          [
            8.44127,
            6.49782,
            2.2975
          ],
          [
            11.25484,
            1.62456,
            2.2975
          ],
          [
            14.06842,
            6.49782,
            2.2975
          ],
          [
            2.81383,
            1.62456,
            2.2975
          ],
          [
            5.62741,
            6.49782,
            2.2975
          ],
          [
            8.44098,
            1.62456,
            2.2975
          ],
          [
            11.25456,
            6.49782,
            2.2975
          ],
          [
            4.22076,
            4.06144,
            2.2975
          ],
          [
            7.03434,
            8.9347,
            2.2975
          ],
          [
            9.84791,
            4.06144,
            2.2975
          ],
          [
            12.66149,
            8.9347,
            2.2975
          ],
          [
            1.41736,
            0.81087,
            4.56707
          ],
          [
            4.23128,
            5.69586,
            4.55545
          ],
          [
            7.04365,
            0.8127,
            4.56749
          ],
          [
            9.85748,
            5.69614,
            4.55645
          ],
          [
            4.23,
            0.82645,
            4.58808
          ],
          [
            7.04378,
            5.70294,
            4.55863
          ],
          [
            9.85849,
            0.82814,
            4.58813
          ],
          [
            12.67038,
            5.70457,
            4.55919
          ],
          [
            2.83109,
            3.24396,
            4.56812
          ],
          [
            5.64824,
            8.12869,
            4.57511
          ],
          [
            8.45879,
            3.24383,
            4.56947
          ],
          [
            11.27446,
            8.12859,
            4.57819
          ],
          [
            5.62703,
            3.2414,
            4.56535
          ],
          [
            8.43822,
            8.12782,
            4.57556
          ],
          [
            11.25491,
            3.24437,
            4.56402
          ],
          [
            14.06377,
            8.1301,
            4.57437
          ],
          [
            2.83206,
            0.0087,
            6.87434
          ],
          [
            5.65068,
            4.87542,
            6.83082
          ],
          [
            8.46112,
            0.01194,
            6.8726
          ],
          [
            11.27708,
            4.87952,
            6.83274
          ],
          [
            0.02485,
            0.01218,
            6.87766
          ],
          [
            2.83925,
            4.89112,
            6.83253
          ],
          [
            5.65194,
            0.0144,
            6.8782
          ],
          [
            8.46539,
            4.8905,
            6.83542
          ],
          [
            1.42829,
            2.43971,
            6.86031
          ],
          [
            4.24677,
            7.32014,
            6.85586
          ],
          [
            7.05717,
            2.43956,
            6.86422
          ],
          [
            9.87257,
            7.32015,
            6.86195
          ],
          [
            4.23927,
            2.44407,
            6.94951
          ],
          [
            7.05809,
            7.32351,
            6.94295
          ],
          [
            9.87157,
            2.44788,
            6.95088
          ],
          [
            12.68311,
            7.32529,
            6.94349
          ],
          [
            3.55113,
            2.98652,
            10.08735
          ],
          [
            3.95713,
            3.37195,
            11.4861
          ],
          [
            6.3652,
            6.83408,
            10.08701
          ],
          [
            6.76919,
            6.49358,
            11.49884
          ],
          [
            9.20956,
            3.00833,
            10.09136
          ],
          [
            9.61422,
            3.39895,
            11.48994
          ],
          [
            12.00958,
            6.90567,
            10.08613
          ],
          [
            12.42089,
            6.58852,
            11.50162
          ],
          [
            4.41522,
            2.6677,
            9.25234
          ],
          [
            2.24953,
            3.0314,
            9.87097
          ],
          [
            5.36037,
            3.41169,
            11.65622
          ],
          [
            7.23054,
            7.12931,
            9.24517
          ],
          [
            5.06577,
            6.77451,
            9.8672
          ],
          [
            8.17218,
            6.45748,
            11.67261
          ],
          [
            10.07301,
            2.69544,
            9.254
          ],
          [
            7.9065,
            3.03895,
            9.87733
          ],
          [
            11.01476,
            3.50956,
            11.64572
          ],
          [
            12.87776,
            7.13627,
            9.22554
          ],
          [
            10.70667,
            6.90851,
            9.88677
          ],
          [
            13.82154,
            6.47287,
            11.65186
          ],
          [
            2.01743,
            2.81841,
            8.88797
          ],
          [
            3.51584,
            4.36425,
            11.70056
          ],
          [
            3.48774,
            2.64879,
            12.18423
          ],
          [
            5.7961,
            3.03238,
            10.86232
          ],
          [
            4.83696,
            6.96962,
            8.87895
          ],
          [
            6.29808,
            7.23925,
            12.17105
          ],
          [
            6.32795,
            5.50811,
            11.74354
          ],
          [
            8.61143,
            6.82548,
            10.8757
          ],
          [
            7.6774,
            2.81566,
            8.89693
          ],
          [
            9.13138,
            4.36649,
            11.72587
          ],
          [
            9.18755,
            2.64315,
            12.18101
          ],
          [
            11.46797,
            3.10679,
            10.87325
          ],
          [
            10.47133,
            7.09124,
            8.89648
          ],
          [
            12.0079,
            7.38631,
            12.1528
          ],
          [
            11.92952,
            5.63988,
            11.78829
          ],
          [
            14.26984,
            6.81544,
            10.84819
          ]
        ],
        "Stress": [
          [
            -52.6993,
            -0.12448,
            0.04674
          ],
          [
            -0.12448,
            -53.28892,
            -0.19598
          ],
          [
            0.04674,
            -0.19598,
            -5.9825
          ]
        ],
        "computation_code": "VASP",
        "pseudopotential_information": [
          [
            "PAW_PBE",
            "Pt",
            "04Feb2005"
          ],
          [
            "PAW_PBE",
            "C",
            "08Apr2002"
          ],
          [
            "PAW_PBE",
            "O",
            "08Apr2002"
          ],
          [
            "PAW_PBE",
            "H",
            "15Jun2001"
          ]
        ]
      }
    ],
    "EnergyStyle": "electronvolt",
    "ForcesStyle": "electronvoltperangstrom",
    "LatticeStyle": "angstrom",
    "PositionsStyle": "angstrom",
    "StressStyle": "kB"
  }
}