{
  "Dataset": {
    "AtomTypeStyle": "chemicalsymbol",
    "Data": [
      {
        "AtomTypes": [
          "Pt",
          "Pt",
          "Pt",
          "Pt",
          "Pt",
          "Pt",
          "Pt",
          "Pt",
          "Pt",
          "Pt",
          "Pt",
          "Pt",
          "Pt",
          "Pt",
          "Pt",
          "Pt",
          "Pt",
          "Pt",
          "Pt",
          "Pt",
          "Pt",
          "Pt",
          "Pt",
          "Pt",
          "Pt",
          "Pt",
          "Pt",
          "Pt",
          "Pt",
          "Pt",
          "Pt",
          "Pt",
          "Pt",
          "Pt",
          "Pt",
          "Pt",
          "Pt",
          "Pt",
          "Pt",
          "Pt",
          "Pt",
          "Pt",
          "Pt",
          "Pt",
          "Pt",
          "Pt",
          "Pt",
          "Pt",
          "Pt",
          "Pt",
          "Pt",
          "Pt",
          "Pt",
          "Pt",
          "Pt",
          "Pt",
          "Pt",
          "Pt",
          "Pt",
          "Pt",
          "Pt",
          "Pt",
          "Pt",
          "Pt",
          "C",
          "C",
          "C",
          "C",
          "C",
          "C",
          "C",
          "C",
          "O",
          "O",
          "O",
          "O",
          "O",
          "O",
          "O",
          "O",
          "O",
          "O",
          "O",
          "O",
          "H",
          "H",
          "H",
          "H",
          "H",
          "H",
          "H",
          "H",
          "H",
          "H",
          "H",
          "H",
          "H",
          "H",
          "H",
          "H"
        ],
        "Energy": -383.03447664,
        "Forces": [
          [
            0.013817,
            0.020961,
            -0.050369
          ],
          [
            -0.006309,
            -0.037153,
            -0.02907
          ],
          [
            -0.015024,
            0.008117,
            -0.059909
          ],
          [
            0.002222,
            -0.021809,
            -0.027027
          ],
          [
            0.000593,
            0.010971,
            -0.043007
          ],
          [
            -0.001404,
            -0.024052,
            -0.040452
          ],
          [
            -0.001371,
            0.006762,
            -0.066887
          ],
          [
            0.003665,
            -0.023117,
            -0.02724
          ],
          [
            -0.00365,
            -0.000924,
            -0.027201
          ],
          [
            0.011443,
            -0.015044,
            -0.046519
          ],
          [
            -0.001831,
            0.013536,
            -0.029972
          ],
          [
            -0.001761,
            -0.009531,
            -0.041415
          ],
          [
            -0.006784,
            0.015013,
            -0.031077
          ],
          [
            0.001942,
            -0.00964,
            -0.049066
          ],
          [
            0.01379,
            0.013807,
            -0.038342
          ],
          [
            -0.006666,
            -0.026458,
            -0.068212
          ],
          [
            0.025737,
            0.01736,
            0.005848
          ],
          [
            -0.07205,
            0.021881,
            0.086342
          ],
          [
            0.018004,
            -0.011466,
            0.004061
          ],
          [
            -0.014327,
            0.011224,
            0.044974
          ],
          [
            -0.010522,
            -0.060973,
            0.060787
          ],
          [
            -0.001381,
            0.132665,
            0.045867
          ],
          [
            0.025773,
            -0.094158,
            0.165049
          ],
          [
            0.001957,
            0.057824,
            0.007474
          ],
          [
            -0.016944,
            -0.037429,
            0.13075
          ],
          [
            -0.015934,
            0.025708,
            -0.028993
          ],
          [
            0.025119,
            -0.00686,
            0.097951
          ],
          [
            0.008137,
            0.020956,
            -0.036587
          ],
          [
            -0.036927,
            -0.007546,
            -0.015579
          ],
          [
            0.058265,
            0.05087,
            0.152759
          ],
          [
            0.00658,
            -0.003896,
            -0.019846
          ],
          [
            0.033575,
            0.005051,
            0.022311
          ],
          [
            -0.002324,
            0.002019,
            -0.003735
          ],
          [
            -0.005549,
            0.001258,
            0.00062
          ],
          [
            -0.002228,
            0.00365,
            -0.007785
          ],
          [
            0.004652,
            -0.008287,
            0.002821
          ],
          [
            -0.001988,
            0.002846,
            -0.006992
          ],
          [
            0.002238,
            -0.007216,
            0.000803
          ],
          [
            0.004981,
            0.003841,
            -0.004796
          ],
          [
            0.001258,
            -0.004273,
            0.000536
          ],
          [
            0.00124,
            -0.006238,
            -0.005987
          ],
          [
            -0.001185,
            0.006903,
            -3.5e-05
          ],
          [
            0.001212,
            -0.005609,
            -0.006315
          ],
          [
            -0.000554,
            0.002683,
            0.001513
          ],
          [
            -0.003744,
            -0.002628,
            0.001441
          ],
          [
            0.000701,
            0.000773,
            0.00544
          ],
          [
            -0.00065,
            -0.000134,
            -0.008645
          ],
          [
            -0.00176,
            -0.002039,
            -0.001196
          ],
          [
            -0.004127,
            -0.008336,
            0.006075
          ],
          [
            -0.000114,
            -2.7e-05,
            -0.002552
          ],
          [
            -0.004501,
            -0.006656,
            0.001346
          ],
          [
            0.003182,
            0.000416,
            -0.00261
          ],
          [
            -0.001467,
            -0.002837,
            0.000376
          ],
          [
            -0.00091,
            0.003215,
            0.000419
          ],
          [
            -0.000935,
            -0.006562,
            -0.004544
          ],
          [
            -0.001971,
            0.002704,
            0.002867
          ],
          [
            -0.002771,
            0.003061,
            -0.00109
          ],
          [
            -0.002918,
            0.002804,
            0.000622
          ],
          [
            -0.000978,
            0.009397,
            -0.000665
          ],
          [
            -0.003655,
            0.001077,
            -0.001751
          ],
          [
            0.003843,
            0.004692,
            0.000635
          ],
          [
            -0.000166,
            -0.003676,
            -0.000203
          ],
          [
            -0.001747,
            0.001518,
            -0.000788
          ],
          [
            0.001206,
            0.001948,
            0.00094
          ],
          [
            -0.024197,
            0.01513,
            0.004235
          ],
          [
            0.009965,
            0.028053,
            -0.00307
          ],
          [
            0.009149,
            0.00807,
            -0.001069
          ],
          [
            -0.002439,
            -0.016232,
            -0.002723
          ],
          [
            -0.008911,
            0.016978,
            0.007398
          ],
          [
            0.003968,
            0.000674,
            -0.012705
          ],
          [
            -0.00574,
            0.010057,
            8.1e-05
          ],
          [
            0.012748,
            0.010934,
            -0.004677
          ],
          [
            0.010535,
            -0.013801,
            -0.003404
          ],
          [
            -0.002226,
            -0.007974,
            0.000338
          ],
          [
            0.011648,
            0.013429,
            0.007927
          ],
          [
            0.003041,
            0.007696,
            -0.001828
          ],
          [
            -0.006963,
            0.00564,
            0.008593
          ],
          [
            0.003741,
            -0.01538,
            -0.001723
          ],
          [
            0.010652,
            -0.016562,
            0.004314
          ],
          [
            0.004346,
            -0.017671,
            -0.000383
          ],
          [
            -0.003165,
            -0.008118,
            0.003348
          ],
          [
            -0.01882,
            0.003092,
            0.007438
          ],
          [
            -0.001475,
            -0.011937,
            -0.001942
          ],
          [
            0.011331,
            0.001724,
            -0.000876
          ],
          [
            -0.00618,
            -0.006208,
            -0.003368
          ],
          [
            0.013462,
            -0.011358,
            -0.005954
          ],
          [
            -0.011058,
            -0.001216,
            0.001821
          ],
          [
            -0.008811,
            -0.021935,
            -0.008188
          ],
          [
            -0.00188,
            0.003155,
            -0.000517
          ],
          [
            -0.002354,
            0.00227,
            -0.001841
          ],
          [
            -0.001114,
            0.003525,
            0.001642
          ],
          [
            -0.002615,
            -0.005138,
            0.000312
          ],
          [
            0.005395,
            -0.000275,
            -0.005362
          ],
          [
            -0.003198,
            0.003477,
            0.011089
          ],
          [
            0.003583,
            -0.004479,
            0.001272
          ],
          [
            0.004758,
            0.000672,
            -0.009
          ],
          [
            -0.006604,
            -0.007867,
            -0.004361
          ],
          [
            -0.010456,
            0.001412,
            -0.007638
          ],
          [
            -0.006587,
            0.006156,
            0.003246
          ],
          [
            0.000462,
            -0.008932,
            0.003405
          ]
        ],
        "Lattice": [
          [
            11.254311534,
            0.0,
            0.0
          ],
          [
            5.627155767,
            9.746519691,
            0.0
          ],
          [
            0.0,
            0.0,
            21.483230925
          ]
        ],
        "NumAtoms": 100,
        "Positions": [
          [
            4.22079,
            2.43687,
            0.0
          ],
          [
            7.03437,
            7.31013,
            0.0
          ],
          [
            9.84794,
            2.43687,
            0.0
          ],
          [
            12.66152,
            7.31013,
            0.0
          ],
          [
            1.40693,
            2.43687,
            0.0
          ],
          [
            4.22051,
            7.31013,
            0.0
          ],
          [
            7.03409,
            2.43687,
            0.0
          ],
          [
            9.84766,
            7.31013,
            0.0
          ],
          [
            2.81385,
            0.0,
            0.0
          ],
          [
            5.62743,
            4.87326,
            0.0
          ],
          [
            8.44101,
            0.0,
            0.0
          ],
          [
            11.25459,
            4.87326,
            0.0
          ],
          [
            0.0,
            0.0,
            0.0
          ],
          [
            2.81358,
            4.87326,
            0.0
          ],
          [
            5.62716,
            0.0,
            0.0
          ],
          [
            8.44073,
            4.87326,
            0.0
          ],
          [
            7.03462,
            4.06144,
            2.2975
          ],
          [
            9.8482,
            8.9347,
            2.2975
          ],
          [
            12.66177,
            4.06144,
            2.2975
          ],
          [
            15.47535,
            8.9347,
            2.2975
          ],
          [
            5.62769,
            1.62456,
            2.2975
          ],
          [
            8.44127,
            6.49782,
            2.2975
          ],
          [
            11.25484,
            1.62456,
            2.2975
          ],
          [
            14.06842,
            6.49782,
            2.2975
          ],
          [
            2.81383,
            1.62456,
            2.2975
          ],
          [
            5.62741,
            6.49782,
            2.2975
          ],
          [
            8.44098,
            1.62456,
            2.2975
          ],
          [
            11.25456,
            6.49782,
            2.2975
          ],
          [
            4.22076,
            4.06144,
            2.2975
          ],
          [
            7.03434,
            8.9347,
            2.2975
          ],
          [
            9.84791,
            4.06144,
            2.2975
          ],
          [
            12.66149,
            8.9347,
            2.2975
          ],
          [
            1.41752,
            0.81663,
            4.60294
          ],
          [
            4.22237,
            5.68932,
            4.55643
          ],
          [
            7.04587,
            0.8218,
            4.57583
          ],
          [
            9.84185,
            5.69264,
            4.55458
          ],
          [
            4.21395,
            0.81783,
            4.57917
          ],
          [
            7.03954,
            5.70052,
            4.5583
          ],
          [
            9.84104,
            0.81429,
            4.58612
          ],
          [
            12.65665,
            5.68813,
            4.55652
          ],
          [
            2.80642,
            3.2574,
            4.56889
          ],
          [
            5.62907,
            8.13603,
            4.56305
          ],
          [
            8.44026,
            3.25726,
            4.57176
          ],
          [
            11.25109,
            8.13351,
            4.55557
          ],
          [
            5.63893,
            3.25147,
            4.5553
          ],
          [
            8.44017,
            8.15622,
            4.59673
          ],
          [
            11.2487,
            3.24511,
            4.56122
          ],
          [
            14.07034,
            8.13949,
            4.57177
          ],
          [
            2.81283,
            0.04932,
            6.96493
          ],
          [
            5.63359,
            4.88787,
            6.86453
          ],
          [
            8.42873,
            0.01035,
            6.93429
          ],
          [
            11.24545,
            4.886,
            6.8714
          ],
          [
            -0.01393,
            0.01507,
            6.89074
          ],
          [
            2.81139,
            4.90026,
            6.86805
          ],
          [
            5.64439,
            0.01042,
            6.85978
          ],
          [
            8.43806,
            4.88931,
            6.87428
          ],
          [
            12.64045,
            2.47779,
            6.88697
          ],
          [
            4.23798,
            7.31654,
            6.85439
          ],
          [
            7.03299,
            2.45587,
            6.89843
          ],
          [
            9.85706,
            7.30733,
            6.85646
          ],
          [
            4.22936,
            2.47751,
            6.84334
          ],
          [
            7.03126,
            7.32105,
            6.86473
          ],
          [
            9.83816,
            2.45687,
            6.87847
          ],
          [
            12.64906,
            7.31613,
            6.84406
          ],
          [
            8.16649,
            7.68778,
            10.09831
          ],
          [
            9.18533,
            8.80633,
            10.00964
          ],
          [
            5.75326,
            4.71803,
            10.40088
          ],
          [
            4.68893,
            3.63965,
            10.29389
          ],
          [
            13.34891,
            6.86227,
            10.12394
          ],
          [
            14.40403,
            7.94929,
            10.00425
          ],
          [
            10.99856,
            3.8156,
            10.56825
          ],
          [
            9.92143,
            2.75005,
            10.485
          ],
          [
            8.54713,
            6.5105,
            10.05977
          ],
          [
            5.12583,
            2.30351,
            10.04854
          ],
          [
            3.03755,
            0.22503,
            9.3452
          ],
          [
            6.91248,
            8.0568,
            10.28535
          ],
          [
            5.42364,
            5.88293,
            10.66835
          ],
          [
            6.99691,
            4.34743,
            10.15346
          ],
          [
            13.65879,
            5.68279,
            9.89025
          ],
          [
            10.35983,
            1.41275,
            10.25496
          ],
          [
            13.90151,
            9.23706,
            9.6753
          ],
          [
            12.15322,
            7.21871,
            10.56036
          ],
          [
            10.7466,
            4.9321,
            11.03228
          ],
          [
            12.17187,
            3.4827,
            10.04416
          ],
          [
            6.3332,
            7.2214,
            10.41646
          ],
          [
            10.07971,
            8.4181,
            9.49442
          ],
          [
            9.47508,
            9.07651,
            11.04337
          ],
          [
            3.66595,
            0.98216,
            9.508
          ],
          [
            7.61077,
            5.17231,
            10.15339
          ],
          [
            4.00196,
            3.99398,
            9.50177
          ],
          [
            4.11757,
            3.62972,
            11.23531
          ],
          [
            5.71937,
            2.29023,
            9.25665
          ],
          [
            11.58602,
            6.38157,
            10.70445
          ],
          [
            15.13518,
            7.58792,
            9.24403
          ],
          [
            14.93709,
            7.96472,
            10.97583
          ],
          [
            8.96424,
            0.1677,
            9.91531
          ],
          [
            12.76193,
            4.31912,
            10.01069
          ],
          [
            9.23216,
            3.09055,
            9.68175
          ],
          [
            9.35118,
            2.75271,
            11.42482
          ],
          [
            10.95514,
            1.38723,
            9.46913
          ]
        ],
        "Stress": [
          [
            -55.4376,
            -2.58056,
            -0.3411
          ],
          [
            -2.58056,
            -56.90689,
            0.0728
          ],
          [
            -0.3411,
            0.0728,
            -6.82143
          ]
        ],
        "computation_code": "VASP",
        "pseudopotential_information": [
          [
            "PAW_PBE",
            "Pt",
            "04Feb2005"
          ],
          [
            "PAW_PBE",
            "C",
            "08Apr2002"
          ],
          [
            "PAW_PBE",
            "O",
            "08Apr2002"
          ],
          [
            "PAW_PBE",
            "H",
            "15Jun2001"
          ]
        ]
      }
    ],
    "EnergyStyle": "electronvolt",
    "ForcesStyle": "electronvoltperangstrom",
    "LatticeStyle": "angstrom",
    "PositionsStyle": "angstrom",
    "StressStyle": "kB"
  }
}