{
  "Dataset": {
    "AtomTypeStyle": "chemicalsymbol",
    "Data": [
      {
        "AtomTypes": [
          "Pt",
          "Pt",
          "Pt",
          "Pt",
          "Pt",
          "Pt",
          "Pt",
          "Pt",
          "Pt",
          "Pt",
          "Pt",
          "Pt",
          "Pt",
          "Pt",
          "Pt",
          "Pt",
          "Pt",
          "Pt",
          "Pt",
          "Pt",
          "Pt",
          "Pt",
          "Pt",
          "Pt",
          "Pt",
          "Pt",
          "Pt",
          "Pt",
          "Pt",
          "Pt",
          "Pt",
          "Pt",
          "Pt",
          "Pt",
          "Pt",
          "Pt",
          "Pt",
          "Pt",
          "Pt",
          "Pt",
          "Pt",
          "Pt",
          "Pt",
          "Pt",
          "Pt",
          "Pt",
          "Pt",
          "Pt",
          "Pt",
          "Pt",
          "Pt",
          "Pt",
          "Pt",
          "Pt",
          "Pt",
          "Pt",
          "Pt",
          "Pt",
          "Pt",
          "Pt",
          "Pt",
          "Pt",
          "Pt",
          "Pt",
          "C",
          "C",
          "C",
          "C",
          "C",
          "C",
          "C",
          "C",
          "O",
          "O",
          "O",
          "O",
          "O",
          "O",
          "O",
          "O",
          "O",
          "O",
          "O",
          "O",
          "H",
          "H",
          "H",
          "H",
          "H",
          "H",
          "H",
          "H",
          "H",
          "H",
          "H",
          "H",
          "H",
          "H",
          "H",
          "H"
        ],
        "Energy": -383.23553365,
        "Forces": [
          [
            0.015388,
            0.00916,
            -0.039454
          ],
          [
            -0.00879,
            -0.009744,
            -0.032758
          ],
          [
            -0.011014,
            0.020326,
            -0.060613
          ],
          [
            -0.007813,
            -0.006576,
            -0.030346
          ],
          [
            -0.025496,
            -0.010564,
            -0.06401
          ],
          [
            0.018163,
            0.011478,
            -0.038182
          ],
          [
            0.009488,
            0.013735,
            -0.060459
          ],
          [
            -0.017313,
            -0.004869,
            -0.03516
          ],
          [
            -0.014409,
            0.02274,
            -0.05435
          ],
          [
            -0.002541,
            -0.006289,
            -0.031257
          ],
          [
            0.00755,
            0.020497,
            -0.02759
          ],
          [
            0.001542,
            -0.020659,
            -0.041682
          ],
          [
            0.007796,
            0.018803,
            -0.05792
          ],
          [
            -0.008045,
            -0.008299,
            -0.034842
          ],
          [
            -0.00452,
            0.022596,
            -0.03186
          ],
          [
            -0.000429,
            -0.008687,
            -0.060807
          ],
          [
            0.017224,
            -0.02625,
            0.029556
          ],
          [
            0.041962,
            -0.02027,
            0.149108
          ],
          [
            0.0077,
            0.108893,
            0.032281
          ],
          [
            -0.076365,
            -0.067593,
            0.022696
          ],
          [
            -0.077548,
            -0.050997,
            0.072642
          ],
          [
            0.012098,
            0.054072,
            -0.014463
          ],
          [
            0.123619,
            -0.059971,
            0.095131
          ],
          [
            -0.055625,
            0.022261,
            0.111831
          ],
          [
            -0.005696,
            -0.08445,
            0.099142
          ],
          [
            -0.009196,
            -0.006665,
            -0.014143
          ],
          [
            -0.005472,
            0.024798,
            0.004261
          ],
          [
            0.079594,
            0.029199,
            0.072031
          ],
          [
            -0.001498,
            0.003857,
            -0.020484
          ],
          [
            0.065586,
            0.06382,
            0.098917
          ],
          [
            -0.009983,
            -0.018581,
            -0.007157
          ],
          [
            -0.004558,
            -0.080759,
            0.099137
          ],
          [
            -0.014191,
            0.007954,
            0.019414
          ],
          [
            -0.008881,
            0.003836,
            -0.001017
          ],
          [
            -0.011224,
            0.009592,
            0.01284
          ],
          [
            -0.01112,
            -0.003266,
            -0.006961
          ],
          [
            0.007965,
            0.010249,
            0.010416
          ],
          [
            0.009037,
            -0.004993,
            -0.013444
          ],
          [
            0.015999,
            0.012161,
            0.005012
          ],
          [
            0.007915,
            0.00555,
            0.000625
          ],
          [
            -0.00672,
            -0.004177,
            0.013667
          ],
          [
            0.001121,
            0.001471,
            0.015717
          ],
          [
            -0.008788,
            -0.007387,
            0.00861
          ],
          [
            -0.007664,
            -0.004506,
            -0.006481
          ],
          [
            0.001572,
            -0.005955,
            0.005575
          ],
          [
            -0.001291,
            -0.010997,
            0.006252
          ],
          [
            0.00234,
            -0.011493,
            -0.001787
          ],
          [
            0.004964,
            -0.014595,
            0.011291
          ],
          [
            -0.005413,
            0.007098,
            -0.001152
          ],
          [
            -0.0008,
            -0.004227,
            0.008394
          ],
          [
            0.001009,
            -0.009171,
            -0.003445
          ],
          [
            -0.00433,
            -0.006773,
            0.008503
          ],
          [
            0.009081,
            -0.001859,
            -0.014676
          ],
          [
            -0.000868,
            -0.008761,
            -0.007198
          ],
          [
            0.000277,
            0.003417,
            -0.008133
          ],
          [
            0.007266,
            -0.011352,
            0.002131
          ],
          [
            0.00544,
            -0.01041,
            -0.025691
          ],
          [
            0.007717,
            -0.004109,
            -0.014138
          ],
          [
            -0.002674,
            -0.012995,
            -0.009118
          ],
          [
            -0.007342,
            -0.004493,
            -0.0009
          ],
          [
            0.005273,
            -0.003113,
            -0.004348
          ],
          [
            -0.001175,
            0.014853,
            -0.019492
          ],
          [
            -0.012873,
            -0.006986,
            -0.008451
          ],
          [
            0.004864,
            -0.003095,
            0.017446
          ],
          [
            0.009808,
            0.056203,
            -0.005471
          ],
          [
            -0.022781,
            0.021295,
            0.048283
          ],
          [
            0.013184,
            -0.037056,
            -0.009565
          ],
          [
            -0.001355,
            0.02561,
            -0.000386
          ],
          [
            -0.005154,
            0.091179,
            -0.028711
          ],
          [
            0.043409,
            -0.047211,
            0.001627
          ],
          [
            -0.022067,
            -0.009527,
            -0.024359
          ],
          [
            -0.000249,
            0.018368,
            0.001539
          ],
          [
            0.014073,
            -0.016309,
            0.011891
          ],
          [
            0.003988,
            -0.00795,
            -0.000159
          ],
          [
            -0.010366,
            -0.005106,
            -0.020884
          ],
          [
            -0.033869,
            -0.0037,
            -0.011345
          ],
          [
            0.00479,
            0.020924,
            0.00969
          ],
          [
            -0.02984,
            0.002116,
            -0.000189
          ],
          [
            0.051043,
            -0.057962,
            0.004509
          ],
          [
            0.001581,
            -0.063019,
            0.015563
          ],
          [
            -0.042007,
            0.012687,
            -0.00153
          ],
          [
            -0.025332,
            0.060093,
            -0.027307
          ],
          [
            0.034429,
            -0.006581,
            -0.029822
          ],
          [
            -0.021107,
            0.035281,
            0.019379
          ],
          [
            0.001604,
            0.02215,
            -0.019037
          ],
          [
            0.011728,
            0.01785,
            -0.005697
          ],
          [
            -0.003429,
            0.005229,
            -0.012814
          ],
          [
            0.008466,
            -0.001051,
            0.011717
          ],
          [
            -0.006656,
            -0.012604,
            0.003695
          ],
          [
            -0.006847,
            -0.000207,
            -0.005839
          ],
          [
            -0.000226,
            5.8e-05,
            -0.004258
          ],
          [
            -0.009441,
            -0.000937,
            -0.003291
          ],
          [
            -0.033135,
            -0.031001,
            0.002242
          ],
          [
            0.004413,
            -0.00738,
            0.01992
          ],
          [
            -0.016184,
            0.009016,
            -0.021663
          ],
          [
            -0.000298,
            -0.006494,
            -0.003652
          ],
          [
            0.007417,
            0.013191,
            -0.004225
          ],
          [
            3.1e-05,
            0.013177,
            -0.012386
          ],
          [
            0.017109,
            0.009545,
            -0.007632
          ],
          [
            0.015389,
            0.003649,
            -0.018488
          ]
        ],
        "Lattice": [
          [
            11.254311534,
            0.0,
            0.0
          ],
          [
            5.627155767,
            9.746519691,
            0.0
          ],
          [
            0.0,
            0.0,
            21.483230925
          ]
        ],
        "NumAtoms": 100,
        "Positions": [
          [
            4.22079,
            2.43687,
            0.0
          ],
          [
            7.03437,
            7.31013,
            0.0
          ],
          [
            9.84794,
            2.43687,
            0.0
          ],
          [
            12.66152,
            7.31013,
            0.0
          ],
          [
            1.40693,
            2.43687,
            0.0
          ],
          [
            4.22051,
            7.31013,
            0.0
          ],
          [
            7.03409,
            2.43687,
            0.0
          ],
          [
            9.84766,
            7.31013,
            0.0
          ],
          [
            2.81385,
            0.0,
            0.0
          ],
          [
            5.62743,
            4.87326,
            0.0
          ],
          [
            8.44101,
            0.0,
            0.0
          ],
          [
            11.25459,
            4.87326,
            0.0
          ],
          [
            0.0,
            0.0,
            0.0
          ],
          [
            2.81358,
            4.87326,
            0.0
          ],
          [
            5.62716,
            0.0,
            0.0
          ],
          [
            8.44073,
            4.87326,
            0.0
          ],
          [
            7.03462,
            4.06144,
            2.2975
          ],
          [
            9.8482,
            8.9347,
            2.2975
          ],
          [
            12.66177,
            4.06144,
            2.2975
          ],
          [
            15.47535,
            8.9347,
            2.2975
          ],
          [
            5.62769,
            1.62456,
            2.2975
          ],
          [
            8.44127,
            6.49782,
            2.2975
          ],
          [
            11.25484,
            1.62456,
            2.2975
          ],
          [
            14.06842,
            6.49782,
            2.2975
          ],
          [
            2.81383,
            1.62456,
            2.2975
          ],
          [
            5.62741,
            6.49782,
            2.2975
          ],
          [
            8.44098,
            1.62456,
            2.2975
          ],
          [
            11.25456,
            6.49782,
            2.2975
          ],
          [
            4.22076,
            4.06144,
            2.2975
          ],
          [
            7.03434,
            8.9347,
            2.2975
          ],
          [
            9.84791,
            4.06144,
            2.2975
          ],
          [
            12.66149,
            8.9347,
            2.2975
          ],
          [
            1.4266,
            0.79595,
            4.60573
          ],
          [
            4.22916,
            5.67967,
            4.56197
          ],
          [
            7.03536,
            0.8155,
            4.56342
          ],
          [
            9.84827,
            5.67299,
            4.55291
          ],
          [
            4.20896,
            0.78975,
            4.59003
          ],
          [
            7.04077,
            5.67961,
            4.55743
          ],
          [
            9.85763,
            0.8069,
            4.55688
          ],
          [
            12.66415,
            5.69616,
            4.59269
          ],
          [
            2.81383,
            3.24244,
            4.55557
          ],
          [
            5.622,
            8.12404,
            4.55735
          ],
          [
            8.44624,
            3.23798,
            4.57173
          ],
          [
            11.27721,
            8.11633,
            4.58795
          ],
          [
            5.62953,
            3.23724,
            4.56345
          ],
          [
            8.44528,
            8.12794,
            4.575
          ],
          [
            11.26591,
            3.23823,
            4.55668
          ],
          [
            14.06221,
            8.11622,
            4.58715
          ],
          [
            8.43406,
            9.7091,
            6.96796
          ],
          [
            5.6402,
            4.86154,
            6.87269
          ],
          [
            8.45402,
            0.01405,
            6.86348
          ],
          [
            11.25102,
            4.84579,
            6.86656
          ],
          [
            16.86648,
            9.72947,
            6.88764
          ],
          [
            2.84197,
            4.8473,
            6.86058
          ],
          [
            5.6473,
            0.00956,
            6.88024
          ],
          [
            8.44184,
            4.85361,
            6.87584
          ],
          [
            1.41337,
            2.44139,
            6.88346
          ],
          [
            4.23702,
            7.29004,
            6.87491
          ],
          [
            7.03836,
            2.43391,
            6.8944
          ],
          [
            9.86462,
            7.27073,
            6.83471
          ],
          [
            4.22279,
            2.42732,
            6.86434
          ],
          [
            7.02248,
            7.28352,
            6.85144
          ],
          [
            9.86611,
            2.42647,
            6.87664
          ],
          [
            12.66969,
            7.30835,
            6.95504
          ],
          [
            7.86739,
            7.08048,
            10.03194
          ],
          [
            8.94909,
            8.14515,
            9.92223
          ],
          [
            5.40148,
            4.10685,
            10.37663
          ],
          [
            4.36774,
            2.99161,
            10.40937
          ],
          [
            12.2207,
            5.06884,
            10.19827
          ],
          [
            13.2737,
            6.15039,
            10.00766
          ],
          [
            9.67269,
            2.14557,
            10.50307
          ],
          [
            8.56393,
            1.11291,
            10.39199
          ],
          [
            8.19649,
            5.88701,
            10.00848
          ],
          [
            4.83105,
            1.68139,
            10.06684
          ],
          [
            8.49508,
            9.41269,
            9.43002
          ],
          [
            6.6269,
            7.49452,
            10.22785
          ],
          [
            5.05417,
            5.28127,
            10.57766
          ],
          [
            6.63746,
            3.72959,
            10.12475
          ],
          [
            12.54321,
            3.87264,
            10.17834
          ],
          [
            14.60012,
            9.51843,
            10.11114
          ],
          [
            12.75915,
            7.34968,
            9.40904
          ],
          [
            11.00137,
            5.50176,
            10.4418
          ],
          [
            9.42428,
            3.30388,
            10.85117
          ],
          [
            10.87808,
            1.71632,
            10.14908
          ],
          [
            6.02237,
            6.68159,
            10.34758
          ],
          [
            9.75345,
            7.72013,
            9.28648
          ],
          [
            9.37303,
            8.26823,
            10.93853
          ],
          [
            3.51629,
            0.37535,
            9.70439
          ],
          [
            7.26697,
            4.53722,
            10.10467
          ],
          [
            3.52916,
            3.30771,
            9.76388
          ],
          [
            3.97051,
            2.93422,
            11.43624
          ],
          [
            5.22936,
            1.71192,
            9.15782
          ],
          [
            10.36402,
            4.72164,
            10.57425
          ],
          [
            14.08603,
            5.72371,
            9.39211
          ],
          [
            13.70155,
            6.37763,
            11.0032
          ],
          [
            13.37019,
            8.11118,
            9.61798
          ],
          [
            11.53259,
            2.49425,
            10.17129
          ],
          [
            7.87714,
            1.4951,
            9.60986
          ],
          [
            7.9966,
            1.10076,
            11.33559
          ],
          [
            15.35686,
            9.52764,
            9.48066
          ]
        ],
        "Stress": [
          [
            -55.06339,
            -2.479,
            -0.29951
          ],
          [
            -2.479,
            -57.93011,
            0.45219
          ],
          [
            -0.29951,
            0.45219,
            -7.47226
          ]
        ],
        "computation_code": "VASP",
        "pseudopotential_information": [
          [
            "PAW_PBE",
            "Pt",
            "04Feb2005"
          ],
          [
            "PAW_PBE",
            "C",
            "08Apr2002"
          ],
          [
            "PAW_PBE",
            "O",
            "08Apr2002"
          ],
          [
            "PAW_PBE",
            "H",
            "15Jun2001"
          ]
        ]
      }
    ],
    "EnergyStyle": "electronvolt",
    "ForcesStyle": "electronvoltperangstrom",
    "LatticeStyle": "angstrom",
    "PositionsStyle": "angstrom",
    "StressStyle": "kB"
  }
}