{
  "Dataset": {
    "AtomTypeStyle": "chemicalsymbol",
    "Data": [
      {
        "AtomTypes": [
          "Pt",
          "Pt",
          "Pt",
          "Pt",
          "Pt",
          "Pt",
          "Pt",
          "Pt",
          "Pt",
          "Pt",
          "Pt",
          "Pt",
          "Pt",
          "Pt",
          "Pt",
          "Pt",
          "Pt",
          "Pt",
          "Pt",
          "Pt",
          "Pt",
          "Pt",
          "Pt",
          "Pt",
          "Pt",
          "Pt",
          "Pt",
          "Pt",
          "Pt",
          "Pt",
          "Pt",
          "Pt",
          "Pt",
          "Pt",
          "Pt",
          "Pt",
          "Pt",
          "Pt",
          "Pt",
          "Pt",
          "Pt",
          "Pt",
          "Pt",
          "Pt",
          "Pt",
          "Pt",
          "Pt",
          "Pt",
          "Pt",
          "Pt",
          "Pt",
          "Pt",
          "Pt",
          "Pt",
          "Pt",
          "Pt",
          "Pt",
          "Pt",
          "Pt",
          "Pt",
          "Pt",
          "Pt",
          "Pt",
          "Pt",
          "C",
          "C",
          "C",
          "C",
          "C",
          "C",
          "C",
          "C",
          "O",
          "O",
          "O",
          "O",
          "O",
          "O",
          "O",
          "O",
          "O",
          "O",
          "O",
          "O",
          "H",
          "H",
          "H",
          "H",
          "H",
          "H",
          "H",
          "H",
          "H",
          "H",
          "H",
          "H",
          "H",
          "H",
          "H",
          "H"
        ],
        "Energy": -383.02184026,
        "Forces": [
          [
            0.010615,
            0.023776,
            -0.048693
          ],
          [
            -0.009395,
            -0.027806,
            -0.02922
          ],
          [
            -0.021786,
            0.014186,
            -0.058926
          ],
          [
            -0.003008,
            -0.01166,
            -0.025422
          ],
          [
            -0.004543,
            0.014594,
            -0.04031
          ],
          [
            -0.005021,
            -0.015415,
            -0.039997
          ],
          [
            -0.005652,
            0.013696,
            -0.066322
          ],
          [
            -0.003746,
            -0.013315,
            -0.024137
          ],
          [
            -0.009672,
            0.007026,
            -0.030026
          ],
          [
            0.004779,
            -0.005545,
            -0.04667
          ],
          [
            -0.006004,
            0.019557,
            -0.029224
          ],
          [
            -0.006339,
            -0.001841,
            -0.03921
          ],
          [
            -0.012075,
            0.020941,
            -0.033041
          ],
          [
            -0.001116,
            -0.001413,
            -0.046092
          ],
          [
            0.009719,
            0.021773,
            -0.040279
          ],
          [
            -0.013646,
            -0.021556,
            -0.069069
          ],
          [
            0.035214,
            0.005475,
            0.005163
          ],
          [
            -0.066789,
            0.005892,
            0.097078
          ],
          [
            0.026586,
            -0.019699,
            0.010499
          ],
          [
            -0.003721,
            -0.006569,
            0.050219
          ],
          [
            -0.016479,
            -0.068572,
            0.042974
          ],
          [
            0.010732,
            0.127713,
            0.066255
          ],
          [
            0.042554,
            -0.101845,
            0.153565
          ],
          [
            0.008635,
            0.043691,
            0.029286
          ],
          [
            -0.014436,
            -0.053971,
            0.130394
          ],
          [
            -0.01128,
            0.01685,
            -0.015934
          ],
          [
            0.038296,
            -0.016697,
            0.084713
          ],
          [
            0.018913,
            0.009667,
            -0.025405
          ],
          [
            -0.031362,
            -0.011149,
            -0.013723
          ],
          [
            0.068963,
            0.040476,
            0.165742
          ],
          [
            0.018526,
            -0.016945,
            -0.016435
          ],
          [
            0.036262,
            -0.015466,
            0.023446
          ],
          [
            -0.003574,
            0.004693,
            -0.002085
          ],
          [
            -0.003718,
            0.002305,
            -0.000725
          ],
          [
            -0.002716,
            7.1e-05,
            -0.003189
          ],
          [
            -0.007251,
            0.001609,
            -0.001329
          ],
          [
            0.00336,
            0.002677,
            -0.002006
          ],
          [
            0.002656,
            0.002437,
            0.001922
          ],
          [
            0.001722,
            0.002026,
            -0.002171
          ],
          [
            0.003656,
            0.001846,
            -0.001167
          ],
          [
            -0.000594,
            0.002211,
            -0.001863
          ],
          [
            -0.001939,
            0.000471,
            -0.001277
          ],
          [
            -0.000106,
            0.005323,
            -0.001311
          ],
          [
            -0.000367,
            0.004301,
            -0.002553
          ],
          [
            -0.001097,
            -6.2e-05,
            0.001742
          ],
          [
            0.000952,
            -0.002607,
            2.2e-05
          ],
          [
            -0.001167,
            -0.00245,
            -0.000825
          ],
          [
            -0.000617,
            -0.001694,
            0.000269
          ],
          [
            0.000628,
            0.002995,
            0.00109
          ],
          [
            0.00028,
            0.001414,
            0.001456
          ],
          [
            0.000238,
            -3.1e-05,
            0.005801
          ],
          [
            -0.001397,
            0.002479,
            0.001571
          ],
          [
            -0.001687,
            0.003845,
            -0.000267
          ],
          [
            -0.002362,
            0.003557,
            0.000453
          ],
          [
            -0.001296,
            0.003185,
            1.2e-05
          ],
          [
            -0.003377,
            0.003417,
            -0.000892
          ],
          [
            -0.003143,
            0.00321,
            -0.002225
          ],
          [
            -0.001656,
            0.002739,
            -0.000204
          ],
          [
            -0.003088,
            0.005047,
            0.002617
          ],
          [
            -0.003528,
            0.004211,
            -0.000688
          ],
          [
            0.001169,
            0.00497,
            0.001386
          ],
          [
            0.001552,
            0.003159,
            -0.000937
          ],
          [
            0.000212,
            0.003856,
            -0.000254
          ],
          [
            9.4e-05,
            0.001632,
            0.000986
          ],
          [
            -0.022241,
            0.004115,
            0.01151
          ],
          [
            0.003146,
            0.008773,
            0.003555
          ],
          [
            -0.009633,
            0.001917,
            0.002747
          ],
          [
            0.001017,
            0.019386,
            0.010077
          ],
          [
            -0.014029,
            -0.00074,
            -0.002699
          ],
          [
            -0.002489,
            -0.007261,
            -0.016264
          ],
          [
            -0.000285,
            -0.005793,
            -0.012229
          ],
          [
            0.000209,
            -0.003525,
            -0.011845
          ],
          [
            -0.007689,
            0.004178,
            -0.00649
          ],
          [
            0.001096,
            0.003295,
            3.3e-05
          ],
          [
            -0.02097,
            -0.004431,
            -0.015638
          ],
          [
            0.016021,
            0.008697,
            -0.003171
          ],
          [
            -0.000922,
            -0.020898,
            0.008287
          ],
          [
            0.005113,
            0.004379,
            0.001318
          ],
          [
            0.000346,
            0.004334,
            -0.004576
          ],
          [
            -0.007711,
            -0.005685,
            -0.000586
          ],
          [
            0.002344,
            -0.010812,
            -0.016972
          ],
          [
            0.007048,
            0.000812,
            -0.011842
          ],
          [
            -0.003183,
            0.008419,
            -0.003691
          ],
          [
            0.00352,
            -0.019443,
            -0.00764
          ],
          [
            -0.010824,
            -0.00282,
            0.007805
          ],
          [
            0.00742,
            -0.009451,
            -0.0084
          ],
          [
            -0.005352,
            -0.000476,
            -0.004049
          ],
          [
            0.011137,
            0.007419,
            -0.000766
          ],
          [
            -0.007291,
            -0.005334,
            -0.001004
          ],
          [
            0.003442,
            -0.006563,
            0.000913
          ],
          [
            -0.009847,
            -0.003914,
            0.008274
          ],
          [
            -0.007628,
            -0.007723,
            0.003794
          ],
          [
            0.00116,
            0.006423,
            -0.008294
          ],
          [
            -0.000787,
            -0.002325,
            -0.006556
          ],
          [
            -0.002196,
            0.004616,
            -0.011033
          ],
          [
            0.003564,
            0.005365,
            -0.007378
          ],
          [
            -0.002772,
            -0.010521,
            -0.004039
          ],
          [
            0.00932,
            -0.00945,
            0.005015
          ],
          [
            0.002789,
            -0.001723,
            -0.022396
          ],
          [
            0.001594,
            -0.001929,
            0.00967
          ]
        ],
        "Lattice": [
          [
            11.254311534,
            0.0,
            0.0
          ],
          [
            5.627155767,
            9.746519691,
            0.0
          ],
          [
            0.0,
            0.0,
            21.483230925
          ]
        ],
        "NumAtoms": 100,
        "Positions": [
          [
            4.22079,
            2.43687,
            0.0
          ],
          [
            7.03437,
            7.31013,
            0.0
          ],
          [
            9.84794,
            2.43687,
            0.0
          ],
          [
            12.66152,
            7.31013,
            0.0
          ],
          [
            1.40693,
            2.43687,
            0.0
          ],
          [
            4.22051,
            7.31013,
            0.0
          ],
          [
            7.03409,
            2.43687,
            0.0
          ],
          [
            9.84766,
            7.31013,
            0.0
          ],
          [
            2.81385,
            0.0,
            0.0
          ],
          [
            5.62743,
            4.87326,
            0.0
          ],
          [
            8.44101,
            0.0,
            0.0
          ],
          [
            11.25459,
            4.87326,
            0.0
          ],
          [
            0.0,
            0.0,
            0.0
          ],
          [
            2.81358,
            4.87326,
            0.0
          ],
          [
            5.62716,
            0.0,
            0.0
          ],
          [
            8.44073,
            4.87326,
            0.0
          ],
          [
            7.03462,
            4.06144,
            2.2975
          ],
          [
            9.8482,
            8.9347,
            2.2975
          ],
          [
            12.66177,
            4.06144,
            2.2975
          ],
          [
            15.47535,
            8.9347,
            2.2975
          ],
          [
            5.62769,
            1.62456,
            2.2975
          ],
          [
            8.44127,
            6.49782,
            2.2975
          ],
          [
            11.25484,
            1.62456,
            2.2975
          ],
          [
            14.06842,
            6.49782,
            2.2975
          ],
          [
            2.81383,
            1.62456,
            2.2975
          ],
          [
            5.62741,
            6.49782,
            2.2975
          ],
          [
            8.44098,
            1.62456,
            2.2975
          ],
          [
            11.25456,
            6.49782,
            2.2975
          ],
          [
            4.22076,
            4.06144,
            2.2975
          ],
          [
            7.03434,
            8.9347,
            2.2975
          ],
          [
            9.84791,
            4.06144,
            2.2975
          ],
          [
            12.66149,
            8.9347,
            2.2975
          ],
          [
            1.42569,
            0.80233,
            4.60477
          ],
          [
            4.22861,
            5.68014,
            4.55914
          ],
          [
            7.05258,
            0.81102,
            4.57187
          ],
          [
            9.85139,
            5.67872,
            4.55554
          ],
          [
            4.22188,
            0.80319,
            4.57822
          ],
          [
            7.0483,
            5.68781,
            4.55768
          ],
          [
            9.85218,
            0.80242,
            4.58457
          ],
          [
            12.66415,
            5.67667,
            4.55963
          ],
          [
            2.81468,
            3.24496,
            4.56801
          ],
          [
            5.63506,
            8.12338,
            4.5656
          ],
          [
            8.45095,
            3.24274,
            4.57138
          ],
          [
            11.26111,
            8.11894,
            4.55814
          ],
          [
            5.64646,
            3.24063,
            4.55375
          ],
          [
            8.44819,
            8.14348,
            4.60032
          ],
          [
            11.25806,
            3.23323,
            4.5625
          ],
          [
            14.07792,
            8.12812,
            4.57413
          ],
          [
            2.83787,
            0.01411,
            6.96835
          ],
          [
            5.64895,
            4.86455,
            6.86159
          ],
          [
            14.07304,
            9.73489,
            6.93011
          ],
          [
            11.26338,
            4.86021,
            6.87424
          ],
          [
            5.62975,
            9.73456,
            6.89282
          ],
          [
            2.82702,
            4.87498,
            6.87121
          ],
          [
            11.29286,
            9.73034,
            6.85752
          ],
          [
            8.45525,
            4.86348,
            6.87385
          ],
          [
            12.66047,
            2.44983,
            6.88682
          ],
          [
            4.24772,
            7.29463,
            6.86604
          ],
          [
            7.05184,
            2.43156,
            6.89485
          ],
          [
            9.87584,
            7.27902,
            6.85801
          ],
          [
            4.24619,
            2.45262,
            6.83932
          ],
          [
            7.04224,
            7.29432,
            6.86621
          ],
          [
            9.85766,
            2.42882,
            6.88205
          ],
          [
            12.67118,
            7.29185,
            6.85451
          ],
          [
            8.21558,
            7.67875,
            10.09626
          ],
          [
            9.23196,
            8.801,
            10.02036
          ],
          [
            5.77923,
            4.72758,
            10.38196
          ],
          [
            4.71271,
            3.65005,
            10.27629
          ],
          [
            13.36064,
            6.87854,
            10.21292
          ],
          [
            14.4081,
            7.97142,
            10.08728
          ],
          [
            11.00437,
            3.85291,
            10.63673
          ],
          [
            9.92538,
            2.7886,
            10.56003
          ],
          [
            8.59654,
            6.50067,
            10.05662
          ],
          [
            5.14843,
            2.31303,
            10.03437
          ],
          [
            3.08427,
            0.21311,
            9.345
          ],
          [
            6.96081,
            8.04814,
            10.27321
          ],
          [
            5.45294,
            5.89421,
            10.64613
          ],
          [
            7.02283,
            4.35283,
            10.13968
          ],
          [
            13.67092,
            5.7025,
            9.96016
          ],
          [
            10.3572,
            1.46094,
            10.26726
          ],
          [
            13.88516,
            9.25276,
            9.77187
          ],
          [
            12.17003,
            7.22608,
            10.66956
          ],
          [
            10.77002,
            4.95162,
            11.15111
          ],
          [
            12.15463,
            3.54131,
            10.05546
          ],
          [
            6.37529,
            7.21507,
            10.3962
          ],
          [
            10.13768,
            8.41742,
            9.52195
          ],
          [
            9.5014,
            9.07646,
            11.05834
          ],
          [
            3.70975,
            0.97284,
            9.5015
          ],
          [
            7.641,
            5.17568,
            10.14318
          ],
          [
            4.02291,
            4.00489,
            9.48591
          ],
          [
            4.14347,
            3.64419,
            11.21874
          ],
          [
            5.75643,
            2.29904,
            9.25358
          ],
          [
            11.6079,
            6.38515,
            10.82128
          ],
          [
            15.13208,
            7.62039,
            9.31797
          ],
          [
            14.95184,
            7.98216,
            11.05417
          ],
          [
            8.9515,
            0.18879,
            9.97781
          ],
          [
            12.7546,
            4.37447,
            10.04041
          ],
          [
            9.20158,
            3.15223,
            9.79955
          ],
          [
            9.39652,
            2.75857,
            11.52431
          ],
          [
            10.90597,
            1.46158,
            9.44774
          ]
        ],
        "Stress": [
          [
            -55.62086,
            -2.54502,
            -0.44177
          ],
          [
            -2.54502,
            -57.25448,
            0.01675
          ],
          [
            -0.44177,
            0.01675,
            -7.28738
          ]
        ],
        "computation_code": "VASP",
        "pseudopotential_information": [
          [
            "PAW_PBE",
            "Pt",
            "04Feb2005"
          ],
          [
            "PAW_PBE",
            "C",
            "08Apr2002"
          ],
          [
            "PAW_PBE",
            "O",
            "08Apr2002"
          ],
          [
            "PAW_PBE",
            "H",
            "15Jun2001"
          ]
        ]
      }
    ],
    "EnergyStyle": "electronvolt",
    "ForcesStyle": "electronvoltperangstrom",
    "LatticeStyle": "angstrom",
    "PositionsStyle": "angstrom",
    "StressStyle": "kB"
  }
}