{
  "Dataset": {
    "AtomTypeStyle": "chemicalsymbol",
    "Data": [
      {
        "AtomTypes": [
          "Pt",
          "Pt",
          "Pt",
          "Pt",
          "Pt",
          "Pt",
          "Pt",
          "Pt",
          "Pt",
          "Pt",
          "Pt",
          "Pt",
          "Pt",
          "Pt",
          "Pt",
          "Pt",
          "Pt",
          "Pt",
          "Pt",
          "Pt",
          "Pt",
          "Pt",
          "Pt",
          "Pt",
          "Pt",
          "Pt",
          "Pt",
          "Pt",
          "Pt",
          "Pt",
          "Pt",
          "Pt",
          "Pt",
          "Pt",
          "Pt",
          "Pt",
          "Pt",
          "Pt",
          "Pt",
          "Pt",
          "Pt",
          "Pt",
          "Pt",
          "Pt",
          "Pt",
          "Pt",
          "Pt",
          "Pt",
          "Pt",
          "Pt",
          "Pt",
          "Pt",
          "Pt",
          "Pt",
          "Pt",
          "Pt",
          "Pt",
          "Pt",
          "Pt",
          "Pt",
          "Pt",
          "Pt",
          "Pt",
          "Pt",
          "C",
          "C",
          "C",
          "C",
          "C",
          "C",
          "C",
          "C",
          "O",
          "O",
          "O",
          "O",
          "O",
          "O",
          "O",
          "O",
          "O",
          "O",
          "O",
          "O",
          "H",
          "H",
          "H",
          "H",
          "H",
          "H",
          "H",
          "H",
          "H",
          "H",
          "H",
          "H",
          "H",
          "H",
          "H",
          "H"
        ],
        "Energy": -383.04418589,
        "Forces": [
          [
            0.007611,
            0.022132,
            -0.059874
          ],
          [
            0.003652,
            -0.02915,
            -0.026212
          ],
          [
            0.006707,
            0.021579,
            -0.060025
          ],
          [
            0.004617,
            -0.028396,
            -0.026416
          ],
          [
            0.003579,
            0.013857,
            -0.058748
          ],
          [
            0.005775,
            -0.021176,
            -0.033705
          ],
          [
            0.003358,
            0.014002,
            -0.058831
          ],
          [
            0.006341,
            -0.020449,
            -0.032263
          ],
          [
            0.004926,
            0.015546,
            -0.028039
          ],
          [
            0.009179,
            -0.009515,
            -0.045707
          ],
          [
            0.005094,
            0.015312,
            -0.028833
          ],
          [
            0.009553,
            -0.009898,
            -0.045443
          ],
          [
            0.008237,
            0.020591,
            -0.037792
          ],
          [
            0.003246,
            -0.012269,
            -0.061895
          ],
          [
            0.009048,
            0.019928,
            -0.038241
          ],
          [
            0.002857,
            -0.013194,
            -0.062189
          ],
          [
            0.005073,
            -0.009034,
            -0.012451
          ],
          [
            -0.051046,
            0.002312,
            0.075647
          ],
          [
            0.003559,
            -0.008053,
            -0.014683
          ],
          [
            -0.051436,
            0.004733,
            0.07437
          ],
          [
            -0.000392,
            -0.094609,
            0.116883
          ],
          [
            -0.003458,
            0.097712,
            0.038661
          ],
          [
            -0.00253,
            -0.096212,
            0.121394
          ],
          [
            -0.005255,
            0.097966,
            0.038496
          ],
          [
            -0.009671,
            -0.043246,
            0.109527
          ],
          [
            -0.007171,
            0.029566,
            -0.036393
          ],
          [
            -0.00706,
            -0.042588,
            0.114089
          ],
          [
            -0.007983,
            0.028545,
            -0.036814
          ],
          [
            -0.026688,
            -0.016225,
            -0.026543
          ],
          [
            0.043177,
            0.019891,
            0.092313
          ],
          [
            -0.026877,
            -0.01613,
            -0.023883
          ],
          [
            0.043711,
            0.019388,
            0.091583
          ],
          [
            0.001973,
            -0.005264,
            0.009333
          ],
          [
            0.000674,
            -0.000538,
            -0.001645
          ],
          [
            0.002133,
            -0.002206,
            0.006676
          ],
          [
            0.002933,
            -0.001178,
            -0.002973
          ],
          [
            0.001465,
            -0.002039,
            0.004061
          ],
          [
            0.000254,
            0.003213,
            -0.001412
          ],
          [
            0.00042,
            -3.2e-05,
            0.003115
          ],
          [
            0.003233,
            0.00123,
            -0.002008
          ],
          [
            0.001088,
            0.00513,
            0.005675
          ],
          [
            -0.000189,
            -0.002164,
            -0.000379
          ],
          [
            -0.001257,
            0.000346,
            0.002067
          ],
          [
            0.000667,
            -0.000566,
            -0.001025
          ],
          [
            -0.000919,
            -0.000312,
            -0.007637
          ],
          [
            -0.000203,
            0.001509,
            -0.000201
          ],
          [
            -0.002982,
            -0.000595,
            -0.006035
          ],
          [
            -0.001943,
            -0.000566,
            -0.000114
          ],
          [
            0.002246,
            -0.007864,
            0.006187
          ],
          [
            -0.002043,
            0.002374,
            -0.001837
          ],
          [
            0.003893,
            -0.006229,
            0.009296
          ],
          [
            0.000353,
            0.003561,
            0.001555
          ],
          [
            0.001876,
            0.00099,
            -0.000108
          ],
          [
            -0.001317,
            0.003143,
            0.001576
          ],
          [
            0.004999,
            0.000601,
            -0.002787
          ],
          [
            -0.001133,
            0.000842,
            0.002993
          ],
          [
            -0.000636,
            0.004623,
            -0.004033
          ],
          [
            -0.007233,
            -0.002311,
            -0.003249
          ],
          [
            -0.001257,
            0.001806,
            -0.003342
          ],
          [
            -0.006413,
            -1.5e-05,
            -0.004081
          ],
          [
            0.00222,
            0.000841,
            -0.001484
          ],
          [
            0.00408,
            -0.002109,
            -0.001059
          ],
          [
            -0.000362,
            -0.002633,
            -0.001433
          ],
          [
            0.007149,
            -0.00146,
            -0.002807
          ],
          [
            -0.014385,
            -0.007644,
            -0.004682
          ],
          [
            -0.006602,
            0.013254,
            0.010966
          ],
          [
            -0.006681,
            0.014622,
            0.007433
          ],
          [
            0.017284,
            -0.004082,
            -0.001339
          ],
          [
            0.007492,
            0.025918,
            0.001122
          ],
          [
            -0.00412,
            -0.002229,
            0.00603
          ],
          [
            0.008994,
            -0.010194,
            -0.007271
          ],
          [
            0.022355,
            -0.007668,
            -0.006327
          ],
          [
            0.001849,
            0.008627,
            -0.002926
          ],
          [
            -0.006813,
            -0.007673,
            -0.003695
          ],
          [
            0.005722,
            0.008593,
            -0.004189
          ],
          [
            0.010639,
            0.012511,
            -0.003109
          ],
          [
            -0.002913,
            -0.001789,
            -0.00212
          ],
          [
            0.015478,
            -0.003992,
            0.003684
          ],
          [
            0.008166,
            -0.026604,
            -0.007826
          ],
          [
            -0.013309,
            -0.007582,
            0.005221
          ],
          [
            0.007654,
            0.013687,
            0.000227
          ],
          [
            -0.010652,
            0.002528,
            0.007047
          ],
          [
            -0.006283,
            0.020749,
            0.007902
          ],
          [
            0.013316,
            -0.003547,
            0.002657
          ],
          [
            0.004067,
            -0.006416,
            -0.003183
          ],
          [
            -0.002313,
            0.000521,
            0.004922
          ],
          [
            0.004182,
            -0.009519,
            -0.008924
          ],
          [
            -0.011133,
            -0.00096,
            -0.008358
          ],
          [
            -0.008731,
            -0.005348,
            -0.002461
          ],
          [
            -0.002066,
            0.003193,
            -0.000993
          ],
          [
            0.00011,
            0.004078,
            -0.009566
          ],
          [
            -0.013294,
            0.007317,
            0.012514
          ],
          [
            0.005188,
            0.003959,
            -0.007124
          ],
          [
            -0.004723,
            0.002424,
            0.003486
          ],
          [
            0.008165,
            -0.002119,
            -0.001002
          ],
          [
            -0.013935,
            -0.005741,
            -0.003009
          ],
          [
            -0.009696,
            -0.004155,
            0.007194
          ],
          [
            0.002976,
            0.004216,
            -0.003618
          ],
          [
            -0.001681,
            0.003884,
            -0.014711
          ],
          [
            -0.007806,
            0.002138,
            0.005158
          ]
        ],
        "Lattice": [
          [
            11.254311534,
            0.0,
            0.0
          ],
          [
            5.627155767,
            9.746519691,
            0.0
          ],
          [
            0.0,
            0.0,
            21.483230925
          ]
        ],
        "NumAtoms": 100,
        "Positions": [
          [
            4.22079,
            2.43687,
            0.0
          ],
          [
            7.03437,
            7.31013,
            0.0
          ],
          [
            9.84794,
            2.43687,
            0.0
          ],
          [
            12.66152,
            7.31013,
            0.0
          ],
          [
            1.40693,
            2.43687,
            0.0
          ],
          [
            4.22051,
            7.31013,
            0.0
          ],
          [
            7.03409,
            2.43687,
            0.0
          ],
          [
            9.84766,
            7.31013,
            0.0
          ],
          [
            2.81385,
            0.0,
            0.0
          ],
          [
            5.62743,
            4.87326,
            0.0
          ],
          [
            8.44101,
            0.0,
            0.0
          ],
          [
            11.25459,
            4.87326,
            0.0
          ],
          [
            0.0,
            0.0,
            0.0
          ],
          [
            2.81358,
            4.87326,
            0.0
          ],
          [
            5.62716,
            0.0,
            0.0
          ],
          [
            8.44073,
            4.87326,
            0.0
          ],
          [
            7.03462,
            4.06144,
            2.2975
          ],
          [
            9.8482,
            8.9347,
            2.2975
          ],
          [
            12.66177,
            4.06144,
            2.2975
          ],
          [
            15.47535,
            8.9347,
            2.2975
          ],
          [
            5.62769,
            1.62456,
            2.2975
          ],
          [
            8.44127,
            6.49782,
            2.2975
          ],
          [
            11.25484,
            1.62456,
            2.2975
          ],
          [
            14.06842,
            6.49782,
            2.2975
          ],
          [
            2.81383,
            1.62456,
            2.2975
          ],
          [
            5.62741,
            6.49782,
            2.2975
          ],
          [
            8.44098,
            1.62456,
            2.2975
          ],
          [
            11.25456,
            6.49782,
            2.2975
          ],
          [
            4.22076,
            4.06144,
            2.2975
          ],
          [
            7.03434,
            8.9347,
            2.2975
          ],
          [
            9.84791,
            4.06144,
            2.2975
          ],
          [
            12.66149,
            8.9347,
            2.2975
          ],
          [
            1.40643,
            0.81065,
            4.59008
          ],
          [
            4.21201,
            5.68297,
            4.55346
          ],
          [
            7.0333,
            0.81105,
            4.58975
          ],
          [
            9.83859,
            5.68292,
            4.55413
          ],
          [
            4.20084,
            0.80786,
            4.58248
          ],
          [
            7.02748,
            5.68549,
            4.55577
          ],
          [
            9.82786,
            0.80825,
            4.58377
          ],
          [
            12.65369,
            5.68543,
            4.55563
          ],
          [
            2.79983,
            3.24724,
            4.5681
          ],
          [
            5.61795,
            8.12794,
            4.56074
          ],
          [
            8.42757,
            3.24783,
            4.56917
          ],
          [
            11.24468,
            8.12767,
            4.56087
          ],
          [
            5.61934,
            3.24036,
            4.55706
          ],
          [
            8.43215,
            8.14059,
            4.58686
          ],
          [
            11.24607,
            3.23996,
            4.55713
          ],
          [
            14.05953,
            8.14061,
            4.58639
          ],
          [
            2.7728,
            0.0134,
            6.95532
          ],
          [
            5.61018,
            4.87207,
            6.86772
          ],
          [
            8.39843,
            0.01297,
            6.95396
          ],
          [
            11.23652,
            4.87107,
            6.86777
          ],
          [
            11.22446,
            -0.00428,
            6.87424
          ],
          [
            14.05104,
            4.87869,
            6.86519
          ],
          [
            5.59713,
            -0.00396,
            6.87409
          ],
          [
            8.42319,
            4.8789,
            6.86751
          ],
          [
            12.62952,
            2.45654,
            6.88836
          ],
          [
            4.21461,
            7.29203,
            6.85497
          ],
          [
            7.00295,
            2.45753,
            6.88905
          ],
          [
            9.8414,
            7.29136,
            6.85567
          ],
          [
            4.2017,
            2.44912,
            6.86066
          ],
          [
            7.00535,
            7.30247,
            6.85634
          ],
          [
            9.82868,
            2.44986,
            6.86372
          ],
          [
            12.63112,
            7.30223,
            6.85576
          ],
          [
            7.83319,
            7.43246,
            10.11512
          ],
          [
            8.91117,
            8.4987,
            9.99286
          ],
          [
            5.32991,
            4.5376,
            10.52203
          ],
          [
            4.23036,
            3.49623,
            10.40466
          ],
          [
            13.4406,
            7.42718,
            10.12386
          ],
          [
            14.51955,
            8.49288,
            9.9937
          ],
          [
            10.94888,
            4.5228,
            10.55247
          ],
          [
            9.84757,
            3.48237,
            10.44143
          ],
          [
            8.11836,
            6.24277,
            9.91723
          ],
          [
            4.65702,
            2.16223,
            10.11974
          ],
          [
            8.43779,
            9.72169,
            9.41192
          ],
          [
            6.6436,
            7.8381,
            10.525
          ],
          [
            5.10423,
            5.66687,
            10.97545
          ],
          [
            6.50386,
            4.16323,
            10.03958
          ],
          [
            13.71583,
            6.24108,
            9.89688
          ],
          [
            10.27048,
            2.1536,
            10.12682
          ],
          [
            14.04677,
            9.71653,
            9.41322
          ],
          [
            12.26462,
            7.82772,
            10.57651
          ],
          [
            10.7382,
            5.64063,
            11.03846
          ],
          [
            12.10732,
            4.15892,
            10.02475
          ],
          [
            6.04772,
            7.0213,
            10.6806
          ],
          [
            9.73407,
            8.06703,
            9.39282
          ],
          [
            9.28804,
            8.69467,
            11.01555
          ],
          [
            3.41508,
            0.72638,
            9.66875
          ],
          [
            7.13707,
            4.97344,
            10.02127
          ],
          [
            3.55634,
            3.87668,
            9.60892
          ],
          [
            3.65946,
            3.46974,
            11.34438
          ],
          [
            5.274,
            2.17303,
            9.34724
          ],
          [
            11.6737,
            7.00866,
            10.73791
          ],
          [
            15.33784,
            8.05833,
            9.38956
          ],
          [
            14.90182,
            8.68843,
            11.01404
          ],
          [
            9.02487,
            0.72062,
            9.6704
          ],
          [
            12.74042,
            4.96864,
            10.00112
          ],
          [
            9.15863,
            3.87293,
            9.66442
          ],
          [
            9.29561,
            3.44061,
            11.39184
          ],
          [
            10.87941,
            2.17936,
            9.34856
          ]
        ],
        "Stress": [
          [
            -54.6803,
            -2.35072,
            -0.27808
          ],
          [
            -2.35072,
            -57.64406,
            0.33654
          ],
          [
            -0.27808,
            0.33654,
            -6.72195
          ]
        ],
        "computation_code": "VASP",
        "pseudopotential_information": [
          [
            "PAW_PBE",
            "Pt",
            "04Feb2005"
          ],
          [
            "PAW_PBE",
            "C",
            "08Apr2002"
          ],
          [
            "PAW_PBE",
            "O",
            "08Apr2002"
          ],
          [
            "PAW_PBE",
            "H",
            "15Jun2001"
          ]
        ]
      }
    ],
    "EnergyStyle": "electronvolt",
    "ForcesStyle": "electronvoltperangstrom",
    "LatticeStyle": "angstrom",
    "PositionsStyle": "angstrom",
    "StressStyle": "kB"
  }
}