{
  "Dataset": {
    "AtomTypeStyle": "chemicalsymbol",
    "Data": [
      {
        "AtomTypes": [
          "Pt",
          "Pt",
          "Pt",
          "Pt",
          "Pt",
          "Pt",
          "Pt",
          "Pt",
          "Pt",
          "Pt",
          "Pt",
          "Pt",
          "Pt",
          "Pt",
          "Pt",
          "Pt",
          "Pt",
          "Pt",
          "Pt",
          "Pt",
          "Pt",
          "Pt",
          "Pt",
          "Pt",
          "Pt",
          "Pt",
          "Pt",
          "Pt",
          "Pt",
          "Pt",
          "Pt",
          "Pt",
          "Pt",
          "Pt",
          "Pt",
          "Pt",
          "Pt",
          "Pt",
          "Pt",
          "Pt",
          "Pt",
          "Pt",
          "Pt",
          "Pt",
          "Pt",
          "Pt",
          "Pt",
          "Pt",
          "Pt",
          "Pt",
          "Pt",
          "Pt",
          "Pt",
          "Pt",
          "Pt",
          "Pt",
          "Pt",
          "Pt",
          "Pt",
          "Pt",
          "Pt",
          "Pt",
          "Pt",
          "Pt",
          "C",
          "C",
          "C",
          "C",
          "C",
          "C",
          "C",
          "C",
          "O",
          "O",
          "O",
          "O",
          "O",
          "O",
          "O",
          "O",
          "O",
          "O",
          "O",
          "O",
          "H",
          "H",
          "H",
          "H",
          "H",
          "H",
          "H",
          "H",
          "H",
          "H",
          "H",
          "H",
          "H",
          "H",
          "H",
          "H"
        ],
        "Energy": -382.33369618,
        "Forces": [
          [
            -0.005121,
            -0.020439,
            -0.040899
          ],
          [
            -0.003984,
            -0.022646,
            -0.037311
          ],
          [
            -0.002382,
            -0.019355,
            -0.041339
          ],
          [
            -0.004117,
            -0.024851,
            -0.038441
          ],
          [
            -0.003864,
            0.005033,
            -0.067704
          ],
          [
            -0.001758,
            -0.013261,
            -0.051486
          ],
          [
            0.000814,
            0.006046,
            -0.066078
          ],
          [
            -0.000966,
            -0.016852,
            -0.052206
          ],
          [
            0.01249,
            0.008954,
            -0.064571
          ],
          [
            0.006999,
            -0.006634,
            -0.069957
          ],
          [
            0.014057,
            0.008565,
            -0.064996
          ],
          [
            0.008967,
            -0.007572,
            -0.073592
          ],
          [
            -0.019323,
            0.012227,
            -0.07442
          ],
          [
            -0.014399,
            -0.008415,
            -0.076596
          ],
          [
            -0.0186,
            0.011516,
            -0.071638
          ],
          [
            -0.011161,
            -0.009038,
            -0.07661
          ],
          [
            0.006187,
            -0.01111,
            0.096696
          ],
          [
            0.006503,
            0.035982,
            0.226365
          ],
          [
            0.006684,
            -0.001637,
            0.082754
          ],
          [
            -0.000199,
            0.032094,
            0.211574
          ],
          [
            -0.02862,
            -0.011453,
            0.104721
          ],
          [
            -0.008015,
            0.039964,
            0.039353
          ],
          [
            -0.026399,
            -0.009497,
            0.088352
          ],
          [
            -0.012795,
            0.043834,
            0.046637
          ],
          [
            0.046046,
            0.001325,
            0.085303
          ],
          [
            0.01821,
            0.039322,
            0.026062
          ],
          [
            0.031743,
            0.00045,
            0.089517
          ],
          [
            0.022364,
            0.050022,
            0.037636
          ],
          [
            -0.010009,
            -0.007385,
            -0.035822
          ],
          [
            -0.012226,
            -0.008072,
            -0.060587
          ],
          [
            -0.021846,
            -0.013389,
            -0.038985
          ],
          [
            -0.016185,
            -0.006814,
            -0.041431
          ],
          [
            -0.00229,
            0.005958,
            0.008858
          ],
          [
            0.002893,
            -0.012492,
            0.009574
          ],
          [
            0.00373,
            0.006609,
            0.004163
          ],
          [
            -0.006652,
            -0.012452,
            0.015713
          ],
          [
            0.006334,
            0.001704,
            -0.001637
          ],
          [
            -0.003189,
            0.001915,
            0.012532
          ],
          [
            -0.001113,
            0.000387,
            0.012283
          ],
          [
            0.003236,
            0.00255,
            0.007434
          ],
          [
            0.003517,
            -0.00972,
            0.004766
          ],
          [
            -0.003908,
            0.003304,
            0.016781
          ],
          [
            0.002083,
            -0.003952,
            -0.000164
          ],
          [
            0.004759,
            0.000556,
            0.002665
          ],
          [
            -0.000764,
            -0.006371,
            0.004391
          ],
          [
            -0.001481,
            0.009099,
            0.0035
          ],
          [
            -0.005467,
            -0.007426,
            0.003858
          ],
          [
            -0.006691,
            0.003928,
            0.006251
          ],
          [
            0.006502,
            -0.008121,
            -0.003447
          ],
          [
            -0.005212,
            0.00452,
            -0.005909
          ],
          [
            -0.005876,
            -0.01241,
            0.005535
          ],
          [
            0.001101,
            0.007638,
            -0.013101
          ],
          [
            -0.000222,
            -0.007814,
            0.007037
          ],
          [
            0.002146,
            0.000885,
            -0.001719
          ],
          [
            0.001282,
            -0.005333,
            -0.004891
          ],
          [
            0.004159,
            0.000765,
            -0.002882
          ],
          [
            0.000781,
            -0.001756,
            -0.013204
          ],
          [
            -0.009715,
            -0.004889,
            -0.004265
          ],
          [
            0.000663,
            -0.007666,
            -0.011096
          ],
          [
            0.007548,
            0.010206,
            -0.012823
          ],
          [
            0.007931,
            0.002392,
            -0.017348
          ],
          [
            -0.00474,
            0.002108,
            -0.004661
          ],
          [
            0.005789,
            -0.003481,
            -0.020728
          ],
          [
            0.004303,
            -0.003943,
            0.006533
          ],
          [
            0.006873,
            -0.003996,
            -0.036368
          ],
          [
            -0.00391,
            0.015761,
            0.007589
          ],
          [
            0.033809,
            0.003923,
            0.053536
          ],
          [
            0.007685,
            -0.002183,
            -0.014441
          ],
          [
            -0.01562,
            -0.003869,
            -0.003708
          ],
          [
            0.005669,
            -0.001174,
            -0.028125
          ],
          [
            0.085211,
            -0.002607,
            0.055772
          ],
          [
            -0.030033,
            -0.013429,
            -0.059271
          ],
          [
            -0.02519,
            0.003973,
            0.018837
          ],
          [
            0.020479,
            -0.007963,
            0.021706
          ],
          [
            -0.011063,
            0.000851,
            0.006456
          ],
          [
            0.012982,
            0.010016,
            -0.02588
          ],
          [
            -0.034339,
            0.004653,
            -0.035475
          ],
          [
            -0.01606,
            0.005356,
            0.015586
          ],
          [
            -0.005179,
            0.003861,
            -0.003384
          ],
          [
            0.029821,
            -0.009418,
            0.013872
          ],
          [
            0.012729,
            -0.014764,
            0.00599
          ],
          [
            -0.020145,
            0.001074,
            -0.01262
          ],
          [
            -0.035576,
            0.007548,
            -0.021684
          ],
          [
            0.023295,
            0.004805,
            0.027174
          ],
          [
            0.00359,
            -0.012746,
            -0.006711
          ],
          [
            -0.001784,
            -0.011411,
            0.003765
          ],
          [
            0.014185,
            0.001989,
            -0.004069
          ],
          [
            0.011014,
            -0.006548,
            0.002026
          ],
          [
            0.000871,
            -0.002348,
            0.015459
          ],
          [
            -0.003577,
            0.012736,
            -0.002868
          ],
          [
            -0.013576,
            -0.00121,
            0.006748
          ],
          [
            0.005557,
            0.001356,
            -0.014607
          ],
          [
            0.008915,
            -0.006773,
            -0.014116
          ],
          [
            -0.023448,
            -0.0049,
            0.012291
          ],
          [
            0.004297,
            -0.000659,
            -0.010148
          ],
          [
            -0.010477,
            -0.010419,
            0.002843
          ],
          [
            -0.007694,
            -0.000155,
            -0.00353
          ],
          [
            0.009237,
            0.002428,
            0.021158
          ],
          [
            -0.014029,
            0.002684,
            0.009012
          ],
          [
            0.004954,
            -5.1e-05,
            -0.007117
          ]
        ],
        "Lattice": [
          [
            11.254311534,
            0.0,
            0.0
          ],
          [
            5.627155767,
            9.746519691,
            0.0
          ],
          [
            0.0,
            0.0,
            21.483230925
          ]
        ],
        "NumAtoms": 100,
        "Positions": [
          [
            4.22079,
            2.43687,
            0.0
          ],
          [
            7.03437,
            7.31013,
            0.0
          ],
          [
            9.84794,
            2.43687,
            0.0
          ],
          [
            12.66152,
            7.31013,
            0.0
          ],
          [
            1.40693,
            2.43687,
            0.0
          ],
          [
            4.22051,
            7.31013,
            0.0
          ],
          [
            7.03409,
            2.43687,
            0.0
          ],
          [
            9.84766,
            7.31013,
            0.0
          ],
          [
            2.81385,
            0.0,
            0.0
          ],
          [
            5.62743,
            4.87326,
            0.0
          ],
          [
            8.44101,
            0.0,
            0.0
          ],
          [
            11.25459,
            4.87326,
            0.0
          ],
          [
            0.0,
            0.0,
            0.0
          ],
          [
            2.81358,
            4.87326,
            0.0
          ],
          [
            5.62716,
            0.0,
            0.0
          ],
          [
            8.44073,
            4.87326,
            0.0
          ],
          [
            7.03462,
            4.06144,
            2.2975
          ],
          [
            9.8482,
            8.9347,
            2.2975
          ],
          [
            12.66177,
            4.06144,
            2.2975
          ],
          [
            15.47535,
            8.9347,
            2.2975
          ],
          [
            5.62769,
            1.62456,
            2.2975
          ],
          [
            8.44127,
            6.49782,
            2.2975
          ],
          [
            11.25484,
            1.62456,
            2.2975
          ],
          [
            14.06842,
            6.49782,
            2.2975
          ],
          [
            2.81383,
            1.62456,
            2.2975
          ],
          [
            5.62741,
            6.49782,
            2.2975
          ],
          [
            8.44098,
            1.62456,
            2.2975
          ],
          [
            11.25456,
            6.49782,
            2.2975
          ],
          [
            4.22076,
            4.06144,
            2.2975
          ],
          [
            7.03434,
            8.9347,
            2.2975
          ],
          [
            9.84791,
            4.06144,
            2.2975
          ],
          [
            12.66149,
            8.9347,
            2.2975
          ],
          [
            1.41446,
            0.81654,
            4.5652
          ],
          [
            4.22741,
            5.70393,
            4.55615
          ],
          [
            7.03965,
            0.81754,
            4.56856
          ],
          [
            9.85419,
            5.70252,
            4.5562
          ],
          [
            4.22611,
            0.83171,
            4.58856
          ],
          [
            7.04118,
            5.70592,
            4.55783
          ],
          [
            9.85492,
            0.83275,
            4.58472
          ],
          [
            12.66557,
            5.70771,
            4.55881
          ],
          [
            2.82863,
            3.25026,
            4.56791
          ],
          [
            5.64663,
            8.13257,
            4.57479
          ],
          [
            8.45446,
            3.24826,
            4.5713
          ],
          [
            11.27173,
            8.13371,
            4.57923
          ],
          [
            5.62345,
            3.24783,
            4.56698
          ],
          [
            8.43508,
            8.13225,
            4.57514
          ],
          [
            11.25011,
            3.25032,
            4.56431
          ],
          [
            14.0614,
            8.13379,
            4.576
          ],
          [
            2.8232,
            0.02151,
            6.87368
          ],
          [
            5.64286,
            4.88791,
            6.83179
          ],
          [
            8.45569,
            0.02565,
            6.87112
          ],
          [
            11.26734,
            4.88872,
            6.83495
          ],
          [
            0.01705,
            0.02688,
            6.87415
          ],
          [
            14.08455,
            4.90355,
            6.83133
          ],
          [
            5.64333,
            0.02702,
            6.8789
          ],
          [
            8.45739,
            4.90106,
            6.837
          ],
          [
            1.41831,
            2.4515,
            6.85877
          ],
          [
            4.24279,
            7.33323,
            6.85973
          ],
          [
            7.04773,
            2.45133,
            6.86974
          ],
          [
            9.86328,
            7.32984,
            6.86248
          ],
          [
            4.23071,
            2.45853,
            6.95188
          ],
          [
            7.05036,
            7.33527,
            6.94315
          ],
          [
            9.85893,
            2.46208,
            6.95321
          ],
          [
            12.67389,
            7.33836,
            6.94289
          ],
          [
            3.53182,
            3.00805,
            10.08396
          ],
          [
            3.93868,
            3.3773,
            11.48646
          ],
          [
            6.37435,
            6.81541,
            10.08885
          ],
          [
            6.79006,
            6.46048,
            11.49379
          ],
          [
            9.20253,
            3.03364,
            10.1018
          ],
          [
            9.61702,
            3.43852,
            11.49389
          ],
          [
            11.99114,
            6.90087,
            10.08283
          ],
          [
            12.40477,
            6.60215,
            11.50291
          ],
          [
            4.39527,
            2.67323,
            9.25331
          ],
          [
            2.23434,
            3.08967,
            9.8565
          ],
          [
            5.34194,
            3.3815,
            11.66135
          ],
          [
            7.23296,
            7.13128,
            9.24789
          ],
          [
            5.07438,
            6.74717,
            9.87462
          ],
          [
            8.19337,
            6.4687,
            11.6658
          ],
          [
            10.05789,
            2.69335,
            9.26728
          ],
          [
            7.89903,
            3.09027,
            9.88772
          ],
          [
            11.01994,
            3.52384,
            11.64519
          ],
          [
            12.8592,
            7.14238,
            9.2247
          ],
          [
            10.68992,
            6.88104,
            9.88087
          ],
          [
            13.80479,
            6.49078,
            11.65129
          ],
          [
            2.00281,
            2.88218,
            8.87204
          ],
          [
            3.5185,
            4.37948,
            11.70223
          ],
          [
            3.44921,
            2.66269,
            12.17911
          ],
          [
            5.76867,
            3.02678,
            10.85124
          ],
          [
            4.84152,
            6.9505,
            8.88918
          ],
          [
            6.29644,
            7.17294,
            12.18456
          ],
          [
            6.38204,
            5.45544,
            11.71706
          ],
          [
            8.61969,
            6.84695,
            10.86648
          ],
          [
            7.66406,
            2.86216,
            8.91194
          ],
          [
            9.15499,
            4.42077,
            11.70887
          ],
          [
            9.17827,
            2.70549,
            12.20181
          ],
          [
            11.46415,
            3.14108,
            10.85738
          ],
          [
            10.45405,
            7.06302,
            8.89027
          ],
          [
            11.98667,
            7.40694,
            12.14164
          ],
          [
            11.92074,
            5.65342,
            11.80099
          ],
          [
            14.25044,
            6.85294,
            10.85534
          ]
        ],
        "Stress": [
          [
            -52.72494,
            -0.10293,
            0.0745
          ],
          [
            -0.10293,
            -53.31109,
            -0.13656
          ],
          [
            0.0745,
            -0.13656,
            -6.10567
          ]
        ],
        "computation_code": "VASP",
        "pseudopotential_information": [
          [
            "PAW_PBE",
            "Pt",
            "04Feb2005"
          ],
          [
            "PAW_PBE",
            "C",
            "08Apr2002"
          ],
          [
            "PAW_PBE",
            "O",
            "08Apr2002"
          ],
          [
            "PAW_PBE",
            "H",
            "15Jun2001"
          ]
        ]
      }
    ],
    "EnergyStyle": "electronvolt",
    "ForcesStyle": "electronvoltperangstrom",
    "LatticeStyle": "angstrom",
    "PositionsStyle": "angstrom",
    "StressStyle": "kB"
  }
}