{
  "Dataset": {
    "AtomTypeStyle": "chemicalsymbol",
    "Data": [
      {
        "AtomTypes": [
          "Pt",
          "Pt",
          "Pt",
          "Pt",
          "Pt",
          "Pt",
          "Pt",
          "Pt",
          "Pt",
          "Pt",
          "Pt",
          "Pt",
          "Pt",
          "Pt",
          "Pt",
          "Pt",
          "Pt",
          "Pt",
          "Pt",
          "Pt",
          "Pt",
          "Pt",
          "Pt",
          "Pt",
          "Pt",
          "Pt",
          "Pt",
          "Pt",
          "Pt",
          "Pt",
          "Pt",
          "Pt",
          "Pt",
          "Pt",
          "Pt",
          "Pt",
          "Pt",
          "Pt",
          "Pt",
          "Pt",
          "Pt",
          "Pt",
          "Pt",
          "Pt",
          "Pt",
          "Pt",
          "Pt",
          "Pt",
          "Pt",
          "Pt",
          "Pt",
          "Pt",
          "Pt",
          "Pt",
          "Pt",
          "Pt",
          "Pt",
          "Pt",
          "Pt",
          "Pt",
          "Pt",
          "Pt",
          "Pt",
          "Pt",
          "C",
          "C",
          "C",
          "C",
          "C",
          "C",
          "C",
          "C",
          "O",
          "O",
          "O",
          "O",
          "O",
          "O",
          "O",
          "O",
          "O",
          "O",
          "O",
          "O",
          "H",
          "H",
          "H",
          "H",
          "H",
          "H",
          "H",
          "H",
          "H",
          "H",
          "H",
          "H",
          "H",
          "H",
          "H",
          "H"
        ],
        "Energy": -382.33071036,
        "Forces": [
          [
            -0.001995,
            -0.02026,
            -0.041238
          ],
          [
            -0.00468,
            -0.025467,
            -0.040029
          ],
          [
            -0.003753,
            -0.020754,
            -0.043286
          ],
          [
            -0.001623,
            -0.025246,
            -0.039959
          ],
          [
            -0.003171,
            0.004202,
            -0.06755
          ],
          [
            -0.001616,
            -0.014819,
            -0.052773
          ],
          [
            0.001889,
            0.006902,
            -0.066952
          ],
          [
            3.8e-05,
            -0.019303,
            -0.053522
          ],
          [
            0.011434,
            0.007427,
            -0.064015
          ],
          [
            0.007769,
            -0.007341,
            -0.070603
          ],
          [
            0.015044,
            0.006293,
            -0.065184
          ],
          [
            0.009293,
            -0.006808,
            -0.075211
          ],
          [
            -0.017609,
            0.011111,
            -0.07271
          ],
          [
            -0.014878,
            -0.009033,
            -0.076847
          ],
          [
            -0.018131,
            0.007477,
            -0.07045
          ],
          [
            -0.007769,
            -0.008477,
            -0.075763
          ],
          [
            0.00092,
            -0.009374,
            0.11648
          ],
          [
            0.011642,
            0.03902,
            0.225384
          ],
          [
            0.007998,
            0.002742,
            0.100937
          ],
          [
            -0.001461,
            0.033189,
            0.218475
          ],
          [
            -0.031665,
            -0.006349,
            0.10485
          ],
          [
            -0.003916,
            0.035759,
            0.058336
          ],
          [
            -0.022655,
            -0.013106,
            0.0956
          ],
          [
            -0.015166,
            0.042959,
            0.062522
          ],
          [
            0.043208,
            -0.00065,
            0.093849
          ],
          [
            0.018388,
            0.037847,
            0.039423
          ],
          [
            0.034063,
            0.003359,
            0.091837
          ],
          [
            0.014808,
            0.045057,
            0.061425
          ],
          [
            -0.012437,
            -0.007016,
            -0.021969
          ],
          [
            -0.01081,
            0.002498,
            -0.050084
          ],
          [
            -0.026706,
            -0.007484,
            -0.025888
          ],
          [
            -0.020281,
            -0.007331,
            -0.032552
          ],
          [
            -0.003864,
            -0.009243,
            -0.022358
          ],
          [
            -0.002154,
            0.005064,
            -0.0206
          ],
          [
            0.002515,
            -0.005779,
            -0.006068
          ],
          [
            -0.003489,
            0.014777,
            -0.02746
          ],
          [
            -0.002298,
            -0.003924,
            -0.012383
          ],
          [
            -0.004025,
            0.002358,
            -0.016715
          ],
          [
            -0.002758,
            -0.012563,
            -0.005528
          ],
          [
            -0.000342,
            -0.006932,
            -0.023935
          ],
          [
            -0.007603,
            0.01521,
            -0.01513
          ],
          [
            -0.015644,
            -0.00565,
            -0.000909
          ],
          [
            0.000494,
            0.004664,
            -0.014674
          ],
          [
            0.008043,
            -0.003586,
            -0.022762
          ],
          [
            0.015025,
            0.005941,
            -0.015525
          ],
          [
            -0.009149,
            -0.008255,
            -0.012226
          ],
          [
            0.009144,
            0.006221,
            -0.007555
          ],
          [
            0.007796,
            -0.005279,
            -0.011224
          ],
          [
            0.006726,
            0.012283,
            -0.008681
          ],
          [
            0.008667,
            2.6e-05,
            0.002393
          ],
          [
            -0.01112,
            -0.010672,
            0.01763
          ],
          [
            0.002504,
            0.012344,
            -0.00234
          ],
          [
            0.008043,
            0.006003,
            0.006272
          ],
          [
            -0.011562,
            -0.00711,
            0.001467
          ],
          [
            0.004792,
            -0.012616,
            0.001481
          ],
          [
            -0.000993,
            0.002787,
            -0.006308
          ],
          [
            0.009387,
            -0.005701,
            0.007276
          ],
          [
            -0.018166,
            -0.011926,
            0.021286
          ],
          [
            0.00768,
            0.001912,
            0.003616
          ],
          [
            0.009774,
            -0.004189,
            -0.003666
          ],
          [
            0.007645,
            0.001331,
            -0.007608
          ],
          [
            -0.006765,
            0.007773,
            0.012868
          ],
          [
            -0.002301,
            -0.017177,
            -0.002079
          ],
          [
            0.001521,
            -0.004038,
            0.016514
          ],
          [
            -0.046123,
            0.003357,
            0.012371
          ],
          [
            0.015001,
            -0.024035,
            -0.012365
          ],
          [
            -0.01315,
            -0.013634,
            -0.001035
          ],
          [
            0.019989,
            0.022277,
            0.001283
          ],
          [
            -0.022139,
            0.008945,
            0.015947
          ],
          [
            -0.02446,
            -0.022483,
            -0.015975
          ],
          [
            -0.01594,
            -0.004863,
            0.033953
          ],
          [
            -0.023371,
            0.034673,
            -0.053382
          ],
          [
            0.052026,
            -0.016618,
            -0.030441
          ],
          [
            -0.014261,
            0.003541,
            0.00684
          ],
          [
            0.013381,
            0.028493,
            0.03258
          ],
          [
            0.006657,
            0.010224,
            0.000285
          ],
          [
            -0.014847,
            -0.000164,
            -0.017544
          ],
          [
            -0.051287,
            -0.027886,
            0.048801
          ],
          [
            0.017008,
            -0.002158,
            -0.013508
          ],
          [
            0.004161,
            -0.005267,
            0.010295
          ],
          [
            0.008447,
            0.015252,
            0.003395
          ],
          [
            0.030947,
            -0.001013,
            0.000526
          ],
          [
            -0.003011,
            0.004446,
            0.009328
          ],
          [
            0.01787,
            -0.035261,
            0.03498
          ],
          [
            0.004832,
            -0.016271,
            0.010879
          ],
          [
            -0.000306,
            0.02068,
            0.010446
          ],
          [
            -0.011836,
            -0.006918,
            0.000953
          ],
          [
            0.010342,
            -0.009286,
            -0.019649
          ],
          [
            0.012944,
            0.009567,
            0.001927
          ],
          [
            0.001904,
            0.004905,
            -0.002129
          ],
          [
            0.006044,
            0.011621,
            0.005538
          ],
          [
            0.009613,
            0.008313,
            -0.040448
          ],
          [
            0.014383,
            -0.008693,
            -0.00985
          ],
          [
            0.017581,
            0.006051,
            0.00011
          ],
          [
            -0.010266,
            -0.027461,
            0.014688
          ],
          [
            0.001102,
            -0.00823,
            -0.004026
          ],
          [
            -0.008065,
            -0.000978,
            -0.005018
          ],
          [
            -0.002609,
            0.015014,
            0.014132
          ],
          [
            0.018335,
            -0.019791,
            -0.00991
          ],
          [
            0.015407,
            0.002573,
            -0.021581
          ]
        ],
        "Lattice": [
          [
            11.254311534,
            0.0,
            0.0
          ],
          [
            5.627155767,
            9.746519691,
            0.0
          ],
          [
            0.0,
            0.0,
            21.483230925
          ]
        ],
        "NumAtoms": 100,
        "Positions": [
          [
            4.22079,
            2.43687,
            0.0
          ],
          [
            7.03437,
            7.31013,
            0.0
          ],
          [
            9.84794,
            2.43687,
            0.0
          ],
          [
            12.66152,
            7.31013,
            0.0
          ],
          [
            1.40693,
            2.43687,
            0.0
          ],
          [
            4.22051,
            7.31013,
            0.0
          ],
          [
            7.03409,
            2.43687,
            0.0
          ],
          [
            9.84766,
            7.31013,
            0.0
          ],
          [
            2.81385,
            0.0,
            0.0
          ],
          [
            5.62743,
            4.87326,
            0.0
          ],
          [
            8.44101,
            0.0,
            0.0
          ],
          [
            11.25459,
            4.87326,
            0.0
          ],
          [
            0.0,
            0.0,
            0.0
          ],
          [
            2.81358,
            4.87326,
            0.0
          ],
          [
            5.62716,
            0.0,
            0.0
          ],
          [
            8.44073,
            4.87326,
            0.0
          ],
          [
            7.03462,
            4.06144,
            2.2975
          ],
          [
            9.8482,
            8.9347,
            2.2975
          ],
          [
            12.66177,
            4.06144,
            2.2975
          ],
          [
            15.47535,
            8.9347,
            2.2975
          ],
          [
            5.62769,
            1.62456,
            2.2975
          ],
          [
            8.44127,
            6.49782,
            2.2975
          ],
          [
            11.25484,
            1.62456,
            2.2975
          ],
          [
            14.06842,
            6.49782,
            2.2975
          ],
          [
            2.81383,
            1.62456,
            2.2975
          ],
          [
            5.62741,
            6.49782,
            2.2975
          ],
          [
            8.44098,
            1.62456,
            2.2975
          ],
          [
            11.25456,
            6.49782,
            2.2975
          ],
          [
            4.22076,
            4.06144,
            2.2975
          ],
          [
            7.03434,
            8.9347,
            2.2975
          ],
          [
            9.84791,
            4.06144,
            2.2975
          ],
          [
            12.66149,
            8.9347,
            2.2975
          ],
          [
            1.41366,
            0.81969,
            4.56918
          ],
          [
            4.22682,
            5.70437,
            4.5579
          ],
          [
            7.03767,
            0.82129,
            4.56826
          ],
          [
            9.85179,
            5.7011,
            4.56097
          ],
          [
            4.22533,
            0.83325,
            4.59017
          ],
          [
            7.04001,
            5.70719,
            4.56056
          ],
          [
            9.85421,
            0.83529,
            4.58606
          ],
          [
            12.66496,
            5.70989,
            4.56161
          ],
          [
            2.82781,
            3.25003,
            4.56973
          ],
          [
            5.64773,
            8.13594,
            4.57469
          ],
          [
            8.45168,
            3.24933,
            4.57295
          ],
          [
            11.27019,
            8.13554,
            4.58098
          ],
          [
            5.61944,
            3.24908,
            4.56955
          ],
          [
            8.43583,
            8.13632,
            4.57448
          ],
          [
            11.24736,
            3.25156,
            4.564
          ],
          [
            14.0588,
            8.13713,
            4.57654
          ],
          [
            2.81873,
            0.02252,
            6.87673
          ],
          [
            5.63748,
            4.89259,
            6.83399
          ],
          [
            8.45271,
            0.03069,
            6.86908
          ],
          [
            11.26549,
            4.8935,
            6.83526
          ],
          [
            11.2662,
            0.02864,
            6.87604
          ],
          [
            14.08378,
            4.9106,
            6.83278
          ],
          [
            5.63991,
            0.03346,
            6.87914
          ],
          [
            8.45239,
            4.90455,
            6.84042
          ],
          [
            12.66768,
            2.45628,
            6.85588
          ],
          [
            4.2411,
            7.33955,
            6.85617
          ],
          [
            7.04159,
            2.45385,
            6.86852
          ],
          [
            9.85991,
            7.33674,
            6.86072
          ],
          [
            4.22365,
            2.46308,
            6.95266
          ],
          [
            7.04827,
            7.33769,
            6.94005
          ],
          [
            9.85603,
            2.47039,
            6.95085
          ],
          [
            12.66947,
            7.34278,
            6.94233
          ],
          [
            3.52217,
            3.0178,
            10.08229
          ],
          [
            3.92708,
            3.37905,
            11.48776
          ],
          [
            6.3861,
            6.81579,
            10.09041
          ],
          [
            6.80599,
            6.45225,
            11.49057
          ],
          [
            9.20311,
            3.04432,
            10.09273
          ],
          [
            9.61852,
            3.45207,
            11.4832
          ],
          [
            11.98517,
            6.89934,
            10.08587
          ],
          [
            12.39199,
            6.61015,
            11.50981
          ],
          [
            4.3836,
            2.67607,
            9.25444
          ],
          [
            2.22677,
            3.1108,
            9.85029
          ],
          [
            5.32976,
            3.37691,
            11.66308
          ],
          [
            7.2393,
            7.13779,
            9.24637
          ],
          [
            5.08456,
            6.73969,
            9.87995
          ],
          [
            8.2084,
            6.49682,
            11.66875
          ],
          [
            10.05678,
            2.69939,
            9.25869
          ],
          [
            7.90005,
            3.10474,
            9.88087
          ],
          [
            11.02076,
            3.51809,
            11.64257
          ],
          [
            12.85141,
            7.149,
            9.22945
          ],
          [
            10.68387,
            6.86536,
            9.87615
          ],
          [
            13.7919,
            6.50741,
            11.66456
          ],
          [
            1.99732,
            2.90756,
            8.86379
          ],
          [
            3.50909,
            4.3794,
            11.70977
          ],
          [
            3.43749,
            2.66049,
            12.17538
          ],
          [
            5.75529,
            3.00988,
            10.85847
          ],
          [
            4.8463,
            6.9367,
            8.89695
          ],
          [
            6.29334,
            7.14198,
            12.19025
          ],
          [
            6.41717,
            5.4348,
            11.69689
          ],
          [
            8.63198,
            6.8554,
            10.85965
          ],
          [
            7.66067,
            2.87796,
            8.90547
          ],
          [
            9.15995,
            4.43743,
            11.69474
          ],
          [
            9.16915,
            2.72719,
            12.19103
          ],
          [
            11.46341,
            3.14723,
            10.84846
          ],
          [
            10.45243,
            7.04865,
            8.88538
          ],
          [
            11.97065,
            7.41972,
            12.14031
          ],
          [
            11.90521,
            5.66621,
            11.81754
          ],
          [
            14.23702,
            6.86942,
            10.86875
          ]
        ],
        "Stress": [
          [
            -52.65928,
            -0.09479,
            0.02711
          ],
          [
            -0.09479,
            -53.26791,
            -0.14544
          ],
          [
            0.02711,
            -0.14544,
            -5.96034
          ]
        ],
        "computation_code": "VASP",
        "pseudopotential_information": [
          [
            "PAW_PBE",
            "Pt",
            "04Feb2005"
          ],
          [
            "PAW_PBE",
            "C",
            "08Apr2002"
          ],
          [
            "PAW_PBE",
            "O",
            "08Apr2002"
          ],
          [
            "PAW_PBE",
            "H",
            "15Jun2001"
          ]
        ]
      }
    ],
    "EnergyStyle": "electronvolt",
    "ForcesStyle": "electronvoltperangstrom",
    "LatticeStyle": "angstrom",
    "PositionsStyle": "angstrom",
    "StressStyle": "kB"
  }
}