{
  "Dataset": {
    "AtomTypeStyle": "chemicalsymbol",
    "Data": [
      {
        "AtomTypes": [
          "Pt",
          "Pt",
          "Pt",
          "Pt",
          "Pt",
          "Pt",
          "Pt",
          "Pt",
          "Pt",
          "Pt",
          "Pt",
          "Pt",
          "Pt",
          "Pt",
          "Pt",
          "Pt",
          "Pt",
          "Pt",
          "Pt",
          "Pt",
          "Pt",
          "Pt",
          "Pt",
          "Pt",
          "Pt",
          "Pt",
          "Pt",
          "Pt",
          "Pt",
          "Pt",
          "Pt",
          "Pt",
          "Pt",
          "Pt",
          "Pt",
          "Pt",
          "Pt",
          "Pt",
          "Pt",
          "Pt",
          "Pt",
          "Pt",
          "Pt",
          "Pt",
          "Pt",
          "Pt",
          "Pt",
          "Pt",
          "Pt",
          "Pt",
          "Pt",
          "Pt",
          "Pt",
          "Pt",
          "Pt",
          "Pt",
          "Pt",
          "Pt",
          "Pt",
          "Pt",
          "Pt",
          "Pt",
          "Pt",
          "Pt",
          "C",
          "C",
          "C",
          "C",
          "C",
          "C",
          "C",
          "C",
          "O",
          "O",
          "O",
          "O",
          "O",
          "O",
          "O",
          "O",
          "O",
          "O",
          "O",
          "O",
          "H",
          "H",
          "H",
          "H",
          "H",
          "H",
          "H",
          "H",
          "H",
          "H",
          "H",
          "H",
          "H",
          "H",
          "H",
          "H"
        ],
        "Energy": -383.07893574,
        "Forces": [
          [
            0.019705,
            0.00711,
            -0.047005
          ],
          [
            -0.003084,
            -0.036929,
            -0.034339
          ],
          [
            -0.027794,
            -0.003888,
            -0.066978
          ],
          [
            0.002521,
            -0.013879,
            -0.029701
          ],
          [
            -0.002614,
            0.000606,
            -0.029179
          ],
          [
            0.002192,
            -0.015591,
            -0.040362
          ],
          [
            0.008215,
            -0.003848,
            -0.067861
          ],
          [
            0.003125,
            -0.023464,
            -0.026729
          ],
          [
            0.000772,
            -0.010984,
            -0.031263
          ],
          [
            0.014101,
            -0.019016,
            -0.04113
          ],
          [
            -0.00087,
            0.007569,
            -0.036443
          ],
          [
            -0.004109,
            -0.00988,
            -0.034437
          ],
          [
            -0.01418,
            0.005988,
            -0.031697
          ],
          [
            0.005234,
            -0.014385,
            -0.03577
          ],
          [
            0.019537,
            0.008867,
            -0.043221
          ],
          [
            -0.005696,
            -0.035579,
            -0.070263
          ],
          [
            0.027141,
            0.043957,
            0.009494
          ],
          [
            -0.089061,
            0.028993,
            0.110082
          ],
          [
            0.016314,
            0.014306,
            0.009616
          ],
          [
            0.003936,
            -0.006874,
            0.027523
          ],
          [
            -0.05082,
            -0.031071,
            0.01439
          ],
          [
            -0.00615,
            0.14699,
            0.071868
          ],
          [
            0.077084,
            -0.070068,
            0.128525
          ],
          [
            -0.003778,
            0.033383,
            0.018909
          ],
          [
            -0.020441,
            -0.046977,
            0.130778
          ],
          [
            -0.025239,
            0.029931,
            0.006831
          ],
          [
            0.027496,
            0.025855,
            0.03832
          ],
          [
            0.00983,
            0.023525,
            -0.014399
          ],
          [
            -0.045857,
            0.021178,
            -0.01079
          ],
          [
            0.069012,
            0.055662,
            0.183288
          ],
          [
            0.014332,
            0.01635,
            -0.027935
          ],
          [
            0.011969,
            -0.013444,
            -0.019095
          ],
          [
            -0.003052,
            7e-06,
            -0.001627
          ],
          [
            -0.000131,
            -0.0013,
            -0.001994
          ],
          [
            -0.004661,
            0.00126,
            0.00255
          ],
          [
            -0.001026,
            0.00124,
            -0.001814
          ],
          [
            -0.000258,
            -0.000419,
            0.00078
          ],
          [
            0.001638,
            -0.002113,
            -0.001551
          ],
          [
            0.001539,
            0.002061,
            0.000905
          ],
          [
            0.001569,
            -0.000316,
            -0.004117
          ],
          [
            -0.000164,
            -0.000209,
            0.002896
          ],
          [
            -0.001896,
            0.003271,
            0.001274
          ],
          [
            -0.000478,
            0.000166,
            -0.00207
          ],
          [
            -0.00187,
            0.004109,
            0.000983
          ],
          [
            0.001182,
            -0.002557,
            -0.002311
          ],
          [
            -0.000282,
            0.000722,
            0.001446
          ],
          [
            0.000938,
            -0.001063,
            0.001521
          ],
          [
            0.001379,
            -0.00098,
            -0.000342
          ],
          [
            0.00188,
            0.000151,
            -0.00401
          ],
          [
            -0.001226,
            -0.002199,
            -0.000188
          ],
          [
            0.000334,
            0.000591,
            -0.004803
          ],
          [
            -0.0017,
            -0.000654,
            0.000474
          ],
          [
            -0.000227,
            -0.001335,
            0.000471
          ],
          [
            0.000715,
            0.001184,
            0.000686
          ],
          [
            -0.00167,
            -0.001626,
            0.003587
          ],
          [
            -0.001242,
            0.003568,
            -0.001949
          ],
          [
            -0.002423,
            -0.004216,
            0.000678
          ],
          [
            0.001638,
            0.001884,
            0.002753
          ],
          [
            -0.000149,
            -0.00237,
            0.002109
          ],
          [
            -0.001027,
            0.000949,
            0.002892
          ],
          [
            -0.001444,
            -0.003607,
            -0.000516
          ],
          [
            -0.00013,
            0.001692,
            -0.000821
          ],
          [
            0.001362,
            -0.002102,
            0.001652
          ],
          [
            -0.003283,
            0.003354,
            -0.00026
          ],
          [
            -0.012768,
            -0.006935,
            0.001678
          ],
          [
            0.002434,
            0.01573,
            -0.01638
          ],
          [
            -0.008327,
            -0.014988,
            0.002039
          ],
          [
            0.005772,
            0.002219,
            0.022892
          ],
          [
            -0.019955,
            -0.001542,
            0.00642
          ],
          [
            0.008257,
            0.000812,
            -0.018094
          ],
          [
            0.018717,
            -0.003759,
            -0.003302
          ],
          [
            0.004603,
            -0.017769,
            -0.008186
          ],
          [
            -0.000293,
            0.002707,
            0.001474
          ],
          [
            -0.007331,
            -0.006607,
            -0.00212
          ],
          [
            0.00333,
            -0.014455,
            0.004551
          ],
          [
            0.006186,
            0.00492,
            -0.006036
          ],
          [
            0.001289,
            0.003433,
            0.006782
          ],
          [
            0.006701,
            -0.007745,
            -0.001297
          ],
          [
            -0.001866,
            -0.017272,
            0.002111
          ],
          [
            -0.002358,
            0.004166,
            0.005958
          ],
          [
            0.008734,
            -0.000108,
            -0.003091
          ],
          [
            -0.008874,
            -0.021616,
            -0.008236
          ],
          [
            -0.005428,
            -0.001306,
            0.000629
          ],
          [
            -0.001254,
            0.002642,
            0.001862
          ],
          [
            -0.00248,
            -0.002401,
            -0.001559
          ],
          [
            -0.007987,
            -0.000961,
            -3.8e-05
          ],
          [
            0.002868,
            -0.00489,
            0.005797
          ],
          [
            0.003745,
            0.004543,
            0.006476
          ],
          [
            0.004319,
            -0.003871,
            -0.000238
          ],
          [
            -0.002021,
            0.007996,
            -0.005321
          ],
          [
            -0.002213,
            -0.008738,
            -0.004787
          ],
          [
            -9.1e-05,
            -0.001891,
            -0.004117
          ],
          [
            0.005604,
            0.009344,
            -0.007664
          ],
          [
            -0.014109,
            -0.006497,
            0.007356
          ],
          [
            0.001049,
            -0.003844,
            0.005881
          ],
          [
            -0.007186,
            -0.011419,
            -0.000471
          ],
          [
            -0.000479,
            -0.00161,
            0.005198
          ],
          [
            0.006034,
            -0.008779,
            -0.005159
          ],
          [
            -0.003746,
            0.002088,
            -0.001239
          ],
          [
            0.000466,
            -0.005134,
            -7.6e-05
          ]
        ],
        "Lattice": [
          [
            11.254311534,
            0.0,
            0.0
          ],
          [
            5.627155767,
            9.746519691,
            0.0
          ],
          [
            0.0,
            0.0,
            21.483230925
          ]
        ],
        "NumAtoms": 100,
        "Positions": [
          [
            4.22079,
            2.43687,
            0.0
          ],
          [
            7.03437,
            7.31013,
            0.0
          ],
          [
            9.84794,
            2.43687,
            0.0
          ],
          [
            12.66152,
            7.31013,
            0.0
          ],
          [
            1.40693,
            2.43687,
            0.0
          ],
          [
            4.22051,
            7.31013,
            0.0
          ],
          [
            7.03409,
            2.43687,
            0.0
          ],
          [
            9.84766,
            7.31013,
            0.0
          ],
          [
            2.81385,
            0.0,
            0.0
          ],
          [
            5.62743,
            4.87326,
            0.0
          ],
          [
            8.44101,
            0.0,
            0.0
          ],
          [
            11.25459,
            4.87326,
            0.0
          ],
          [
            0.0,
            0.0,
            0.0
          ],
          [
            2.81358,
            4.87326,
            0.0
          ],
          [
            5.62716,
            0.0,
            0.0
          ],
          [
            8.44073,
            4.87326,
            0.0
          ],
          [
            7.03462,
            4.06144,
            2.2975
          ],
          [
            9.8482,
            8.9347,
            2.2975
          ],
          [
            12.66177,
            4.06144,
            2.2975
          ],
          [
            15.47535,
            8.9347,
            2.2975
          ],
          [
            5.62769,
            1.62456,
            2.2975
          ],
          [
            8.44127,
            6.49782,
            2.2975
          ],
          [
            11.25484,
            1.62456,
            2.2975
          ],
          [
            14.06842,
            6.49782,
            2.2975
          ],
          [
            2.81383,
            1.62456,
            2.2975
          ],
          [
            5.62741,
            6.49782,
            2.2975
          ],
          [
            8.44098,
            1.62456,
            2.2975
          ],
          [
            11.25456,
            6.49782,
            2.2975
          ],
          [
            4.22076,
            4.06144,
            2.2975
          ],
          [
            7.03434,
            8.9347,
            2.2975
          ],
          [
            9.84791,
            4.06144,
            2.2975
          ],
          [
            12.66149,
            8.9347,
            2.2975
          ],
          [
            1.41947,
            0.82118,
            4.60807
          ],
          [
            4.21847,
            5.70179,
            4.56516
          ],
          [
            7.04036,
            0.83323,
            4.56124
          ],
          [
            9.83862,
            5.7023,
            4.55919
          ],
          [
            4.2125,
            0.82549,
            4.57879
          ],
          [
            7.0382,
            5.71152,
            4.56202
          ],
          [
            9.84847,
            0.82562,
            4.57072
          ],
          [
            12.65409,
            5.69669,
            4.56205
          ],
          [
            2.80518,
            3.26769,
            4.5657
          ],
          [
            5.62543,
            8.14085,
            4.56863
          ],
          [
            8.4385,
            3.26968,
            4.56804
          ],
          [
            11.24931,
            8.13794,
            4.55639
          ],
          [
            5.63651,
            3.26598,
            4.55304
          ],
          [
            8.43762,
            8.16305,
            4.60522
          ],
          [
            11.24906,
            3.25687,
            4.55901
          ],
          [
            14.06962,
            8.14313,
            4.56622
          ],
          [
            2.81464,
            0.06818,
            6.97121
          ],
          [
            5.62876,
            4.91043,
            6.86626
          ],
          [
            8.43116,
            0.03264,
            6.89621
          ],
          [
            11.2394,
            4.90661,
            6.873
          ],
          [
            11.23099,
            0.03269,
            6.8908
          ],
          [
            14.05881,
            4.91832,
            6.87665
          ],
          [
            5.65318,
            0.02722,
            6.85188
          ],
          [
            8.43259,
            4.91335,
            6.88239
          ],
          [
            12.63846,
            2.49832,
            6.88144
          ],
          [
            15.4755,
            7.34175,
            6.87663
          ],
          [
            7.02931,
            2.47296,
            6.88981
          ],
          [
            9.85358,
            7.32868,
            6.86702
          ],
          [
            4.22758,
            2.50226,
            6.83584
          ],
          [
            7.02085,
            7.33921,
            6.87438
          ],
          [
            9.83141,
            2.4745,
            6.86396
          ],
          [
            12.65137,
            7.33964,
            6.84949
          ],
          [
            8.24769,
            7.84744,
            10.16204
          ],
          [
            9.24225,
            8.98236,
            10.05845
          ],
          [
            5.91434,
            4.80453,
            10.35018
          ],
          [
            4.86208,
            3.71119,
            10.26352
          ],
          [
            13.05569,
            6.44551,
            10.18315
          ],
          [
            14.09405,
            7.54564,
            10.15232
          ],
          [
            10.71737,
            3.36358,
            10.37741
          ],
          [
            9.69823,
            2.24534,
            10.31754
          ],
          [
            8.65842,
            6.69583,
            10.33636
          ],
          [
            5.30149,
            2.3752,
            10.02656
          ],
          [
            3.09411,
            0.34852,
            9.30412
          ],
          [
            6.96836,
            8.18098,
            10.11144
          ],
          [
            5.54213,
            5.98031,
            10.48319
          ],
          [
            7.17806,
            4.43172,
            10.27025
          ],
          [
            13.41849,
            5.26289,
            10.04495
          ],
          [
            10.19164,
            0.91221,
            10.34416
          ],
          [
            13.55716,
            8.84404,
            10.00508
          ],
          [
            11.80448,
            6.80254,
            10.39699
          ],
          [
            10.34456,
            4.5217,
            10.58904
          ],
          [
            11.97468,
            3.02555,
            10.12492
          ],
          [
            6.40421,
            7.33443,
            10.25041
          ],
          [
            10.17535,
            8.59251,
            9.61803
          ],
          [
            9.46814,
            9.32454,
            11.08618
          ],
          [
            3.73101,
            1.10553,
            9.41263
          ],
          [
            7.79159,
            5.24835,
            10.31845
          ],
          [
            4.14046,
            4.05104,
            9.49838
          ],
          [
            4.31742,
            3.70792,
            11.22228
          ],
          [
            5.86327,
            2.35223,
            9.2111
          ],
          [
            11.20506,
            5.97706,
            10.44342
          ],
          [
            14.79664,
            7.28558,
            9.32391
          ],
          [
            14.6838,
            7.43909,
            11.08545
          ],
          [
            14.30504,
            9.48551,
            10.11703
          ],
          [
            12.54099,
            3.88049,
            10.09775
          ],
          [
            9.10191,
            2.44362,
            9.39347
          ],
          [
            9.00511,
            2.36043,
            11.16415
          ],
          [
            10.91007,
            0.79823,
            9.6812
          ]
        ],
        "Stress": [
          [
            -55.867,
            -2.23256,
            -0.23649
          ],
          [
            -2.23256,
            -56.02204,
            -0.35142
          ],
          [
            -0.23649,
            -0.35142,
            -6.88352
          ]
        ],
        "computation_code": "VASP",
        "pseudopotential_information": [
          [
            "PAW_PBE",
            "Pt",
            "04Feb2005"
          ],
          [
            "PAW_PBE",
            "C",
            "08Apr2002"
          ],
          [
            "PAW_PBE",
            "O",
            "08Apr2002"
          ],
          [
            "PAW_PBE",
            "H",
            "15Jun2001"
          ]
        ]
      }
    ],
    "EnergyStyle": "electronvolt",
    "ForcesStyle": "electronvoltperangstrom",
    "LatticeStyle": "angstrom",
    "PositionsStyle": "angstrom",
    "StressStyle": "kB"
  }
}