{
  "Dataset": {
    "AtomTypeStyle": "chemicalsymbol",
    "Data": [
      {
        "AtomTypes": [
          "Pt",
          "Pt",
          "Pt",
          "Pt",
          "Pt",
          "Pt",
          "Pt",
          "Pt",
          "Pt",
          "Pt",
          "Pt",
          "Pt",
          "Pt",
          "Pt",
          "Pt",
          "Pt",
          "Pt",
          "Pt",
          "Pt",
          "Pt",
          "Pt",
          "Pt",
          "Pt",
          "Pt",
          "Pt",
          "Pt",
          "Pt",
          "Pt",
          "Pt",
          "Pt",
          "Pt",
          "Pt",
          "Pt",
          "Pt",
          "Pt",
          "Pt",
          "Pt",
          "Pt",
          "Pt",
          "Pt",
          "Pt",
          "Pt",
          "Pt",
          "Pt",
          "Pt",
          "Pt",
          "Pt",
          "Pt",
          "Pt",
          "Pt",
          "Pt",
          "Pt",
          "Pt",
          "Pt",
          "Pt",
          "Pt",
          "Pt",
          "Pt",
          "Pt",
          "Pt",
          "Pt",
          "Pt",
          "Pt",
          "Pt",
          "C",
          "C",
          "O",
          "O",
          "O",
          "H",
          "H",
          "H",
          "H"
        ],
        "Energy": -244.68171926,
        "Forces": [
          [
            -0.005008,
            -0.00962,
            -0.028489
          ],
          [
            -0.001232,
            0.006507,
            -0.033398
          ],
          [
            -0.010494,
            0.000493,
            -0.038791
          ],
          [
            -0.01462,
            -0.000884,
            -0.036668
          ],
          [
            -0.005927,
            0.000829,
            -0.033624
          ],
          [
            -0.006863,
            0.011324,
            -0.032546
          ],
          [
            -0.001219,
            -0.011077,
            -0.036912
          ],
          [
            -0.007475,
            0.002532,
            -0.044754
          ],
          [
            -0.008512,
            0.002967,
            -0.033679
          ],
          [
            0.00182,
            0.00156,
            -0.039605
          ],
          [
            -0.00815,
            0.011446,
            -0.037152
          ],
          [
            -0.009451,
            0.001326,
            -0.033238
          ],
          [
            -0.005916,
            0.002113,
            -0.041801
          ],
          [
            -0.018695,
            0.008457,
            -0.037116
          ],
          [
            -0.002967,
            -0.001166,
            -0.048177
          ],
          [
            0.001056,
            0.006451,
            -0.039995
          ],
          [
            -0.03461,
            0.020909,
            0.053439
          ],
          [
            0.01678,
            -0.009129,
            0.017269
          ],
          [
            -0.003517,
            -0.029642,
            0.010141
          ],
          [
            0.028317,
            0.011892,
            -0.000637
          ],
          [
            -0.001842,
            0.089772,
            0.051126
          ],
          [
            -0.054351,
            -0.036974,
            0.036452
          ],
          [
            0.011303,
            -0.002803,
            0.043317
          ],
          [
            0.062895,
            -0.038091,
            0.0149
          ],
          [
            -0.013546,
            0.003538,
            0.017331
          ],
          [
            0.021884,
            -0.042439,
            0.05541
          ],
          [
            0.042329,
            -0.006148,
            -0.016487
          ],
          [
            0.028524,
            0.017171,
            0.008798
          ],
          [
            0.022824,
            0.021248,
            0.032151
          ],
          [
            -0.005245,
            0.0068,
            0.023346
          ],
          [
            0.042831,
            -0.019735,
            -0.02539
          ],
          [
            0.002406,
            -0.028422,
            -0.018365
          ],
          [
            0.003315,
            0.006665,
            -0.006387
          ],
          [
            0.004532,
            -9.7e-05,
            0.019912
          ],
          [
            0.000419,
            0.001883,
            0.000739
          ],
          [
            -0.009441,
            -0.000927,
            -0.000931
          ],
          [
            0.000589,
            0.009058,
            0.003757
          ],
          [
            -0.005306,
            -0.004608,
            -0.002113
          ],
          [
            0.000116,
            -0.000522,
            0.003188
          ],
          [
            0.001269,
            0.001565,
            0.001376
          ],
          [
            0.007056,
            -0.001144,
            0.010833
          ],
          [
            -0.000161,
            -0.002101,
            0.003161
          ],
          [
            -0.003196,
            0.003732,
            -0.00205
          ],
          [
            -0.000814,
            0.003698,
            -0.002019
          ],
          [
            -0.000279,
            0.003223,
            0.011127
          ],
          [
            -0.007029,
            0.004249,
            -0.00049
          ],
          [
            0.004683,
            0.001773,
            -0.00422
          ],
          [
            0.007042,
            0.003934,
            0.002146
          ],
          [
            -0.000341,
            0.003506,
            0.002329
          ],
          [
            -0.012188,
            0.00111,
            0.013101
          ],
          [
            0.007,
            0.006106,
            0.011806
          ],
          [
            -0.004995,
            0.002539,
            -0.005723
          ],
          [
            0.006812,
            0.004103,
            0.00226
          ],
          [
            -0.007483,
            0.011071,
            0.01478
          ],
          [
            -0.004815,
            0.003377,
            0.012632
          ],
          [
            -0.006996,
            -0.000795,
            -0.00086
          ],
          [
            -0.005196,
            0.003965,
            0.000963
          ],
          [
            -0.007746,
            0.003746,
            0.010483
          ],
          [
            0.00129,
            0.002149,
            0.02039
          ],
          [
            -0.009298,
            0.00358,
            -0.011192
          ],
          [
            0.001651,
            0.000361,
            0.015971
          ],
          [
            -0.002404,
            -0.004784,
            0.002194
          ],
          [
            -0.008544,
            0.008255,
            -0.000966
          ],
          [
            -0.005346,
            0.011422,
            -0.000947
          ],
          [
            -0.216707,
            0.020153,
            -0.043699
          ],
          [
            -0.063942,
            -0.185708,
            -0.136726
          ],
          [
            0.151756,
            -0.149039,
            0.116957
          ],
          [
            0.033,
            0.025865,
            0.013973
          ],
          [
            -0.060612,
            0.12676,
            -0.098879
          ],
          [
            0.031117,
            0.105105,
            -0.032409
          ],
          [
            0.243099,
            0.073638,
            0.016505
          ],
          [
            -0.059692,
            -0.022487,
            0.066872
          ],
          [
            -0.065545,
            -0.075585,
            0.265303
          ]
        ],
        "Lattice": [
          [
            11.254311534,
            0.0,
            0.0
          ],
          [
            5.627155767,
            9.746519691,
            0.0
          ],
          [
            0.0,
            0.0,
            21.483230925
          ]
        ],
        "NumAtoms": 73,
        "Positions": [
          [
            4.22079,
            2.43687,
            0.0
          ],
          [
            7.03437,
            7.31013,
            0.0
          ],
          [
            9.84794,
            2.43687,
            0.0
          ],
          [
            12.66152,
            7.31013,
            0.0
          ],
          [
            1.40693,
            2.43687,
            0.0
          ],
          [
            4.22051,
            7.31013,
            0.0
          ],
          [
            7.03409,
            2.43687,
            0.0
          ],
          [
            9.84766,
            7.31013,
            0.0
          ],
          [
            2.81385,
            0.0,
            0.0
          ],
          [
            5.62743,
            4.87326,
            0.0
          ],
          [
            8.44101,
            0.0,
            0.0
          ],
          [
            11.25459,
            4.87326,
            0.0
          ],
          [
            0.0,
            0.0,
            0.0
          ],
          [
            2.81358,
            4.87326,
            0.0
          ],
          [
            5.62716,
            0.0,
            0.0
          ],
          [
            8.44073,
            4.87326,
            0.0
          ],
          [
            7.03462,
            4.06144,
            2.2975
          ],
          [
            9.8482,
            8.9347,
            2.2975
          ],
          [
            12.66177,
            4.06144,
            2.2975
          ],
          [
            15.47535,
            8.9347,
            2.2975
          ],
          [
            5.62769,
            1.62456,
            2.2975
          ],
          [
            8.44127,
            6.49782,
            2.2975
          ],
          [
            11.25484,
            1.62456,
            2.2975
          ],
          [
            14.06842,
            6.49782,
            2.2975
          ],
          [
            2.81383,
            1.62456,
            2.2975
          ],
          [
            5.62741,
            6.49782,
            2.2975
          ],
          [
            8.44098,
            1.62456,
            2.2975
          ],
          [
            11.25456,
            6.49782,
            2.2975
          ],
          [
            4.22076,
            4.06144,
            2.2975
          ],
          [
            7.03434,
            8.9347,
            2.2975
          ],
          [
            9.84791,
            4.06144,
            2.2975
          ],
          [
            12.66149,
            8.9347,
            2.2975
          ],
          [
            1.42109,
            0.80595,
            4.5706
          ],
          [
            4.23372,
            5.68183,
            4.57035
          ],
          [
            7.03974,
            0.80388,
            4.5542
          ],
          [
            9.86988,
            5.69146,
            4.55747
          ],
          [
            4.23372,
            0.80645,
            4.56107
          ],
          [
            7.04336,
            5.68485,
            4.57584
          ],
          [
            9.85725,
            0.80721,
            4.56652
          ],
          [
            12.67193,
            5.68499,
            4.56156
          ],
          [
            2.81893,
            3.24147,
            4.56334
          ],
          [
            5.64121,
            8.12453,
            4.56312
          ],
          [
            8.46024,
            3.24491,
            4.55436
          ],
          [
            11.26583,
            8.11889,
            4.57385
          ],
          [
            5.63383,
            3.26001,
            4.57426
          ],
          [
            8.46142,
            8.11929,
            4.56317
          ],
          [
            11.26731,
            3.24689,
            4.56996
          ],
          [
            14.07206,
            8.11741,
            4.55765
          ],
          [
            8.47056,
            9.73909,
            6.881
          ],
          [
            5.64233,
            4.87798,
            6.88789
          ],
          [
            14.08477,
            9.73648,
            6.86884
          ],
          [
            11.28474,
            4.86974,
            6.88158
          ],
          [
            0.02236,
            0.00186,
            6.8763
          ],
          [
            2.81632,
            4.85899,
            6.85666
          ],
          [
            11.2777,
            9.74066,
            6.87309
          ],
          [
            8.50118,
            4.86563,
            6.83639
          ],
          [
            1.42612,
            2.42378,
            6.87955
          ],
          [
            4.23729,
            7.33052,
            6.84943
          ],
          [
            7.07156,
            2.41962,
            6.83378
          ],
          [
            9.87534,
            7.30464,
            6.88643
          ],
          [
            4.22936,
            2.41529,
            6.86045
          ],
          [
            7.06997,
            7.3313,
            6.86118
          ],
          [
            9.87882,
            2.42629,
            6.87417
          ],
          [
            12.68576,
            7.30066,
            6.87675
          ],
          [
            6.51523,
            4.34916,
            9.82416
          ],
          [
            6.2032,
            2.98226,
            10.4011
          ],
          [
            5.67737,
            5.05416,
            9.23305
          ],
          [
            7.77691,
            4.73146,
            10.00647
          ],
          [
            7.18977,
            2.01138,
            10.08704
          ],
          [
            7.9361,
            5.57217,
            9.51169
          ],
          [
            5.18025,
            2.69637,
            10.06486
          ],
          [
            6.1988,
            3.07619,
            11.49889
          ],
          [
            7.31351,
            1.9772,
            9.0955
          ]
        ],
        "Stress": [
          [
            -49.28512,
            -0.01749,
            -0.1599
          ],
          [
            -0.01749,
            -49.25674,
            -0.2171
          ],
          [
            -0.1599,
            -0.2171,
            -0.30483
          ]
        ],
        "computation_code": "VASP",
        "pseudopotential_information": [
          [
            "PAW_PBE",
            "Pt",
            "04Feb2005"
          ],
          [
            "PAW_PBE",
            "C",
            "08Apr2002"
          ],
          [
            "PAW_PBE",
            "O",
            "08Apr2002"
          ],
          [
            "PAW_PBE",
            "H",
            "15Jun2001"
          ]
        ]
      }
    ],
    "EnergyStyle": "electronvolt",
    "ForcesStyle": "electronvoltperangstrom",
    "LatticeStyle": "angstrom",
    "PositionsStyle": "angstrom",
    "StressStyle": "kB"
  }
}