{
  "Dataset": {
    "AtomTypeStyle": "chemicalsymbol",
    "Data": [
      {
        "AtomTypes": [
          "Pt",
          "Pt",
          "Pt",
          "Pt",
          "Pt",
          "Pt",
          "Pt",
          "Pt",
          "Pt",
          "Pt",
          "Pt",
          "Pt",
          "Pt",
          "Pt",
          "Pt",
          "Pt",
          "Pt",
          "Pt",
          "Pt",
          "Pt",
          "Pt",
          "Pt",
          "Pt",
          "Pt",
          "Pt",
          "Pt",
          "Pt",
          "Pt",
          "Pt",
          "Pt",
          "Pt",
          "Pt",
          "Pt",
          "Pt",
          "Pt",
          "Pt",
          "Pt",
          "Pt",
          "Pt",
          "Pt",
          "Pt",
          "Pt",
          "Pt",
          "Pt",
          "Pt",
          "Pt",
          "Pt",
          "Pt",
          "Pt",
          "Pt",
          "Pt",
          "Pt",
          "Pt",
          "Pt",
          "Pt",
          "Pt",
          "Pt",
          "Pt",
          "Pt",
          "Pt",
          "Pt",
          "Pt",
          "Pt",
          "Pt",
          "C",
          "C",
          "O",
          "O",
          "O",
          "H",
          "H",
          "H",
          "H"
        ],
        "Energy": -244.92832909,
        "Forces": [
          [
            -0.006413,
            0.007467,
            -0.035201
          ],
          [
            0.010968,
            0.005882,
            -0.034099
          ],
          [
            0.016199,
            0.018183,
            -0.041731
          ],
          [
            -0.001215,
            -0.017438,
            -0.072038
          ],
          [
            0.006656,
            0.02514,
            -0.035205
          ],
          [
            -0.000766,
            0.004969,
            -0.032203
          ],
          [
            0.010739,
            0.010255,
            -0.043602
          ],
          [
            0.019188,
            -0.001779,
            -0.041627
          ],
          [
            0.021468,
            0.017594,
            -0.038407
          ],
          [
            -0.001738,
            0.013746,
            -0.032439
          ],
          [
            0.001185,
            0.004518,
            -0.037121
          ],
          [
            0.007432,
            0.028685,
            -0.070023
          ],
          [
            0.009762,
            0.014425,
            -0.029873
          ],
          [
            -0.023312,
            0.026137,
            -0.074405
          ],
          [
            -0.001043,
            -0.004369,
            -0.044437
          ],
          [
            0.031973,
            0.029025,
            -0.051365
          ],
          [
            -0.028486,
            -0.092525,
            0.146071
          ],
          [
            -0.046774,
            0.012066,
            0.017807
          ],
          [
            -0.015726,
            0.004312,
            -0.025282
          ],
          [
            0.018263,
            -0.003266,
            -0.003875
          ],
          [
            0.050046,
            0.04331,
            0.196411
          ],
          [
            -0.04909,
            -0.006388,
            0.011697
          ],
          [
            -0.010169,
            -0.054278,
            -0.003017
          ],
          [
            -0.019227,
            -0.033421,
            0.00642
          ],
          [
            0.007086,
            -0.052393,
            0.035485
          ],
          [
            0.029977,
            -0.008733,
            0.011191
          ],
          [
            -0.076538,
            0.019981,
            0.12219
          ],
          [
            0.008503,
            -0.042364,
            -0.003549
          ],
          [
            0.097307,
            -0.081616,
            0.108174
          ],
          [
            -0.011098,
            -0.022114,
            0.050392
          ],
          [
            -0.082271,
            -0.06312,
            0.002748
          ],
          [
            -0.01222,
            0.079677,
            0.04389
          ],
          [
            -0.00615,
            0.001323,
            0.002418
          ],
          [
            0.002751,
            -0.001389,
            -0.000822
          ],
          [
            0.006217,
            0.006426,
            0.006642
          ],
          [
            0.004702,
            -0.004912,
            0.005683
          ],
          [
            -0.00626,
            -0.005919,
            -0.009214
          ],
          [
            0.003008,
            0.002026,
            -0.001218
          ],
          [
            0.010114,
            -0.006012,
            0.002812
          ],
          [
            -0.00167,
            0.001207,
            0.006778
          ],
          [
            -0.000724,
            -0.001198,
            -0.004975
          ],
          [
            0.001,
            -0.000791,
            0.004275
          ],
          [
            -0.0084,
            -0.011392,
            -0.003678
          ],
          [
            0.006516,
            0.008045,
            0.000943
          ],
          [
            0.009155,
            -0.009027,
            -0.007186
          ],
          [
            0.002337,
            -0.001538,
            0.003661
          ],
          [
            -0.008795,
            0.001341,
            0.006374
          ],
          [
            0.002832,
            0.000811,
            0.004578
          ],
          [
            0.005395,
            0.008901,
            -0.017678
          ],
          [
            0.001112,
            0.003547,
            -0.00754
          ],
          [
            -0.000221,
            -0.002805,
            0.010993
          ],
          [
            -0.001411,
            0.007648,
            -0.002857
          ],
          [
            -0.000853,
            0.007086,
            -0.002254
          ],
          [
            0.004165,
            0.001367,
            -0.019587
          ],
          [
            -0.015629,
            0.00688,
            0.012252
          ],
          [
            0.00899,
            0.00203,
            0.001194
          ],
          [
            -0.006818,
            0.009099,
            -0.016407
          ],
          [
            0.003022,
            0.007158,
            -0.000536
          ],
          [
            0.021743,
            0.007329,
            0.018311
          ],
          [
            0.003554,
            -0.002149,
            -0.007922
          ],
          [
            0.001035,
            0.001494,
            0.001633
          ],
          [
            -0.002026,
            -0.003079,
            -0.009348
          ],
          [
            0.001251,
            -0.002831,
            0.013125
          ],
          [
            0.005549,
            0.014451,
            0.005251
          ],
          [
            0.039305,
            0.033712,
            0.001551
          ],
          [
            0.045334,
            -0.011669,
            -0.003825
          ],
          [
            0.03496,
            0.029193,
            -0.019973
          ],
          [
            -0.075789,
            -0.02429,
            -0.010035
          ],
          [
            -0.020453,
            -0.004454,
            0.018884
          ],
          [
            0.010607,
            0.044805,
            -0.014439
          ],
          [
            -0.036068,
            0.028195,
            0.021605
          ],
          [
            0.02366,
            -0.022505,
            -0.00035
          ],
          [
            -0.027711,
            0.000321,
            0.007908
          ]
        ],
        "Lattice": [
          [
            11.254311534,
            0.0,
            0.0
          ],
          [
            5.627155767,
            9.746519691,
            0.0
          ],
          [
            0.0,
            0.0,
            21.483230925
          ]
        ],
        "NumAtoms": 73,
        "Positions": [
          [
            4.22079,
            2.43687,
            0.0
          ],
          [
            7.03437,
            7.31013,
            0.0
          ],
          [
            9.84794,
            2.43687,
            0.0
          ],
          [
            12.66152,
            7.31013,
            0.0
          ],
          [
            1.40693,
            2.43687,
            0.0
          ],
          [
            4.22051,
            7.31013,
            0.0
          ],
          [
            7.03409,
            2.43687,
            0.0
          ],
          [
            9.84766,
            7.31013,
            0.0
          ],
          [
            2.81385,
            0.0,
            0.0
          ],
          [
            5.62743,
            4.87326,
            0.0
          ],
          [
            8.44101,
            0.0,
            0.0
          ],
          [
            11.25459,
            4.87326,
            0.0
          ],
          [
            0.0,
            0.0,
            0.0
          ],
          [
            2.81358,
            4.87326,
            0.0
          ],
          [
            5.62716,
            0.0,
            0.0
          ],
          [
            8.44073,
            4.87326,
            0.0
          ],
          [
            7.03462,
            4.06144,
            2.2975
          ],
          [
            9.8482,
            8.9347,
            2.2975
          ],
          [
            12.66177,
            4.06144,
            2.2975
          ],
          [
            15.47535,
            8.9347,
            2.2975
          ],
          [
            5.62769,
            1.62456,
            2.2975
          ],
          [
            8.44127,
            6.49782,
            2.2975
          ],
          [
            11.25484,
            1.62456,
            2.2975
          ],
          [
            14.06842,
            6.49782,
            2.2975
          ],
          [
            2.81383,
            1.62456,
            2.2975
          ],
          [
            5.62741,
            6.49782,
            2.2975
          ],
          [
            8.44098,
            1.62456,
            2.2975
          ],
          [
            11.25456,
            6.49782,
            2.2975
          ],
          [
            4.22076,
            4.06144,
            2.2975
          ],
          [
            7.03434,
            8.9347,
            2.2975
          ],
          [
            9.84791,
            4.06144,
            2.2975
          ],
          [
            12.66149,
            8.9347,
            2.2975
          ],
          [
            1.39946,
            0.79529,
            4.57
          ],
          [
            4.20621,
            5.66084,
            4.56011
          ],
          [
            7.01727,
            0.80553,
            4.59276
          ],
          [
            9.8406,
            5.66596,
            4.55748
          ],
          [
            4.20293,
            0.79176,
            4.57559
          ],
          [
            7.01738,
            5.66947,
            4.56539
          ],
          [
            9.83909,
            0.79038,
            4.55899
          ],
          [
            12.65376,
            5.66321,
            4.57211
          ],
          [
            2.80853,
            3.23232,
            4.56198
          ],
          [
            5.61344,
            8.10057,
            4.56888
          ],
          [
            8.4203,
            3.22694,
            4.58585
          ],
          [
            11.2448,
            8.0982,
            4.5559
          ],
          [
            5.62555,
            3.21799,
            4.60926
          ],
          [
            8.43074,
            8.10327,
            4.5694
          ],
          [
            11.25216,
            3.2349,
            4.55449
          ],
          [
            14.05171,
            8.09782,
            4.55435
          ],
          [
            2.77253,
            -0.05551,
            6.89296
          ],
          [
            5.58813,
            4.86291,
            6.87064
          ],
          [
            14.06776,
            9.67441,
            6.84777
          ],
          [
            11.22758,
            4.82665,
            6.87487
          ],
          [
            -0.0197,
            -0.04574,
            6.87323
          ],
          [
            2.78888,
            4.82354,
            6.88148
          ],
          [
            11.20851,
            9.66666,
            6.86416
          ],
          [
            8.42229,
            4.85667,
            6.84958
          ],
          [
            1.38955,
            2.39649,
            6.88156
          ],
          [
            15.4432,
            7.25983,
            6.87451
          ],
          [
            6.97665,
            2.37821,
            6.93921
          ],
          [
            9.82501,
            7.26472,
            6.87903
          ],
          [
            4.15728,
            2.3794,
            6.89225
          ],
          [
            7.00969,
            7.2733,
            6.87988
          ],
          [
            9.85468,
            2.39103,
            6.83756
          ],
          [
            12.63222,
            7.2618,
            6.87233
          ],
          [
            6.52429,
            2.06059,
            10.02471
          ],
          [
            7.00644,
            2.26871,
            11.43866
          ],
          [
            7.26981,
            2.42044,
            9.09106
          ],
          [
            5.32686,
            1.54765,
            9.90603
          ],
          [
            8.39956,
            2.44438,
            11.52124
          ],
          [
            5.02616,
            1.49169,
            8.93579
          ],
          [
            6.44955,
            3.15048,
            11.82194
          ],
          [
            6.70984,
            1.40664,
            12.05588
          ],
          [
            8.72433,
            2.84144,
            10.68657
          ]
        ],
        "Stress": [
          [
            -49.15803,
            0.31265,
            -0.13431
          ],
          [
            0.31265,
            -49.85876,
            0.16237
          ],
          [
            -0.13431,
            0.16237,
            -1.12143
          ]
        ],
        "computation_code": "VASP",
        "pseudopotential_information": [
          [
            "PAW_PBE",
            "Pt",
            "04Feb2005"
          ],
          [
            "PAW_PBE",
            "C",
            "08Apr2002"
          ],
          [
            "PAW_PBE",
            "O",
            "08Apr2002"
          ],
          [
            "PAW_PBE",
            "H",
            "15Jun2001"
          ]
        ]
      }
    ],
    "EnergyStyle": "electronvolt",
    "ForcesStyle": "electronvoltperangstrom",
    "LatticeStyle": "angstrom",
    "PositionsStyle": "angstrom",
    "StressStyle": "kB"
  }
}