{
  "Dataset": {
    "AtomTypeStyle": "chemicalsymbol",
    "Data": [
      {
        "AtomTypes": [
          "Pt",
          "Pt",
          "Pt",
          "Pt",
          "Pt",
          "Pt",
          "Pt",
          "Pt",
          "Pt",
          "Pt",
          "Pt",
          "Pt",
          "Pt",
          "Pt",
          "Pt",
          "Pt",
          "Pt",
          "Pt",
          "Pt",
          "Pt",
          "Pt",
          "Pt",
          "Pt",
          "Pt",
          "Pt",
          "Pt",
          "Pt",
          "Pt",
          "Pt",
          "Pt",
          "Pt",
          "Pt",
          "Pt",
          "Pt",
          "Pt",
          "Pt",
          "Pt",
          "Pt",
          "Pt",
          "Pt",
          "Pt",
          "Pt",
          "Pt",
          "Pt",
          "Pt",
          "Pt",
          "Pt",
          "Pt",
          "Pt",
          "Pt",
          "Pt",
          "Pt",
          "Pt",
          "Pt",
          "Pt",
          "Pt",
          "Pt",
          "Pt",
          "Pt",
          "Pt",
          "Pt",
          "Pt",
          "Pt",
          "Pt",
          "C",
          "C",
          "O",
          "O",
          "O",
          "H",
          "H",
          "H",
          "H"
        ],
        "Energy": -244.91393603,
        "Forces": [
          [
            -0.003115,
            -0.005688,
            -0.036552
          ],
          [
            -0.000189,
            -0.002575,
            -0.036327
          ],
          [
            0.007435,
            -0.003301,
            -0.029589
          ],
          [
            0.003242,
            -0.006023,
            -0.04145
          ],
          [
            0.01019,
            -0.011359,
            -0.057197
          ],
          [
            0.018515,
            -0.000483,
            -0.037198
          ],
          [
            -0.00111,
            -0.00877,
            -0.034401
          ],
          [
            -0.00846,
            0.001163,
            -0.039305
          ],
          [
            -0.001416,
            -0.002627,
            -0.052758
          ],
          [
            0.001663,
            -0.00434,
            -0.040507
          ],
          [
            0.003691,
            -0.002625,
            -0.032862
          ],
          [
            0.003609,
            -0.015366,
            -0.031752
          ],
          [
            0.01818,
            -0.005124,
            -0.051222
          ],
          [
            0.004399,
            -0.022209,
            -0.035923
          ],
          [
            -0.003935,
            0.004144,
            -0.038389
          ],
          [
            0.005165,
            -0.003109,
            -0.034295
          ],
          [
            -0.014808,
            0.006794,
            0.055981
          ],
          [
            0.057202,
            -0.030127,
            0.01684
          ],
          [
            0.001574,
            0.099872,
            0.075301
          ],
          [
            -0.087318,
            -0.04152,
            0.066081
          ],
          [
            0.012031,
            0.027929,
            0.023005
          ],
          [
            -0.010373,
            -0.010975,
            0.007679
          ],
          [
            -0.000903,
            -0.004594,
            -0.00353
          ],
          [
            -0.052377,
            0.036991,
            0.10752
          ],
          [
            -0.024147,
            0.021949,
            0.000294
          ],
          [
            -0.007754,
            -0.013776,
            0.02991
          ],
          [
            -0.01617,
            0.017928,
            0.006667
          ],
          [
            0.048791,
            0.03164,
            0.083857
          ],
          [
            0.013753,
            0.020864,
            0.039019
          ],
          [
            -0.018288,
            0.012479,
            0.010219
          ],
          [
            -0.023076,
            0.030453,
            0.028532
          ],
          [
            0.003026,
            -0.049853,
            0.097322
          ],
          [
            0.006668,
            0.00558,
            0.007781
          ],
          [
            -0.000574,
            -0.002737,
            0.000301
          ],
          [
            -0.003716,
            0.002775,
            0.002231
          ],
          [
            0.002083,
            0.006232,
            0.000717
          ],
          [
            -0.000383,
            -0.001652,
            0.000803
          ],
          [
            -0.000231,
            -0.003561,
            0.000703
          ],
          [
            -0.004584,
            0.00863,
            0.003411
          ],
          [
            -0.006705,
            0.013238,
            -0.003672
          ],
          [
            -0.003061,
            0.001949,
            -0.002446
          ],
          [
            0.002103,
            -0.008913,
            -0.002603
          ],
          [
            -0.004724,
            0.001292,
            0.003898
          ],
          [
            0.005019,
            -0.012908,
            -0.014833
          ],
          [
            0.008306,
            0.001713,
            -0.009034
          ],
          [
            0.011716,
            -0.006914,
            -0.005194
          ],
          [
            0.000162,
            0.006036,
            -0.004456
          ],
          [
            -0.01152,
            -0.007038,
            -0.00346
          ],
          [
            -0.000687,
            0.007284,
            0.000585
          ],
          [
            0.001653,
            0.002618,
            -0.001119
          ],
          [
            0.001802,
            0.005379,
            -0.000642
          ],
          [
            0.001799,
            0.00425,
            1.3e-05
          ],
          [
            0.003354,
            9.3e-05,
            0.000208
          ],
          [
            -0.002336,
            0.002361,
            -0.003182
          ],
          [
            0.002344,
            0.007807,
            0.006523
          ],
          [
            0.001862,
            -0.000979,
            -0.005399
          ],
          [
            0.004554,
            -0.003387,
            -0.002268
          ],
          [
            0.004287,
            0.000203,
            0.002222
          ],
          [
            0.003658,
            -0.001225,
            -0.002084
          ],
          [
            -0.001465,
            -0.003648,
            0.006915
          ],
          [
            -0.006543,
            -0.002434,
            0.001106
          ],
          [
            -0.000956,
            -0.0075,
            0.002126
          ],
          [
            -0.003994,
            -0.002771,
            -0.00094
          ],
          [
            0.008046,
            -0.004779,
            0.000242
          ],
          [
            0.019258,
            0.024219,
            -0.00766
          ],
          [
            0.026555,
            -0.044343,
            -0.008341
          ],
          [
            0.01265,
            -0.038543,
            0.015257
          ],
          [
            0.015652,
            0.014507,
            -0.00596
          ],
          [
            0.003297,
            -0.02662,
            0.014796
          ],
          [
            -0.016928,
            0.002465,
            0.001718
          ],
          [
            -0.001286,
            0.007958,
            0.001895
          ],
          [
            -0.00199,
            -0.020731,
            0.00395
          ],
          [
            -0.014169,
            0.006333,
            -0.00908
          ]
        ],
        "Lattice": [
          [
            11.254311534,
            0.0,
            0.0
          ],
          [
            5.627155767,
            9.746519691,
            0.0
          ],
          [
            0.0,
            0.0,
            21.483230925
          ]
        ],
        "NumAtoms": 73,
        "Positions": [
          [
            4.22079,
            2.43687,
            0.0
          ],
          [
            7.03437,
            7.31013,
            0.0
          ],
          [
            9.84794,
            2.43687,
            0.0
          ],
          [
            12.66152,
            7.31013,
            0.0
          ],
          [
            1.40693,
            2.43687,
            0.0
          ],
          [
            4.22051,
            7.31013,
            0.0
          ],
          [
            7.03409,
            2.43687,
            0.0
          ],
          [
            9.84766,
            7.31013,
            0.0
          ],
          [
            2.81385,
            0.0,
            0.0
          ],
          [
            5.62743,
            4.87326,
            0.0
          ],
          [
            8.44101,
            0.0,
            0.0
          ],
          [
            11.25459,
            4.87326,
            0.0
          ],
          [
            0.0,
            0.0,
            0.0
          ],
          [
            2.81358,
            4.87326,
            0.0
          ],
          [
            5.62716,
            0.0,
            0.0
          ],
          [
            8.44073,
            4.87326,
            0.0
          ],
          [
            7.03462,
            4.06144,
            2.2975
          ],
          [
            9.8482,
            8.9347,
            2.2975
          ],
          [
            12.66177,
            4.06144,
            2.2975
          ],
          [
            15.47535,
            8.9347,
            2.2975
          ],
          [
            5.62769,
            1.62456,
            2.2975
          ],
          [
            8.44127,
            6.49782,
            2.2975
          ],
          [
            11.25484,
            1.62456,
            2.2975
          ],
          [
            14.06842,
            6.49782,
            2.2975
          ],
          [
            2.81383,
            1.62456,
            2.2975
          ],
          [
            5.62741,
            6.49782,
            2.2975
          ],
          [
            8.44098,
            1.62456,
            2.2975
          ],
          [
            11.25456,
            6.49782,
            2.2975
          ],
          [
            4.22076,
            4.06144,
            2.2975
          ],
          [
            7.03434,
            8.9347,
            2.2975
          ],
          [
            9.84791,
            4.06144,
            2.2975
          ],
          [
            12.66149,
            8.9347,
            2.2975
          ],
          [
            1.39817,
            0.82306,
            4.56992
          ],
          [
            4.21938,
            5.69298,
            4.57
          ],
          [
            7.03487,
            0.82764,
            4.56539
          ],
          [
            9.84013,
            5.68961,
            4.56381
          ],
          [
            4.21143,
            0.8237,
            4.55811
          ],
          [
            7.02835,
            5.69609,
            4.57066
          ],
          [
            9.846,
            0.81827,
            4.56316
          ],
          [
            12.65979,
            5.70376,
            4.58849
          ],
          [
            2.80691,
            3.25779,
            4.56543
          ],
          [
            5.61991,
            8.13433,
            4.56426
          ],
          [
            8.43985,
            3.25652,
            4.56913
          ],
          [
            11.25779,
            8.1319,
            4.57586
          ],
          [
            5.62129,
            3.25832,
            4.57112
          ],
          [
            8.4294,
            8.13694,
            4.55544
          ],
          [
            11.25369,
            3.25178,
            4.55932
          ],
          [
            14.05801,
            8.12716,
            4.58696
          ],
          [
            2.80308,
            0.02503,
            6.86642
          ],
          [
            5.62326,
            4.889,
            6.88512
          ],
          [
            8.43974,
            0.04134,
            6.8698
          ],
          [
            11.23315,
            4.86962,
            6.85792
          ],
          [
            -0.01071,
            0.01723,
            6.8771
          ],
          [
            2.82025,
            4.87887,
            6.87592
          ],
          [
            5.61393,
            0.04771,
            6.85458
          ],
          [
            8.42424,
            4.88777,
            6.88141
          ],
          [
            1.39848,
            2.45817,
            6.87909
          ],
          [
            4.23048,
            7.32249,
            6.87282
          ],
          [
            7.02703,
            2.4642,
            6.88153
          ],
          [
            9.81349,
            7.32966,
            6.83702
          ],
          [
            4.21038,
            2.45631,
            6.87949
          ],
          [
            7.02111,
            7.33202,
            6.878
          ],
          [
            9.84281,
            2.45358,
            6.87983
          ],
          [
            12.65871,
            7.33462,
            6.91333
          ],
          [
            10.36457,
            6.71347,
            10.091
          ],
          [
            11.85283,
            6.45194,
            10.03768
          ],
          [
            9.88739,
            7.81412,
            9.85314
          ],
          [
            9.65336,
            5.63045,
            10.43953
          ],
          [
            12.51215,
            7.51548,
            9.34409
          ],
          [
            8.69569,
            5.85668,
            10.41385
          ],
          [
            12.0632,
            5.50228,
            9.51819
          ],
          [
            12.24114,
            6.38155,
            11.07122
          ],
          [
            11.91623,
            8.3052,
            9.38574
          ]
        ],
        "Stress": [
          [
            -50.16247,
            -0.00805,
            0.18124
          ],
          [
            -0.00805,
            -49.78198,
            -0.36798
          ],
          [
            0.18124,
            -0.36798,
            -1.41975
          ]
        ],
        "computation_code": "VASP",
        "pseudopotential_information": [
          [
            "PAW_PBE",
            "Pt",
            "04Feb2005"
          ],
          [
            "PAW_PBE",
            "C",
            "08Apr2002"
          ],
          [
            "PAW_PBE",
            "O",
            "08Apr2002"
          ],
          [
            "PAW_PBE",
            "H",
            "15Jun2001"
          ]
        ]
      }
    ],
    "EnergyStyle": "electronvolt",
    "ForcesStyle": "electronvoltperangstrom",
    "LatticeStyle": "angstrom",
    "PositionsStyle": "angstrom",
    "StressStyle": "kB"
  }
}