{
  "Dataset": {
    "AtomTypeStyle": "chemicalsymbol",
    "Data": [
      {
        "AtomTypes": [
          "Pt",
          "Pt",
          "Pt",
          "Pt",
          "Pt",
          "Pt",
          "Pt",
          "Pt",
          "Pt",
          "Pt",
          "Pt",
          "Pt",
          "Pt",
          "Pt",
          "Pt",
          "Pt",
          "Pt",
          "Pt",
          "Pt",
          "Pt",
          "Pt",
          "Pt",
          "Pt",
          "Pt",
          "Pt",
          "Pt",
          "Pt",
          "Pt",
          "Pt",
          "Pt",
          "Pt",
          "Pt",
          "Pt",
          "Pt",
          "Pt",
          "Pt",
          "Pt",
          "Pt",
          "Pt",
          "Pt",
          "Pt",
          "Pt",
          "Pt",
          "Pt",
          "Pt",
          "Pt",
          "Pt",
          "Pt",
          "Pt",
          "Pt",
          "Pt",
          "Pt",
          "Pt",
          "Pt",
          "Pt",
          "Pt",
          "Pt",
          "Pt",
          "Pt",
          "Pt",
          "Pt",
          "Pt",
          "Pt",
          "Pt",
          "C",
          "C",
          "O",
          "O",
          "O",
          "H",
          "H",
          "H",
          "H"
        ],
        "Energy": -244.91143693,
        "Forces": [
          [
            0.009003,
            -0.002543,
            -0.032664
          ],
          [
            0.005733,
            -0.005371,
            -0.041035
          ],
          [
            0.005339,
            -0.005932,
            -0.029962
          ],
          [
            0.007072,
            -0.001019,
            -0.037625
          ],
          [
            0.007779,
            -0.00441,
            -0.031571
          ],
          [
            -0.011241,
            0.003563,
            -0.036826
          ],
          [
            0.004282,
            -0.020467,
            -0.048477
          ],
          [
            0.023246,
            0.000406,
            -0.036446
          ],
          [
            0.013879,
            0.003885,
            -0.035459
          ],
          [
            0.002578,
            -0.01165,
            -0.034344
          ],
          [
            -0.00203,
            -0.005555,
            -0.058836
          ],
          [
            0.00599,
            0.000697,
            -0.038661
          ],
          [
            -0.003555,
            0.000291,
            -0.035624
          ],
          [
            0.007224,
            8.9e-05,
            -0.043543
          ],
          [
            0.017305,
            -0.004326,
            -0.055165
          ],
          [
            0.010971,
            -0.008546,
            -0.034089
          ],
          [
            -0.013516,
            0.106884,
            0.070671
          ],
          [
            -0.080262,
            -0.057525,
            0.018784
          ],
          [
            -0.016071,
            0.010453,
            0.052527
          ],
          [
            0.057465,
            -0.043441,
            0.033128
          ],
          [
            0.007951,
            0.02279,
            -0.000508
          ],
          [
            -0.062902,
            0.026145,
            0.106113
          ],
          [
            0.009919,
            0.030979,
            0.004241
          ],
          [
            -0.015878,
            -0.015159,
            0.016403
          ],
          [
            -0.026152,
            0.025473,
            -0.009785
          ],
          [
            0.047273,
            0.021616,
            0.08924
          ],
          [
            -0.035289,
            0.01543,
            -0.012495
          ],
          [
            -0.00991,
            -0.011482,
            0.024833
          ],
          [
            -0.030678,
            0.010041,
            0.022321
          ],
          [
            0.001786,
            -0.051998,
            0.073196
          ],
          [
            0.010456,
            0.019469,
            0.019276
          ],
          [
            -0.009058,
            0.012905,
            0.01572
          ],
          [
            0.002804,
            -0.005577,
            -0.000386
          ],
          [
            0.007732,
            0.009639,
            0.017985
          ],
          [
            -0.001253,
            -0.006918,
            0.007323
          ],
          [
            -0.003474,
            0.00199,
            0.002851
          ],
          [
            0.003599,
            0.013144,
            0.014459
          ],
          [
            0.004177,
            0.004305,
            0.009182
          ],
          [
            0.007979,
            0.004599,
            0.003684
          ],
          [
            0.001219,
            -0.008037,
            0.004279
          ],
          [
            0.004698,
            0.017975,
            0.004353
          ],
          [
            0.009008,
            0.010599,
            0.014591
          ],
          [
            0.012858,
            0.008809,
            0.016672
          ],
          [
            0.003612,
            -0.000332,
            -0.003659
          ],
          [
            -0.011595,
            -0.006381,
            0.003783
          ],
          [
            -0.002566,
            0.005682,
            -0.015632
          ],
          [
            -0.003791,
            -0.004638,
            0.00102
          ],
          [
            -0.008465,
            -0.013833,
            0.005832
          ],
          [
            -0.005619,
            -0.017006,
            0.015002
          ],
          [
            0.003966,
            -0.006762,
            -0.001113
          ],
          [
            0.016031,
            -0.014803,
            -0.005501
          ],
          [
            0.002617,
            -0.007666,
            0.000313
          ],
          [
            0.011521,
            0.008292,
            0.014401
          ],
          [
            -0.004399,
            -0.005915,
            -0.000426
          ],
          [
            -0.0104,
            -0.017896,
            -0.003041
          ],
          [
            0.006946,
            0.025386,
            0.012501
          ],
          [
            0.006054,
            -0.023282,
            -0.024818
          ],
          [
            0.007355,
            0.005063,
            0.014963
          ],
          [
            0.011977,
            0.005531,
            -0.024919
          ],
          [
            -0.016558,
            0.008309,
            0.003621
          ],
          [
            -0.005137,
            -0.02151,
            -0.004908
          ],
          [
            0.023815,
            0.01427,
            -0.012242
          ],
          [
            0.004595,
            -0.00124,
            -0.000694
          ],
          [
            -0.022388,
            0.004955,
            -0.007405
          ],
          [
            0.006769,
            -0.006089,
            -0.047727
          ],
          [
            0.030086,
            -0.026447,
            0.042422
          ],
          [
            -0.026479,
            0.002884,
            0.011989
          ],
          [
            -0.016066,
            -0.023559,
            0.021731
          ],
          [
            0.029121,
            0.035225,
            0.018649
          ],
          [
            0.021134,
            -0.001452,
            -0.007504
          ],
          [
            -0.019911,
            -0.007297,
            0.01008
          ],
          [
            -0.00264,
            -0.015313,
            0.006147
          ],
          [
            -0.017636,
            -0.006394,
            -0.011199
          ]
        ],
        "Lattice": [
          [
            11.254311534,
            0.0,
            0.0
          ],
          [
            5.627155767,
            9.746519691,
            0.0
          ],
          [
            0.0,
            0.0,
            21.483230925
          ]
        ],
        "NumAtoms": 73,
        "Positions": [
          [
            4.22079,
            2.43687,
            0.0
          ],
          [
            7.03437,
            7.31013,
            0.0
          ],
          [
            9.84794,
            2.43687,
            0.0
          ],
          [
            12.66152,
            7.31013,
            0.0
          ],
          [
            1.40693,
            2.43687,
            0.0
          ],
          [
            4.22051,
            7.31013,
            0.0
          ],
          [
            7.03409,
            2.43687,
            0.0
          ],
          [
            9.84766,
            7.31013,
            0.0
          ],
          [
            2.81385,
            0.0,
            0.0
          ],
          [
            5.62743,
            4.87326,
            0.0
          ],
          [
            8.44101,
            0.0,
            0.0
          ],
          [
            11.25459,
            4.87326,
            0.0
          ],
          [
            0.0,
            0.0,
            0.0
          ],
          [
            2.81358,
            4.87326,
            0.0
          ],
          [
            5.62716,
            0.0,
            0.0
          ],
          [
            8.44073,
            4.87326,
            0.0
          ],
          [
            7.03462,
            4.06144,
            2.2975
          ],
          [
            9.8482,
            8.9347,
            2.2975
          ],
          [
            12.66177,
            4.06144,
            2.2975
          ],
          [
            15.47535,
            8.9347,
            2.2975
          ],
          [
            5.62769,
            1.62456,
            2.2975
          ],
          [
            8.44127,
            6.49782,
            2.2975
          ],
          [
            11.25484,
            1.62456,
            2.2975
          ],
          [
            14.06842,
            6.49782,
            2.2975
          ],
          [
            2.81383,
            1.62456,
            2.2975
          ],
          [
            5.62741,
            6.49782,
            2.2975
          ],
          [
            8.44098,
            1.62456,
            2.2975
          ],
          [
            11.25456,
            6.49782,
            2.2975
          ],
          [
            4.22076,
            4.06144,
            2.2975
          ],
          [
            7.03434,
            8.9347,
            2.2975
          ],
          [
            9.84791,
            4.06144,
            2.2975
          ],
          [
            12.66149,
            8.9347,
            2.2975
          ],
          [
            1.3935,
            0.82719,
            4.55883
          ],
          [
            4.20542,
            5.68528,
            4.56541
          ],
          [
            7.02404,
            0.8233,
            4.57125
          ],
          [
            9.84,
            5.68591,
            4.56716
          ],
          [
            4.22025,
            0.82073,
            4.55229
          ],
          [
            7.0221,
            5.69989,
            4.5905
          ],
          [
            9.82627,
            0.82063,
            4.55445
          ],
          [
            12.65142,
            5.69552,
            4.56948
          ],
          [
            2.805,
            3.25257,
            4.57001
          ],
          [
            5.62395,
            8.11898,
            4.57877
          ],
          [
            8.42444,
            3.25465,
            4.56267
          ],
          [
            11.24626,
            8.1327,
            4.56271
          ],
          [
            5.6221,
            3.25662,
            4.56478
          ],
          [
            8.425,
            8.11931,
            4.5797
          ],
          [
            11.24116,
            3.25631,
            4.57039
          ],
          [
            14.05788,
            8.13429,
            4.56128
          ],
          [
            2.80538,
            0.0395,
            6.82817
          ],
          [
            5.58917,
            4.86931,
            6.8746
          ],
          [
            8.41257,
            0.01599,
            6.87737
          ],
          [
            11.23865,
            4.88552,
            6.88167
          ],
          [
            11.21508,
            0.03826,
            6.83617
          ],
          [
            14.04094,
            4.88379,
            6.88247
          ],
          [
            5.60718,
            0.01682,
            6.87309
          ],
          [
            8.43322,
            4.86478,
            6.8721
          ],
          [
            12.63823,
            2.46346,
            6.88222
          ],
          [
            15.43062,
            7.31566,
            6.8603
          ],
          [
            7.00882,
            2.45187,
            6.88555
          ],
          [
            9.85151,
            7.31375,
            6.86039
          ],
          [
            4.20223,
            2.45427,
            6.88215
          ],
          [
            7.00538,
            7.31087,
            6.91667
          ],
          [
            9.81949,
            2.45015,
            6.87803
          ],
          [
            12.64458,
            7.32627,
            6.87958
          ],
          [
            7.90462,
            9.5696,
            10.11127
          ],
          [
            6.6816,
            8.7036,
            9.91234
          ],
          [
            9.03804,
            9.11593,
            10.05111
          ],
          [
            1.97459,
            1.10481,
            10.37093
          ],
          [
            7.07516,
            7.45222,
            9.33523
          ],
          [
            2.80698,
            1.62265,
            10.45531
          ],
          [
            6.19388,
            8.53047,
            10.88892
          ],
          [
            5.95587,
            9.20533,
            9.24349
          ],
          [
            8.05505,
            7.38028,
            9.47482
          ]
        ],
        "Stress": [
          [
            -49.78156,
            -0.00694,
            -0.02125
          ],
          [
            -0.00694,
            -49.84931,
            -0.17215
          ],
          [
            -0.02125,
            -0.17215,
            -1.14846
          ]
        ],
        "computation_code": "VASP",
        "pseudopotential_information": [
          [
            "PAW_PBE",
            "Pt",
            "04Feb2005"
          ],
          [
            "PAW_PBE",
            "C",
            "08Apr2002"
          ],
          [
            "PAW_PBE",
            "O",
            "08Apr2002"
          ],
          [
            "PAW_PBE",
            "H",
            "15Jun2001"
          ]
        ]
      }
    ],
    "EnergyStyle": "electronvolt",
    "ForcesStyle": "electronvoltperangstrom",
    "LatticeStyle": "angstrom",
    "PositionsStyle": "angstrom",
    "StressStyle": "kB"
  }
}