{
  "Dataset": {
    "AtomTypeStyle": "chemicalsymbol",
    "Data": [
      {
        "AtomTypes": [
          "Pt",
          "Pt",
          "Pt",
          "Pt",
          "Pt",
          "Pt",
          "Pt",
          "Pt",
          "Pt",
          "Pt",
          "Pt",
          "Pt",
          "Pt",
          "Pt",
          "Pt",
          "Pt",
          "Pt",
          "Pt",
          "Pt",
          "Pt",
          "Pt",
          "Pt",
          "Pt",
          "Pt",
          "Pt",
          "Pt",
          "Pt",
          "Pt",
          "Pt",
          "Pt",
          "Pt",
          "Pt",
          "Pt",
          "Pt",
          "Pt",
          "Pt",
          "Pt",
          "Pt",
          "Pt",
          "Pt",
          "Pt",
          "Pt",
          "Pt",
          "Pt",
          "Pt",
          "Pt",
          "Pt",
          "Pt",
          "Pt",
          "Pt",
          "Pt",
          "Pt",
          "Pt",
          "Pt",
          "Pt",
          "Pt",
          "Pt",
          "Pt",
          "Pt",
          "Pt",
          "Pt",
          "Pt",
          "Pt",
          "Pt",
          "C",
          "C",
          "O",
          "O",
          "O",
          "H",
          "H",
          "H",
          "H"
        ],
        "Energy": -244.90923543,
        "Forces": [
          [
            0.010099,
            -0.006504,
            -0.033739
          ],
          [
            0.006592,
            -0.006375,
            -0.041088
          ],
          [
            0.005876,
            -0.007972,
            -0.032922
          ],
          [
            0.009304,
            -0.00076,
            -0.037997
          ],
          [
            0.00729,
            -0.005448,
            -0.031215
          ],
          [
            -0.010126,
            0.00307,
            -0.036883
          ],
          [
            0.008925,
            -0.021259,
            -0.048467
          ],
          [
            0.025111,
            -0.003514,
            -0.039786
          ],
          [
            0.018056,
            0.001034,
            -0.036162
          ],
          [
            0.004872,
            -0.014552,
            -0.034538
          ],
          [
            -0.001201,
            -0.006623,
            -0.059393
          ],
          [
            0.003704,
            -0.000456,
            -0.038625
          ],
          [
            -0.000759,
            -0.001433,
            -0.034807
          ],
          [
            0.010548,
            -0.001868,
            -0.041844
          ],
          [
            0.015053,
            -0.005807,
            -0.054257
          ],
          [
            0.013749,
            -0.009382,
            -0.034397
          ],
          [
            -0.018318,
            0.10814,
            0.083596
          ],
          [
            -0.079371,
            -0.038706,
            0.032215
          ],
          [
            -0.017871,
            0.008774,
            0.052012
          ],
          [
            0.05112,
            -0.041564,
            0.042176
          ],
          [
            0.003208,
            0.027324,
            0.007283
          ],
          [
            -0.065138,
            0.023575,
            0.102266
          ],
          [
            0.006951,
            0.034329,
            0.003248
          ],
          [
            -0.016849,
            -0.010647,
            0.022667
          ],
          [
            -0.021927,
            0.030665,
            0.006646
          ],
          [
            0.042099,
            0.026991,
            0.095899
          ],
          [
            -0.040978,
            0.021784,
            -0.00491
          ],
          [
            -0.016229,
            -0.01066,
            0.028976
          ],
          [
            -0.031267,
            0.01706,
            0.033006
          ],
          [
            -0.008521,
            -0.044592,
            0.067873
          ],
          [
            0.00562,
            0.023974,
            0.029118
          ],
          [
            -0.008523,
            0.017391,
            0.015068
          ],
          [
            0.006515,
            0.002959,
            -0.009205
          ],
          [
            0.010189,
            0.003641,
            0.007447
          ],
          [
            0.01422,
            0.001208,
            -0.001762
          ],
          [
            0.011444,
            0.001285,
            0.00219
          ],
          [
            -0.009867,
            -0.010978,
            -0.015694
          ],
          [
            -0.002474,
            -0.008372,
            -0.005206
          ],
          [
            -0.004987,
            -0.010313,
            0.001576
          ],
          [
            -0.00548,
            -0.004199,
            0.004327
          ],
          [
            -0.008111,
            -0.001582,
            -0.014489
          ],
          [
            -0.011771,
            -0.00119,
            0.005776
          ],
          [
            -0.003923,
            0.001935,
            -0.006579
          ],
          [
            -0.010013,
            -0.009993,
            -0.001071
          ],
          [
            0.011028,
            0.004526,
            -0.016073
          ],
          [
            0.014169,
            0.00358,
            -0.007271
          ],
          [
            0.008122,
            0.003804,
            -0.010652
          ],
          [
            0.008517,
            -0.001709,
            0.003132
          ],
          [
            0.001166,
            -0.007023,
            -0.000398
          ],
          [
            0.004892,
            0.003687,
            0.004256
          ],
          [
            0.004556,
            -0.003232,
            -0.001788
          ],
          [
            0.004288,
            0.00443,
            0.000469
          ],
          [
            0.007673,
            -0.0012,
            -0.00059
          ],
          [
            0.000555,
            0.006587,
            0.000708
          ],
          [
            0.000172,
            -0.005801,
            0.000421
          ],
          [
            0.011453,
            0.01102,
            0.007902
          ],
          [
            0.001216,
            -0.009867,
            -0.000994
          ],
          [
            0.001394,
            -0.001389,
            -0.006929
          ],
          [
            0.010193,
            -0.007468,
            0.006504
          ],
          [
            0.006801,
            -0.008317,
            -0.000954
          ],
          [
            0.001916,
            -0.010164,
            3.1e-05
          ],
          [
            -0.003817,
            0.011357,
            0.017005
          ],
          [
            0.004413,
            -0.007294,
            0.009087
          ],
          [
            -0.001779,
            -0.003843,
            0.001279
          ],
          [
            -0.058309,
            -0.031232,
            0.070604
          ],
          [
            0.016936,
            -0.045692,
            0.028639
          ],
          [
            0.01356,
            0.022635,
            -0.038185
          ],
          [
            -0.023188,
            -0.085909,
            -0.002014
          ],
          [
            0.059747,
            0.003575,
            0.007194
          ],
          [
            0.071968,
            0.071455,
            0.012395
          ],
          [
            0.01365,
            -0.005732,
            2.4e-05
          ],
          [
            -0.037409,
            0.015551,
            -0.017232
          ],
          [
            -0.050726,
            0.003277,
            -0.014897
          ]
        ],
        "Lattice": [
          [
            11.254311534,
            0.0,
            0.0
          ],
          [
            5.627155767,
            9.746519691,
            0.0
          ],
          [
            0.0,
            0.0,
            21.483230925
          ]
        ],
        "NumAtoms": 73,
        "Positions": [
          [
            4.22079,
            2.43687,
            0.0
          ],
          [
            7.03437,
            7.31013,
            0.0
          ],
          [
            9.84794,
            2.43687,
            0.0
          ],
          [
            12.66152,
            7.31013,
            0.0
          ],
          [
            1.40693,
            2.43687,
            0.0
          ],
          [
            4.22051,
            7.31013,
            0.0
          ],
          [
            7.03409,
            2.43687,
            0.0
          ],
          [
            9.84766,
            7.31013,
            0.0
          ],
          [
            2.81385,
            0.0,
            0.0
          ],
          [
            5.62743,
            4.87326,
            0.0
          ],
          [
            8.44101,
            0.0,
            0.0
          ],
          [
            11.25459,
            4.87326,
            0.0
          ],
          [
            0.0,
            0.0,
            0.0
          ],
          [
            2.81358,
            4.87326,
            0.0
          ],
          [
            5.62716,
            0.0,
            0.0
          ],
          [
            8.44073,
            4.87326,
            0.0
          ],
          [
            7.03462,
            4.06144,
            2.2975
          ],
          [
            9.8482,
            8.9347,
            2.2975
          ],
          [
            12.66177,
            4.06144,
            2.2975
          ],
          [
            15.47535,
            8.9347,
            2.2975
          ],
          [
            5.62769,
            1.62456,
            2.2975
          ],
          [
            8.44127,
            6.49782,
            2.2975
          ],
          [
            11.25484,
            1.62456,
            2.2975
          ],
          [
            14.06842,
            6.49782,
            2.2975
          ],
          [
            2.81383,
            1.62456,
            2.2975
          ],
          [
            5.62741,
            6.49782,
            2.2975
          ],
          [
            8.44098,
            1.62456,
            2.2975
          ],
          [
            11.25456,
            6.49782,
            2.2975
          ],
          [
            4.22076,
            4.06144,
            2.2975
          ],
          [
            7.03434,
            8.9347,
            2.2975
          ],
          [
            9.84791,
            4.06144,
            2.2975
          ],
          [
            12.66149,
            8.9347,
            2.2975
          ],
          [
            1.39211,
            0.82823,
            4.5596
          ],
          [
            4.20323,
            5.6911,
            4.56729
          ],
          [
            7.02032,
            0.8238,
            4.57158
          ],
          [
            9.83512,
            5.69058,
            4.56891
          ],
          [
            4.21761,
            0.8259,
            4.55712
          ],
          [
            7.01932,
            5.70394,
            4.59171
          ],
          [
            9.825,
            0.82466,
            4.55447
          ],
          [
            12.64844,
            5.69629,
            4.56916
          ],
          [
            2.80377,
            3.25777,
            4.57153
          ],
          [
            5.62214,
            8.12413,
            4.58045
          ],
          [
            8.42276,
            3.25957,
            4.56406
          ],
          [
            11.24281,
            8.1354,
            4.56216
          ],
          [
            5.61642,
            3.25953,
            4.566
          ],
          [
            8.42154,
            8.12444,
            4.57737
          ],
          [
            11.23814,
            3.25826,
            4.5703
          ],
          [
            14.05443,
            8.13463,
            4.56239
          ],
          [
            2.7972,
            0.04116,
            6.8356
          ],
          [
            5.58144,
            4.87505,
            6.87413
          ],
          [
            8.40931,
            0.01775,
            6.8751
          ],
          [
            11.23164,
            4.889,
            6.88034
          ],
          [
            11.2089,
            0.04457,
            6.83972
          ],
          [
            14.03373,
            4.88815,
            6.88265
          ],
          [
            5.60017,
            0.01865,
            6.87441
          ],
          [
            8.42584,
            4.87289,
            6.87605
          ],
          [
            12.63373,
            2.46439,
            6.87725
          ],
          [
            15.42724,
            7.32131,
            6.8647
          ],
          [
            7.00194,
            2.4578,
            6.87747
          ],
          [
            9.83873,
            7.32295,
            6.86354
          ],
          [
            4.19503,
            2.45569,
            6.88444
          ],
          [
            7.00529,
            7.31679,
            6.91641
          ],
          [
            9.81241,
            2.45748,
            6.87669
          ],
          [
            12.63273,
            7.3304,
            6.87676
          ],
          [
            7.89727,
            9.58562,
            10.11257
          ],
          [
            6.66582,
            8.73414,
            9.9094
          ],
          [
            9.02236,
            9.10931,
            10.10469
          ],
          [
            1.98159,
            1.13209,
            10.33591
          ],
          [
            7.04804,
            7.47048,
            9.35457
          ],
          [
            2.82275,
            1.63084,
            10.42956
          ],
          [
            6.15706,
            8.58443,
            10.88017
          ],
          [
            5.95752,
            9.23386,
            9.22249
          ],
          [
            8.02355,
            7.38055,
            9.51484
          ]
        ],
        "Stress": [
          [
            -49.85118,
            0.04589,
            0.0836
          ],
          [
            0.04589,
            -49.84105,
            -0.19219
          ],
          [
            0.0836,
            -0.19219,
            -1.21841
          ]
        ],
        "computation_code": "VASP",
        "pseudopotential_information": [
          [
            "PAW_PBE",
            "Pt",
            "04Feb2005"
          ],
          [
            "PAW_PBE",
            "C",
            "08Apr2002"
          ],
          [
            "PAW_PBE",
            "O",
            "08Apr2002"
          ],
          [
            "PAW_PBE",
            "H",
            "15Jun2001"
          ]
        ]
      }
    ],
    "EnergyStyle": "electronvolt",
    "ForcesStyle": "electronvoltperangstrom",
    "LatticeStyle": "angstrom",
    "PositionsStyle": "angstrom",
    "StressStyle": "kB"
  }
}