{
  "Dataset": {
    "AtomTypeStyle": "chemicalsymbol",
    "Data": [
      {
        "AtomTypes": [
          "Pt",
          "Pt",
          "Pt",
          "Pt",
          "Pt",
          "Pt",
          "Pt",
          "Pt",
          "Pt",
          "Pt",
          "Pt",
          "Pt",
          "Pt",
          "Pt",
          "Pt",
          "Pt",
          "Pt",
          "Pt",
          "Pt",
          "Pt",
          "Pt",
          "Pt",
          "Pt",
          "Pt",
          "Pt",
          "Pt",
          "Pt",
          "Pt",
          "Pt",
          "Pt",
          "Pt",
          "Pt",
          "Pt",
          "Pt",
          "Pt",
          "Pt",
          "Pt",
          "Pt",
          "Pt",
          "Pt",
          "Pt",
          "Pt",
          "Pt",
          "Pt",
          "Pt",
          "Pt",
          "Pt",
          "Pt",
          "Pt",
          "Pt",
          "Pt",
          "Pt",
          "Pt",
          "Pt",
          "Pt",
          "Pt",
          "Pt",
          "Pt",
          "Pt",
          "Pt",
          "Pt",
          "Pt",
          "Pt",
          "Pt",
          "C",
          "C",
          "O",
          "O",
          "O",
          "H",
          "H",
          "H",
          "H"
        ],
        "Energy": -244.93826861,
        "Forces": [
          [
            -0.01171,
            0.011141,
            -0.039539
          ],
          [
            0.007954,
            0.005923,
            -0.031459
          ],
          [
            0.020476,
            0.017306,
            -0.041263
          ],
          [
            -0.001595,
            -0.02415,
            -0.074356
          ],
          [
            0.010335,
            0.024249,
            -0.036635
          ],
          [
            -0.003872,
            0.003487,
            -0.032851
          ],
          [
            0.004757,
            0.007817,
            -0.041716
          ],
          [
            0.019932,
            -0.000887,
            -0.039977
          ],
          [
            0.018363,
            0.019078,
            -0.037579
          ],
          [
            -0.005536,
            0.01207,
            -0.032558
          ],
          [
            0.00096,
            0.00321,
            -0.03566
          ],
          [
            0.009376,
            0.028004,
            -0.071154
          ],
          [
            0.007124,
            0.014626,
            -0.030822
          ],
          [
            -0.023348,
            0.024331,
            -0.075779
          ],
          [
            0.001286,
            -0.003709,
            -0.042128
          ],
          [
            0.029933,
            0.027031,
            -0.047873
          ],
          [
            -0.021197,
            -0.092644,
            0.140409
          ],
          [
            -0.042918,
            0.003123,
            0.002047
          ],
          [
            -0.028042,
            0.013813,
            -0.036968
          ],
          [
            0.017265,
            0.002438,
            0.004359
          ],
          [
            0.066569,
            0.036019,
            0.197964
          ],
          [
            -0.046384,
            -0.005614,
            0.006398
          ],
          [
            -0.020446,
            -0.052202,
            -0.003892
          ],
          [
            -0.020262,
            -0.023565,
            0.006358
          ],
          [
            0.002722,
            -0.051001,
            0.018456
          ],
          [
            0.033448,
            -0.005983,
            0.004924
          ],
          [
            -0.082921,
            0.011679,
            0.138751
          ],
          [
            0.012838,
            -0.031958,
            0.006023
          ],
          [
            0.100089,
            -0.081889,
            0.089649
          ],
          [
            -0.010162,
            -0.021739,
            0.040446
          ],
          [
            -0.084924,
            -0.064911,
            0.002408
          ],
          [
            -0.009193,
            0.0969,
            0.065361
          ],
          [
            0.001902,
            -0.000107,
            0.000152
          ],
          [
            -1.8e-05,
            0.002436,
            -0.00083
          ],
          [
            0.00043,
            -0.00515,
            -0.011876
          ],
          [
            0.004458,
            0.003184,
            -0.006101
          ],
          [
            0.003874,
            0.0042,
            -0.00098
          ],
          [
            0.001868,
            0.005609,
            -0.004352
          ],
          [
            0.010161,
            -0.000543,
            -0.00793
          ],
          [
            -0.0056,
            0.000628,
            0.002374
          ],
          [
            0.001995,
            -0.001548,
            -0.000112
          ],
          [
            -0.000892,
            -0.003366,
            0.001534
          ],
          [
            0.007225,
            0.008359,
            -0.013325
          ],
          [
            0.007236,
            0.000901,
            -0.003668
          ],
          [
            -0.007092,
            0.002354,
            -0.00538
          ],
          [
            0.00234,
            -0.003449,
            0.000182
          ],
          [
            0.0038,
            0.005464,
            -0.003329
          ],
          [
            0.001961,
            -0.003165,
            -0.007886
          ],
          [
            0.003705,
            0.002935,
            0.00492
          ],
          [
            0.005367,
            0.002047,
            0.001504
          ],
          [
            0.000891,
            0.008078,
            -0.001419
          ],
          [
            0.004096,
            0.001924,
            0.004739
          ],
          [
            0.003509,
            0.006103,
            0.001517
          ],
          [
            -0.001114,
            0.003764,
            -4.7e-05
          ],
          [
            0.00255,
            0.002305,
            0.003508
          ],
          [
            -0.001854,
            0.001495,
            0.006016
          ],
          [
            0.003868,
            0.003868,
            0.001023
          ],
          [
            0.007493,
            0.00845,
            0.004806
          ],
          [
            0.010927,
            0.008519,
            0.018154
          ],
          [
            0.003382,
            0.000313,
            -0.002402
          ],
          [
            0.005587,
            0.0026,
            0.008196
          ],
          [
            0.001142,
            0.005448,
            0.003216
          ],
          [
            0.00099,
            0.00013,
            0.005383
          ],
          [
            0.002764,
            -0.004507,
            0.001609
          ],
          [
            0.075279,
            0.001169,
            0.04681
          ],
          [
            -0.041872,
            0.048239,
            -6.8e-05
          ],
          [
            -0.057063,
            -0.007949,
            -0.005731
          ],
          [
            0.019525,
            0.034058,
            0.026189
          ],
          [
            0.008966,
            -0.00067,
            -0.003907
          ],
          [
            -0.034373,
            5.7e-05,
            -0.03164
          ],
          [
            0.008682,
            -0.027382,
            -0.001525
          ],
          [
            -0.005183,
            -0.018763,
            -0.00701
          ],
          [
            -0.011827,
            -3.3e-05,
            0.006342
          ]
        ],
        "Lattice": [
          [
            11.254311534,
            0.0,
            0.0
          ],
          [
            5.627155767,
            9.746519691,
            0.0
          ],
          [
            0.0,
            0.0,
            21.483230925
          ]
        ],
        "NumAtoms": 73,
        "Positions": [
          [
            4.22079,
            2.43687,
            0.0
          ],
          [
            7.03437,
            7.31013,
            0.0
          ],
          [
            9.84794,
            2.43687,
            0.0
          ],
          [
            12.66152,
            7.31013,
            0.0
          ],
          [
            1.40693,
            2.43687,
            0.0
          ],
          [
            4.22051,
            7.31013,
            0.0
          ],
          [
            7.03409,
            2.43687,
            0.0
          ],
          [
            9.84766,
            7.31013,
            0.0
          ],
          [
            2.81385,
            0.0,
            0.0
          ],
          [
            5.62743,
            4.87326,
            0.0
          ],
          [
            8.44101,
            0.0,
            0.0
          ],
          [
            11.25459,
            4.87326,
            0.0
          ],
          [
            0.0,
            0.0,
            0.0
          ],
          [
            2.81358,
            4.87326,
            0.0
          ],
          [
            5.62716,
            0.0,
            0.0
          ],
          [
            8.44073,
            4.87326,
            0.0
          ],
          [
            7.03462,
            4.06144,
            2.2975
          ],
          [
            9.8482,
            8.9347,
            2.2975
          ],
          [
            12.66177,
            4.06144,
            2.2975
          ],
          [
            15.47535,
            8.9347,
            2.2975
          ],
          [
            5.62769,
            1.62456,
            2.2975
          ],
          [
            8.44127,
            6.49782,
            2.2975
          ],
          [
            11.25484,
            1.62456,
            2.2975
          ],
          [
            14.06842,
            6.49782,
            2.2975
          ],
          [
            2.81383,
            1.62456,
            2.2975
          ],
          [
            5.62741,
            6.49782,
            2.2975
          ],
          [
            8.44098,
            1.62456,
            2.2975
          ],
          [
            11.25456,
            6.49782,
            2.2975
          ],
          [
            4.22076,
            4.06144,
            2.2975
          ],
          [
            7.03434,
            8.9347,
            2.2975
          ],
          [
            9.84791,
            4.06144,
            2.2975
          ],
          [
            12.66149,
            8.9347,
            2.2975
          ],
          [
            1.39755,
            0.79728,
            4.56741
          ],
          [
            4.20917,
            5.66314,
            4.55741
          ],
          [
            7.02118,
            0.80945,
            4.60112
          ],
          [
            9.84355,
            5.66689,
            4.55654
          ],
          [
            4.20484,
            0.79266,
            4.57047
          ],
          [
            7.02122,
            5.6697,
            4.56428
          ],
          [
            9.8392,
            0.79026,
            4.56244
          ],
          [
            12.65586,
            5.66749,
            4.57187
          ],
          [
            2.80899,
            3.23446,
            4.55743
          ],
          [
            5.61517,
            8.10222,
            4.56833
          ],
          [
            8.42245,
            3.22575,
            4.58697
          ],
          [
            11.24727,
            8.10275,
            4.55664
          ],
          [
            5.63061,
            3.21869,
            4.60633
          ],
          [
            8.43271,
            8.10374,
            4.56768
          ],
          [
            11.2499,
            3.2365,
            4.5545
          ],
          [
            14.05335,
            8.10231,
            4.55621
          ],
          [
            2.77731,
            -0.04861,
            6.88168
          ],
          [
            5.59262,
            4.8663,
            6.86536
          ],
          [
            14.07192,
            9.67566,
            6.85744
          ],
          [
            11.23408,
            4.83284,
            6.87282
          ],
          [
            -0.01476,
            -0.04302,
            6.87334
          ],
          [
            2.79502,
            4.82664,
            6.87401
          ],
          [
            11.20924,
            9.67338,
            6.86469
          ],
          [
            8.43164,
            4.86319,
            6.84823
          ],
          [
            1.3922,
            2.40308,
            6.87479
          ],
          [
            15.44618,
            7.26312,
            6.87317
          ],
          [
            6.99556,
            2.38706,
            6.94424
          ],
          [
            9.83024,
            7.26768,
            6.87686
          ],
          [
            4.16711,
            2.38436,
            6.88383
          ],
          [
            7.01308,
            7.27588,
            6.87548
          ],
          [
            9.86036,
            2.39233,
            6.84206
          ],
          [
            12.63703,
            7.27147,
            6.87372
          ],
          [
            6.52878,
            2.11719,
            10.02149
          ],
          [
            7.00879,
            2.27165,
            11.44339
          ],
          [
            7.296,
            2.46537,
            9.0988
          ],
          [
            5.31485,
            1.64856,
            9.88396
          ],
          [
            8.38574,
            2.53495,
            11.53488
          ],
          [
            5.02134,
            1.63857,
            8.90817
          ],
          [
            6.39814,
            3.08957,
            11.88651
          ],
          [
            6.7696,
            1.35297,
            12.00418
          ],
          [
            8.70107,
            2.88978,
            10.67775
          ]
        ],
        "Stress": [
          [
            -49.01874,
            0.28971,
            -0.11537
          ],
          [
            0.28971,
            -49.70406,
            0.04349
          ],
          [
            -0.11537,
            0.04349,
            -0.92492
          ]
        ],
        "computation_code": "VASP",
        "pseudopotential_information": [
          [
            "PAW_PBE",
            "Pt",
            "04Feb2005"
          ],
          [
            "PAW_PBE",
            "C",
            "08Apr2002"
          ],
          [
            "PAW_PBE",
            "O",
            "08Apr2002"
          ],
          [
            "PAW_PBE",
            "H",
            "15Jun2001"
          ]
        ]
      }
    ],
    "EnergyStyle": "electronvolt",
    "ForcesStyle": "electronvoltperangstrom",
    "LatticeStyle": "angstrom",
    "PositionsStyle": "angstrom",
    "StressStyle": "kB"
  }
}