{
  "Dataset": {
    "AtomTypeStyle": "chemicalsymbol",
    "Data": [
      {
        "AtomTypes": [
          "Pt",
          "Pt",
          "Pt",
          "Pt",
          "Pt",
          "Pt",
          "Pt",
          "Pt",
          "Pt",
          "Pt",
          "Pt",
          "Pt",
          "Pt",
          "Pt",
          "Pt",
          "Pt",
          "Pt",
          "Pt",
          "Pt",
          "Pt",
          "Pt",
          "Pt",
          "Pt",
          "Pt",
          "Pt",
          "Pt",
          "Pt",
          "Pt",
          "Pt",
          "Pt",
          "Pt",
          "Pt",
          "Pt",
          "Pt",
          "Pt",
          "Pt",
          "Pt",
          "Pt",
          "Pt",
          "Pt",
          "Pt",
          "Pt",
          "Pt",
          "Pt",
          "Pt",
          "Pt",
          "Pt",
          "Pt",
          "Pt",
          "Pt",
          "Pt",
          "Pt",
          "Pt",
          "Pt",
          "Pt",
          "Pt",
          "Pt",
          "Pt",
          "Pt",
          "Pt",
          "Pt",
          "Pt",
          "Pt",
          "Pt",
          "C",
          "C",
          "O",
          "O",
          "O",
          "H",
          "H",
          "H",
          "H"
        ],
        "Energy": -244.92311834,
        "Forces": [
          [
            -0.007353,
            0.009638,
            -0.037886
          ],
          [
            0.008822,
            0.005749,
            -0.034115
          ],
          [
            0.017963,
            0.017413,
            -0.042659
          ],
          [
            0.00095,
            -0.019804,
            -0.074889
          ],
          [
            0.009231,
            0.025527,
            -0.035271
          ],
          [
            -0.001763,
            0.00254,
            -0.032666
          ],
          [
            0.008497,
            0.009586,
            -0.04105
          ],
          [
            0.01964,
            -0.000988,
            -0.039491
          ],
          [
            0.021809,
            0.01744,
            -0.036977
          ],
          [
            -0.00494,
            0.012656,
            -0.034361
          ],
          [
            8.8e-05,
            0.00278,
            -0.037148
          ],
          [
            0.011684,
            0.028752,
            -0.069929
          ],
          [
            0.009447,
            0.014563,
            -0.029308
          ],
          [
            -0.023142,
            0.026471,
            -0.077053
          ],
          [
            0.000825,
            -0.004664,
            -0.04559
          ],
          [
            0.032055,
            0.027916,
            -0.049717
          ],
          [
            -0.020992,
            -0.092993,
            0.153526
          ],
          [
            -0.049702,
            0.004448,
            0.005707
          ],
          [
            -0.024704,
            0.0068,
            -0.0203
          ],
          [
            0.016563,
            -0.000598,
            -0.001299
          ],
          [
            0.060048,
            0.04366,
            0.193943
          ],
          [
            -0.039532,
            -0.008566,
            0.018946
          ],
          [
            -0.015882,
            -0.053111,
            0.001459
          ],
          [
            -0.023054,
            -0.030296,
            0.012249
          ],
          [
            -0.002629,
            -0.049071,
            0.022669
          ],
          [
            0.030838,
            -0.002998,
            0.008909
          ],
          [
            -0.076826,
            0.021635,
            0.138545
          ],
          [
            0.004802,
            -0.051435,
            0.002084
          ],
          [
            0.102634,
            -0.079943,
            0.102484
          ],
          [
            -0.01184,
            -0.019883,
            0.054507
          ],
          [
            -0.090955,
            -0.062819,
            0.01894
          ],
          [
            -0.009495,
            0.087576,
            0.047975
          ],
          [
            -0.002807,
            -0.006311,
            -0.011509
          ],
          [
            -0.00178,
            -0.000824,
            -0.003335
          ],
          [
            0.005128,
            -0.014144,
            -0.009645
          ],
          [
            -0.00116,
            0.006658,
            -0.021888
          ],
          [
            0.006057,
            0.001515,
            0.012587
          ],
          [
            0.004202,
            -0.011698,
            0.001716
          ],
          [
            0.002652,
            0.001695,
            -0.001266
          ],
          [
            -0.004361,
            0.003377,
            -0.002719
          ],
          [
            0.000596,
            -0.008893,
            0.000875
          ],
          [
            0.005293,
            -0.007141,
            -0.001966
          ],
          [
            0.009138,
            0.002512,
            -0.011678
          ],
          [
            0.007161,
            0.005681,
            0.00898
          ],
          [
            -0.012132,
            -0.002788,
            -0.003014
          ],
          [
            0.004306,
            -0.002053,
            -0.006467
          ],
          [
            0.001769,
            0.008664,
            -0.003621
          ],
          [
            0.005365,
            -0.008064,
            -0.003274
          ],
          [
            -0.013979,
            -0.003866,
            -0.00085
          ],
          [
            0.006078,
            0.008952,
            -0.008422
          ],
          [
            -0.001356,
            0.007073,
            0.000292
          ],
          [
            0.000225,
            0.007907,
            0.010998
          ],
          [
            0.008171,
            0.002901,
            0.006496
          ],
          [
            -0.007737,
            0.006784,
            -0.011745
          ],
          [
            -0.008238,
            0.000134,
            0.003975
          ],
          [
            0.008433,
            0.00038,
            -0.002497
          ],
          [
            -0.013603,
            0.011416,
            -0.01325
          ],
          [
            0.003875,
            0.012828,
            0.007362
          ],
          [
            0.016989,
            0.004333,
            -0.00114
          ],
          [
            9.8e-05,
            -0.018338,
            -0.005994
          ],
          [
            0.008157,
            0.002067,
            0.008178
          ],
          [
            -0.000856,
            0.014203,
            0.001463
          ],
          [
            -0.00184,
            -0.001442,
            0.004951
          ],
          [
            0.004318,
            -0.001597,
            0.006601
          ],
          [
            -0.052267,
            -0.044886,
            4.8e-05
          ],
          [
            0.006966,
            -0.069542,
            -0.094481
          ],
          [
            0.077249,
            0.06725,
            0.007012
          ],
          [
            0.010076,
            0.055679,
            0.003163
          ],
          [
            0.000225,
            -0.001169,
            0.097502
          ],
          [
            0.019319,
            0.028561,
            0.011012
          ],
          [
            -0.02913,
            0.024868,
            0.049565
          ],
          [
            -0.028716,
            -0.015708,
            0.002657
          ],
          [
            0.005031,
            0.045045,
            -0.068906
          ]
        ],
        "Lattice": [
          [
            11.254311534,
            0.0,
            0.0
          ],
          [
            5.627155767,
            9.746519691,
            0.0
          ],
          [
            0.0,
            0.0,
            21.483230925
          ]
        ],
        "NumAtoms": 73,
        "Positions": [
          [
            4.22079,
            2.43687,
            0.0
          ],
          [
            7.03437,
            7.31013,
            0.0
          ],
          [
            9.84794,
            2.43687,
            0.0
          ],
          [
            12.66152,
            7.31013,
            0.0
          ],
          [
            1.40693,
            2.43687,
            0.0
          ],
          [
            4.22051,
            7.31013,
            0.0
          ],
          [
            7.03409,
            2.43687,
            0.0
          ],
          [
            9.84766,
            7.31013,
            0.0
          ],
          [
            2.81385,
            0.0,
            0.0
          ],
          [
            5.62743,
            4.87326,
            0.0
          ],
          [
            8.44101,
            0.0,
            0.0
          ],
          [
            11.25459,
            4.87326,
            0.0
          ],
          [
            0.0,
            0.0,
            0.0
          ],
          [
            2.81358,
            4.87326,
            0.0
          ],
          [
            5.62716,
            0.0,
            0.0
          ],
          [
            8.44073,
            4.87326,
            0.0
          ],
          [
            7.03462,
            4.06144,
            2.2975
          ],
          [
            9.8482,
            8.9347,
            2.2975
          ],
          [
            12.66177,
            4.06144,
            2.2975
          ],
          [
            15.47535,
            8.9347,
            2.2975
          ],
          [
            5.62769,
            1.62456,
            2.2975
          ],
          [
            8.44127,
            6.49782,
            2.2975
          ],
          [
            11.25484,
            1.62456,
            2.2975
          ],
          [
            14.06842,
            6.49782,
            2.2975
          ],
          [
            2.81383,
            1.62456,
            2.2975
          ],
          [
            5.62741,
            6.49782,
            2.2975
          ],
          [
            8.44098,
            1.62456,
            2.2975
          ],
          [
            11.25456,
            6.49782,
            2.2975
          ],
          [
            4.22076,
            4.06144,
            2.2975
          ],
          [
            7.03434,
            8.9347,
            2.2975
          ],
          [
            9.84791,
            4.06144,
            2.2975
          ],
          [
            12.66149,
            8.9347,
            2.2975
          ],
          [
            1.39789,
            0.79759,
            4.57045
          ],
          [
            4.20778,
            5.66195,
            4.5591
          ],
          [
            7.01769,
            0.8073,
            4.59653
          ],
          [
            9.84026,
            5.66432,
            4.56095
          ],
          [
            4.20207,
            0.79224,
            4.57068
          ],
          [
            7.01848,
            5.67109,
            4.56467
          ],
          [
            9.83851,
            0.79023,
            4.56109
          ],
          [
            12.65379,
            5.66428,
            4.57285
          ],
          [
            2.80827,
            3.23462,
            4.55959
          ],
          [
            5.61308,
            8.1026,
            4.56933
          ],
          [
            8.41816,
            3.22489,
            4.59036
          ],
          [
            11.24442,
            8.09939,
            4.55414
          ],
          [
            5.62887,
            3.2182,
            4.60902
          ],
          [
            8.43036,
            8.10337,
            4.56954
          ],
          [
            11.24841,
            3.23409,
            4.55565
          ],
          [
            14.05103,
            8.10077,
            4.55509
          ],
          [
            2.77433,
            -0.05169,
            6.88735
          ],
          [
            5.58832,
            4.86224,
            6.87029
          ],
          [
            14.06894,
            9.67338,
            6.85298
          ],
          [
            11.22813,
            4.82832,
            6.87293
          ],
          [
            -0.02014,
            -0.04445,
            6.87297
          ],
          [
            2.79104,
            4.82462,
            6.87901
          ],
          [
            11.20632,
            9.67008,
            6.86473
          ],
          [
            8.42182,
            4.85685,
            6.85256
          ],
          [
            1.38979,
            2.399,
            6.88011
          ],
          [
            15.44298,
            7.25979,
            6.87282
          ],
          [
            6.97628,
            2.37629,
            6.94485
          ],
          [
            9.82615,
            7.2688,
            6.87825
          ],
          [
            4.15671,
            2.38147,
            6.88837
          ],
          [
            7.01003,
            7.27141,
            6.87743
          ],
          [
            9.85448,
            2.39169,
            6.84273
          ],
          [
            12.63164,
            7.2667,
            6.8714
          ],
          [
            6.51723,
            2.04083,
            10.03008
          ],
          [
            7.00218,
            2.26778,
            11.44388
          ],
          [
            7.25306,
            2.41004,
            9.09345
          ],
          [
            5.32876,
            1.50068,
            9.91133
          ],
          [
            8.39914,
            2.39979,
            11.52139
          ],
          [
            5.02973,
            1.44758,
            8.9402
          ],
          [
            6.46886,
            3.17551,
            11.79924
          ],
          [
            6.69005,
            1.42784,
            12.08163
          ],
          [
            8.73113,
            2.81793,
            10.70251
          ]
        ],
        "Stress": [
          [
            -49.15838,
            0.32711,
            -0.20759
          ],
          [
            0.32711,
            -49.84531,
            0.16319
          ],
          [
            -0.20759,
            0.16319,
            -1.15568
          ]
        ],
        "computation_code": "VASP",
        "pseudopotential_information": [
          [
            "PAW_PBE",
            "Pt",
            "04Feb2005"
          ],
          [
            "PAW_PBE",
            "C",
            "08Apr2002"
          ],
          [
            "PAW_PBE",
            "O",
            "08Apr2002"
          ],
          [
            "PAW_PBE",
            "H",
            "15Jun2001"
          ]
        ]
      }
    ],
    "EnergyStyle": "electronvolt",
    "ForcesStyle": "electronvoltperangstrom",
    "LatticeStyle": "angstrom",
    "PositionsStyle": "angstrom",
    "StressStyle": "kB"
  }
}