{
  "Dataset": {
    "AtomTypeStyle": "chemicalsymbol",
    "Data": [
      {
        "AtomTypes": [
          "Pt",
          "Pt",
          "Pt",
          "Pt",
          "Pt",
          "Pt",
          "Pt",
          "Pt",
          "Pt",
          "Pt",
          "Pt",
          "Pt",
          "Pt",
          "Pt",
          "Pt",
          "Pt",
          "Pt",
          "Pt",
          "Pt",
          "Pt",
          "Pt",
          "Pt",
          "Pt",
          "Pt",
          "Pt",
          "Pt",
          "Pt",
          "Pt",
          "Pt",
          "Pt",
          "Pt",
          "Pt",
          "Pt",
          "Pt",
          "Pt",
          "Pt",
          "Pt",
          "Pt",
          "Pt",
          "Pt",
          "Pt",
          "Pt",
          "Pt",
          "Pt",
          "Pt",
          "Pt",
          "Pt",
          "Pt",
          "Pt",
          "Pt",
          "Pt",
          "Pt",
          "Pt",
          "Pt",
          "Pt",
          "Pt",
          "Pt",
          "Pt",
          "Pt",
          "Pt",
          "Pt",
          "Pt",
          "Pt",
          "Pt",
          "C",
          "C",
          "O",
          "O",
          "O",
          "H",
          "H",
          "H",
          "H"
        ],
        "Energy": -244.90580005,
        "Forces": [
          [
            -0.011499,
            0.010411,
            -0.037717
          ],
          [
            0.004669,
            0.006249,
            -0.029365
          ],
          [
            0.026723,
            0.018618,
            -0.03929
          ],
          [
            0.000439,
            -0.028401,
            -0.074182
          ],
          [
            0.008505,
            0.02586,
            -0.038408
          ],
          [
            -0.003516,
            0.002007,
            -0.035879
          ],
          [
            0.003557,
            0.009711,
            -0.04159
          ],
          [
            0.022834,
            -0.00322,
            -0.038439
          ],
          [
            0.019393,
            0.020603,
            -0.034935
          ],
          [
            -0.010099,
            0.012185,
            -0.033766
          ],
          [
            0.001892,
            0.000262,
            -0.035984
          ],
          [
            0.017435,
            0.0197,
            -0.078697
          ],
          [
            0.003893,
            0.011261,
            -0.032454
          ],
          [
            -0.024846,
            0.027068,
            -0.079106
          ],
          [
            0.000942,
            -0.00536,
            -0.041361
          ],
          [
            0.033542,
            0.023151,
            -0.044411
          ],
          [
            -0.023449,
            -0.111184,
            0.162382
          ],
          [
            -0.031098,
            0.013647,
            0.011432
          ],
          [
            -0.019328,
            0.009654,
            -0.031749
          ],
          [
            0.015827,
            0.010345,
            0.016602
          ],
          [
            0.076098,
            0.036123,
            0.220728
          ],
          [
            -0.057324,
            -0.006908,
            -0.007892
          ],
          [
            -0.032782,
            -0.044868,
            0.001311
          ],
          [
            -0.0193,
            -0.026712,
            0.006127
          ],
          [
            0.01383,
            -0.049994,
            0.017345
          ],
          [
            0.035744,
            -0.011022,
            0.008481
          ],
          [
            -0.081507,
            0.017346,
            0.158026
          ],
          [
            0.014521,
            -0.029891,
            -0.01836
          ],
          [
            0.109184,
            -0.087815,
            0.095078
          ],
          [
            -0.011571,
            -0.022314,
            0.024228
          ],
          [
            -0.103888,
            -0.071082,
            0.02213
          ],
          [
            -0.001437,
            0.09219,
            0.07268
          ],
          [
            0.005244,
            0.012658,
            0.019068
          ],
          [
            0.000664,
            -0.00018,
            -0.004908
          ],
          [
            -0.008637,
            0.00192,
            -0.042869
          ],
          [
            -0.00187,
            -0.010892,
            0.014088
          ],
          [
            -0.016719,
            -0.003383,
            -0.025493
          ],
          [
            -0.007049,
            0.033267,
            -0.010485
          ],
          [
            0.017714,
            -0.00766,
            -0.020315
          ],
          [
            0.015784,
            -0.002791,
            0.023238
          ],
          [
            0.010432,
            0.007244,
            -0.00956
          ],
          [
            -0.011211,
            0.008596,
            0.0154
          ],
          [
            2.9e-05,
            0.011066,
            -0.037426
          ],
          [
            0.000274,
            0.003129,
            -0.015544
          ],
          [
            -0.005408,
            0.00957,
            -0.034323
          ],
          [
            -0.002827,
            0.002032,
            0.016805
          ],
          [
            0.002913,
            -0.017487,
            0.001938
          ],
          [
            -0.010645,
            0.010262,
            -0.016003
          ],
          [
            0.024366,
            0.003466,
            0.016459
          ],
          [
            -0.006264,
            0.008485,
            0.030309
          ],
          [
            0.013445,
            -0.01006,
            0.005613
          ],
          [
            0.017622,
            -0.00402,
            -0.015917
          ],
          [
            -0.008398,
            -0.003617,
            -0.017029
          ],
          [
            -0.008423,
            -0.000785,
            0.024276
          ],
          [
            0.008064,
            -0.00986,
            0.008964
          ],
          [
            -0.013373,
            0.017413,
            0.012723
          ],
          [
            0.015225,
            -0.017894,
            0.022989
          ],
          [
            0.005267,
            -0.01071,
            -0.005648
          ],
          [
            -0.027813,
            0.00703,
            0.01809
          ],
          [
            0.002354,
            0.032929,
            0.017185
          ],
          [
            -0.014222,
            -0.00773,
            0.012545
          ],
          [
            -0.00268,
            -0.011074,
            -0.000986
          ],
          [
            0.023633,
            0.004625,
            -0.008418
          ],
          [
            -0.006288,
            -0.018259,
            -0.009159
          ],
          [
            0.330268,
            -0.003123,
            0.289021
          ],
          [
            0.003729,
            0.092307,
            -0.28845
          ],
          [
            -0.163655,
            -0.036139,
            0.082871
          ],
          [
            -0.050523,
            0.08265,
            -0.24981
          ],
          [
            -0.181767,
            0.083265,
            -0.050802
          ],
          [
            -0.017047,
            0.002883,
            0.055733
          ],
          [
            0.027913,
            -0.031937,
            0.08141
          ],
          [
            0.042145,
            -0.049573,
            -0.035866
          ],
          [
            0.020352,
            -0.045245,
            0.087322
          ]
        ],
        "Lattice": [
          [
            11.254311534,
            0.0,
            0.0
          ],
          [
            5.627155767,
            9.746519691,
            0.0
          ],
          [
            0.0,
            0.0,
            21.483230925
          ]
        ],
        "NumAtoms": 73,
        "Positions": [
          [
            4.22079,
            2.43687,
            0.0
          ],
          [
            7.03437,
            7.31013,
            0.0
          ],
          [
            9.84794,
            2.43687,
            0.0
          ],
          [
            12.66152,
            7.31013,
            0.0
          ],
          [
            1.40693,
            2.43687,
            0.0
          ],
          [
            4.22051,
            7.31013,
            0.0
          ],
          [
            7.03409,
            2.43687,
            0.0
          ],
          [
            9.84766,
            7.31013,
            0.0
          ],
          [
            2.81385,
            0.0,
            0.0
          ],
          [
            5.62743,
            4.87326,
            0.0
          ],
          [
            8.44101,
            0.0,
            0.0
          ],
          [
            11.25459,
            4.87326,
            0.0
          ],
          [
            0.0,
            0.0,
            0.0
          ],
          [
            2.81358,
            4.87326,
            0.0
          ],
          [
            5.62716,
            0.0,
            0.0
          ],
          [
            8.44073,
            4.87326,
            0.0
          ],
          [
            7.03462,
            4.06144,
            2.2975
          ],
          [
            9.8482,
            8.9347,
            2.2975
          ],
          [
            12.66177,
            4.06144,
            2.2975
          ],
          [
            15.47535,
            8.9347,
            2.2975
          ],
          [
            5.62769,
            1.62456,
            2.2975
          ],
          [
            8.44127,
            6.49782,
            2.2975
          ],
          [
            11.25484,
            1.62456,
            2.2975
          ],
          [
            14.06842,
            6.49782,
            2.2975
          ],
          [
            2.81383,
            1.62456,
            2.2975
          ],
          [
            5.62741,
            6.49782,
            2.2975
          ],
          [
            8.44098,
            1.62456,
            2.2975
          ],
          [
            11.25456,
            6.49782,
            2.2975
          ],
          [
            4.22076,
            4.06144,
            2.2975
          ],
          [
            7.03434,
            8.9347,
            2.2975
          ],
          [
            9.84791,
            4.06144,
            2.2975
          ],
          [
            12.66149,
            8.9347,
            2.2975
          ],
          [
            1.39446,
            0.79942,
            4.56353
          ],
          [
            4.21026,
            5.66595,
            4.55661
          ],
          [
            7.02263,
            0.80619,
            4.60433
          ],
          [
            9.8413,
            5.67003,
            4.55375
          ],
          [
            4.20641,
            0.79574,
            4.57314
          ],
          [
            7.02456,
            5.66621,
            4.56491
          ],
          [
            9.83872,
            0.79386,
            4.56623
          ],
          [
            12.65035,
            5.67172,
            4.56999
          ],
          [
            2.8072,
            3.23568,
            4.55692
          ],
          [
            5.61761,
            8.10332,
            4.56734
          ],
          [
            8.41955,
            3.22225,
            4.59551
          ],
          [
            11.24882,
            8.10707,
            4.55833
          ],
          [
            5.63121,
            3.21689,
            4.6111
          ],
          [
            8.43374,
            8.10537,
            4.56451
          ],
          [
            11.24377,
            3.24281,
            4.55486
          ],
          [
            14.05613,
            8.10233,
            4.55761
          ],
          [
            2.76833,
            -0.04163,
            6.87631
          ],
          [
            5.59541,
            4.87013,
            6.85958
          ],
          [
            14.07017,
            9.6823,
            6.86033
          ],
          [
            11.22811,
            4.84204,
            6.87713
          ],
          [
            -0.01424,
            -0.03423,
            6.87753
          ],
          [
            2.79403,
            4.8371,
            6.86529
          ],
          [
            11.19742,
            9.68309,
            6.87091
          ],
          [
            8.43045,
            4.8606,
            6.85213
          ],
          [
            12.63616,
            2.41708,
            6.86731
          ],
          [
            15.44651,
            7.27412,
            6.87428
          ],
          [
            6.99369,
            2.38012,
            6.95439
          ],
          [
            9.82975,
            7.26764,
            6.87123
          ],
          [
            4.16258,
            2.39408,
            6.88294
          ],
          [
            7.01312,
            7.28192,
            6.87343
          ],
          [
            9.85295,
            2.39683,
            6.85418
          ],
          [
            12.63646,
            7.28293,
            6.8757
          ],
          [
            6.50628,
            2.00737,
            10.03554
          ],
          [
            6.97931,
            2.24713,
            11.46342
          ],
          [
            7.24066,
            2.42038,
            9.11188
          ],
          [
            5.35119,
            1.4063,
            9.91534
          ],
          [
            8.388,
            2.2725,
            11.55667
          ],
          [
            5.06963,
            1.33361,
            8.93803
          ],
          [
            6.51441,
            3.21728,
            11.75251
          ],
          [
            6.58471,
            1.47329,
            12.13557
          ],
          [
            8.73871,
            2.74092,
            10.76891
          ]
        ],
        "Stress": [
          [
            -49.3506,
            0.25331,
            -0.01043
          ],
          [
            0.25331,
            -49.81316,
            0.31252
          ],
          [
            -0.01043,
            0.31252,
            -1.5294
          ]
        ],
        "computation_code": "VASP",
        "pseudopotential_information": [
          [
            "PAW_PBE",
            "Pt",
            "04Feb2005"
          ],
          [
            "PAW_PBE",
            "C",
            "08Apr2002"
          ],
          [
            "PAW_PBE",
            "O",
            "08Apr2002"
          ],
          [
            "PAW_PBE",
            "H",
            "15Jun2001"
          ]
        ]
      }
    ],
    "EnergyStyle": "electronvolt",
    "ForcesStyle": "electronvoltperangstrom",
    "LatticeStyle": "angstrom",
    "PositionsStyle": "angstrom",
    "StressStyle": "kB"
  }
}