{
  "Dataset": {
    "AtomTypeStyle": "chemicalsymbol",
    "Data": [
      {
        "AtomTypes": [
          "Pt",
          "Pt",
          "Pt",
          "Pt",
          "Pt",
          "Pt",
          "Pt",
          "Pt",
          "Pt",
          "Pt",
          "Pt",
          "Pt",
          "Pt",
          "Pt",
          "Pt",
          "Pt",
          "Pt",
          "Pt",
          "Pt",
          "Pt",
          "Pt",
          "Pt",
          "Pt",
          "Pt",
          "Pt",
          "Pt",
          "Pt",
          "Pt",
          "Pt",
          "Pt",
          "Pt",
          "Pt",
          "Pt",
          "Pt",
          "Pt",
          "Pt",
          "Pt",
          "Pt",
          "Pt",
          "Pt",
          "Pt",
          "Pt",
          "Pt",
          "Pt",
          "Pt",
          "Pt",
          "Pt",
          "Pt",
          "Pt",
          "Pt",
          "Pt",
          "Pt",
          "Pt",
          "Pt",
          "Pt",
          "Pt",
          "Pt",
          "Pt",
          "Pt",
          "Pt",
          "Pt",
          "Pt",
          "Pt",
          "Pt",
          "C",
          "C",
          "O",
          "O",
          "O",
          "H",
          "H",
          "H",
          "H"
        ],
        "Energy": -244.93126919,
        "Forces": [
          [
            -0.005709,
            0.007211,
            -0.035241
          ],
          [
            0.010875,
            0.006578,
            -0.033702
          ],
          [
            0.016281,
            0.018995,
            -0.041483
          ],
          [
            -0.002302,
            -0.018126,
            -0.070593
          ],
          [
            0.00593,
            0.024705,
            -0.034729
          ],
          [
            -0.000346,
            0.006443,
            -0.032432
          ],
          [
            0.00997,
            0.010623,
            -0.046316
          ],
          [
            0.01918,
            -0.001708,
            -0.04164
          ],
          [
            0.020366,
            0.018723,
            -0.038565
          ],
          [
            -0.000455,
            0.013391,
            -0.031747
          ],
          [
            0.001386,
            0.006389,
            -0.03631
          ],
          [
            0.005769,
            0.027629,
            -0.069984
          ],
          [
            0.009091,
            0.013518,
            -0.031059
          ],
          [
            -0.02292,
            0.026931,
            -0.073033
          ],
          [
            -0.001187,
            -0.002708,
            -0.043744
          ],
          [
            0.031356,
            0.028766,
            -0.051708
          ],
          [
            -0.032864,
            -0.087437,
            0.133993
          ],
          [
            -0.045272,
            0.008686,
            0.020176
          ],
          [
            -0.015191,
            0.006318,
            -0.02392
          ],
          [
            0.0214,
            -0.008151,
            -0.001972
          ],
          [
            0.045374,
            0.036229,
            0.18992
          ],
          [
            -0.051527,
            -0.004891,
            0.01241
          ],
          [
            -0.006139,
            -0.051031,
            -0.00522
          ],
          [
            -0.020169,
            -0.037403,
            0.00939
          ],
          [
            0.006975,
            -0.054391,
            0.037845
          ],
          [
            0.028052,
            -0.009694,
            0.013677
          ],
          [
            -0.071208,
            0.011063,
            0.10779
          ],
          [
            0.013323,
            -0.038094,
            0.001698
          ],
          [
            0.092007,
            -0.082047,
            0.10419
          ],
          [
            -0.010636,
            -0.024499,
            0.052412
          ],
          [
            -0.075155,
            -0.06269,
            -0.002484
          ],
          [
            -0.010603,
            0.073966,
            0.041912
          ],
          [
            0.00078,
            0.005143,
            -0.006675
          ],
          [
            0.00766,
            -0.001104,
            -0.005235
          ],
          [
            0.001683,
            0.003659,
            0.048816
          ],
          [
            -0.00531,
            -0.002743,
            0.003879
          ],
          [
            0.003264,
            -0.000229,
            -0.007339
          ],
          [
            0.007004,
            -0.003632,
            -0.005408
          ],
          [
            -0.011568,
            0.001408,
            0.007401
          ],
          [
            0.00409,
            0.00481,
            -0.011206
          ],
          [
            0.004937,
            0.004628,
            -0.010619
          ],
          [
            -0.004076,
            0.002414,
            -0.009933
          ],
          [
            -0.003043,
            -0.005803,
            0.036242
          ],
          [
            -7.4e-05,
            0.008171,
            0.000963
          ],
          [
            0.010829,
            0.001398,
            0.03257
          ],
          [
            0.00526,
            -0.00505,
            -0.005414
          ],
          [
            -0.013709,
            -0.00643,
            -0.007613
          ],
          [
            -0.001189,
            0.012272,
            0.004502
          ],
          [
            0.012202,
            0.009615,
            -0.011703
          ],
          [
            -0.000139,
            -0.018698,
            -0.011914
          ],
          [
            -0.008395,
            0.000114,
            0.002512
          ],
          [
            0.001707,
            0.004376,
            0.003349
          ],
          [
            -0.000259,
            0.003355,
            0.008319
          ],
          [
            0.015986,
            -0.003225,
            -0.001667
          ],
          [
            0.004723,
            0.018095,
            -0.009935
          ],
          [
            -0.001335,
            -0.007628,
            -0.004414
          ],
          [
            0.00607,
            0.00543,
            0.0021
          ],
          [
            -0.003091,
            -0.00079,
            -0.001726
          ],
          [
            0.000865,
            0.00158,
            -0.043709
          ],
          [
            0.005127,
            0.014392,
            -0.000432
          ],
          [
            0.012835,
            0.006425,
            -0.023193
          ],
          [
            0.003308,
            -0.00564,
            0.001074
          ],
          [
            -0.009212,
            0.002294,
            0.001911
          ],
          [
            0.001175,
            0.024791,
            0.003035
          ],
          [
            -0.146383,
            -0.128026,
            0.052707
          ],
          [
            -0.01811,
            0.059216,
            -0.028306
          ],
          [
            0.037696,
            0.053602,
            -0.002479
          ],
          [
            0.093248,
            0.063569,
            -0.003798
          ],
          [
            -0.064657,
            -0.032434,
            0.075918
          ],
          [
            0.011562,
            0.044316,
            -0.003908
          ],
          [
            0.007552,
            -0.015351,
            0.020937
          ],
          [
            0.02338,
            -0.021007,
            -0.006248
          ],
          [
            0.041955,
            0.039424,
            -0.062893
          ]
        ],
        "Lattice": [
          [
            11.254311534,
            0.0,
            0.0
          ],
          [
            5.627155767,
            9.746519691,
            0.0
          ],
          [
            0.0,
            0.0,
            21.483230925
          ]
        ],
        "NumAtoms": 73,
        "Positions": [
          [
            4.22079,
            2.43687,
            0.0
          ],
          [
            7.03437,
            7.31013,
            0.0
          ],
          [
            9.84794,
            2.43687,
            0.0
          ],
          [
            12.66152,
            7.31013,
            0.0
          ],
          [
            1.40693,
            2.43687,
            0.0
          ],
          [
            4.22051,
            7.31013,
            0.0
          ],
          [
            7.03409,
            2.43687,
            0.0
          ],
          [
            9.84766,
            7.31013,
            0.0
          ],
          [
            2.81385,
            0.0,
            0.0
          ],
          [
            5.62743,
            4.87326,
            0.0
          ],
          [
            8.44101,
            0.0,
            0.0
          ],
          [
            11.25459,
            4.87326,
            0.0
          ],
          [
            0.0,
            0.0,
            0.0
          ],
          [
            2.81358,
            4.87326,
            0.0
          ],
          [
            5.62716,
            0.0,
            0.0
          ],
          [
            8.44073,
            4.87326,
            0.0
          ],
          [
            7.03462,
            4.06144,
            2.2975
          ],
          [
            9.8482,
            8.9347,
            2.2975
          ],
          [
            12.66177,
            4.06144,
            2.2975
          ],
          [
            15.47535,
            8.9347,
            2.2975
          ],
          [
            5.62769,
            1.62456,
            2.2975
          ],
          [
            8.44127,
            6.49782,
            2.2975
          ],
          [
            11.25484,
            1.62456,
            2.2975
          ],
          [
            14.06842,
            6.49782,
            2.2975
          ],
          [
            2.81383,
            1.62456,
            2.2975
          ],
          [
            5.62741,
            6.49782,
            2.2975
          ],
          [
            8.44098,
            1.62456,
            2.2975
          ],
          [
            11.25456,
            6.49782,
            2.2975
          ],
          [
            4.22076,
            4.06144,
            2.2975
          ],
          [
            7.03434,
            8.9347,
            2.2975
          ],
          [
            9.84791,
            4.06144,
            2.2975
          ],
          [
            12.66149,
            8.9347,
            2.2975
          ],
          [
            1.39876,
            0.79413,
            4.57005
          ],
          [
            4.20587,
            5.66004,
            4.56032
          ],
          [
            7.01838,
            0.80537,
            4.5906
          ],
          [
            9.84187,
            5.66581,
            4.55626
          ],
          [
            4.20219,
            0.7905,
            4.57619
          ],
          [
            7.01757,
            5.66905,
            4.56555
          ],
          [
            9.84177,
            0.78919,
            4.55838
          ],
          [
            12.65313,
            5.66305,
            4.57356
          ],
          [
            2.80855,
            3.23064,
            4.5622
          ],
          [
            5.61415,
            8.09924,
            4.56982
          ],
          [
            8.42021,
            3.2256,
            4.5815
          ],
          [
            11.24664,
            8.09927,
            4.55705
          ],
          [
            5.62505,
            3.21579,
            4.60657
          ],
          [
            8.43131,
            8.10285,
            4.56993
          ],
          [
            11.25227,
            3.23596,
            4.55523
          ],
          [
            14.05281,
            8.09611,
            4.55464
          ],
          [
            2.77213,
            -0.05572,
            6.89199
          ],
          [
            5.58848,
            4.86493,
            6.8693
          ],
          [
            14.06737,
            9.6744,
            6.84774
          ],
          [
            11.2272,
            4.82761,
            6.87543
          ],
          [
            -0.01938,
            -0.0449,
            6.87288
          ],
          [
            2.78808,
            4.8236,
            6.87821
          ],
          [
            11.20593,
            9.66606,
            6.86693
          ],
          [
            8.42465,
            4.85729,
            6.84859
          ],
          [
            1.38748,
            2.39749,
            6.87833
          ],
          [
            15.44415,
            7.2616,
            6.87537
          ],
          [
            6.98217,
            2.3811,
            6.94164
          ],
          [
            9.82522,
            7.26155,
            6.87769
          ],
          [
            4.15772,
            2.3787,
            6.89492
          ],
          [
            7.00894,
            7.27411,
            6.87897
          ],
          [
            9.85535,
            2.38992,
            6.83809
          ],
          [
            12.63371,
            7.26185,
            6.87399
          ],
          [
            6.53017,
            2.07748,
            10.02141
          ],
          [
            7.00987,
            2.26909,
            11.43924
          ],
          [
            7.28007,
            2.42882,
            9.08914
          ],
          [
            5.32492,
            1.57229,
            9.90085
          ],
          [
            8.39929,
            2.46715,
            11.52339
          ],
          [
            5.02492,
            1.52253,
            8.92934
          ],
          [
            6.43586,
            3.13706,
            11.83445
          ],
          [
            6.72423,
            1.39278,
            12.04198
          ],
          [
            8.71441,
            2.85269,
            10.68187
          ]
        ],
        "Stress": [
          [
            -49.23988,
            0.2975,
            -0.17951
          ],
          [
            0.2975,
            -49.87672,
            0.11239
          ],
          [
            -0.17951,
            0.11239,
            -1.06093
          ]
        ],
        "computation_code": "VASP",
        "pseudopotential_information": [
          [
            "PAW_PBE",
            "Pt",
            "04Feb2005"
          ],
          [
            "PAW_PBE",
            "C",
            "08Apr2002"
          ],
          [
            "PAW_PBE",
            "O",
            "08Apr2002"
          ],
          [
            "PAW_PBE",
            "H",
            "15Jun2001"
          ]
        ]
      }
    ],
    "EnergyStyle": "electronvolt",
    "ForcesStyle": "electronvoltperangstrom",
    "LatticeStyle": "angstrom",
    "PositionsStyle": "angstrom",
    "StressStyle": "kB"
  }
}