{
  "Dataset": {
    "AtomTypeStyle": "chemicalsymbol",
    "Data": [
      {
        "AtomTypes": [
          "Pt",
          "Pt",
          "Pt",
          "Pt",
          "Pt",
          "Pt",
          "Pt",
          "Pt",
          "Pt",
          "Pt",
          "Pt",
          "Pt",
          "Pt",
          "Pt",
          "Pt",
          "Pt",
          "Pt",
          "Pt",
          "Pt",
          "Pt",
          "Pt",
          "Pt",
          "Pt",
          "Pt",
          "Pt",
          "Pt",
          "Pt",
          "Pt",
          "Pt",
          "Pt",
          "Pt",
          "Pt",
          "Pt",
          "Pt",
          "Pt",
          "Pt",
          "Pt",
          "Pt",
          "Pt",
          "Pt",
          "Pt",
          "Pt",
          "Pt",
          "Pt",
          "Pt",
          "Pt",
          "Pt",
          "Pt",
          "Pt",
          "Pt",
          "Pt",
          "Pt",
          "Pt",
          "Pt",
          "Pt",
          "Pt",
          "Pt",
          "Pt",
          "Pt",
          "Pt",
          "Pt",
          "Pt",
          "Pt",
          "Pt",
          "C",
          "C",
          "O",
          "O",
          "O",
          "H",
          "H",
          "H",
          "H"
        ],
        "Energy": -244.91764963,
        "Forces": [
          [
            0.00509,
            -0.002494,
            -0.034843
          ],
          [
            0.001381,
            -0.001798,
            -0.04041
          ],
          [
            -6.2e-05,
            -0.004934,
            -0.029939
          ],
          [
            0.002871,
            0.003506,
            -0.037143
          ],
          [
            0.003932,
            -0.00301,
            -0.03169
          ],
          [
            -0.013758,
            0.007348,
            -0.036005
          ],
          [
            -0.000732,
            -0.015645,
            -0.050155
          ],
          [
            0.017849,
            0.002351,
            -0.03785
          ],
          [
            0.013714,
            0.006261,
            -0.036063
          ],
          [
            -0.001051,
            -0.012275,
            -0.034778
          ],
          [
            -0.005953,
            -0.002111,
            -0.058246
          ],
          [
            0.000383,
            0.004713,
            -0.035319
          ],
          [
            -0.008022,
            0.004093,
            -0.034002
          ],
          [
            0.005222,
            0.002767,
            -0.040258
          ],
          [
            0.010455,
            0.001406,
            -0.053693
          ],
          [
            0.006852,
            -0.006182,
            -0.033218
          ],
          [
            -0.00469,
            0.097821,
            0.076571
          ],
          [
            -0.071577,
            -0.04847,
            0.02168
          ],
          [
            -0.005691,
            0.005323,
            0.047791
          ],
          [
            0.066971,
            -0.050245,
            0.057017
          ],
          [
            0.018474,
            0.017387,
            0.008696
          ],
          [
            -0.05828,
            0.016721,
            0.100619
          ],
          [
            0.015284,
            0.018344,
            0.013521
          ],
          [
            -0.001807,
            -0.023672,
            0.032048
          ],
          [
            -0.013981,
            0.023443,
            -0.002142
          ],
          [
            0.04902,
            0.019132,
            0.103171
          ],
          [
            -0.02356,
            0.007117,
            -0.001159
          ],
          [
            0.000504,
            -0.021242,
            0.023596
          ],
          [
            -0.017875,
            0.014428,
            0.03378
          ],
          [
            -0.001073,
            -0.057803,
            0.074036
          ],
          [
            0.011682,
            0.012201,
            0.022567
          ],
          [
            0.009811,
            0.011003,
            0.012085
          ],
          [
            -0.003963,
            0.000359,
            9e-05
          ],
          [
            -0.000677,
            0.002043,
            -0.004057
          ],
          [
            0.000545,
            0.000478,
            -0.001274
          ],
          [
            0.001381,
            -0.001796,
            0.001786
          ],
          [
            0.000176,
            -0.000717,
            -0.001867
          ],
          [
            0.002242,
            0.002721,
            -0.001888
          ],
          [
            0.001162,
            0.003182,
            -0.003603
          ],
          [
            0.003117,
            0.001005,
            -0.005579
          ],
          [
            0.001781,
            -0.000194,
            -0.00284
          ],
          [
            -0.001106,
            0.001762,
            0.005385
          ],
          [
            0.003858,
            0.004,
            -0.000669
          ],
          [
            0.00224,
            -0.000686,
            0.002558
          ],
          [
            -0.003595,
            -0.000852,
            -0.005765
          ],
          [
            -0.004332,
            -0.000146,
            -0.000687
          ],
          [
            0.000474,
            -0.000247,
            0.000519
          ],
          [
            -0.0037,
            -0.000915,
            -0.001953
          ],
          [
            -0.003476,
            0.002831,
            0.001046
          ],
          [
            -0.004558,
            0.00212,
            -0.001001
          ],
          [
            -0.002171,
            0.000605,
            0.001658
          ],
          [
            0.002605,
            0.001103,
            0.000353
          ],
          [
            -0.007885,
            0.000681,
            -0.003081
          ],
          [
            0.001308,
            0.002223,
            -0.000263
          ],
          [
            0.004788,
            0.000427,
            9e-06
          ],
          [
            -0.005186,
            -0.001213,
            -0.001663
          ],
          [
            0.004528,
            -0.00395,
            0.003895
          ],
          [
            0.000548,
            -0.002733,
            0.001764
          ],
          [
            -0.003651,
            -0.001045,
            0.000534
          ],
          [
            -0.000183,
            -0.002356,
            0.001866
          ],
          [
            0.005091,
            0.004387,
            0.001983
          ],
          [
            0.002068,
            -0.005998,
            0.004798
          ],
          [
            -0.000372,
            -0.001184,
            -0.000518
          ],
          [
            0.003216,
            -0.002468,
            -7.9e-05
          ],
          [
            0.026,
            -0.040076,
            0.008098
          ],
          [
            0.013722,
            0.014142,
            -0.013289
          ],
          [
            -0.032058,
            0.009538,
            0.011671
          ],
          [
            0.003675,
            0.007328,
            -0.007209
          ],
          [
            0.010805,
            0.001046,
            -0.00018
          ],
          [
            -0.006236,
            0.005771,
            0.002056
          ],
          [
            -0.002938,
            -0.006652,
            0.00352
          ],
          [
            -0.009364,
            -0.005906,
            0.007043
          ],
          [
            -0.011261,
            -0.014101,
            -0.003429
          ]
        ],
        "Lattice": [
          [
            11.254311534,
            0.0,
            0.0
          ],
          [
            5.627155767,
            9.746519691,
            0.0
          ],
          [
            0.0,
            0.0,
            21.483230925
          ]
        ],
        "NumAtoms": 73,
        "Positions": [
          [
            4.22079,
            2.43687,
            0.0
          ],
          [
            7.03437,
            7.31013,
            0.0
          ],
          [
            9.84794,
            2.43687,
            0.0
          ],
          [
            12.66152,
            7.31013,
            0.0
          ],
          [
            1.40693,
            2.43687,
            0.0
          ],
          [
            4.22051,
            7.31013,
            0.0
          ],
          [
            7.03409,
            2.43687,
            0.0
          ],
          [
            9.84766,
            7.31013,
            0.0
          ],
          [
            2.81385,
            0.0,
            0.0
          ],
          [
            5.62743,
            4.87326,
            0.0
          ],
          [
            8.44101,
            0.0,
            0.0
          ],
          [
            11.25459,
            4.87326,
            0.0
          ],
          [
            0.0,
            0.0,
            0.0
          ],
          [
            2.81358,
            4.87326,
            0.0
          ],
          [
            5.62716,
            0.0,
            0.0
          ],
          [
            8.44073,
            4.87326,
            0.0
          ],
          [
            7.03462,
            4.06144,
            2.2975
          ],
          [
            9.8482,
            8.9347,
            2.2975
          ],
          [
            12.66177,
            4.06144,
            2.2975
          ],
          [
            15.47535,
            8.9347,
            2.2975
          ],
          [
            5.62769,
            1.62456,
            2.2975
          ],
          [
            8.44127,
            6.49782,
            2.2975
          ],
          [
            11.25484,
            1.62456,
            2.2975
          ],
          [
            14.06842,
            6.49782,
            2.2975
          ],
          [
            2.81383,
            1.62456,
            2.2975
          ],
          [
            5.62741,
            6.49782,
            2.2975
          ],
          [
            8.44098,
            1.62456,
            2.2975
          ],
          [
            11.25456,
            6.49782,
            2.2975
          ],
          [
            4.22076,
            4.06144,
            2.2975
          ],
          [
            7.03434,
            8.9347,
            2.2975
          ],
          [
            9.84791,
            4.06144,
            2.2975
          ],
          [
            12.66149,
            8.9347,
            2.2975
          ],
          [
            1.40176,
            0.81972,
            4.56014
          ],
          [
            4.21438,
            5.68369,
            4.56964
          ],
          [
            7.03264,
            0.81583,
            4.57156
          ],
          [
            9.84638,
            5.68186,
            4.5672
          ],
          [
            4.22569,
            0.81701,
            4.55486
          ],
          [
            7.02986,
            5.69522,
            4.59072
          ],
          [
            9.8374,
            0.81425,
            4.558
          ],
          [
            12.65786,
            5.68843,
            4.5703
          ],
          [
            2.81263,
            3.25049,
            4.56986
          ],
          [
            5.63243,
            8.11625,
            4.58361
          ],
          [
            8.43372,
            3.25071,
            4.56388
          ],
          [
            11.25266,
            8.12717,
            4.55984
          ],
          [
            5.62831,
            3.25164,
            4.56464
          ],
          [
            8.4325,
            8.11592,
            4.57735
          ],
          [
            11.2482,
            3.25029,
            4.56905
          ],
          [
            14.06584,
            8.12611,
            4.56264
          ],
          [
            2.81744,
            0.02508,
            6.83655
          ],
          [
            5.6052,
            4.85825,
            6.87421
          ],
          [
            8.43271,
            0.00187,
            6.87535
          ],
          [
            11.2528,
            4.87212,
            6.88078
          ],
          [
            11.23527,
            0.02687,
            6.851
          ],
          [
            14.05462,
            4.87225,
            6.8824
          ],
          [
            5.61974,
            0.00183,
            6.87079
          ],
          [
            8.44999,
            4.8598,
            6.87516
          ],
          [
            12.65321,
            2.44793,
            6.87763
          ],
          [
            15.4477,
            7.30635,
            6.86761
          ],
          [
            7.02679,
            2.44198,
            6.87717
          ],
          [
            9.8626,
            7.30427,
            6.86087
          ],
          [
            4.21557,
            2.43864,
            6.88006
          ],
          [
            7.02363,
            7.30382,
            6.91724
          ],
          [
            9.83558,
            2.43885,
            6.87863
          ],
          [
            12.65395,
            7.31631,
            6.87626
          ],
          [
            7.91165,
            9.52501,
            10.13432
          ],
          [
            6.71115,
            8.62285,
            9.96186
          ],
          [
            9.05579,
            9.11106,
            10.01232
          ],
          [
            1.95652,
            1.04038,
            10.44951
          ],
          [
            7.12826,
            7.39754,
            9.35058
          ],
          [
            2.77976,
            1.57713,
            10.5074
          ],
          [
            6.25809,
            8.41957,
            10.94963
          ],
          [
            5.9518,
            9.11076,
            9.32242
          ],
          [
            8.11457,
            7.35965,
            9.45332
          ]
        ],
        "Stress": [
          [
            -49.91793,
            -0.068,
            -0.07301
          ],
          [
            -0.068,
            -49.94314,
            -0.04505
          ],
          [
            -0.07301,
            -0.04505,
            -1.37878
          ]
        ],
        "computation_code": "VASP",
        "pseudopotential_information": [
          [
            "PAW_PBE",
            "Pt",
            "04Feb2005"
          ],
          [
            "PAW_PBE",
            "C",
            "08Apr2002"
          ],
          [
            "PAW_PBE",
            "O",
            "08Apr2002"
          ],
          [
            "PAW_PBE",
            "H",
            "15Jun2001"
          ]
        ]
      }
    ],
    "EnergyStyle": "electronvolt",
    "ForcesStyle": "electronvoltperangstrom",
    "LatticeStyle": "angstrom",
    "PositionsStyle": "angstrom",
    "StressStyle": "kB"
  }
}