{
  "Dataset": {
    "AtomTypeStyle": "chemicalsymbol",
    "Data": [
      {
        "AtomTypes": [
          "Pt",
          "Pt",
          "Pt",
          "Pt",
          "Pt",
          "Pt",
          "Pt",
          "Pt",
          "Pt",
          "Pt",
          "Pt",
          "Pt",
          "Pt",
          "Pt",
          "Pt",
          "Pt",
          "Pt",
          "Pt",
          "Pt",
          "Pt",
          "Pt",
          "Pt",
          "Pt",
          "Pt",
          "Pt",
          "Pt",
          "Pt",
          "Pt",
          "Pt",
          "Pt",
          "Pt",
          "Pt",
          "Pt",
          "Pt",
          "Pt",
          "Pt",
          "Pt",
          "Pt",
          "Pt",
          "Pt",
          "Pt",
          "Pt",
          "Pt",
          "Pt",
          "Pt",
          "Pt",
          "Pt",
          "Pt",
          "Pt",
          "Pt",
          "Pt",
          "Pt",
          "Pt",
          "Pt",
          "Pt",
          "Pt",
          "Pt",
          "Pt",
          "Pt",
          "Pt",
          "Pt",
          "Pt",
          "Pt",
          "Pt",
          "C",
          "C",
          "O",
          "O",
          "O",
          "H",
          "H",
          "H",
          "H"
        ],
        "Energy": -244.73561874,
        "Forces": [
          [
            -0.002238,
            -0.017645,
            -0.030664
          ],
          [
            0.008392,
            0.001937,
            -0.031869
          ],
          [
            0.000428,
            -0.007123,
            -0.037546
          ],
          [
            -0.009407,
            -0.006993,
            -0.044759
          ],
          [
            0.002863,
            -0.001109,
            -0.033577
          ],
          [
            -0.005409,
            0.001028,
            -0.032677
          ],
          [
            0.003638,
            -0.022663,
            -0.037201
          ],
          [
            0.004333,
            -0.00394,
            -0.047964
          ],
          [
            0.00385,
            -0.00737,
            -0.033188
          ],
          [
            0.005045,
            -0.00768,
            -0.037602
          ],
          [
            -0.008163,
            -1.9e-05,
            -0.03881
          ],
          [
            0.000105,
            -0.002251,
            -0.03842
          ],
          [
            -0.001681,
            -0.006525,
            -0.038471
          ],
          [
            -0.014609,
            0.001601,
            -0.040524
          ],
          [
            0.008673,
            -0.010936,
            -0.051378
          ],
          [
            0.011696,
            -0.00141,
            -0.037375
          ],
          [
            -0.053202,
            0.028889,
            0.082266
          ],
          [
            0.001182,
            0.006858,
            0.020655
          ],
          [
            -0.003283,
            -0.017944,
            0.020841
          ],
          [
            0.01907,
            0.022808,
            0.021074
          ],
          [
            -0.005946,
            0.101906,
            0.061997
          ],
          [
            -0.074601,
            -0.03077,
            0.058062
          ],
          [
            -0.00767,
            0.011574,
            0.039521
          ],
          [
            0.067502,
            -0.032522,
            0.048981
          ],
          [
            -0.016564,
            0.025683,
            0.017599
          ],
          [
            0.008831,
            -0.034746,
            0.084288
          ],
          [
            0.022817,
            0.010473,
            0.017952
          ],
          [
            0.015899,
            0.022606,
            0.01711
          ],
          [
            0.025962,
            0.030059,
            0.068745
          ],
          [
            -0.020255,
            0.009965,
            0.026727
          ],
          [
            0.016658,
            -0.00937,
            -0.006167
          ],
          [
            -0.004546,
            -0.002132,
            0.02122
          ],
          [
            0.002034,
            0.004507,
            0.00535
          ],
          [
            -0.016121,
            0.007022,
            0.016756
          ],
          [
            0.000764,
            -0.011244,
            -0.004596
          ],
          [
            0.009743,
            -0.002396,
            -0.004062
          ],
          [
            0.007201,
            -0.006749,
            0.009482
          ],
          [
            -0.008108,
            -0.000159,
            0.006225
          ],
          [
            0.00232,
            -0.009281,
            0.00145
          ],
          [
            -0.002433,
            0.013625,
            0.000133
          ],
          [
            -0.007056,
            0.012022,
            -1.1e-05
          ],
          [
            -0.016956,
            0.006576,
            -0.001121
          ],
          [
            0.003633,
            -0.010485,
            0.008065
          ],
          [
            0.017762,
            -0.0035,
            0.003571
          ],
          [
            0.000377,
            -0.008266,
            0.003174
          ],
          [
            0.004039,
            0.002666,
            0.002709
          ],
          [
            0.007783,
            0.004296,
            0.003205
          ],
          [
            -0.007935,
            -0.00434,
            0.000573
          ],
          [
            0.002904,
            -0.005397,
            0.003196
          ],
          [
            0.002781,
            -0.00737,
            0.007399
          ],
          [
            0.005291,
            0.004135,
            0.001986
          ],
          [
            -0.007411,
            0.006439,
            -0.000566
          ],
          [
            0.000999,
            -0.005976,
            0.002332
          ],
          [
            0.00953,
            0.004995,
            -0.008638
          ],
          [
            -0.00276,
            0.003263,
            -0.000299
          ],
          [
            -0.001451,
            -0.006138,
            0.000294
          ],
          [
            -0.000958,
            0.003785,
            0.002066
          ],
          [
            0.007187,
            -0.006241,
            -0.003575
          ],
          [
            0.008192,
            0.003642,
            -0.003312
          ],
          [
            -0.010512,
            -0.001494,
            -0.000307
          ],
          [
            0.002091,
            -0.000217,
            0.00558
          ],
          [
            0.001121,
            -0.005025,
            0.001753
          ],
          [
            -0.004824,
            0.000742,
            0.001044
          ],
          [
            -0.006534,
            0.00382,
            -0.006164
          ],
          [
            -0.082226,
            -0.025498,
            -0.019585
          ],
          [
            0.049103,
            0.041352,
            0.039312
          ],
          [
            0.035369,
            -0.040431,
            0.003155
          ],
          [
            0.055504,
            0.05839,
            -0.010766
          ],
          [
            -0.016657,
            0.027941,
            0.007834
          ],
          [
            0.000537,
            -0.036371,
            0.018563
          ],
          [
            -0.047288,
            -0.04535,
            -0.03688
          ],
          [
            0.005335,
            -0.013993,
            -0.032018
          ],
          [
            -0.00174,
            -0.005536,
            -0.012151
          ]
        ],
        "Lattice": [
          [
            11.254311534,
            0.0,
            0.0
          ],
          [
            5.627155767,
            9.746519691,
            0.0
          ],
          [
            0.0,
            0.0,
            21.483230925
          ]
        ],
        "NumAtoms": 73,
        "Positions": [
          [
            4.22079,
            2.43687,
            0.0
          ],
          [
            7.03437,
            7.31013,
            0.0
          ],
          [
            9.84794,
            2.43687,
            0.0
          ],
          [
            12.66152,
            7.31013,
            0.0
          ],
          [
            1.40693,
            2.43687,
            0.0
          ],
          [
            4.22051,
            7.31013,
            0.0
          ],
          [
            7.03409,
            2.43687,
            0.0
          ],
          [
            9.84766,
            7.31013,
            0.0
          ],
          [
            2.81385,
            0.0,
            0.0
          ],
          [
            5.62743,
            4.87326,
            0.0
          ],
          [
            8.44101,
            0.0,
            0.0
          ],
          [
            11.25459,
            4.87326,
            0.0
          ],
          [
            0.0,
            0.0,
            0.0
          ],
          [
            2.81358,
            4.87326,
            0.0
          ],
          [
            5.62716,
            0.0,
            0.0
          ],
          [
            8.44073,
            4.87326,
            0.0
          ],
          [
            7.03462,
            4.06144,
            2.2975
          ],
          [
            9.8482,
            8.9347,
            2.2975
          ],
          [
            12.66177,
            4.06144,
            2.2975
          ],
          [
            15.47535,
            8.9347,
            2.2975
          ],
          [
            5.62769,
            1.62456,
            2.2975
          ],
          [
            8.44127,
            6.49782,
            2.2975
          ],
          [
            11.25484,
            1.62456,
            2.2975
          ],
          [
            14.06842,
            6.49782,
            2.2975
          ],
          [
            2.81383,
            1.62456,
            2.2975
          ],
          [
            5.62741,
            6.49782,
            2.2975
          ],
          [
            8.44098,
            1.62456,
            2.2975
          ],
          [
            11.25456,
            6.49782,
            2.2975
          ],
          [
            4.22076,
            4.06144,
            2.2975
          ],
          [
            7.03434,
            8.9347,
            2.2975
          ],
          [
            9.84791,
            4.06144,
            2.2975
          ],
          [
            12.66149,
            8.9347,
            2.2975
          ],
          [
            1.40915,
            0.81931,
            4.56752
          ],
          [
            4.22809,
            5.69333,
            4.57781
          ],
          [
            7.02955,
            0.82103,
            4.56279
          ],
          [
            9.8525,
            5.70297,
            4.55939
          ],
          [
            4.22328,
            0.82147,
            4.5626
          ],
          [
            7.02816,
            5.6955,
            4.58276
          ],
          [
            9.84373,
            0.82145,
            4.56965
          ],
          [
            12.66224,
            5.69774,
            4.56083
          ],
          [
            2.81236,
            3.25475,
            4.56622
          ],
          [
            5.631,
            8.13562,
            4.5679
          ],
          [
            8.44345,
            3.25943,
            4.56074
          ],
          [
            11.25182,
            8.13523,
            4.57261
          ],
          [
            5.62741,
            3.27092,
            4.58295
          ],
          [
            8.44514,
            8.1312,
            4.56462
          ],
          [
            11.25305,
            3.25902,
            4.56863
          ],
          [
            14.0645,
            8.1335,
            4.56103
          ],
          [
            2.81754,
            0.01955,
            6.87936
          ],
          [
            5.6123,
            4.9128,
            6.90836
          ],
          [
            8.43427,
            0.02015,
            6.88315
          ],
          [
            11.25854,
            4.89568,
            6.87704
          ],
          [
            -5e-05,
            0.03041,
            6.87622
          ],
          [
            2.78847,
            4.88716,
            6.86218
          ],
          [
            5.62727,
            0.02396,
            6.88142
          ],
          [
            8.46937,
            4.89193,
            6.84833
          ],
          [
            1.4012,
            2.45025,
            6.8757
          ],
          [
            4.20945,
            7.35941,
            6.86031
          ],
          [
            7.04816,
            2.44383,
            6.86267
          ],
          [
            9.85076,
            7.33343,
            6.88127
          ],
          [
            4.2099,
            2.44343,
            6.86541
          ],
          [
            7.04312,
            7.35203,
            6.87193
          ],
          [
            9.84912,
            2.45566,
            6.87851
          ],
          [
            12.66062,
            7.33146,
            6.87452
          ],
          [
            6.4494,
            4.22602,
            9.85085
          ],
          [
            6.18712,
            2.83662,
            10.40839
          ],
          [
            5.56698,
            4.88991,
            9.28373
          ],
          [
            7.69023,
            4.67447,
            10.0251
          ],
          [
            7.30093,
            1.97223,
            10.39397
          ],
          [
            7.78682,
            5.54668,
            9.56443
          ],
          [
            5.31823,
            2.44127,
            9.85171
          ],
          [
            5.88123,
            2.95818,
            11.46403
          ],
          [
            7.54566,
            1.77345,
            9.46122
          ]
        ],
        "Stress": [
          [
            -49.90419,
            -0.02469,
            0.03282
          ],
          [
            -0.02469,
            -49.98896,
            -0.07969
          ],
          [
            0.03282,
            -0.07969,
            -1.57681
          ]
        ],
        "computation_code": "VASP",
        "pseudopotential_information": [
          [
            "PAW_PBE",
            "Pt",
            "04Feb2005"
          ],
          [
            "PAW_PBE",
            "C",
            "08Apr2002"
          ],
          [
            "PAW_PBE",
            "O",
            "08Apr2002"
          ],
          [
            "PAW_PBE",
            "H",
            "15Jun2001"
          ]
        ]
      }
    ],
    "EnergyStyle": "electronvolt",
    "ForcesStyle": "electronvoltperangstrom",
    "LatticeStyle": "angstrom",
    "PositionsStyle": "angstrom",
    "StressStyle": "kB"
  }
}