{
  "Dataset": {
    "AtomTypeStyle": "chemicalsymbol",
    "Data": [
      {
        "AtomTypes": [
          "Pt",
          "Pt",
          "Pt",
          "Pt",
          "Pt",
          "Pt",
          "Pt",
          "Pt",
          "Pt",
          "Pt",
          "Pt",
          "Pt",
          "Pt",
          "Pt",
          "Pt",
          "Pt",
          "Pt",
          "Pt",
          "Pt",
          "Pt",
          "Pt",
          "Pt",
          "Pt",
          "Pt",
          "Pt",
          "Pt",
          "Pt",
          "Pt",
          "Pt",
          "Pt",
          "Pt",
          "Pt",
          "Pt",
          "Pt",
          "Pt",
          "Pt",
          "Pt",
          "Pt",
          "Pt",
          "Pt",
          "Pt",
          "Pt",
          "Pt",
          "Pt",
          "Pt",
          "Pt",
          "Pt",
          "Pt",
          "Pt",
          "Pt",
          "Pt",
          "Pt",
          "Pt",
          "Pt",
          "Pt",
          "Pt",
          "Pt",
          "Pt",
          "Pt",
          "Pt",
          "Pt",
          "Pt",
          "Pt",
          "Pt",
          "C",
          "C",
          "C",
          "C",
          "C",
          "C",
          "C",
          "C",
          "O",
          "O",
          "O",
          "O",
          "O",
          "O",
          "O",
          "O",
          "O",
          "O",
          "O",
          "O",
          "H",
          "H",
          "H",
          "H",
          "H",
          "H",
          "H",
          "H",
          "H",
          "H",
          "H",
          "H",
          "H",
          "H",
          "H",
          "H"
        ],
        "Energy": -382.07979815,
        "Forces": [
          [
            -0.009182,
            0.01123,
            -0.044702
          ],
          [
            -0.00916,
            0.011178,
            -0.044744
          ],
          [
            -0.011395,
            0.011663,
            -0.043944
          ],
          [
            -0.011412,
            0.011574,
            -0.044019
          ],
          [
            -0.006976,
            0.002896,
            -0.075831
          ],
          [
            -0.006956,
            0.002887,
            -0.075862
          ],
          [
            -0.010051,
            0.005858,
            -0.076098
          ],
          [
            -0.010076,
            0.005822,
            -0.076144
          ],
          [
            0.005519,
            0.023487,
            -0.067219
          ],
          [
            0.005384,
            0.023541,
            -0.067265
          ],
          [
            0.004441,
            0.024745,
            -0.066583
          ],
          [
            0.00454,
            0.024926,
            -0.066575
          ],
          [
            -0.021073,
            0.026097,
            -0.073228
          ],
          [
            -0.021058,
            0.026231,
            -0.073315
          ],
          [
            -0.018373,
            0.024617,
            -0.075483
          ],
          [
            -0.0184,
            0.024668,
            -0.075517
          ],
          [
            0.012157,
            -0.008223,
            0.143102
          ],
          [
            0.011908,
            -0.007955,
            0.142414
          ],
          [
            0.017097,
            -0.00046,
            0.143486
          ],
          [
            0.017083,
            -0.000316,
            0.14351
          ],
          [
            -0.010948,
            -0.023585,
            0.060776
          ],
          [
            -0.011064,
            -0.023739,
            0.060733
          ],
          [
            -0.01288,
            -0.031367,
            0.065166
          ],
          [
            -0.012729,
            -0.031583,
            0.065047
          ],
          [
            0.035878,
            -0.015178,
            0.049416
          ],
          [
            0.035849,
            -0.01506,
            0.049397
          ],
          [
            0.043969,
            -0.020082,
            0.050913
          ],
          [
            0.044012,
            -0.020288,
            0.050177
          ],
          [
            -0.009399,
            -0.029728,
            -0.057402
          ],
          [
            -0.009664,
            -0.029702,
            -0.057603
          ],
          [
            -0.010304,
            -0.03204,
            -0.066032
          ],
          [
            -0.010059,
            -0.031505,
            -0.066248
          ],
          [
            0.00592,
            -0.004164,
            0.018203
          ],
          [
            0.005447,
            -0.003776,
            0.0186
          ],
          [
            0.006009,
            0.006441,
            0.040016
          ],
          [
            0.00478,
            0.007194,
            0.040982
          ],
          [
            0.00461,
            -0.003474,
            0.011348
          ],
          [
            0.005417,
            -0.00329,
            0.01196
          ],
          [
            -0.006458,
            -0.000293,
            -0.016651
          ],
          [
            -0.005346,
            -0.00036,
            -0.015917
          ],
          [
            0.001692,
            0.003006,
            0.004218
          ],
          [
            0.001681,
            0.002549,
            0.004248
          ],
          [
            -0.004268,
            0.001897,
            0.014186
          ],
          [
            -0.004199,
            0.001793,
            0.014999
          ],
          [
            0.011323,
            0.004255,
            -0.010359
          ],
          [
            0.011447,
            0.003732,
            -0.009954
          ],
          [
            -0.001791,
            0.009161,
            -0.011376
          ],
          [
            -0.001811,
            0.009427,
            -0.010929
          ],
          [
            0.003692,
            0.005779,
            -0.005182
          ],
          [
            0.003587,
            0.005791,
            -0.00525
          ],
          [
            0.000512,
            0.01955,
            0.003008
          ],
          [
            6.1e-05,
            0.020221,
            0.003342
          ],
          [
            0.004132,
            -0.003683,
            -0.000375
          ],
          [
            0.004547,
            -0.003652,
            -0.000417
          ],
          [
            0.010604,
            -0.007765,
            -0.009859
          ],
          [
            0.010096,
            -0.007734,
            -0.010825
          ],
          [
            0.025929,
            -0.004751,
            0.008602
          ],
          [
            0.026255,
            -0.0044,
            0.008343
          ],
          [
            0.015988,
            -0.00812,
            -0.012965
          ],
          [
            0.016242,
            -0.008228,
            -0.013189
          ],
          [
            -0.00551,
            -0.004643,
            -0.011111
          ],
          [
            -0.004504,
            -0.00471,
            -0.011535
          ],
          [
            -0.012771,
            -0.013377,
            -0.002328
          ],
          [
            -0.01338,
            -0.013342,
            -0.002424
          ],
          [
            -0.026494,
            -0.015721,
            0.038678
          ],
          [
            0.017958,
            0.064752,
            0.041343
          ],
          [
            -0.030942,
            -0.015026,
            0.04119
          ],
          [
            0.018005,
            0.064991,
            0.042136
          ],
          [
            0.001286,
            -0.012242,
            0.025244
          ],
          [
            0.012388,
            0.064072,
            0.039156
          ],
          [
            -0.002511,
            -0.011356,
            0.02826
          ],
          [
            0.011801,
            0.064698,
            0.038916
          ],
          [
            -0.041731,
            -0.013613,
            -0.019111
          ],
          [
            0.068939,
            0.040808,
            0.020341
          ],
          [
            -0.009292,
            -0.036022,
            -0.038112
          ],
          [
            -0.040885,
            -0.014367,
            -0.019961
          ],
          [
            0.073341,
            0.041322,
            0.020168
          ],
          [
            -0.010901,
            -0.037112,
            -0.038915
          ],
          [
            -0.05236,
            -0.012195,
            -0.001526
          ],
          [
            0.059749,
            0.03712,
            0.01185
          ],
          [
            -0.004098,
            -0.031496,
            -0.034308
          ],
          [
            -0.050261,
            -0.012763,
            -0.003232
          ],
          [
            0.062183,
            0.037433,
            0.012379
          ],
          [
            -0.00505,
            -0.032425,
            -0.035198
          ],
          [
            -0.018497,
            0.028949,
            0.009531
          ],
          [
            0.012392,
            -0.004742,
            -0.006136
          ],
          [
            -0.009173,
            -0.046727,
            0.005099
          ],
          [
            -0.023836,
            -0.004522,
            0.006431
          ],
          [
            -0.018978,
            0.028944,
            0.009555
          ],
          [
            0.013269,
            -0.005684,
            -0.007657
          ],
          [
            -0.008953,
            -0.045965,
            0.004947
          ],
          [
            -0.023593,
            -0.004153,
            0.006907
          ],
          [
            -0.029441,
            0.029312,
            0.010131
          ],
          [
            0.011285,
            -0.00153,
            -0.004549
          ],
          [
            -0.010255,
            -0.052921,
            0.007031
          ],
          [
            -0.017301,
            -0.003946,
            0.003026
          ],
          [
            -0.029377,
            0.029278,
            0.009483
          ],
          [
            0.012002,
            -0.002298,
            -0.005611
          ],
          [
            -0.010121,
            -0.053003,
            0.007225
          ],
          [
            -0.017164,
            -0.00349,
            0.003558
          ]
        ],
        "Lattice": [
          [
            11.254311534,
            0.0,
            0.0
          ],
          [
            5.627155767,
            9.746519691,
            0.0
          ],
          [
            0.0,
            0.0,
            21.483230925
          ]
        ],
        "NumAtoms": 100,
        "Positions": [
          [
            4.22079,
            2.43687,
            0.0
          ],
          [
            7.03437,
            7.31013,
            0.0
          ],
          [
            9.84794,
            2.43687,
            0.0
          ],
          [
            12.66152,
            7.31013,
            0.0
          ],
          [
            1.40693,
            2.43687,
            0.0
          ],
          [
            4.22051,
            7.31013,
            0.0
          ],
          [
            7.03409,
            2.43687,
            0.0
          ],
          [
            9.84766,
            7.31013,
            0.0
          ],
          [
            2.81385,
            0.0,
            0.0
          ],
          [
            5.62743,
            4.87326,
            0.0
          ],
          [
            8.44101,
            0.0,
            0.0
          ],
          [
            11.25459,
            4.87326,
            0.0
          ],
          [
            0.0,
            0.0,
            0.0
          ],
          [
            2.81358,
            4.87326,
            0.0
          ],
          [
            5.62716,
            0.0,
            0.0
          ],
          [
            8.44073,
            4.87326,
            0.0
          ],
          [
            7.03462,
            4.06144,
            2.2975
          ],
          [
            9.8482,
            8.9347,
            2.2975
          ],
          [
            12.66177,
            4.06144,
            2.2975
          ],
          [
            15.47535,
            8.9347,
            2.2975
          ],
          [
            5.62769,
            1.62456,
            2.2975
          ],
          [
            8.44127,
            6.49782,
            2.2975
          ],
          [
            11.25484,
            1.62456,
            2.2975
          ],
          [
            14.06842,
            6.49782,
            2.2975
          ],
          [
            2.81383,
            1.62456,
            2.2975
          ],
          [
            5.62741,
            6.49782,
            2.2975
          ],
          [
            8.44098,
            1.62456,
            2.2975
          ],
          [
            11.25456,
            6.49782,
            2.2975
          ],
          [
            4.22076,
            4.06144,
            2.2975
          ],
          [
            7.03434,
            8.9347,
            2.2975
          ],
          [
            9.84791,
            4.06144,
            2.2975
          ],
          [
            12.66149,
            8.9347,
            2.2975
          ],
          [
            1.42491,
            0.77582,
            4.5624
          ],
          [
            4.23855,
            5.64901,
            4.56242
          ],
          [
            7.05164,
            0.77576,
            4.56053
          ],
          [
            9.86528,
            5.64891,
            4.56046
          ],
          [
            4.2383,
            0.79702,
            4.57354
          ],
          [
            7.05183,
            5.67023,
            4.57355
          ],
          [
            9.86742,
            0.7967,
            4.57681
          ],
          [
            12.68094,
            5.66992,
            4.57677
          ],
          [
            2.83774,
            3.21352,
            4.56903
          ],
          [
            5.65122,
            8.0868,
            4.56906
          ],
          [
            8.46522,
            3.21327,
            4.56798
          ],
          [
            11.27874,
            8.08651,
            4.56777
          ],
          [
            5.63697,
            3.21229,
            4.56567
          ],
          [
            8.45045,
            8.08557,
            4.56557
          ],
          [
            11.26549,
            3.21186,
            4.56362
          ],
          [
            14.07904,
            8.08509,
            4.56354
          ],
          [
            8.48152,
            9.6624,
            6.85022
          ],
          [
            5.66804,
            4.78915,
            6.8504
          ],
          [
            14.10842,
            9.66061,
            6.8474
          ],
          [
            11.29487,
            4.78727,
            6.84748
          ],
          [
            5.67203,
            9.6654,
            6.85957
          ],
          [
            2.85838,
            4.79209,
            6.85963
          ],
          [
            11.2963,
            9.66769,
            6.85881
          ],
          [
            8.48285,
            4.79458,
            6.85909
          ],
          [
            1.44912,
            2.35297,
            6.85515
          ],
          [
            4.26245,
            7.22611,
            6.85522
          ],
          [
            7.07918,
            2.35292,
            6.85752
          ],
          [
            9.8927,
            7.22614,
            6.85739
          ],
          [
            4.26695,
            2.34817,
            6.93341
          ],
          [
            7.08023,
            7.22143,
            6.93339
          ],
          [
            9.89396,
            2.34952,
            6.9322
          ],
          [
            12.70754,
            7.22279,
            6.93209
          ],
          [
            3.63802,
            2.27739,
            10.06274
          ],
          [
            4.07549,
            2.33361,
            11.50988
          ],
          [
            6.45149,
            7.15062,
            10.06276
          ],
          [
            6.8891,
            7.20685,
            11.5099
          ],
          [
            9.26537,
            2.27747,
            10.06311
          ],
          [
            9.70334,
            2.33404,
            11.50998
          ],
          [
            12.0788,
            7.15067,
            10.06313
          ],
          [
            12.51691,
            7.20724,
            11.51003
          ],
          [
            4.4867,
            2.43785,
            9.17069
          ],
          [
            2.35742,
            2.01572,
            9.88119
          ],
          [
            5.36568,
            2.87763,
            11.67851
          ],
          [
            7.29994,
            7.31162,
            9.17064
          ],
          [
            5.17084,
            6.88849,
            9.88134
          ],
          [
            8.17931,
            7.75099,
            11.67839
          ],
          [
            10.1139,
            2.43705,
            9.17019
          ],
          [
            7.98512,
            2.01609,
            9.88191
          ],
          [
            10.99314,
            2.87825,
            11.67811
          ],
          [
            12.92706,
            7.31088,
            9.17016
          ],
          [
            10.79854,
            6.88878,
            9.88206
          ],
          [
            13.80671,
            7.75158,
            11.67804
          ],
          [
            2.11903,
            1.96607,
            8.87458
          ],
          [
            3.35958,
            2.94999,
            12.07888
          ],
          [
            3.99267,
            1.29901,
            11.9053
          ],
          [
            5.94921,
            2.57553,
            10.94909
          ],
          [
            4.93253,
            6.83881,
            8.87475
          ],
          [
            6.17323,
            7.82314,
            12.07915
          ],
          [
            6.80643,
            6.17218,
            11.90526
          ],
          [
            8.76273,
            7.4488,
            10.9489
          ],
          [
            7.74876,
            1.96546,
            8.87462
          ],
          [
            8.98721,
            2.94983,
            12.07914
          ],
          [
            9.621,
            1.29958,
            11.90536
          ],
          [
            11.57634,
            2.57491,
            10.9491
          ],
          [
            10.56212,
            6.83819,
            8.87486
          ],
          [
            11.80079,
            7.82295,
            12.07936
          ],
          [
            12.43471,
            6.17275,
            11.90534
          ],
          [
            14.38986,
            7.44811,
            10.94903
          ]
        ],
        "Stress": [
          [
            -52.33996,
            -0.08255,
            -0.16128
          ],
          [
            -0.08255,
            -53.01278,
            -0.35021
          ],
          [
            -0.16128,
            -0.35021,
            -4.51722
          ]
        ],
        "computation_code": "VASP",
        "pseudopotential_information": [
          [
            "PAW_PBE",
            "Pt",
            "04Feb2005"
          ],
          [
            "PAW_PBE",
            "C",
            "08Apr2002"
          ],
          [
            "PAW_PBE",
            "O",
            "08Apr2002"
          ],
          [
            "PAW_PBE",
            "H",
            "15Jun2001"
          ]
        ]
      }
    ],
    "EnergyStyle": "electronvolt",
    "ForcesStyle": "electronvoltperangstrom",
    "LatticeStyle": "angstrom",
    "PositionsStyle": "angstrom",
    "StressStyle": "kB"
  }
}