{
  "Dataset": {
    "AtomTypeStyle": "chemicalsymbol",
    "Data": [
      {
        "AtomTypes": [
          "Pt",
          "Pt",
          "Pt",
          "Pt",
          "Pt",
          "Pt",
          "Pt",
          "Pt",
          "Pt",
          "Pt",
          "Pt",
          "Pt",
          "Pt",
          "Pt",
          "Pt",
          "Pt",
          "Pt",
          "Pt",
          "Pt",
          "Pt",
          "Pt",
          "Pt",
          "Pt",
          "Pt",
          "Pt",
          "Pt",
          "Pt",
          "Pt",
          "Pt",
          "Pt",
          "Pt",
          "Pt",
          "Pt",
          "Pt",
          "Pt",
          "Pt",
          "Pt",
          "Pt",
          "Pt",
          "Pt",
          "Pt",
          "Pt",
          "Pt",
          "Pt",
          "Pt",
          "Pt",
          "Pt",
          "Pt",
          "Pt",
          "Pt",
          "Pt",
          "Pt",
          "Pt",
          "Pt",
          "Pt",
          "Pt",
          "Pt",
          "Pt",
          "Pt",
          "Pt",
          "Pt",
          "Pt",
          "Pt",
          "Pt",
          "C",
          "C",
          "C",
          "C",
          "C",
          "C",
          "C",
          "C",
          "O",
          "O",
          "O",
          "O",
          "O",
          "O",
          "O",
          "O",
          "O",
          "O",
          "O",
          "O",
          "H",
          "H",
          "H",
          "H",
          "H",
          "H",
          "H",
          "H",
          "H",
          "H",
          "H",
          "H",
          "H",
          "H",
          "H",
          "H"
        ],
        "Energy": -381.97804536,
        "Forces": [
          [
            -0.002117,
            0.003185,
            -0.045596
          ],
          [
            -0.002059,
            0.003078,
            -0.045546
          ],
          [
            -0.003659,
            0.004282,
            -0.045742
          ],
          [
            -0.003716,
            0.004116,
            -0.045845
          ],
          [
            -0.001969,
            -0.001377,
            -0.068926
          ],
          [
            -0.001992,
            -0.001436,
            -0.068856
          ],
          [
            -0.001172,
            -0.000544,
            -0.072434
          ],
          [
            -0.001179,
            -0.000621,
            -0.072382
          ],
          [
            0.007462,
            0.016756,
            -0.072387
          ],
          [
            0.00729,
            0.016583,
            -0.072417
          ],
          [
            0.005854,
            0.019802,
            -0.0719
          ],
          [
            0.006096,
            0.019821,
            -0.071853
          ],
          [
            -0.013522,
            0.018831,
            -0.071239
          ],
          [
            -0.013558,
            0.018902,
            -0.071403
          ],
          [
            -0.01216,
            0.017461,
            -0.071034
          ],
          [
            -0.012222,
            0.017385,
            -0.071092
          ],
          [
            0.012211,
            0.004634,
            0.140182
          ],
          [
            0.012061,
            0.005036,
            0.140067
          ],
          [
            0.014902,
            -0.003003,
            0.141368
          ],
          [
            0.015158,
            -0.002746,
            0.142169
          ],
          [
            -0.014741,
            -0.015535,
            0.056968
          ],
          [
            -0.014907,
            -0.015318,
            0.056473
          ],
          [
            -0.007403,
            -0.015135,
            0.066067
          ],
          [
            -0.007103,
            -0.015193,
            0.065703
          ],
          [
            0.021171,
            0.002444,
            0.069192
          ],
          [
            0.021207,
            0.002862,
            0.069072
          ],
          [
            0.025213,
            -0.006285,
            0.056908
          ],
          [
            0.025288,
            -0.006274,
            0.05603
          ],
          [
            -0.023517,
            -0.004157,
            -0.032569
          ],
          [
            -0.024079,
            -0.004171,
            -0.032273
          ],
          [
            -0.018002,
            -0.01092,
            -0.043749
          ],
          [
            -0.017833,
            -0.010344,
            -0.043736
          ],
          [
            0.001634,
            -0.004585,
            -0.013026
          ],
          [
            0.001201,
            -0.004591,
            -0.012852
          ],
          [
            0.009546,
            0.004304,
            0.009324
          ],
          [
            0.009359,
            0.00422,
            0.009721
          ],
          [
            0.004294,
            -0.004447,
            -0.011028
          ],
          [
            0.00452,
            -0.004237,
            -0.010844
          ],
          [
            -0.001786,
            -0.005324,
            -0.003053
          ],
          [
            -0.001494,
            -0.004989,
            -0.002392
          ],
          [
            -0.001843,
            0.002079,
            -0.022532
          ],
          [
            -0.001536,
            0.002261,
            -0.023028
          ],
          [
            -0.000146,
            0.003777,
            0.002979
          ],
          [
            -0.000194,
            0.003732,
            0.0033
          ],
          [
            0.000158,
            0.004013,
            0.004226
          ],
          [
            0.000271,
            0.002672,
            0.004346
          ],
          [
            0.005703,
            -0.002681,
            -0.025941
          ],
          [
            0.005999,
            -0.002534,
            -0.025497
          ],
          [
            -0.015654,
            0.00336,
            0.000907
          ],
          [
            -0.016241,
            0.003276,
            0.001002
          ],
          [
            0.001614,
            -0.003304,
            0.012193
          ],
          [
            0.001465,
            -0.003048,
            0.01231
          ],
          [
            0.014147,
            -0.010968,
            0.004065
          ],
          [
            0.014196,
            -0.010211,
            0.004954
          ],
          [
            0.02977,
            -0.009831,
            3.6e-05
          ],
          [
            0.029874,
            -0.010204,
            -0.000393
          ],
          [
            0.018005,
            -0.023747,
            0.016305
          ],
          [
            0.018987,
            -0.023542,
            0.017004
          ],
          [
            -0.005404,
            -0.009824,
            -0.001578
          ],
          [
            -0.00524,
            -0.010178,
            -0.000671
          ],
          [
            -0.018603,
            -0.004529,
            -0.034391
          ],
          [
            -0.017629,
            -0.004569,
            -0.034038
          ],
          [
            0.017495,
            -0.017354,
            -0.037965
          ],
          [
            0.017234,
            -0.018247,
            -0.037668
          ],
          [
            0.01683,
            0.023113,
            0.147404
          ],
          [
            0.075717,
            -0.020772,
            -0.080596
          ],
          [
            0.022901,
            0.025046,
            0.14303
          ],
          [
            0.074574,
            -0.022718,
            -0.082624
          ],
          [
            -0.035441,
            0.009604,
            0.170763
          ],
          [
            0.084986,
            -0.019007,
            -0.079935
          ],
          [
            -0.029499,
            0.01153,
            0.166218
          ],
          [
            0.084114,
            -0.02082,
            -0.081806
          ],
          [
            0.087131,
            0.011831,
            -0.063204
          ],
          [
            -0.060824,
            0.007526,
            -0.069668
          ],
          [
            -0.103504,
            -0.004258,
            0.061809
          ],
          [
            0.081527,
            0.010665,
            -0.057484
          ],
          [
            -0.06174,
            0.007216,
            -0.073085
          ],
          [
            -0.101455,
            -0.003475,
            0.06167
          ],
          [
            0.115445,
            0.021306,
            -0.096601
          ],
          [
            -0.045013,
            0.013947,
            -0.030838
          ],
          [
            -0.115328,
            -0.008249,
            0.063625
          ],
          [
            0.109916,
            0.019962,
            -0.090735
          ],
          [
            -0.046108,
            0.013768,
            -0.035086
          ],
          [
            -0.113649,
            -0.007529,
            0.063782
          ],
          [
            0.000911,
            0.007721,
            0.020362
          ],
          [
            -0.078971,
            0.068961,
            0.057548
          ],
          [
            -0.002236,
            -0.019092,
            -0.007289
          ],
          [
            0.043045,
            -0.050064,
            0.010332
          ],
          [
            0.000925,
            0.007677,
            0.022912
          ],
          [
            -0.079457,
            0.069832,
            0.058552
          ],
          [
            -0.0021,
            -0.018743,
            -0.007187
          ],
          [
            0.042613,
            -0.050313,
            0.010656
          ],
          [
            0.000245,
            0.00487,
            -0.006935
          ],
          [
            -0.076958,
            0.070601,
            0.061221
          ],
          [
            4e-05,
            -0.019754,
            -0.003542
          ],
          [
            0.045951,
            -0.049886,
            0.008418
          ],
          [
            0.000355,
            0.004666,
            -0.003946
          ],
          [
            -0.077512,
            0.071508,
            0.062291
          ],
          [
            0.000156,
            -0.019409,
            -0.003526
          ],
          [
            0.045708,
            -0.050131,
            0.008497
          ]
        ],
        "Lattice": [
          [
            11.254311534,
            0.0,
            0.0
          ],
          [
            5.627155767,
            9.746519691,
            0.0
          ],
          [
            0.0,
            0.0,
            21.483230925
          ]
        ],
        "NumAtoms": 100,
        "Positions": [
          [
            4.22079,
            2.43687,
            0.0
          ],
          [
            7.03437,
            7.31013,
            0.0
          ],
          [
            9.84794,
            2.43687,
            0.0
          ],
          [
            12.66152,
            7.31013,
            0.0
          ],
          [
            1.40693,
            2.43687,
            0.0
          ],
          [
            4.22051,
            7.31013,
            0.0
          ],
          [
            7.03409,
            2.43687,
            0.0
          ],
          [
            9.84766,
            7.31013,
            0.0
          ],
          [
            2.81385,
            0.0,
            0.0
          ],
          [
            5.62743,
            4.87326,
            0.0
          ],
          [
            8.44101,
            0.0,
            0.0
          ],
          [
            11.25459,
            4.87326,
            0.0
          ],
          [
            0.0,
            0.0,
            0.0
          ],
          [
            2.81358,
            4.87326,
            0.0
          ],
          [
            5.62716,
            0.0,
            0.0
          ],
          [
            8.44073,
            4.87326,
            0.0
          ],
          [
            7.03462,
            4.06144,
            2.2975
          ],
          [
            9.8482,
            8.9347,
            2.2975
          ],
          [
            12.66177,
            4.06144,
            2.2975
          ],
          [
            15.47535,
            8.9347,
            2.2975
          ],
          [
            5.62769,
            1.62456,
            2.2975
          ],
          [
            8.44127,
            6.49782,
            2.2975
          ],
          [
            11.25484,
            1.62456,
            2.2975
          ],
          [
            14.06842,
            6.49782,
            2.2975
          ],
          [
            2.81383,
            1.62456,
            2.2975
          ],
          [
            5.62741,
            6.49782,
            2.2975
          ],
          [
            8.44098,
            1.62456,
            2.2975
          ],
          [
            11.25456,
            6.49782,
            2.2975
          ],
          [
            4.22076,
            4.06144,
            2.2975
          ],
          [
            7.03434,
            8.9347,
            2.2975
          ],
          [
            9.84791,
            4.06144,
            2.2975
          ],
          [
            12.66149,
            8.9347,
            2.2975
          ],
          [
            1.41241,
            0.79339,
            4.56702
          ],
          [
            4.22615,
            5.66659,
            4.56698
          ],
          [
            7.03655,
            0.79176,
            4.56467
          ],
          [
            9.85009,
            5.665,
            4.56445
          ],
          [
            4.22615,
            0.80975,
            4.57239
          ],
          [
            7.03974,
            5.68299,
            4.5723
          ],
          [
            9.85505,
            0.8093,
            4.57143
          ],
          [
            12.66864,
            5.68257,
            4.57127
          ],
          [
            2.82867,
            3.22746,
            4.57308
          ],
          [
            5.64213,
            8.10073,
            4.57326
          ],
          [
            8.45416,
            3.22533,
            4.57021
          ],
          [
            11.26775,
            8.09867,
            4.57006
          ],
          [
            5.62732,
            3.2269,
            4.56331
          ],
          [
            8.44072,
            8.10031,
            4.56324
          ],
          [
            11.25292,
            3.22793,
            4.56463
          ],
          [
            14.06647,
            8.10123,
            4.56458
          ],
          [
            8.45523,
            9.69452,
            6.84798
          ],
          [
            5.64193,
            4.82122,
            6.848
          ],
          [
            14.07998,
            9.69604,
            6.84458
          ],
          [
            11.26637,
            4.82277,
            6.8443
          ],
          [
            5.64075,
            9.70266,
            6.85831
          ],
          [
            2.82722,
            4.82919,
            6.85804
          ],
          [
            11.26286,
            9.70103,
            6.85924
          ],
          [
            8.44938,
            4.8279,
            6.85919
          ],
          [
            1.42152,
            2.38869,
            6.85913
          ],
          [
            4.23483,
            7.26176,
            6.8591
          ],
          [
            7.05186,
            2.3842,
            6.86352
          ],
          [
            9.86535,
            7.25754,
            6.86301
          ],
          [
            4.23614,
            2.38634,
            6.9286
          ],
          [
            7.04935,
            7.25966,
            6.92857
          ],
          [
            9.85555,
            2.38949,
            6.9277
          ],
          [
            12.66922,
            7.26287,
            6.92756
          ],
          [
            3.64162,
            2.23432,
            10.05712
          ],
          [
            4.12062,
            2.31436,
            11.48886
          ],
          [
            6.45526,
            7.10726,
            10.05703
          ],
          [
            6.93416,
            7.18747,
            11.48881
          ],
          [
            9.27106,
            2.23409,
            10.05677
          ],
          [
            9.74938,
            2.31428,
            11.48838
          ],
          [
            12.08472,
            7.10702,
            10.05663
          ],
          [
            12.56291,
            7.18736,
            11.48829
          ],
          [
            4.45815,
            2.46408,
            9.14925
          ],
          [
            2.38087,
            1.90208,
            9.89537
          ],
          [
            5.43014,
            2.83343,
            11.58354
          ],
          [
            7.272,
            7.33692,
            9.14912
          ],
          [
            5.19454,
            6.77517,
            9.89522
          ],
          [
            8.24356,
            7.70668,
            11.58355
          ],
          [
            10.08593,
            2.46501,
            9.14879
          ],
          [
            8.01007,
            1.90033,
            9.89586
          ],
          [
            11.05951,
            2.83264,
            11.58346
          ],
          [
            12.89979,
            7.33789,
            9.14865
          ],
          [
            10.82375,
            6.77342,
            9.89563
          ],
          [
            13.87292,
            7.70587,
            11.58343
          ],
          [
            2.12868,
            1.86782,
            8.89536
          ],
          [
            3.42524,
            2.94769,
            12.06038
          ],
          [
            4.04635,
            1.2911,
            11.914
          ],
          [
            5.85488,
            2.76053,
            10.7022
          ],
          [
            4.94245,
            6.74093,
            8.89506
          ],
          [
            6.23855,
            7.82066,
            12.06013
          ],
          [
            6.86,
            6.1642,
            11.91396
          ],
          [
            8.66812,
            7.63449,
            10.70205
          ],
          [
            7.75539,
            1.86869,
            8.89725
          ],
          [
            9.05348,
            2.94813,
            12.05863
          ],
          [
            9.67417,
            1.29125,
            11.91362
          ],
          [
            11.48275,
            2.76264,
            10.70122
          ],
          [
            10.56921,
            6.74189,
            8.89687
          ],
          [
            11.86677,
            7.82109,
            12.05832
          ],
          [
            12.48779,
            6.16433,
            11.91356
          ],
          [
            14.29594,
            7.63662,
            10.70103
          ]
        ],
        "Stress": [
          [
            -50.81884,
            0.08808,
            -1.09024
          ],
          [
            0.08808,
            -52.73262,
            -0.17911
          ],
          [
            -1.09024,
            -0.17911,
            -3.92134
          ]
        ],
        "computation_code": "VASP",
        "pseudopotential_information": [
          [
            "PAW_PBE",
            "Pt",
            "04Feb2005"
          ],
          [
            "PAW_PBE",
            "C",
            "08Apr2002"
          ],
          [
            "PAW_PBE",
            "O",
            "08Apr2002"
          ],
          [
            "PAW_PBE",
            "H",
            "15Jun2001"
          ]
        ]
      }
    ],
    "EnergyStyle": "electronvolt",
    "ForcesStyle": "electronvoltperangstrom",
    "LatticeStyle": "angstrom",
    "PositionsStyle": "angstrom",
    "StressStyle": "kB"
  }
}