{
  "Dataset": {
    "AtomTypeStyle": "chemicalsymbol",
    "Data": [
      {
        "AtomTypes": [
          "Pt",
          "Pt",
          "Pt",
          "Pt",
          "Pt",
          "Pt",
          "Pt",
          "Pt",
          "Pt",
          "Pt",
          "Pt",
          "Pt",
          "Pt",
          "Pt",
          "Pt",
          "Pt",
          "Pt",
          "Pt",
          "Pt",
          "Pt",
          "Pt",
          "Pt",
          "Pt",
          "Pt",
          "Pt",
          "Pt",
          "Pt",
          "Pt",
          "Pt",
          "Pt",
          "Pt",
          "Pt",
          "Pt",
          "Pt",
          "Pt",
          "Pt",
          "Pt",
          "Pt",
          "Pt",
          "Pt",
          "Pt",
          "Pt",
          "Pt",
          "Pt",
          "Pt",
          "Pt",
          "Pt",
          "Pt",
          "Pt",
          "Pt",
          "Pt",
          "Pt",
          "Pt",
          "Pt",
          "Pt",
          "Pt",
          "Pt",
          "Pt",
          "Pt",
          "Pt",
          "Pt",
          "Pt",
          "Pt",
          "Pt",
          "Pt",
          "Pt",
          "Pt",
          "Pt",
          "Pt",
          "Pt",
          "Pt",
          "Pt",
          "C",
          "C",
          "C",
          "C",
          "C",
          "C",
          "O",
          "O",
          "O",
          "O",
          "O",
          "O",
          "H",
          "H",
          "H",
          "H",
          "H",
          "H",
          "H",
          "H",
          "H",
          "H",
          "H",
          "H"
        ],
        "Energy": -347.03140789,
        "Forces": [
          [
            0.015134,
            -0.027567,
            -0.036076
          ],
          [
            0.024352,
            -0.012987,
            -0.049465
          ],
          [
            0.014369,
            -0.035348,
            -0.071609
          ],
          [
            0.011266,
            -0.029222,
            -0.034108
          ],
          [
            -0.003105,
            -0.011488,
            -0.04297
          ],
          [
            0.004539,
            0.000762,
            -0.100964
          ],
          [
            0.017768,
            -0.021359,
            -0.029695
          ],
          [
            0.015343,
            -0.024082,
            -0.04337
          ],
          [
            0.007214,
            -0.020551,
            -0.046787
          ],
          [
            0.019294,
            -0.010576,
            -0.102278
          ],
          [
            0.015185,
            -0.033214,
            -0.034929
          ],
          [
            0.011816,
            -0.019024,
            -0.043661
          ],
          [
            0.005023,
            -0.037693,
            -0.069706
          ],
          [
            0.006585,
            -0.018362,
            -0.040525
          ],
          [
            0.028347,
            -0.010117,
            -0.044308
          ],
          [
            0.013308,
            -0.018957,
            -0.045523
          ],
          [
            0.015913,
            -0.025458,
            -0.039062
          ],
          [
            0.000218,
            -0.006395,
            -0.042984
          ],
          [
            -0.041714,
            0.031345,
            0.078584
          ],
          [
            0.024567,
            0.006118,
            0.046419
          ],
          [
            -0.010334,
            0.00954,
            0.036683
          ],
          [
            -0.007724,
            0.009582,
            0.043015
          ],
          [
            -0.028705,
            -0.005374,
            0.062443
          ],
          [
            -0.009713,
            0.032705,
            0.039038
          ],
          [
            0.010632,
            0.033817,
            0.098809
          ],
          [
            -0.038105,
            0.010134,
            0.044578
          ],
          [
            -0.010731,
            0.083842,
            0.077767
          ],
          [
            -0.006447,
            0.079811,
            0.049505
          ],
          [
            -0.003622,
            0.005798,
            0.033929
          ],
          [
            -0.041822,
            0.010901,
            0.044696
          ],
          [
            -0.014678,
            0.025953,
            0.026952
          ],
          [
            0.016873,
            0.034796,
            0.077126
          ],
          [
            0.019355,
            -0.001939,
            0.072668
          ],
          [
            -0.011064,
            0.034028,
            -0.005368
          ],
          [
            -0.038706,
            0.03999,
            0.074057
          ],
          [
            -0.018042,
            0.006016,
            0.075899
          ],
          [
            -0.001301,
            -0.000986,
            0.00145
          ],
          [
            0.004155,
            0.000665,
            0.000124
          ],
          [
            -0.003901,
            0.002264,
            -0.003634
          ],
          [
            -0.000126,
            -0.001497,
            0.002435
          ],
          [
            -0.001142,
            -0.00384,
            -0.002247
          ],
          [
            -0.000337,
            0.000796,
            -0.001743
          ],
          [
            0.002226,
            -9.4e-05,
            0.001267
          ],
          [
            0.002669,
            3.3e-05,
            -0.001565
          ],
          [
            0.002187,
            -0.000903,
            -0.004264
          ],
          [
            -0.00038,
            -0.001984,
            -0.003516
          ],
          [
            -0.000774,
            -0.000117,
            -0.002311
          ],
          [
            -0.002445,
            -0.001617,
            -0.003414
          ],
          [
            0.001173,
            -0.000657,
            -0.001625
          ],
          [
            0.001678,
            0.001421,
            -0.004898
          ],
          [
            -0.001286,
            0.002649,
            0.00356
          ],
          [
            -0.002562,
            -0.001468,
            -0.004094
          ],
          [
            0.004754,
            0.001246,
            -0.003841
          ],
          [
            0.000337,
            -0.001139,
            -0.00012
          ],
          [
            0.005544,
            0.00217,
            -0.000532
          ],
          [
            0.000257,
            -0.00561,
            0.000146
          ],
          [
            -0.000791,
            0.000436,
            -0.001058
          ],
          [
            -0.000691,
            0.000503,
            0.005706
          ],
          [
            0.004759,
            -0.001852,
            -0.000894
          ],
          [
            -0.004473,
            -0.002211,
            -0.007872
          ],
          [
            -0.000985,
            8.3e-05,
            -0.007658
          ],
          [
            -0.003265,
            -0.002068,
            -0.000477
          ],
          [
            0.000307,
            0.000157,
            0.001223
          ],
          [
            -0.001815,
            -0.001246,
            0.000925
          ],
          [
            -5.4e-05,
            -0.002966,
            -0.003705
          ],
          [
            0.001691,
            -0.004468,
            0.001341
          ],
          [
            0.001966,
            -2.9e-05,
            -0.00055
          ],
          [
            -0.000679,
            -0.001093,
            0.0015
          ],
          [
            0.000853,
            -0.003567,
            -0.001059
          ],
          [
            -0.003133,
            -0.002086,
            0.004706
          ],
          [
            -0.001644,
            -0.000368,
            -0.004038
          ],
          [
            0.000367,
            -0.003317,
            -0.001613
          ],
          [
            0.019182,
            -0.016091,
            0.011077
          ],
          [
            -0.004201,
            0.005701,
            -0.029467
          ],
          [
            0.003167,
            0.001664,
            -0.004804
          ],
          [
            -0.036052,
            0.008232,
            -0.011379
          ],
          [
            -0.002803,
            0.003692,
            -0.002135
          ],
          [
            -0.002939,
            -0.003087,
            -0.01865
          ],
          [
            0.008405,
            -0.010488,
            0.015151
          ],
          [
            0.00823,
            0.007771,
            0.001422
          ],
          [
            -0.022983,
            0.001333,
            -0.006302
          ],
          [
            -0.001819,
            0.01147,
            -0.000837
          ],
          [
            0.027479,
            -0.021989,
            0.010821
          ],
          [
            0.01458,
            0.013449,
            0.01556
          ],
          [
            -0.004466,
            -0.012647,
            -0.007897
          ],
          [
            -0.001863,
            -0.006435,
            0.005883
          ],
          [
            -0.005953,
            0.008668,
            -0.00204
          ],
          [
            -0.002745,
            -0.009761,
            -0.00077
          ],
          [
            -0.005272,
            0.002367,
            0.000101
          ],
          [
            0.000175,
            -0.003988,
            0.014325
          ],
          [
            -0.001329,
            -0.014076,
            -0.000288
          ],
          [
            0.005652,
            -0.016516,
            -0.00435
          ],
          [
            -0.006792,
            0.003816,
            -0.014964
          ],
          [
            -0.001544,
            0.001725,
            0.004166
          ],
          [
            -0.007374,
            0.002313,
            -0.001163
          ],
          [
            0.005543,
            -0.00979,
            0.010104
          ]
        ],
        "Lattice": [
          [
            8.440733911,
            0.0,
            0.0
          ],
          [
            8.440733911,
            14.619780548,
            0.0
          ],
          [
            0.0,
            0.0,
            21.483230591
          ]
        ],
        "NumAtoms": 96,
        "Positions": [
          [
            4.22079,
            2.43687,
            0.0
          ],
          [
            9.84794,
            12.18339,
            0.0
          ],
          [
            7.03437,
            7.31013,
            0.0
          ],
          [
            7.03437,
            2.43687,
            0.0
          ],
          [
            12.66152,
            12.18339,
            0.0
          ],
          [
            9.84795,
            7.31013,
            0.0
          ],
          [
            1.40721,
            2.43687,
            0.0
          ],
          [
            7.03437,
            12.18339,
            0.0
          ],
          [
            4.22079,
            7.31013,
            0.0
          ],
          [
            2.81385,
            0.0,
            0.0
          ],
          [
            8.44101,
            9.74652,
            0.0
          ],
          [
            5.62743,
            4.87326,
            0.0
          ],
          [
            5.62743,
            0.0,
            0.0
          ],
          [
            11.25459,
            9.74652,
            0.0
          ],
          [
            8.44101,
            4.87326,
            0.0
          ],
          [
            0.00028,
            0.0,
            0.0
          ],
          [
            5.62743,
            9.74652,
            0.0
          ],
          [
            2.81385,
            4.87326,
            0.0
          ],
          [
            7.03462,
            4.06144,
            2.2975
          ],
          [
            12.66177,
            13.80796,
            2.2975
          ],
          [
            9.8482,
            8.9347,
            2.2975
          ],
          [
            9.8482,
            4.06144,
            2.2975
          ],
          [
            15.47535,
            13.80796,
            2.2975
          ],
          [
            12.66177,
            8.9347,
            2.2975
          ],
          [
            4.22104,
            4.06144,
            2.2975
          ],
          [
            9.8482,
            13.80796,
            2.2975
          ],
          [
            7.03462,
            8.9347,
            2.2975
          ],
          [
            5.62769,
            1.62456,
            2.2975
          ],
          [
            11.25484,
            11.37109,
            2.2975
          ],
          [
            8.44127,
            6.49782,
            2.2975
          ],
          [
            8.44127,
            1.62456,
            2.2975
          ],
          [
            14.06842,
            11.37109,
            2.2975
          ],
          [
            11.25484,
            6.49782,
            2.2975
          ],
          [
            2.81411,
            1.62456,
            2.2975
          ],
          [
            8.44127,
            11.37109,
            2.2975
          ],
          [
            5.62769,
            6.49782,
            2.2975
          ],
          [
            1.39227,
            0.83719,
            4.56142
          ],
          [
            7.02012,
            10.59193,
            4.58144
          ],
          [
            4.21365,
            5.70631,
            4.5812
          ],
          [
            4.2042,
            0.84014,
            4.55753
          ],
          [
            9.83198,
            10.5814,
            4.56625
          ],
          [
            7.01095,
            5.70334,
            4.57386
          ],
          [
            7.01575,
            0.83679,
            4.56268
          ],
          [
            12.64235,
            10.58201,
            4.56775
          ],
          [
            9.83427,
            5.71194,
            4.56191
          ],
          [
            2.79824,
            3.27574,
            4.57043
          ],
          [
            8.41869,
            13.01927,
            4.57305
          ],
          [
            5.614,
            8.14792,
            4.56243
          ],
          [
            5.61018,
            3.28146,
            4.58143
          ],
          [
            11.23851,
            13.02267,
            4.55836
          ],
          [
            8.4267,
            8.14425,
            4.56051
          ],
          [
            8.42678,
            3.27237,
            4.56547
          ],
          [
            14.05612,
            13.01608,
            4.57466
          ],
          [
            11.23858,
            8.14496,
            4.56377
          ],
          [
            5.58906,
            0.06872,
            6.86558
          ],
          [
            11.22439,
            9.79352,
            6.88681
          ],
          [
            8.42583,
            4.92563,
            6.8645
          ],
          [
            2.78236,
            0.05373,
            6.87309
          ],
          [
            8.4197,
            9.78665,
            6.88015
          ],
          [
            5.60542,
            4.92839,
            6.92333
          ],
          [
            11.22107,
            4.92233,
            6.87685
          ],
          [
            8.41602,
            0.06994,
            6.87324
          ],
          [
            14.02927,
            9.79319,
            6.87027
          ],
          [
            9.82215,
            2.48551,
            6.88069
          ],
          [
            15.44093,
            12.23055,
            6.90318
          ],
          [
            12.62771,
            7.37175,
            6.87319
          ],
          [
            7.00751,
            2.48319,
            6.87105
          ],
          [
            12.6206,
            12.23379,
            6.8687
          ],
          [
            9.82254,
            7.36387,
            6.88336
          ],
          [
            7.01396,
            7.37225,
            6.86621
          ],
          [
            4.18511,
            2.48437,
            6.8792
          ],
          [
            9.82755,
            12.23056,
            6.85893
          ],
          [
            7.45919,
            10.52451,
            10.34156
          ],
          [
            7.74297,
            12.02083,
            10.38558
          ],
          [
            9.21922,
            12.35158,
            10.2673
          ],
          [
            6.75256,
            6.81552,
            10.36568
          ],
          [
            6.43022,
            5.32747,
            10.42991
          ],
          [
            7.60939,
            4.40757,
            10.19304
          ],
          [
            15.36435,
            12.65543,
            9.3811
          ],
          [
            5.36353,
            5.03073,
            9.51308
          ],
          [
            8.34064,
            9.70687,
            10.65039
          ],
          [
            6.21999,
            10.21355,
            10.03596
          ],
          [
            5.85212,
            7.61909,
            10.05758
          ],
          [
            7.97264,
            7.14677,
            10.70303
          ],
          [
            6.07522,
            9.19504,
            10.03253
          ],
          [
            7.36613,
            12.3537,
            11.37704
          ],
          [
            15.62936,
            13.59762,
            9.28266
          ],
          [
            9.37498,
            13.44058,
            10.33347
          ],
          [
            9.79153,
            11.85828,
            11.06606
          ],
          [
            9.62062,
            12.00148,
            9.29515
          ],
          [
            8.11628,
            8.17584,
            10.6719
          ],
          [
            4.78146,
            5.82649,
            9.46081
          ],
          [
            6.04662,
            5.16303,
            11.46198
          ],
          [
            8.3559,
            4.52235,
            10.99132
          ],
          [
            7.26714,
            3.36237,
            10.15526
          ],
          [
            8.1021,
            4.64502,
            9.22817
          ]
        ],
        "Stress": [
          [
            -52.64683,
            -0.61067,
            -0.21139
          ],
          [
            -0.61067,
            -52.045,
            0.13849
          ],
          [
            -0.21139,
            0.13849,
            -2.74644
          ]
        ],
        "computation_code": "VASP",
        "pseudopotential_information": [
          [
            "PAW_PBE",
            "Pt",
            "04Feb2005"
          ],
          [
            "PAW_PBE",
            "C",
            "08Apr2002"
          ],
          [
            "PAW_PBE",
            "O",
            "08Apr2002"
          ],
          [
            "PAW_PBE",
            "H",
            "15Jun2001"
          ]
        ]
      }
    ],
    "EnergyStyle": "electronvolt",
    "ForcesStyle": "electronvoltperangstrom",
    "LatticeStyle": "angstrom",
    "PositionsStyle": "angstrom",
    "StressStyle": "kB"
  }
}