{
  "Dataset": {
    "AtomTypeStyle": "chemicalsymbol",
    "Data": [
      {
        "AtomTypes": [
          "Pt",
          "Pt",
          "Pt",
          "Pt",
          "Pt",
          "Pt",
          "Pt",
          "Pt",
          "Pt",
          "Pt",
          "Pt",
          "Pt",
          "Pt",
          "Pt",
          "Pt",
          "Pt",
          "Pt",
          "Pt",
          "Pt",
          "Pt",
          "Pt",
          "Pt",
          "Pt",
          "Pt",
          "Pt",
          "Pt",
          "Pt",
          "Pt",
          "Pt",
          "Pt",
          "Pt",
          "Pt",
          "Pt",
          "Pt",
          "Pt",
          "Pt",
          "Pt",
          "Pt",
          "Pt",
          "Pt",
          "Pt",
          "Pt",
          "Pt",
          "Pt",
          "Pt",
          "Pt",
          "Pt",
          "Pt",
          "Pt",
          "Pt",
          "Pt",
          "Pt",
          "Pt",
          "Pt",
          "Pt",
          "Pt",
          "Pt",
          "Pt",
          "Pt",
          "Pt",
          "Pt",
          "Pt",
          "Pt",
          "Pt",
          "Pt",
          "Pt",
          "Pt",
          "Pt",
          "Pt",
          "Pt",
          "Pt",
          "Pt",
          "C",
          "C",
          "C",
          "C",
          "C",
          "C",
          "O",
          "O",
          "O",
          "O",
          "O",
          "O",
          "H",
          "H",
          "H",
          "H",
          "H",
          "H",
          "H",
          "H",
          "H",
          "H",
          "H",
          "H"
        ],
        "Energy": -347.03013702,
        "Forces": [
          [
            0.014828,
            -0.027954,
            -0.035308
          ],
          [
            0.024121,
            -0.014385,
            -0.049958
          ],
          [
            0.014193,
            -0.036191,
            -0.071276
          ],
          [
            0.011079,
            -0.029557,
            -0.035001
          ],
          [
            -0.004086,
            -0.012568,
            -0.044158
          ],
          [
            0.004951,
            -0.00025,
            -0.099139
          ],
          [
            0.017252,
            -0.021375,
            -0.029895
          ],
          [
            0.014452,
            -0.025408,
            -0.043608
          ],
          [
            0.007099,
            -0.020946,
            -0.046818
          ],
          [
            0.018253,
            -0.011494,
            -0.102158
          ],
          [
            0.014668,
            -0.033813,
            -0.034744
          ],
          [
            0.012241,
            -0.019508,
            -0.043633
          ],
          [
            0.003728,
            -0.038093,
            -0.06845
          ],
          [
            0.006991,
            -0.018694,
            -0.040712
          ],
          [
            0.028168,
            -0.011049,
            -0.045031
          ],
          [
            0.012581,
            -0.019155,
            -0.04452
          ],
          [
            0.015837,
            -0.026214,
            -0.039664
          ],
          [
            0.000147,
            -0.007374,
            -0.043243
          ],
          [
            -0.042194,
            0.032787,
            0.075137
          ],
          [
            0.027397,
            0.010852,
            0.048014
          ],
          [
            -0.012267,
            0.009658,
            0.038069
          ],
          [
            -0.005739,
            0.009648,
            0.040347
          ],
          [
            -0.026104,
            -0.00374,
            0.059725
          ],
          [
            -0.011183,
            0.033448,
            0.03894
          ],
          [
            0.009925,
            0.032322,
            0.096817
          ],
          [
            -0.035289,
            0.012511,
            0.04292
          ],
          [
            -0.009131,
            0.085705,
            0.083284
          ],
          [
            -0.007536,
            0.079516,
            0.055768
          ],
          [
            -0.003289,
            0.005535,
            0.033228
          ],
          [
            -0.042152,
            0.015083,
            0.047469
          ],
          [
            -0.014293,
            0.023678,
            0.025054
          ],
          [
            0.019364,
            0.036159,
            0.074848
          ],
          [
            0.017142,
            0.002846,
            0.069908
          ],
          [
            -0.008858,
            0.03383,
            -0.000525
          ],
          [
            -0.038591,
            0.040733,
            0.072522
          ],
          [
            -0.014681,
            0.007678,
            0.07191
          ],
          [
            0.001928,
            -0.000952,
            0.001594
          ],
          [
            0.001537,
            -0.002048,
            0.001108
          ],
          [
            -0.001157,
            -0.004513,
            0.003059
          ],
          [
            0.003742,
            0.001086,
            -0.004575
          ],
          [
            0.006274,
            0.003445,
            -0.001592
          ],
          [
            -0.000622,
            0.001667,
            -0.001649
          ],
          [
            0.000361,
            0.003714,
            -0.002069
          ],
          [
            -0.004977,
            0.002624,
            0.003679
          ],
          [
            -0.002347,
            0.000156,
            -0.000469
          ],
          [
            -0.000172,
            -0.00217,
            -0.004097
          ],
          [
            -0.001015,
            -0.004364,
            -0.000279
          ],
          [
            0.002557,
            0.003183,
            0.003611
          ],
          [
            0.000114,
            -0.003759,
            -0.001315
          ],
          [
            -0.001118,
            -0.002169,
            0.004283
          ],
          [
            -0.004499,
            -0.002611,
            -0.004603
          ],
          [
            -0.002051,
            0.004577,
            0.005174
          ],
          [
            -0.002851,
            -0.001421,
            0.002938
          ],
          [
            0.004963,
            -0.001678,
            -0.002342
          ],
          [
            -0.001707,
            0.00485,
            -0.003445
          ],
          [
            0.002718,
            0.0028,
            -5.9e-05
          ],
          [
            -0.003869,
            -0.001224,
            -0.001437
          ],
          [
            0.001047,
            -0.000151,
            -0.002848
          ],
          [
            -0.003061,
            -0.000535,
            0.000263
          ],
          [
            -6.2e-05,
            -0.002347,
            0.00653
          ],
          [
            -0.002204,
            -0.000726,
            -0.00672
          ],
          [
            0.00049,
            -0.002977,
            0.000462
          ],
          [
            0.00354,
            -0.00698,
            -0.004881
          ],
          [
            0.001874,
            0.000416,
            -0.001567
          ],
          [
            -0.003321,
            -0.004044,
            0.001945
          ],
          [
            0.00037,
            0.003449,
            -0.001308
          ],
          [
            0.000985,
            -0.001379,
            -0.002576
          ],
          [
            0.001387,
            0.002792,
            -0.004234
          ],
          [
            0.000952,
            -0.003918,
            -0.002993
          ],
          [
            -0.001554,
            -0.002788,
            -0.005132
          ],
          [
            0.000726,
            -0.002177,
            -0.003269
          ],
          [
            0.000641,
            0.000243,
            -0.001938
          ],
          [
            -0.008532,
            0.005015,
            0.002161
          ],
          [
            -0.007939,
            0.002463,
            -0.026744
          ],
          [
            0.000561,
            -0.004969,
            -0.005867
          ],
          [
            -0.008137,
            0.059345,
            -0.011271
          ],
          [
            -0.016298,
            -0.025908,
            -0.006936
          ],
          [
            0.015908,
            -7.6e-05,
            0.013645
          ],
          [
            0.013484,
            0.039054,
            0.02352
          ],
          [
            -0.004217,
            -0.009448,
            -0.02639
          ],
          [
            0.012914,
            -0.006623,
            -0.000623
          ],
          [
            -0.004924,
            0.007646,
            -0.014483
          ],
          [
            0.060596,
            -0.042811,
            0.003169
          ],
          [
            -0.040187,
            -0.020018,
            -0.018476
          ],
          [
            -0.011986,
            -0.009955,
            0.014763
          ],
          [
            0.005718,
            -0.00626,
            0.003214
          ],
          [
            -0.010701,
            -0.059848,
            -0.000331
          ],
          [
            -0.004397,
            -0.01063,
            -0.003067
          ],
          [
            -0.011802,
            0.005504,
            0.004277
          ],
          [
            0.001121,
            -0.000154,
            0.007636
          ],
          [
            0.007774,
            0.007124,
            0.013992
          ],
          [
            -0.00145,
            0.00027,
            -0.010103
          ],
          [
            0.010555,
            -0.007087,
            0.005668
          ],
          [
            -0.001609,
            -0.003157,
            0.009388
          ],
          [
            -0.014524,
            -0.001661,
            0.005189
          ],
          [
            -0.000568,
            0.007888,
            -0.007697
          ]
        ],
        "Lattice": [
          [
            8.440733911,
            0.0,
            0.0
          ],
          [
            8.440733911,
            14.619780548,
            0.0
          ],
          [
            0.0,
            0.0,
            21.483230591
          ]
        ],
        "NumAtoms": 96,
        "Positions": [
          [
            4.22079,
            2.43687,
            0.0
          ],
          [
            9.84794,
            12.18339,
            0.0
          ],
          [
            7.03437,
            7.31013,
            0.0
          ],
          [
            7.03437,
            2.43687,
            0.0
          ],
          [
            12.66152,
            12.18339,
            0.0
          ],
          [
            9.84795,
            7.31013,
            0.0
          ],
          [
            1.40721,
            2.43687,
            0.0
          ],
          [
            7.03437,
            12.18339,
            0.0
          ],
          [
            4.22079,
            7.31013,
            0.0
          ],
          [
            2.81385,
            0.0,
            0.0
          ],
          [
            8.44101,
            9.74652,
            0.0
          ],
          [
            5.62743,
            4.87326,
            0.0
          ],
          [
            5.62743,
            0.0,
            0.0
          ],
          [
            11.25459,
            9.74652,
            0.0
          ],
          [
            8.44101,
            4.87326,
            0.0
          ],
          [
            0.00028,
            0.0,
            0.0
          ],
          [
            5.62743,
            9.74652,
            0.0
          ],
          [
            2.81385,
            4.87326,
            0.0
          ],
          [
            7.03462,
            4.06144,
            2.2975
          ],
          [
            12.66177,
            13.80796,
            2.2975
          ],
          [
            9.8482,
            8.9347,
            2.2975
          ],
          [
            9.8482,
            4.06144,
            2.2975
          ],
          [
            15.47535,
            13.80796,
            2.2975
          ],
          [
            12.66177,
            8.9347,
            2.2975
          ],
          [
            4.22104,
            4.06144,
            2.2975
          ],
          [
            9.8482,
            13.80796,
            2.2975
          ],
          [
            7.03462,
            8.9347,
            2.2975
          ],
          [
            5.62769,
            1.62456,
            2.2975
          ],
          [
            11.25484,
            11.37109,
            2.2975
          ],
          [
            8.44127,
            6.49782,
            2.2975
          ],
          [
            8.44127,
            1.62456,
            2.2975
          ],
          [
            14.06842,
            11.37109,
            2.2975
          ],
          [
            11.25484,
            6.49782,
            2.2975
          ],
          [
            2.81411,
            1.62456,
            2.2975
          ],
          [
            8.44127,
            11.37109,
            2.2975
          ],
          [
            5.62769,
            6.49782,
            2.2975
          ],
          [
            1.39306,
            0.83838,
            4.56189
          ],
          [
            7.02128,
            10.59351,
            4.58184
          ],
          [
            4.21309,
            5.7084,
            4.57959
          ],
          [
            4.20436,
            0.84137,
            4.55913
          ],
          [
            9.8324,
            10.58176,
            4.56603
          ],
          [
            7.0115,
            5.70485,
            4.5738
          ],
          [
            7.01608,
            0.83802,
            4.56311
          ],
          [
            12.64396,
            10.58308,
            4.5673
          ],
          [
            9.83472,
            5.71288,
            4.56144
          ],
          [
            2.79844,
            3.27668,
            4.57087
          ],
          [
            8.4206,
            13.02102,
            4.5724
          ],
          [
            5.61389,
            8.14865,
            4.5623
          ],
          [
            5.61029,
            3.28294,
            4.58143
          ],
          [
            11.24038,
            13.02418,
            4.55772
          ],
          [
            8.42678,
            8.1455,
            4.5619
          ],
          [
            8.42687,
            3.2727,
            4.56442
          ],
          [
            14.05803,
            13.01794,
            4.5742
          ],
          [
            11.23829,
            8.14608,
            4.56438
          ],
          [
            5.59079,
            0.07173,
            6.86634
          ],
          [
            11.22607,
            9.79433,
            6.88685
          ],
          [
            8.42644,
            4.92858,
            6.86374
          ],
          [
            2.78324,
            0.05609,
            6.87534
          ],
          [
            8.42226,
            9.7888,
            6.88068
          ],
          [
            5.6048,
            4.93198,
            6.9208
          ],
          [
            11.22164,
            4.92475,
            6.87672
          ],
          [
            8.41711,
            0.07386,
            6.87263
          ],
          [
            14.03032,
            9.79657,
            6.87069
          ],
          [
            9.82176,
            2.48829,
            6.88142
          ],
          [
            15.44453,
            12.23446,
            6.90198
          ],
          [
            12.62887,
            7.37323,
            6.87389
          ],
          [
            7.00778,
            2.48704,
            6.87193
          ],
          [
            12.62235,
            12.23591,
            6.86874
          ],
          [
            9.82307,
            7.36571,
            6.88436
          ],
          [
            7.01422,
            7.37555,
            6.86807
          ],
          [
            4.18501,
            2.48729,
            6.87988
          ],
          [
            9.83022,
            12.23243,
            6.85807
          ],
          [
            7.46566,
            10.54117,
            10.33642
          ],
          [
            7.74952,
            12.03804,
            10.38176
          ],
          [
            9.22647,
            12.36835,
            10.27025
          ],
          [
            6.75621,
            6.83057,
            10.36278
          ],
          [
            6.43315,
            5.34411,
            10.4299
          ],
          [
            7.60851,
            4.41956,
            10.19327
          ],
          [
            15.37555,
            12.67039,
            9.37142
          ],
          [
            5.36533,
            5.04448,
            9.51657
          ],
          [
            8.3462,
            9.72189,
            10.64022
          ],
          [
            6.22505,
            10.23186,
            10.0338
          ],
          [
            5.8536,
            7.63576,
            10.06418
          ],
          [
            7.98086,
            7.16073,
            10.6901
          ],
          [
            6.08108,
            9.21348,
            10.02587
          ],
          [
            7.3656,
            12.37173,
            11.37027
          ],
          [
            15.62644,
            13.61894,
            9.28332
          ],
          [
            9.38353,
            13.45692,
            10.33975
          ],
          [
            9.79633,
            11.8716,
            11.06875
          ],
          [
            9.6306,
            12.01951,
            9.29894
          ],
          [
            8.12304,
            8.1883,
            10.65622
          ],
          [
            4.77774,
            5.83563,
            9.46794
          ],
          [
            6.04795,
            5.18467,
            11.46177
          ],
          [
            8.35718,
            4.53508,
            10.98944
          ],
          [
            7.26353,
            3.37536,
            10.15938
          ],
          [
            8.10247,
            4.64982,
            9.22797
          ]
        ],
        "Stress": [
          [
            -52.69437,
            -0.60369,
            -0.20302
          ],
          [
            -0.60369,
            -52.07676,
            0.08546
          ],
          [
            -0.20302,
            0.08546,
            -2.73873
          ]
        ],
        "computation_code": "VASP",
        "pseudopotential_information": [
          [
            "PAW_PBE",
            "Pt",
            "04Feb2005"
          ],
          [
            "PAW_PBE",
            "C",
            "08Apr2002"
          ],
          [
            "PAW_PBE",
            "O",
            "08Apr2002"
          ],
          [
            "PAW_PBE",
            "H",
            "15Jun2001"
          ]
        ]
      }
    ],
    "EnergyStyle": "electronvolt",
    "ForcesStyle": "electronvoltperangstrom",
    "LatticeStyle": "angstrom",
    "PositionsStyle": "angstrom",
    "StressStyle": "kB"
  }
}