{
  "Dataset": {
    "AtomTypeStyle": "chemicalsymbol",
    "Data": [
      {
        "AtomTypes": [
          "Pt",
          "Pt",
          "Pt",
          "Pt",
          "Pt",
          "Pt",
          "Pt",
          "Pt",
          "Pt",
          "Pt",
          "Pt",
          "Pt",
          "Pt",
          "Pt",
          "Pt",
          "Pt",
          "Pt",
          "Pt",
          "Pt",
          "Pt",
          "Pt",
          "Pt",
          "Pt",
          "Pt",
          "Pt",
          "Pt",
          "Pt",
          "Pt",
          "Pt",
          "Pt",
          "Pt",
          "Pt",
          "Pt",
          "Pt",
          "Pt",
          "Pt",
          "Pt",
          "Pt",
          "Pt",
          "Pt",
          "Pt",
          "Pt",
          "Pt",
          "Pt",
          "Pt",
          "Pt",
          "Pt",
          "Pt",
          "Pt",
          "Pt",
          "Pt",
          "Pt",
          "Pt",
          "Pt",
          "Pt",
          "Pt",
          "Pt",
          "Pt",
          "Pt",
          "Pt",
          "Pt",
          "Pt",
          "Pt",
          "Pt",
          "Pt",
          "Pt",
          "Pt",
          "Pt",
          "Pt",
          "Pt",
          "Pt",
          "Pt",
          "C",
          "C",
          "C",
          "C",
          "C",
          "C",
          "O",
          "O",
          "O",
          "O",
          "O",
          "O",
          "H",
          "H",
          "H",
          "H",
          "H",
          "H",
          "H",
          "H",
          "H",
          "H",
          "H",
          "H"
        ],
        "Energy": -346.90191249,
        "Forces": [
          [
            0.028068,
            -0.011624,
            -0.039802
          ],
          [
            0.035242,
            0.007759,
            -0.058913
          ],
          [
            0.017538,
            -0.038148,
            -0.069412
          ],
          [
            0.016398,
            -0.004466,
            -0.041158
          ],
          [
            0.007831,
            -0.037161,
            -0.069632
          ],
          [
            0.027501,
            0.019932,
            -0.039594
          ],
          [
            0.016896,
            0.022815,
            -0.022406
          ],
          [
            0.013516,
            -0.035404,
            -0.051143
          ],
          [
            0.032766,
            -0.032925,
            -0.062861
          ],
          [
            0.02679,
            0.01138,
            -0.061391
          ],
          [
            0.011911,
            -0.01476,
            -0.031282
          ],
          [
            0.024617,
            -0.027358,
            -0.06949
          ],
          [
            0.020204,
            -0.045247,
            -0.053215
          ],
          [
            0.02818,
            -0.001705,
            -0.04616
          ],
          [
            0.029164,
            0.014116,
            -0.038336
          ],
          [
            0.01617,
            -0.00112,
            -0.045507
          ],
          [
            0.025564,
            -0.02937,
            -0.052081
          ],
          [
            0.030584,
            0.006466,
            -0.058022
          ],
          [
            -0.045093,
            -0.047237,
            0.154169
          ],
          [
            -0.003012,
            0.071585,
            0.186887
          ],
          [
            -0.020089,
            -0.01447,
            0.050596
          ],
          [
            -0.037638,
            -0.079078,
            0.014438
          ],
          [
            -0.117917,
            0.044018,
            0.130507
          ],
          [
            0.000593,
            0.063524,
            0.184256
          ],
          [
            -0.002883,
            -0.010362,
            0.155323
          ],
          [
            -0.045032,
            -0.037283,
            0.040222
          ],
          [
            -0.037448,
            0.148988,
            0.211001
          ],
          [
            -0.047288,
            0.04667,
            0.282822
          ],
          [
            0.011498,
            0.002599,
            0.088635
          ],
          [
            -0.064244,
            0.000981,
            -0.007784
          ],
          [
            -0.019195,
            -0.04107,
            0.123558
          ],
          [
            0.012556,
            0.042838,
            0.289544
          ],
          [
            0.001468,
            0.037123,
            0.049926
          ],
          [
            0.016113,
            -0.089135,
            0.175164
          ],
          [
            -0.087728,
            0.018,
            0.078504
          ],
          [
            -0.042004,
            0.099415,
            0.121434
          ],
          [
            0.017516,
            0.038448,
            -0.042743
          ],
          [
            -0.10989,
            -0.002525,
            -0.075418
          ],
          [
            -0.011712,
            -0.001205,
            0.066757
          ],
          [
            -0.064183,
            0.040093,
            -0.192201
          ],
          [
            0.037483,
            0.012267,
            -0.034968
          ],
          [
            0.063841,
            0.016416,
            0.03115
          ],
          [
            -0.06216,
            -0.004788,
            -0.089578
          ],
          [
            0.034007,
            -0.049397,
            -0.03659
          ],
          [
            0.002467,
            -0.010077,
            0.066814
          ],
          [
            0.099771,
            0.036002,
            0.058981
          ],
          [
            0.241762,
            -0.055352,
            0.015865
          ],
          [
            -0.124453,
            -0.080319,
            -0.014645
          ],
          [
            -0.005054,
            -0.122446,
            -0.109933
          ],
          [
            -0.113225,
            0.050516,
            -0.036613
          ],
          [
            0.014626,
            0.0949,
            -0.006961
          ],
          [
            -0.050097,
            0.046976,
            0.005979
          ],
          [
            0.140762,
            -0.04979,
            0.042468
          ],
          [
            0.022969,
            -0.069702,
            -0.054702
          ],
          [
            -0.122477,
            -0.060632,
            -0.174985
          ],
          [
            -0.083548,
            0.106483,
            -0.012445
          ],
          [
            0.055437,
            -0.160605,
            -0.153094
          ],
          [
            -0.006961,
            0.069582,
            0.000845
          ],
          [
            -0.014051,
            0.109496,
            0.006451
          ],
          [
            -0.157714,
            -0.129388,
            0.00423
          ],
          [
            0.051699,
            -0.038312,
            0.009314
          ],
          [
            0.115957,
            0.080051,
            -0.040546
          ],
          [
            0.138145,
            -0.089793,
            -0.307482
          ],
          [
            0.057931,
            -0.078023,
            -0.082618
          ],
          [
            0.044222,
            0.117649,
            -0.198935
          ],
          [
            -0.019701,
            0.027312,
            -0.145149
          ],
          [
            0.087707,
            -0.092407,
            -0.13324
          ],
          [
            -0.259432,
            0.097371,
            -0.196399
          ],
          [
            0.024558,
            0.246406,
            0.140589
          ],
          [
            0.070815,
            0.113191,
            -0.087592
          ],
          [
            0.018982,
            -0.104398,
            -0.100807
          ],
          [
            0.020586,
            0.028772,
            0.26091
          ],
          [
            -0.295962,
            0.444901,
            0.127794
          ],
          [
            0.170239,
            -0.048986,
            0.183899
          ],
          [
            -0.156857,
            0.128153,
            -0.075254
          ],
          [
            -0.205672,
            -0.325541,
            -0.143929
          ],
          [
            0.685942,
            0.768432,
            0.016506
          ],
          [
            -0.56324,
            0.526335,
            0.301704
          ],
          [
            0.10595,
            0.182496,
            -0.06892
          ],
          [
            0.328723,
            -0.27543,
            0.075518
          ],
          [
            0.367573,
            -0.649271,
            0.178513
          ],
          [
            -0.328867,
            -0.074488,
            0.11147
          ],
          [
            -0.376281,
            -0.086787,
            0.037963
          ],
          [
            0.359409,
            -0.824375,
            0.313852
          ],
          [
            0.258861,
            0.40048,
            -0.347434
          ],
          [
            -0.087916,
            -0.007798,
            -0.130979
          ],
          [
            0.195805,
            -0.072273,
            0.062603
          ],
          [
            -0.14726,
            -0.181273,
            -0.020036
          ],
          [
            -0.12517,
            -0.060846,
            0.124658
          ],
          [
            -0.043085,
            -0.033189,
            -0.166531
          ],
          [
            -0.091456,
            0.530518,
            -0.328847
          ],
          [
            -0.283619,
            0.356583,
            -0.135654
          ],
          [
            -0.228814,
            -0.12299,
            0.093979
          ],
          [
            0.373838,
            -0.034131,
            0.230215
          ],
          [
            -0.005786,
            -0.721805,
            0.0484
          ],
          [
            0.056923,
            0.00237,
            -0.493386
          ]
        ],
        "Lattice": [
          [
            8.440733911,
            0.0,
            0.0
          ],
          [
            8.440733911,
            14.619780548,
            0.0
          ],
          [
            0.0,
            0.0,
            21.483230591
          ]
        ],
        "NumAtoms": 96,
        "Positions": [
          [
            4.22079,
            2.43687,
            0.0
          ],
          [
            9.84794,
            12.18339,
            0.0
          ],
          [
            7.03437,
            7.31013,
            0.0
          ],
          [
            7.03437,
            2.43687,
            0.0
          ],
          [
            12.66152,
            12.18339,
            0.0
          ],
          [
            9.84795,
            7.31013,
            0.0
          ],
          [
            1.40721,
            2.43687,
            0.0
          ],
          [
            7.03437,
            12.18339,
            0.0
          ],
          [
            4.22079,
            7.31013,
            0.0
          ],
          [
            2.81385,
            0.0,
            0.0
          ],
          [
            8.44101,
            9.74652,
            0.0
          ],
          [
            5.62743,
            4.87326,
            0.0
          ],
          [
            5.62743,
            0.0,
            0.0
          ],
          [
            11.25459,
            9.74652,
            0.0
          ],
          [
            8.44101,
            4.87326,
            0.0
          ],
          [
            0.00028,
            0.0,
            0.0
          ],
          [
            5.62743,
            9.74652,
            0.0
          ],
          [
            2.81385,
            4.87326,
            0.0
          ],
          [
            7.03462,
            4.06144,
            2.2975
          ],
          [
            12.66177,
            13.80796,
            2.2975
          ],
          [
            9.8482,
            8.9347,
            2.2975
          ],
          [
            9.8482,
            4.06144,
            2.2975
          ],
          [
            15.47535,
            13.80796,
            2.2975
          ],
          [
            12.66177,
            8.9347,
            2.2975
          ],
          [
            4.22104,
            4.06144,
            2.2975
          ],
          [
            9.8482,
            13.80796,
            2.2975
          ],
          [
            7.03462,
            8.9347,
            2.2975
          ],
          [
            5.62769,
            1.62456,
            2.2975
          ],
          [
            11.25484,
            11.37109,
            2.2975
          ],
          [
            8.44127,
            6.49782,
            2.2975
          ],
          [
            8.44127,
            1.62456,
            2.2975
          ],
          [
            14.06842,
            11.37109,
            2.2975
          ],
          [
            11.25484,
            6.49782,
            2.2975
          ],
          [
            2.81411,
            1.62456,
            2.2975
          ],
          [
            8.44127,
            11.37109,
            2.2975
          ],
          [
            5.62769,
            6.49782,
            2.2975
          ],
          [
            1.3762,
            0.7932,
            4.57841
          ],
          [
            7.0013,
            10.59412,
            4.61815
          ],
          [
            4.19094,
            5.71247,
            4.57325
          ],
          [
            4.20655,
            0.84078,
            4.61293
          ],
          [
            9.81415,
            10.54063,
            4.55562
          ],
          [
            6.9849,
            5.6986,
            4.56657
          ],
          [
            6.99413,
            0.84848,
            4.59303
          ],
          [
            12.63796,
            10.58913,
            4.59979
          ],
          [
            9.81169,
            5.66606,
            4.54807
          ],
          [
            2.77127,
            3.23605,
            4.57175
          ],
          [
            8.36267,
            13.00888,
            4.56345
          ],
          [
            5.608,
            8.17737,
            4.59083
          ],
          [
            5.5856,
            3.29343,
            4.60526
          ],
          [
            11.25023,
            12.99676,
            4.56877
          ],
          [
            8.40022,
            8.10299,
            4.56232
          ],
          [
            8.40184,
            3.24144,
            4.5812
          ],
          [
            14.02363,
            13.03621,
            4.6015
          ],
          [
            11.23407,
            8.13085,
            4.57476
          ],
          [
            5.57797,
            0.05372,
            6.94618
          ],
          [
            11.20843,
            9.73328,
            6.89142
          ],
          [
            8.35412,
            4.91142,
            6.88915
          ],
          [
            2.75913,
            0.00574,
            6.87697
          ],
          [
            8.39105,
            9.71765,
            6.86286
          ],
          [
            5.56749,
            4.92598,
            6.92437
          ],
          [
            11.1801,
            4.88665,
            6.87053
          ],
          [
            8.35812,
            0.02962,
            6.87118
          ],
          [
            13.97826,
            9.7707,
            6.97284
          ],
          [
            9.76335,
            2.46389,
            6.89418
          ],
          [
            15.41472,
            12.18894,
            6.96105
          ],
          [
            12.59537,
            7.32298,
            6.922
          ],
          [
            6.94093,
            2.49001,
            6.93085
          ],
          [
            12.64694,
            12.19189,
            6.95043
          ],
          [
            9.78366,
            7.27981,
            6.84313
          ],
          [
            6.94411,
            7.32937,
            6.89947
          ],
          [
            4.13758,
            2.48679,
            6.92815
          ],
          [
            9.79982,
            12.17855,
            6.78303
          ],
          [
            7.89821,
            10.65156,
            10.19899
          ],
          [
            7.91308,
            12.16623,
            10.38594
          ],
          [
            9.27675,
            12.8053,
            10.14857
          ],
          [
            7.33572,
            7.00489,
            10.41771
          ],
          [
            7.0714,
            5.50865,
            10.66783
          ],
          [
            8.26373,
            4.65805,
            10.2408
          ],
          [
            15.34024,
            12.79431,
            9.59297
          ],
          [
            5.86487,
            5.07798,
            10.07329
          ],
          [
            8.9161,
            9.98102,
            10.40397
          ],
          [
            6.70685,
            10.17251,
            9.93397
          ],
          [
            6.42985,
            7.71334,
            9.92493
          ],
          [
            8.50026,
            7.46181,
            10.77504
          ],
          [
            6.59136,
            9.08719,
            9.96855
          ],
          [
            7.66848,
            12.30124,
            11.4709
          ],
          [
            14.48189,
            12.31764,
            9.67671
          ],
          [
            9.27665,
            13.88576,
            10.3936
          ],
          [
            10.06338,
            12.30374,
            10.73255
          ],
          [
            9.57728,
            12.70916,
            9.08736
          ],
          [
            8.68291,
            8.46404,
            10.63473
          ],
          [
            5.32079,
            5.86054,
            9.87582
          ],
          [
            7.02054,
            5.45736,
            11.78013
          ],
          [
            9.13897,
            4.94876,
            10.81797
          ],
          [
            8.01072,
            3.62007,
            10.3997
          ],
          [
            8.49341,
            4.81978,
            9.18127
          ]
        ],
        "Stress": [
          [
            -62.70496,
            -1.54329,
            0.07284
          ],
          [
            -1.54329,
            -61.9276,
            -0.6417
          ],
          [
            0.07284,
            -0.6417,
            -13.08561
          ]
        ],
        "computation_code": "VASP",
        "pseudopotential_information": [
          [
            "PAW_PBE",
            "Pt",
            "04Feb2005"
          ],
          [
            "PAW_PBE",
            "C",
            "08Apr2002"
          ],
          [
            "PAW_PBE",
            "O",
            "08Apr2002"
          ],
          [
            "PAW_PBE",
            "H",
            "15Jun2001"
          ]
        ]
      }
    ],
    "EnergyStyle": "electronvolt",
    "ForcesStyle": "electronvoltperangstrom",
    "LatticeStyle": "angstrom",
    "PositionsStyle": "angstrom",
    "StressStyle": "kB"
  }
}