{
  "Dataset": {
    "AtomTypeStyle": "chemicalsymbol",
    "Data": [
      {
        "AtomTypes": [
          "Pt",
          "Pt",
          "Pt",
          "Pt",
          "Pt",
          "Pt",
          "Pt",
          "Pt",
          "Pt",
          "Pt",
          "Pt",
          "Pt",
          "Pt",
          "Pt",
          "Pt",
          "Pt",
          "Pt",
          "Pt",
          "Pt",
          "Pt",
          "Pt",
          "Pt",
          "Pt",
          "Pt",
          "Pt",
          "Pt",
          "Pt",
          "Pt",
          "Pt",
          "Pt",
          "Pt",
          "Pt",
          "Pt",
          "Pt",
          "Pt",
          "Pt",
          "Pt",
          "Pt",
          "Pt",
          "Pt",
          "Pt",
          "Pt",
          "Pt",
          "Pt",
          "Pt",
          "Pt",
          "Pt",
          "Pt",
          "Pt",
          "Pt",
          "Pt",
          "Pt",
          "Pt",
          "Pt",
          "Pt",
          "Pt",
          "Pt",
          "Pt",
          "Pt",
          "Pt",
          "Pt",
          "Pt",
          "Pt",
          "Pt",
          "Pt",
          "Pt",
          "Pt",
          "Pt",
          "Pt",
          "Pt",
          "Pt",
          "Pt",
          "C",
          "C",
          "C",
          "C",
          "C",
          "C",
          "O",
          "O",
          "O",
          "O",
          "O",
          "O",
          "H",
          "H",
          "H",
          "H",
          "H",
          "H",
          "H",
          "H",
          "H",
          "H",
          "H",
          "H"
        ],
        "Energy": -346.87911259,
        "Forces": [
          [
            0.033036,
            -0.028756,
            -0.044895
          ],
          [
            0.020397,
            0.003829,
            -0.056233
          ],
          [
            0.001746,
            -0.028161,
            -0.058249
          ],
          [
            0.01979,
            -0.01272,
            -0.056469
          ],
          [
            0.010443,
            -0.026217,
            -0.072069
          ],
          [
            0.023711,
            0.007415,
            -0.003999
          ],
          [
            0.001872,
            -0.006,
            -0.023384
          ],
          [
            0.014325,
            -0.020183,
            -0.071065
          ],
          [
            0.039178,
            -0.026402,
            -0.063392
          ],
          [
            0.0168,
            -0.002756,
            -0.048793
          ],
          [
            0.011444,
            0.01368,
            -0.023552
          ],
          [
            0.017426,
            -0.033926,
            -0.076578
          ],
          [
            0.015461,
            -0.044563,
            -0.041824
          ],
          [
            0.032866,
            0.013668,
            -0.042348
          ],
          [
            0.029656,
            -0.018485,
            -0.025945
          ],
          [
            0.004887,
            -0.019586,
            -0.06062
          ],
          [
            0.02281,
            -0.006955,
            -0.052715
          ],
          [
            0.037879,
            -0.005179,
            -0.059615
          ],
          [
            0.002243,
            -0.017608,
            0.138126
          ],
          [
            0.044294,
            0.078601,
            0.153635
          ],
          [
            -0.013981,
            -0.084226,
            0.091374
          ],
          [
            -0.09075,
            -0.015934,
            0.079597
          ],
          [
            -0.084594,
            0.077571,
            0.034794
          ],
          [
            -0.050521,
            0.042046,
            0.157712
          ],
          [
            -0.032941,
            0.018165,
            0.012198
          ],
          [
            0.01579,
            0.025364,
            -0.085162
          ],
          [
            -0.022737,
            0.054884,
            0.167904
          ],
          [
            -0.091352,
            0.049601,
            0.126146
          ],
          [
            0.022657,
            -0.053103,
            0.046545
          ],
          [
            0.019881,
            0.045443,
            0.079563
          ],
          [
            0.027114,
            0.066232,
            0.119921
          ],
          [
            -0.033653,
            0.003965,
            0.168693
          ],
          [
            -0.078995,
            0.01054,
            0.052104
          ],
          [
            -0.004078,
            -0.055445,
            0.116996
          ],
          [
            -0.044221,
            -0.060043,
            0.023592
          ],
          [
            0.000854,
            0.119253,
            0.0536
          ],
          [
            -0.028616,
            0.156202,
            -0.132496
          ],
          [
            0.035528,
            0.012045,
            0.001896
          ],
          [
            -0.038221,
            -0.146236,
            0.191626
          ],
          [
            0.033428,
            -0.070784,
            -0.214203
          ],
          [
            -0.057731,
            0.096708,
            0.012069
          ],
          [
            -0.050208,
            0.001857,
            0.134441
          ],
          [
            0.046851,
            -0.246643,
            0.073887
          ],
          [
            0.018211,
            0.052903,
            -0.067872
          ],
          [
            -0.001649,
            0.09422,
            -0.064101
          ],
          [
            0.000315,
            0.044456,
            0.046564
          ],
          [
            0.015603,
            -0.081224,
            0.17722
          ],
          [
            0.109479,
            -0.141434,
            -0.033301
          ],
          [
            0.06583,
            0.081713,
            0.087802
          ],
          [
            -0.051826,
            -0.003202,
            0.087999
          ],
          [
            0.049205,
            -0.116486,
            -0.033306
          ],
          [
            0.04373,
            -0.067158,
            -0.20578
          ],
          [
            -0.016345,
            0.076806,
            0.029898
          ],
          [
            -0.085499,
            0.074076,
            -0.082387
          ],
          [
            -0.144411,
            0.042912,
            -0.144811
          ],
          [
            -0.021089,
            -0.020279,
            -0.143319
          ],
          [
            0.133548,
            -0.043983,
            0.031665
          ],
          [
            -0.062364,
            0.070061,
            0.061812
          ],
          [
            -0.054145,
            0.063951,
            -0.044899
          ],
          [
            0.120887,
            -0.123207,
            -0.064493
          ],
          [
            -0.312731,
            0.073855,
            -0.081581
          ],
          [
            0.103988,
            0.221536,
            0.047681
          ],
          [
            -0.07105,
            -0.011336,
            -0.068804
          ],
          [
            0.028282,
            0.040484,
            0.135382
          ],
          [
            0.097216,
            -0.166101,
            -0.088786
          ],
          [
            0.023406,
            0.037153,
            -0.051929
          ],
          [
            0.129067,
            0.107696,
            -0.212777
          ],
          [
            -0.094893,
            -0.051699,
            -0.119908
          ],
          [
            -0.092236,
            0.136779,
            0.10466
          ],
          [
            0.225544,
            -0.028891,
            -0.169476
          ],
          [
            0.05365,
            -0.216631,
            0.014846
          ],
          [
            0.008822,
            0.089923,
            0.194263
          ],
          [
            -0.04124,
            0.649446,
            -0.348516
          ],
          [
            0.205078,
            -0.104896,
            -0.300174
          ],
          [
            -0.21505,
            0.014485,
            1.258305
          ],
          [
            0.2318,
            -0.11002,
            0.055829
          ],
          [
            0.223494,
            0.018271,
            0.87932
          ],
          [
            0.353411,
            -0.065357,
            -0.332917
          ],
          [
            0.869759,
            0.09796,
            0.030703
          ],
          [
            -0.11708,
            0.197044,
            -0.303416
          ],
          [
            -0.060729,
            -0.15094,
            0.297576
          ],
          [
            -0.254913,
            -1.211165,
            0.115837
          ],
          [
            -0.315441,
            0.04458,
            -0.117297
          ],
          [
            -0.372647,
            -1.416099,
            0.00056
          ],
          [
            0.037896,
            0.504442,
            -0.084432
          ],
          [
            0.024897,
            0.117456,
            0.206624
          ],
          [
            -0.187326,
            -0.267693,
            0.145476
          ],
          [
            -0.085275,
            -0.302511,
            0.028308
          ],
          [
            -0.414823,
            0.60799,
            -0.405799
          ],
          [
            0.185153,
            -0.184319,
            -0.911082
          ],
          [
            0.146446,
            1.171516,
            -0.298334
          ],
          [
            -0.049369,
            -0.070033,
            0.020152
          ],
          [
            0.082878,
            0.108802,
            -0.365326
          ],
          [
            -0.225699,
            0.057025,
            -0.23785
          ],
          [
            0.058635,
            0.228006,
            0.032305
          ],
          [
            -0.161355,
            -0.045594,
            0.488086
          ]
        ],
        "Lattice": [
          [
            8.440733911,
            0.0,
            0.0
          ],
          [
            8.440733911,
            14.619780548,
            0.0
          ],
          [
            0.0,
            0.0,
            21.483230591
          ]
        ],
        "NumAtoms": 96,
        "Positions": [
          [
            4.22079,
            2.43687,
            0.0
          ],
          [
            9.84794,
            12.18339,
            0.0
          ],
          [
            7.03437,
            7.31013,
            0.0
          ],
          [
            7.03437,
            2.43687,
            0.0
          ],
          [
            12.66152,
            12.18339,
            0.0
          ],
          [
            9.84795,
            7.31013,
            0.0
          ],
          [
            1.40721,
            2.43687,
            0.0
          ],
          [
            7.03437,
            12.18339,
            0.0
          ],
          [
            4.22079,
            7.31013,
            0.0
          ],
          [
            2.81385,
            0.0,
            0.0
          ],
          [
            8.44101,
            9.74652,
            0.0
          ],
          [
            5.62743,
            4.87326,
            0.0
          ],
          [
            5.62743,
            0.0,
            0.0
          ],
          [
            11.25459,
            9.74652,
            0.0
          ],
          [
            8.44101,
            4.87326,
            0.0
          ],
          [
            0.00028,
            0.0,
            0.0
          ],
          [
            5.62743,
            9.74652,
            0.0
          ],
          [
            2.81385,
            4.87326,
            0.0
          ],
          [
            7.03462,
            4.06144,
            2.2975
          ],
          [
            12.66177,
            13.80796,
            2.2975
          ],
          [
            9.8482,
            8.9347,
            2.2975
          ],
          [
            9.8482,
            4.06144,
            2.2975
          ],
          [
            15.47535,
            13.80796,
            2.2975
          ],
          [
            12.66177,
            8.9347,
            2.2975
          ],
          [
            4.22104,
            4.06144,
            2.2975
          ],
          [
            9.8482,
            13.80796,
            2.2975
          ],
          [
            7.03462,
            8.9347,
            2.2975
          ],
          [
            5.62769,
            1.62456,
            2.2975
          ],
          [
            11.25484,
            11.37109,
            2.2975
          ],
          [
            8.44127,
            6.49782,
            2.2975
          ],
          [
            8.44127,
            1.62456,
            2.2975
          ],
          [
            14.06842,
            11.37109,
            2.2975
          ],
          [
            11.25484,
            6.49782,
            2.2975
          ],
          [
            2.81411,
            1.62456,
            2.2975
          ],
          [
            8.44127,
            11.37109,
            2.2975
          ],
          [
            5.62769,
            6.49782,
            2.2975
          ],
          [
            1.38265,
            0.78781,
            4.57114
          ],
          [
            7.00641,
            10.58833,
            4.59019
          ],
          [
            4.2024,
            5.72902,
            4.55461
          ],
          [
            4.19931,
            0.84177,
            4.60338
          ],
          [
            9.83669,
            10.5238,
            4.56022
          ],
          [
            6.99988,
            5.72253,
            4.55832
          ],
          [
            6.99208,
            0.8728,
            4.56439
          ],
          [
            12.63386,
            10.5742,
            4.59979
          ],
          [
            9.81765,
            5.66683,
            4.57722
          ],
          [
            2.77956,
            3.25116,
            4.55725
          ],
          [
            8.40925,
            13.00127,
            4.53146
          ],
          [
            5.58701,
            8.17709,
            4.58759
          ],
          [
            5.58393,
            3.28935,
            4.57546
          ],
          [
            11.2569,
            12.99131,
            4.54885
          ],
          [
            8.39627,
            8.13178,
            4.58288
          ],
          [
            8.3887,
            3.2646,
            4.59804
          ],
          [
            14.05288,
            13.02063,
            4.58014
          ],
          [
            11.23561,
            8.11573,
            4.58699
          ],
          [
            5.58891,
            0.03858,
            6.92002
          ],
          [
            11.21737,
            9.76348,
            6.92757
          ],
          [
            8.3413,
            4.90711,
            6.86847
          ],
          [
            11.21576,
            14.61843,
            6.85894
          ],
          [
            8.40954,
            9.75147,
            6.88253
          ],
          [
            5.55136,
            4.92849,
            6.91314
          ],
          [
            11.23612,
            4.88469,
            6.88166
          ],
          [
            16.81112,
            14.61753,
            6.83802
          ],
          [
            14.02574,
            9.7926,
            6.91259
          ],
          [
            9.7778,
            2.44192,
            6.83704
          ],
          [
            15.42302,
            12.23923,
            6.91563
          ],
          [
            12.594,
            7.34052,
            6.92073
          ],
          [
            6.93674,
            2.45251,
            6.92965
          ],
          [
            12.63457,
            12.21769,
            6.92233
          ],
          [
            9.80295,
            7.29939,
            6.85876
          ],
          [
            6.93245,
            7.35611,
            6.91549
          ],
          [
            4.14892,
            2.49541,
            6.89092
          ],
          [
            9.81105,
            12.17384,
            6.80121
          ],
          [
            7.83807,
            10.69259,
            10.46991
          ],
          [
            7.90297,
            12.21837,
            10.5757
          ],
          [
            9.3511,
            12.68429,
            10.39359
          ],
          [
            7.51107,
            6.87651,
            10.48026
          ],
          [
            7.14378,
            5.40721,
            10.66166
          ],
          [
            8.22132,
            4.40938,
            10.25959
          ],
          [
            15.45135,
            12.88185,
            9.64986
          ],
          [
            5.90993,
            5.10997,
            10.04709
          ],
          [
            8.72698,
            9.94934,
            10.89002
          ],
          [
            6.71775,
            10.30467,
            9.88481
          ],
          [
            6.72662,
            7.64736,
            9.90447
          ],
          [
            8.65786,
            7.2666,
            11.01948
          ],
          [
            6.68577,
            9.26276,
            9.86797
          ],
          [
            7.56019,
            12.44163,
            11.60364
          ],
          [
            14.55415,
            12.50186,
            9.6704
          ],
          [
            9.47153,
            13.76774,
            10.60578
          ],
          [
            9.99794,
            12.06159,
            11.07809
          ],
          [
            9.69465,
            12.50193,
            9.38696
          ],
          [
            8.72221,
            8.25086,
            11.0179
          ],
          [
            5.53352,
            5.95588,
            9.70502
          ],
          [
            7.00548,
            5.30161,
            11.78132
          ],
          [
            9.09756,
            4.4523,
            10.94313
          ],
          [
            7.794,
            3.3854,
            10.27835
          ],
          [
            8.5806,
            4.59858,
            9.20156
          ]
        ],
        "Stress": [
          [
            -62.33708,
            0.17634,
            -0.36888
          ],
          [
            0.17634,
            -62.24831,
            0.72034
          ],
          [
            -0.36888,
            0.72034,
            -12.6759
          ]
        ],
        "computation_code": "VASP",
        "pseudopotential_information": [
          [
            "PAW_PBE",
            "Pt",
            "04Feb2005"
          ],
          [
            "PAW_PBE",
            "C",
            "08Apr2002"
          ],
          [
            "PAW_PBE",
            "O",
            "08Apr2002"
          ],
          [
            "PAW_PBE",
            "H",
            "15Jun2001"
          ]
        ]
      }
    ],
    "EnergyStyle": "electronvolt",
    "ForcesStyle": "electronvoltperangstrom",
    "LatticeStyle": "angstrom",
    "PositionsStyle": "angstrom",
    "StressStyle": "kB"
  }
}