{
  "Dataset": {
    "AtomTypeStyle": "chemicalsymbol",
    "Data": [
      {
        "AtomTypes": [
          "Pt",
          "Pt",
          "Pt",
          "Pt",
          "Pt",
          "Pt",
          "Pt",
          "Pt",
          "Pt",
          "Pt",
          "Pt",
          "Pt",
          "Pt",
          "Pt",
          "Pt",
          "Pt",
          "Pt",
          "Pt",
          "Pt",
          "Pt",
          "Pt",
          "Pt",
          "Pt",
          "Pt",
          "Pt",
          "Pt",
          "Pt",
          "Pt",
          "Pt",
          "Pt",
          "Pt",
          "Pt",
          "Pt",
          "Pt",
          "Pt",
          "Pt",
          "Pt",
          "Pt",
          "Pt",
          "Pt",
          "Pt",
          "Pt",
          "Pt",
          "Pt",
          "Pt",
          "Pt",
          "Pt",
          "Pt",
          "Pt",
          "Pt",
          "Pt",
          "Pt",
          "Pt",
          "Pt",
          "Pt",
          "Pt",
          "Pt",
          "Pt",
          "Pt",
          "Pt",
          "Pt",
          "Pt",
          "Pt",
          "Pt",
          "Pt",
          "Pt",
          "Pt",
          "Pt",
          "Pt",
          "Pt",
          "Pt",
          "Pt",
          "C",
          "C",
          "C",
          "C",
          "C",
          "C",
          "O",
          "O",
          "O",
          "O",
          "O",
          "O",
          "H",
          "H",
          "H",
          "H",
          "H",
          "H",
          "H",
          "H",
          "H",
          "H",
          "H",
          "H"
        ],
        "Energy": -346.95450946,
        "Forces": [
          [
            0.018919,
            -0.001621,
            -0.036239
          ],
          [
            0.043148,
            -0.029024,
            -0.041024
          ],
          [
            0.029231,
            -0.020834,
            -0.089294
          ],
          [
            0.028722,
            0.015299,
            -0.033046
          ],
          [
            0.015965,
            -0.006763,
            -0.029142
          ],
          [
            0.018469,
            -0.013187,
            -0.092664
          ],
          [
            0.04235,
            -0.012378,
            -0.03589
          ],
          [
            0.030188,
            -0.020214,
            -0.021357
          ],
          [
            0.022205,
            -0.009479,
            -0.062854
          ],
          [
            0.028711,
            0.001112,
            -0.101516
          ],
          [
            0.029297,
            -0.041039,
            -0.038888
          ],
          [
            0.026354,
            0.018521,
            -0.034513
          ],
          [
            0.009772,
            0.002642,
            -0.043946
          ],
          [
            0.022055,
            -0.035823,
            -0.045937
          ],
          [
            0.033348,
            0.002953,
            -0.04464
          ],
          [
            0.038535,
            -0.008909,
            -0.033381
          ],
          [
            0.032584,
            -0.025444,
            -0.035218
          ],
          [
            0.019376,
            0.012631,
            -0.037562
          ],
          [
            -0.026569,
            -0.004597,
            0.032445
          ],
          [
            0.014907,
            -0.039125,
            -0.048231
          ],
          [
            -0.028226,
            0.030479,
            -0.020961
          ],
          [
            -0.024377,
            0.039301,
            0.102524
          ],
          [
            -0.024504,
            -0.058571,
            -0.011285
          ],
          [
            -0.079013,
            0.036545,
            -0.071519
          ],
          [
            -0.044112,
            -0.03187,
            0.025866
          ],
          [
            -0.074533,
            0.025475,
            -0.000195
          ],
          [
            -0.040343,
            0.083749,
            -0.039373
          ],
          [
            -0.027164,
            -0.01727,
            -0.061474
          ],
          [
            -0.067749,
            0.036759,
            -0.051442
          ],
          [
            -0.017055,
            -0.001781,
            0.056736
          ],
          [
            -0.030515,
            0.019983,
            -0.0349
          ],
          [
            -0.02228,
            0.025514,
            0.002146
          ],
          [
            -0.032396,
            -0.069366,
            0.098676
          ],
          [
            -0.069565,
            0.03426,
            0.014186
          ],
          [
            -0.064712,
            0.061126,
            0.057132
          ],
          [
            -0.005356,
            -0.06803,
            -0.070618
          ],
          [
            0.032126,
            -0.004748,
            -0.000741
          ],
          [
            0.017059,
            -0.035221,
            0.056011
          ],
          [
            -0.099935,
            0.077306,
            0.105974
          ],
          [
            0.103987,
            0.107006,
            0.063715
          ],
          [
            -0.037276,
            -0.004797,
            0.018562
          ],
          [
            0.049507,
            0.041117,
            -0.036984
          ],
          [
            -0.036946,
            0.02244,
            0.05155
          ],
          [
            0.125643,
            -0.078257,
            0.043284
          ],
          [
            0.01694,
            -0.006522,
            -0.105391
          ],
          [
            0.01041,
            0.003559,
            0.025812
          ],
          [
            -0.121454,
            -0.04178,
            -0.041835
          ],
          [
            0.049662,
            0.091749,
            0.175946
          ],
          [
            0.035781,
            0.035333,
            0.124072
          ],
          [
            -0.029745,
            -0.070477,
            0.083071
          ],
          [
            0.00148,
            -0.148836,
            0.094493
          ],
          [
            -0.051303,
            0.040304,
            0.031658
          ],
          [
            -0.03177,
            0.015477,
            -0.035912
          ],
          [
            0.041532,
            0.089625,
            0.034007
          ],
          [
            0.103875,
            -0.067065,
            0.081504
          ],
          [
            0.031067,
            -0.10756,
            0.125747
          ],
          [
            0.014178,
            -0.010454,
            0.070483
          ],
          [
            0.025195,
            -0.103906,
            -0.033052
          ],
          [
            -0.000569,
            -0.073081,
            0.068371
          ],
          [
            0.135168,
            0.113995,
            -0.049203
          ],
          [
            -0.072315,
            -0.004368,
            -0.124689
          ],
          [
            -0.049584,
            -0.06904,
            0.025341
          ],
          [
            0.004246,
            0.108653,
            0.074463
          ],
          [
            -0.080728,
            0.054642,
            -0.043121
          ],
          [
            -0.06078,
            -0.063611,
            0.127409
          ],
          [
            0.097567,
            0.013713,
            0.038956
          ],
          [
            0.025526,
            0.121482,
            -0.005991
          ],
          [
            0.266701,
            0.014386,
            0.104362
          ],
          [
            -0.081157,
            -0.042018,
            -0.007391
          ],
          [
            -0.053596,
            0.097104,
            0.024225
          ],
          [
            -0.061122,
            0.060302,
            -0.034583
          ],
          [
            -0.055836,
            -0.00219,
            -0.197738
          ],
          [
            0.581019,
            -0.242265,
            0.273249
          ],
          [
            -0.209603,
            0.068409,
            0.464673
          ],
          [
            0.728184,
            0.563402,
            0.63552
          ],
          [
            0.505886,
            -1.018088,
            0.394671
          ],
          [
            -0.428813,
            0.587865,
            -0.778481
          ],
          [
            -0.017468,
            -0.078042,
            -0.01178
          ],
          [
            -0.421285,
            0.202945,
            -0.234211
          ],
          [
            0.217076,
            -0.102385,
            0.036014
          ],
          [
            -0.348876,
            0.391356,
            -0.273314
          ],
          [
            0.17043,
            -0.100413,
            -0.389368
          ],
          [
            -0.24862,
            0.053665,
            -0.139257
          ],
          [
            -0.355099,
            -0.389065,
            -0.110186
          ],
          [
            -0.166728,
            -0.178136,
            0.166354
          ],
          [
            -0.003475,
            0.034456,
            -0.0027
          ],
          [
            0.391403,
            -0.158494,
            0.085369
          ],
          [
            0.044645,
            -0.900243,
            -0.081602
          ],
          [
            -0.720938,
            0.270629,
            -0.542317
          ],
          [
            0.050168,
            -0.09604,
            -0.096041
          ],
          [
            0.261635,
            0.734666,
            0.131725
          ],
          [
            0.091598,
            -0.053808,
            0.037675
          ],
          [
            -0.057754,
            0.062766,
            0.500219
          ],
          [
            -0.140334,
            -0.019351,
            -0.021921
          ],
          [
            0.165781,
            0.159703,
            0.01985
          ],
          [
            -0.153245,
            0.096869,
            0.009002
          ]
        ],
        "Lattice": [
          [
            8.440733911,
            0.0,
            0.0
          ],
          [
            8.440733911,
            14.619780548,
            0.0
          ],
          [
            0.0,
            0.0,
            21.483230591
          ]
        ],
        "NumAtoms": 96,
        "Positions": [
          [
            4.22079,
            2.43687,
            0.0
          ],
          [
            9.84794,
            12.18339,
            0.0
          ],
          [
            7.03437,
            7.31013,
            0.0
          ],
          [
            7.03437,
            2.43687,
            0.0
          ],
          [
            12.66152,
            12.18339,
            0.0
          ],
          [
            9.84795,
            7.31013,
            0.0
          ],
          [
            1.40721,
            2.43687,
            0.0
          ],
          [
            7.03437,
            12.18339,
            0.0
          ],
          [
            4.22079,
            7.31013,
            0.0
          ],
          [
            2.81385,
            0.0,
            0.0
          ],
          [
            8.44101,
            9.74652,
            0.0
          ],
          [
            5.62743,
            4.87326,
            0.0
          ],
          [
            5.62743,
            0.0,
            0.0
          ],
          [
            11.25459,
            9.74652,
            0.0
          ],
          [
            8.44101,
            4.87326,
            0.0
          ],
          [
            0.00028,
            0.0,
            0.0
          ],
          [
            5.62743,
            9.74652,
            0.0
          ],
          [
            2.81385,
            4.87326,
            0.0
          ],
          [
            7.03462,
            4.06144,
            2.2975
          ],
          [
            12.66177,
            13.80796,
            2.2975
          ],
          [
            9.8482,
            8.9347,
            2.2975
          ],
          [
            9.8482,
            4.06144,
            2.2975
          ],
          [
            15.47535,
            13.80796,
            2.2975
          ],
          [
            12.66177,
            8.9347,
            2.2975
          ],
          [
            4.22104,
            4.06144,
            2.2975
          ],
          [
            9.8482,
            13.80796,
            2.2975
          ],
          [
            7.03462,
            8.9347,
            2.2975
          ],
          [
            5.62769,
            1.62456,
            2.2975
          ],
          [
            11.25484,
            11.37109,
            2.2975
          ],
          [
            8.44127,
            6.49782,
            2.2975
          ],
          [
            8.44127,
            1.62456,
            2.2975
          ],
          [
            14.06842,
            11.37109,
            2.2975
          ],
          [
            11.25484,
            6.49782,
            2.2975
          ],
          [
            2.81411,
            1.62456,
            2.2975
          ],
          [
            8.44127,
            11.37109,
            2.2975
          ],
          [
            5.62769,
            6.49782,
            2.2975
          ],
          [
            1.36959,
            0.83782,
            4.56673
          ],
          [
            6.99075,
            10.58357,
            4.56315
          ],
          [
            4.1976,
            5.65619,
            4.56839
          ],
          [
            4.16169,
            0.81185,
            4.54799
          ],
          [
            9.80928,
            10.59286,
            4.55979
          ],
          [
            6.99247,
            5.65989,
            4.56427
          ],
          [
            6.99836,
            0.80765,
            4.55
          ],
          [
            12.60222,
            10.57576,
            4.54754
          ],
          [
            9.81508,
            5.69396,
            4.58236
          ],
          [
            2.77499,
            3.26043,
            4.58054
          ],
          [
            8.41887,
            13.01704,
            4.57708
          ],
          [
            5.57874,
            8.10273,
            4.52632
          ],
          [
            5.58484,
            3.22876,
            4.56065
          ],
          [
            11.2083,
            13.03311,
            4.55458
          ],
          [
            8.40338,
            8.14895,
            4.54389
          ],
          [
            8.41409,
            3.24366,
            4.56503
          ],
          [
            14.03448,
            12.99513,
            4.56785
          ],
          [
            11.209,
            8.11789,
            4.5495
          ],
          [
            5.51894,
            0.03877,
            6.83293
          ],
          [
            11.16522,
            9.77313,
            6.84376
          ],
          [
            8.37305,
            4.87673,
            6.85359
          ],
          [
            2.72742,
            0.04274,
            6.90193
          ],
          [
            8.36168,
            9.7724,
            6.85085
          ],
          [
            5.53412,
            4.85123,
            6.91454
          ],
          [
            11.18909,
            4.88303,
            6.91897
          ],
          [
            8.38027,
            0.05616,
            6.86041
          ],
          [
            13.9781,
            9.72949,
            6.81371
          ],
          [
            9.79308,
            2.45615,
            6.9039
          ],
          [
            15.39968,
            12.2232,
            6.86579
          ],
          [
            12.568,
            7.31024,
            6.8466
          ],
          [
            6.95711,
            2.43153,
            6.86697
          ],
          [
            12.52888,
            12.20103,
            6.84309
          ],
          [
            9.78014,
            7.33732,
            6.87134
          ],
          [
            6.96573,
            7.30073,
            6.81903
          ],
          [
            4.14973,
            2.44206,
            6.89533
          ],
          [
            9.7783,
            12.21469,
            6.907
          ],
          [
            7.51645,
            10.62209,
            10.35021
          ],
          [
            7.62918,
            12.13789,
            10.37637
          ],
          [
            9.01037,
            12.72002,
            10.25925
          ],
          [
            7.19753,
            6.82593,
            10.18339
          ],
          [
            6.89408,
            5.34478,
            10.50677
          ],
          [
            7.98211,
            4.32508,
            10.23192
          ],
          [
            15.25992,
            12.71006,
            9.33731
          ],
          [
            5.67127,
            4.99359,
            9.82646
          ],
          [
            8.48811,
            9.85303,
            10.30728
          ],
          [
            6.24969,
            10.22679,
            10.47657
          ],
          [
            6.28563,
            7.61731,
            9.92048
          ],
          [
            8.47565,
            7.15278,
            10.29981
          ],
          [
            6.21873,
            9.24261,
            10.22979
          ],
          [
            7.18801,
            12.43289,
            11.35454
          ],
          [
            14.28703,
            12.59453,
            9.47698
          ],
          [
            8.9578,
            13.84575,
            10.39046
          ],
          [
            9.74099,
            12.29052,
            11.0118
          ],
          [
            9.43156,
            12.53178,
            9.25179
          ],
          [
            8.5437,
            8.13427,
            10.1398
          ],
          [
            5.13589,
            5.81457,
            9.71168
          ],
          [
            6.68722,
            5.33591,
            11.58608
          ],
          [
            8.82473,
            4.44102,
            10.93833
          ],
          [
            7.53596,
            3.31395,
            10.33261
          ],
          [
            8.40953,
            4.40304,
            9.2073
          ]
        ],
        "Stress": [
          [
            -59.93597,
            0.35363,
            -0.50919
          ],
          [
            0.35363,
            -60.42555,
            0.11674
          ],
          [
            -0.50919,
            0.11674,
            -9.05192
          ]
        ],
        "computation_code": "VASP",
        "pseudopotential_information": [
          [
            "PAW_PBE",
            "Pt",
            "04Feb2005"
          ],
          [
            "PAW_PBE",
            "C",
            "08Apr2002"
          ],
          [
            "PAW_PBE",
            "O",
            "08Apr2002"
          ],
          [
            "PAW_PBE",
            "H",
            "15Jun2001"
          ]
        ]
      }
    ],
    "EnergyStyle": "electronvolt",
    "ForcesStyle": "electronvoltperangstrom",
    "LatticeStyle": "angstrom",
    "PositionsStyle": "angstrom",
    "StressStyle": "kB"
  }
}