{
  "Dataset": {
    "AtomTypeStyle": "chemicalsymbol",
    "Data": [
      {
        "AtomTypes": [
          "Pt",
          "Pt",
          "Pt",
          "Pt",
          "Pt",
          "Pt",
          "Pt",
          "Pt",
          "Pt",
          "Pt",
          "Pt",
          "Pt",
          "Pt",
          "Pt",
          "Pt",
          "Pt",
          "Pt",
          "Pt",
          "Pt",
          "Pt",
          "Pt",
          "Pt",
          "Pt",
          "Pt",
          "Pt",
          "Pt",
          "Pt",
          "Pt",
          "Pt",
          "Pt",
          "Pt",
          "Pt",
          "Pt",
          "Pt",
          "Pt",
          "Pt",
          "Pt",
          "Pt",
          "Pt",
          "Pt",
          "Pt",
          "Pt",
          "Pt",
          "Pt",
          "Pt",
          "Pt",
          "Pt",
          "Pt",
          "Pt",
          "Pt",
          "Pt",
          "Pt",
          "Pt",
          "Pt",
          "Pt",
          "Pt",
          "Pt",
          "Pt",
          "Pt",
          "Pt",
          "Pt",
          "Pt",
          "Pt",
          "Pt",
          "Pt",
          "Pt",
          "Pt",
          "Pt",
          "Pt",
          "Pt",
          "Pt",
          "Pt",
          "C",
          "C",
          "C",
          "C",
          "C",
          "C",
          "O",
          "O",
          "O",
          "O",
          "O",
          "O",
          "H",
          "H",
          "H",
          "H",
          "H",
          "H",
          "H",
          "H",
          "H",
          "H",
          "H",
          "H"
        ],
        "Energy": -346.8765452,
        "Forces": [
          [
            -0.009622,
            -0.051359,
            -0.05246
          ],
          [
            0.021072,
            -0.022976,
            -0.020005
          ],
          [
            0.04861,
            0.00894,
            -0.02791
          ],
          [
            0.008355,
            -0.044599,
            -0.025874
          ],
          [
            0.009863,
            0.021451,
            -0.03346
          ],
          [
            0.013761,
            -0.021996,
            -0.101244
          ],
          [
            0.035252,
            -0.05344,
            -0.064703
          ],
          [
            -0.002707,
            0.010464,
            -0.035587
          ],
          [
            -0.006574,
            0.00156,
            -0.019432
          ],
          [
            0.017279,
            -0.030892,
            -0.099247
          ],
          [
            0.02373,
            -0.014965,
            -0.042437
          ],
          [
            0.021693,
            -0.020581,
            0.002336
          ],
          [
            -0.005325,
            -0.0001,
            -0.085858
          ],
          [
            0.00108,
            -0.01087,
            -0.052111
          ],
          [
            0.01979,
            -0.029238,
            -0.054131
          ],
          [
            0.010561,
            -0.008866,
            -0.046637
          ],
          [
            0.019204,
            0.018354,
            -0.039287
          ],
          [
            -0.005844,
            -0.039799,
            -0.017094
          ],
          [
            -0.091196,
            0.122105,
            -0.094035
          ],
          [
            -0.018556,
            -0.061222,
            -0.132886
          ],
          [
            -0.014605,
            0.027633,
            0.058444
          ],
          [
            0.072715,
            0.1066,
            -0.079787
          ],
          [
            0.034737,
            -0.069262,
            -0.101893
          ],
          [
            -0.038114,
            -0.079792,
            -0.107662
          ],
          [
            -0.00236,
            0.097528,
            0.102589
          ],
          [
            -0.01394,
            -0.028555,
            0.005851
          ],
          [
            -0.013324,
            -0.092298,
            -0.108929
          ],
          [
            0.089332,
            0.058857,
            -0.107478
          ],
          [
            -0.092562,
            0.004863,
            0.033488
          ],
          [
            -0.075798,
            0.003403,
            -0.015367
          ],
          [
            -0.07083,
            -0.009322,
            -0.19428
          ],
          [
            0.033755,
            -0.022217,
            -0.198964
          ],
          [
            0.052327,
            0.012518,
            0.13595
          ],
          [
            -0.011059,
            0.147754,
            -0.18206
          ],
          [
            0.082839,
            0.027244,
            0.012356
          ],
          [
            -0.072544,
            -0.097177,
            0.056521
          ],
          [
            -0.044855,
            -0.055225,
            0.198478
          ],
          [
            -0.116893,
            0.116536,
            0.279103
          ],
          [
            0.10646,
            0.017257,
            -0.148304
          ],
          [
            0.084902,
            0.001531,
            0.23748
          ],
          [
            0.030426,
            0.053961,
            -0.055757
          ],
          [
            0.022291,
            0.008168,
            -0.06283
          ],
          [
            -0.098084,
            0.215421,
            -0.0238
          ],
          [
            -0.015128,
            -0.001686,
            0.201009
          ],
          [
            0.0718,
            -0.118951,
            0.104099
          ],
          [
            0.014644,
            0.034716,
            -0.004415
          ],
          [
            -0.140852,
            -0.009366,
            -0.04205
          ],
          [
            0.034042,
            0.047803,
            0.15159
          ],
          [
            -0.076294,
            -0.056534,
            -0.028041
          ],
          [
            0.022869,
            -0.034913,
            0.016354
          ],
          [
            -0.059253,
            0.046493,
            0.110182
          ],
          [
            -0.02275,
            0.037083,
            0.30464
          ],
          [
            0.079696,
            -0.027938,
            0.13446
          ],
          [
            0.042989,
            -0.020509,
            0.032139
          ],
          [
            0.171663,
            -0.066086,
            0.134716
          ],
          [
            0.001349,
            0.049534,
            0.107293
          ],
          [
            -0.215291,
            0.146054,
            -0.058305
          ],
          [
            0.138791,
            -0.088084,
            0.059696
          ],
          [
            0.017738,
            -0.170843,
            -0.036377
          ],
          [
            -0.106007,
            0.128771,
            -0.00275
          ],
          [
            0.427082,
            0.018728,
            0.02906
          ],
          [
            -0.092347,
            -0.11266,
            0.091727
          ],
          [
            0.099827,
            -0.12121,
            0.05938
          ],
          [
            -0.021078,
            -0.016977,
            0.001483
          ],
          [
            -0.1724,
            0.069964,
            0.209732
          ],
          [
            0.025303,
            -0.123517,
            0.042807
          ],
          [
            -0.096619,
            -0.009122,
            0.192654
          ],
          [
            0.042691,
            0.068378,
            0.140091
          ],
          [
            0.114963,
            -0.126795,
            -0.178663
          ],
          [
            -0.221259,
            -0.001242,
            0.018423
          ],
          [
            0.016377,
            0.319512,
            0.07784
          ],
          [
            -0.004817,
            -0.08129,
            -0.263695
          ],
          [
            -0.669116,
            0.60297,
            -0.143658
          ],
          [
            -0.059011,
            -0.132609,
            -0.108134
          ],
          [
            0.386452,
            -0.007207,
            -0.157251
          ],
          [
            -0.850196,
            -0.26431,
            -0.294868
          ],
          [
            0.246877,
            -0.366707,
            0.183406
          ],
          [
            0.028898,
            -0.211394,
            0.124019
          ],
          [
            0.072465,
            0.332949,
            0.06532
          ],
          [
            -0.260512,
            0.34185,
            -0.091227
          ],
          [
            0.105188,
            -0.650267,
            0.224322
          ],
          [
            0.484698,
            0.109221,
            0.357824
          ],
          [
            0.363099,
            -0.036681,
            0.340724
          ],
          [
            0.280614,
            0.938071,
            0.197812
          ],
          [
            0.032494,
            0.044466,
            -0.140318
          ],
          [
            -0.000134,
            -0.10878,
            0.042027
          ],
          [
            -0.019502,
            0.024538,
            -0.25436
          ],
          [
            -0.10257,
            -0.257768,
            -0.011955
          ],
          [
            -0.41111,
            0.188801,
            -0.218886
          ],
          [
            -0.049606,
            0.086839,
            0.192547
          ],
          [
            0.395935,
            -0.333898,
            -0.229425
          ],
          [
            0.09579,
            -0.221275,
            -0.024376
          ],
          [
            -0.123184,
            -0.219524,
            -0.052711
          ],
          [
            -0.471868,
            -0.228795,
            -0.484996
          ],
          [
            0.353269,
            0.531199,
            0.150949
          ],
          [
            0.039513,
            -0.159717,
            0.174695
          ]
        ],
        "Lattice": [
          [
            8.440733911,
            0.0,
            0.0
          ],
          [
            8.440733911,
            14.619780548,
            0.0
          ],
          [
            0.0,
            0.0,
            21.483230591
          ]
        ],
        "NumAtoms": 96,
        "Positions": [
          [
            4.22079,
            2.43687,
            0.0
          ],
          [
            9.84794,
            12.18339,
            0.0
          ],
          [
            7.03437,
            7.31013,
            0.0
          ],
          [
            7.03437,
            2.43687,
            0.0
          ],
          [
            12.66152,
            12.18339,
            0.0
          ],
          [
            9.84795,
            7.31013,
            0.0
          ],
          [
            1.40721,
            2.43687,
            0.0
          ],
          [
            7.03437,
            12.18339,
            0.0
          ],
          [
            4.22079,
            7.31013,
            0.0
          ],
          [
            2.81385,
            0.0,
            0.0
          ],
          [
            8.44101,
            9.74652,
            0.0
          ],
          [
            5.62743,
            4.87326,
            0.0
          ],
          [
            5.62743,
            0.0,
            0.0
          ],
          [
            11.25459,
            9.74652,
            0.0
          ],
          [
            8.44101,
            4.87326,
            0.0
          ],
          [
            0.00028,
            0.0,
            0.0
          ],
          [
            5.62743,
            9.74652,
            0.0
          ],
          [
            2.81385,
            4.87326,
            0.0
          ],
          [
            7.03462,
            4.06144,
            2.2975
          ],
          [
            12.66177,
            13.80796,
            2.2975
          ],
          [
            9.8482,
            8.9347,
            2.2975
          ],
          [
            9.8482,
            4.06144,
            2.2975
          ],
          [
            15.47535,
            13.80796,
            2.2975
          ],
          [
            12.66177,
            8.9347,
            2.2975
          ],
          [
            4.22104,
            4.06144,
            2.2975
          ],
          [
            9.8482,
            13.80796,
            2.2975
          ],
          [
            7.03462,
            8.9347,
            2.2975
          ],
          [
            5.62769,
            1.62456,
            2.2975
          ],
          [
            11.25484,
            11.37109,
            2.2975
          ],
          [
            8.44127,
            6.49782,
            2.2975
          ],
          [
            8.44127,
            1.62456,
            2.2975
          ],
          [
            14.06842,
            11.37109,
            2.2975
          ],
          [
            11.25484,
            6.49782,
            2.2975
          ],
          [
            2.81411,
            1.62456,
            2.2975
          ],
          [
            8.44127,
            11.37109,
            2.2975
          ],
          [
            5.62769,
            6.49782,
            2.2975
          ],
          [
            1.40284,
            0.8538,
            4.52472
          ],
          [
            7.04178,
            10.54512,
            4.52818
          ],
          [
            4.18411,
            5.69921,
            4.60721
          ],
          [
            4.19479,
            0.82421,
            4.50867
          ],
          [
            9.83529,
            10.58673,
            4.59145
          ],
          [
            7.00763,
            5.69917,
            4.57777
          ],
          [
            7.03399,
            0.78101,
            4.54183
          ],
          [
            12.64386,
            10.56006,
            4.52677
          ],
          [
            9.8159,
            5.74936,
            4.55936
          ],
          [
            2.79621,
            3.29477,
            4.56397
          ],
          [
            8.46208,
            12.99966,
            4.57121
          ],
          [
            5.60414,
            8.111,
            4.54643
          ],
          [
            5.61515,
            3.26602,
            4.55241
          ],
          [
            11.23,
            13.01445,
            4.56486
          ],
          [
            8.43545,
            8.14326,
            4.5646
          ],
          [
            8.43289,
            3.27793,
            4.51076
          ],
          [
            14.05432,
            12.98089,
            4.53499
          ],
          [
            11.22383,
            8.15101,
            4.57087
          ],
          [
            5.5652,
            0.02868,
            6.79748
          ],
          [
            11.22724,
            9.79349,
            6.87457
          ],
          [
            8.43633,
            4.90016,
            6.85988
          ],
          [
            2.76251,
            0.04941,
            6.84919
          ],
          [
            8.41592,
            9.8254,
            6.89758
          ],
          [
            5.60578,
            4.88275,
            6.87711
          ],
          [
            11.15936,
            4.92744,
            6.87799
          ],
          [
            8.43612,
            0.06281,
            6.8364
          ],
          [
            14.03184,
            9.80848,
            6.82425
          ],
          [
            9.82387,
            2.4792,
            6.84924
          ],
          [
            15.48341,
            12.22521,
            6.82949
          ],
          [
            12.62342,
            7.37268,
            6.86533
          ],
          [
            7.02395,
            2.46205,
            6.78914
          ],
          [
            12.62235,
            12.20884,
            6.82629
          ],
          [
            9.79995,
            7.40006,
            6.94241
          ],
          [
            7.03631,
            7.37078,
            6.85662
          ],
          [
            4.18607,
            2.425,
            6.82457
          ],
          [
            9.83577,
            12.24376,
            6.95577
          ],
          [
            7.83578,
            10.40652,
            10.62065
          ],
          [
            7.95938,
            11.92883,
            10.67614
          ],
          [
            9.37354,
            12.41775,
            10.43691
          ],
          [
            7.359,
            6.8,
            10.46584
          ],
          [
            7.11049,
            5.32388,
            10.57398
          ],
          [
            8.31484,
            4.4767,
            10.1809
          ],
          [
            15.49676,
            12.49876,
            9.72247
          ],
          [
            5.96133,
            4.91296,
            9.85479
          ],
          [
            8.78751,
            9.68462,
            10.95222
          ],
          [
            6.63871,
            9.99425,
            10.24648
          ],
          [
            6.44325,
            7.5282,
            9.9875
          ],
          [
            8.47194,
            7.19652,
            10.97669
          ],
          [
            6.55349,
            8.9292,
            10.15948
          ],
          [
            7.6413,
            12.23623,
            11.6997
          ],
          [
            14.61136,
            12.11676,
            9.90408
          ],
          [
            9.44251,
            13.521,
            10.53534
          ],
          [
            10.10284,
            11.93591,
            11.13158
          ],
          [
            9.68996,
            12.14645,
            9.39578
          ],
          [
            8.54461,
            8.28989,
            11.00616
          ],
          [
            5.39204,
            5.71441,
            9.73159
          ],
          [
            6.94318,
            5.20839,
            11.67548
          ],
          [
            9.15297,
            4.61251,
            10.91603
          ],
          [
            7.98227,
            3.40835,
            10.09716
          ],
          [
            8.67068,
            4.80922,
            9.17083
          ]
        ],
        "Stress": [
          [
            -58.78016,
            -0.76601,
            -0.60217
          ],
          [
            -0.76601,
            -57.44979,
            -0.09609
          ],
          [
            -0.60217,
            -0.09609,
            -9.04763
          ]
        ],
        "computation_code": "VASP",
        "pseudopotential_information": [
          [
            "PAW_PBE",
            "Pt",
            "04Feb2005"
          ],
          [
            "PAW_PBE",
            "C",
            "08Apr2002"
          ],
          [
            "PAW_PBE",
            "O",
            "08Apr2002"
          ],
          [
            "PAW_PBE",
            "H",
            "15Jun2001"
          ]
        ]
      }
    ],
    "EnergyStyle": "electronvolt",
    "ForcesStyle": "electronvoltperangstrom",
    "LatticeStyle": "angstrom",
    "PositionsStyle": "angstrom",
    "StressStyle": "kB"
  }
}