{
  "Dataset": {
    "AtomTypeStyle": "chemicalsymbol",
    "Data": [
      {
        "AtomTypes": [
          "Pt",
          "Pt",
          "Pt",
          "Pt",
          "Pt",
          "Pt",
          "Pt",
          "Pt",
          "Pt",
          "Pt",
          "Pt",
          "Pt",
          "Pt",
          "Pt",
          "Pt",
          "Pt",
          "Pt",
          "Pt",
          "Pt",
          "Pt",
          "Pt",
          "Pt",
          "Pt",
          "Pt",
          "Pt",
          "Pt",
          "Pt",
          "Pt",
          "Pt",
          "Pt",
          "Pt",
          "Pt",
          "Pt",
          "Pt",
          "Pt",
          "Pt",
          "Pt",
          "Pt",
          "Pt",
          "Pt",
          "Pt",
          "Pt",
          "Pt",
          "Pt",
          "Pt",
          "Pt",
          "Pt",
          "Pt",
          "Pt",
          "Pt",
          "Pt",
          "Pt",
          "Pt",
          "Pt",
          "Pt",
          "Pt",
          "Pt",
          "Pt",
          "Pt",
          "Pt",
          "Pt",
          "Pt",
          "Pt",
          "Pt",
          "Pt",
          "Pt",
          "Pt",
          "Pt",
          "Pt",
          "Pt",
          "Pt",
          "Pt",
          "C",
          "C",
          "C",
          "C",
          "C",
          "C",
          "O",
          "O",
          "O",
          "O",
          "O",
          "O",
          "H",
          "H",
          "H",
          "H",
          "H",
          "H",
          "H",
          "H",
          "H",
          "H",
          "H",
          "H"
        ],
        "Energy": -346.95626456,
        "Forces": [
          [
            0.019708,
            0.000479,
            -0.031186
          ],
          [
            0.041551,
            -0.032444,
            -0.039963
          ],
          [
            0.026856,
            -0.016469,
            -0.08282
          ],
          [
            0.03011,
            0.018706,
            -0.032577
          ],
          [
            0.017168,
            -0.006411,
            -0.035343
          ],
          [
            0.019271,
            -0.018604,
            -0.084039
          ],
          [
            0.037061,
            -0.018052,
            -0.04051
          ],
          [
            0.030649,
            -0.016985,
            -0.025136
          ],
          [
            0.021337,
            -0.00632,
            -0.063098
          ],
          [
            0.030259,
            -0.006354,
            -0.089643
          ],
          [
            0.03126,
            -0.039665,
            -0.03815
          ],
          [
            0.025238,
            0.021226,
            -0.034836
          ],
          [
            0.012395,
            0.003976,
            -0.042597
          ],
          [
            0.022929,
            -0.033497,
            -0.047476
          ],
          [
            0.034975,
            -0.003582,
            -0.045637
          ],
          [
            0.03788,
            -0.014195,
            -0.036986
          ],
          [
            0.031816,
            -0.01328,
            -0.036714
          ],
          [
            0.019986,
            0.009925,
            -0.043857
          ],
          [
            -0.019428,
            -0.022725,
            0.029691
          ],
          [
            -0.002946,
            -0.022205,
            -0.0687
          ],
          [
            -0.038007,
            0.032925,
            0.018815
          ],
          [
            -0.039933,
            0.062059,
            0.106564
          ],
          [
            -0.018893,
            -0.045575,
            -0.074155
          ],
          [
            -0.088874,
            0.011364,
            -0.076162
          ],
          [
            -0.040021,
            -0.048134,
            0.00495
          ],
          [
            -0.066548,
            0.037858,
            0.004392
          ],
          [
            -0.023444,
            0.059934,
            -0.053544
          ],
          [
            -0.044087,
            -0.017626,
            -0.075047
          ],
          [
            -0.077709,
            0.033196,
            -0.052789
          ],
          [
            -0.002155,
            0.012932,
            0.06168
          ],
          [
            -0.022972,
            0.040854,
            -0.036823
          ],
          [
            -0.026882,
            -0.01329,
            -0.053473
          ],
          [
            -0.042626,
            -0.057207,
            0.103483
          ],
          [
            -0.057844,
            0.032213,
            0.025634
          ],
          [
            -0.045337,
            0.051493,
            0.036648
          ],
          [
            -0.00684,
            -0.068205,
            -0.098874
          ],
          [
            0.041546,
            -0.025509,
            0.003758
          ],
          [
            -0.021712,
            -0.057228,
            0.057932
          ],
          [
            -0.100162,
            0.115087,
            0.14259
          ],
          [
            0.076396,
            0.128266,
            0.016947
          ],
          [
            -0.03475,
            -0.043909,
            0.005755
          ],
          [
            0.035607,
            0.034784,
            -0.024814
          ],
          [
            -0.042657,
            0.030988,
            0.067868
          ],
          [
            0.136151,
            -0.05161,
            0.055514
          ],
          [
            -0.000135,
            -0.036421,
            -0.138226
          ],
          [
            0.053228,
            -0.020973,
            0.048137
          ],
          [
            -0.06966,
            -0.042016,
            -0.038294
          ],
          [
            0.018864,
            0.085679,
            0.168943
          ],
          [
            0.031377,
            0.041218,
            0.087937
          ],
          [
            -0.044123,
            -0.05276,
            0.087762
          ],
          [
            0.023575,
            -0.1302,
            0.039457
          ],
          [
            -0.069042,
            0.031835,
            -0.00971
          ],
          [
            -0.044072,
            0.044045,
            0.037546
          ],
          [
            0.070385,
            0.087671,
            0.001582
          ],
          [
            0.07317,
            -0.072826,
            0.126698
          ],
          [
            0.005088,
            -0.097683,
            0.097051
          ],
          [
            0.043357,
            -0.019576,
            0.047241
          ],
          [
            0.018661,
            -0.061557,
            -0.046382
          ],
          [
            0.00326,
            -0.082644,
            0.05017
          ],
          [
            0.09265,
            0.109845,
            -0.08102
          ],
          [
            -0.113636,
            -0.00121,
            -0.153254
          ],
          [
            -0.027863,
            0.010052,
            0.06241
          ],
          [
            0.005507,
            0.087853,
            0.146211
          ],
          [
            -0.070912,
            0.010654,
            -0.012282
          ],
          [
            -0.058983,
            -0.112158,
            0.170881
          ],
          [
            0.094693,
            0.011401,
            0.031907
          ],
          [
            0.068862,
            0.1191,
            -0.025417
          ],
          [
            0.222605,
            0.003992,
            0.094893
          ],
          [
            -0.072945,
            0.004659,
            0.051776
          ],
          [
            -0.022328,
            0.127592,
            0.062255
          ],
          [
            -0.087168,
            0.008909,
            -0.014353
          ],
          [
            -0.015048,
            -0.033733,
            -0.177708
          ],
          [
            0.84522,
            -0.139827,
            -0.240167
          ],
          [
            -0.166681,
            -0.14976,
            -0.193129
          ],
          [
            -0.187828,
            0.54987,
            0.832106
          ],
          [
            0.378141,
            -0.966889,
            -0.084817
          ],
          [
            0.248479,
            0.117171,
            0.522494
          ],
          [
            0.473295,
            -0.466669,
            0.36901
          ],
          [
            0.109501,
            -0.029715,
            0.317216
          ],
          [
            0.117427,
            0.03788,
            -0.054172
          ],
          [
            -0.102398,
            0.219755,
            0.074855
          ],
          [
            -0.271285,
            0.766683,
            0.304501
          ],
          [
            -1.1612,
            0.87386,
            -0.168864
          ],
          [
            0.284783,
            0.137408,
            0.359997
          ],
          [
            0.131021,
            -0.297462,
            -0.278621
          ],
          [
            0.130785,
            -0.004962,
            -0.210915
          ],
          [
            -0.37076,
            -0.080728,
            -0.123182
          ],
          [
            -0.048092,
            -0.999482,
            -0.151076
          ],
          [
            -0.090724,
            0.045089,
            -0.106776
          ],
          [
            0.120598,
            -0.09249,
            -0.292961
          ],
          [
            -0.092106,
            -0.15854,
            -0.243127
          ],
          [
            -0.154036,
            0.183721,
            0.017103
          ],
          [
            0.088334,
            -0.02548,
            -0.415463
          ],
          [
            -0.556043,
            -0.027849,
            -0.411541
          ],
          [
            0.120649,
            0.567734,
            -0.092932
          ],
          [
            0.110762,
            -0.124401,
            0.119875
          ]
        ],
        "Lattice": [
          [
            8.440733911,
            0.0,
            0.0
          ],
          [
            8.440733911,
            14.619780548,
            0.0
          ],
          [
            0.0,
            0.0,
            21.483230591
          ]
        ],
        "NumAtoms": 96,
        "Positions": [
          [
            4.22079,
            2.43687,
            0.0
          ],
          [
            9.84794,
            12.18339,
            0.0
          ],
          [
            7.03437,
            7.31013,
            0.0
          ],
          [
            7.03437,
            2.43687,
            0.0
          ],
          [
            12.66152,
            12.18339,
            0.0
          ],
          [
            9.84795,
            7.31013,
            0.0
          ],
          [
            1.40721,
            2.43687,
            0.0
          ],
          [
            7.03437,
            12.18339,
            0.0
          ],
          [
            4.22079,
            7.31013,
            0.0
          ],
          [
            2.81385,
            0.0,
            0.0
          ],
          [
            8.44101,
            9.74652,
            0.0
          ],
          [
            5.62743,
            4.87326,
            0.0
          ],
          [
            5.62743,
            0.0,
            0.0
          ],
          [
            11.25459,
            9.74652,
            0.0
          ],
          [
            8.44101,
            4.87326,
            0.0
          ],
          [
            0.00028,
            0.0,
            0.0
          ],
          [
            5.62743,
            9.74652,
            0.0
          ],
          [
            2.81385,
            4.87326,
            0.0
          ],
          [
            7.03462,
            4.06144,
            2.2975
          ],
          [
            12.66177,
            13.80796,
            2.2975
          ],
          [
            9.8482,
            8.9347,
            2.2975
          ],
          [
            9.8482,
            4.06144,
            2.2975
          ],
          [
            15.47535,
            13.80796,
            2.2975
          ],
          [
            12.66177,
            8.9347,
            2.2975
          ],
          [
            4.22104,
            4.06144,
            2.2975
          ],
          [
            9.8482,
            13.80796,
            2.2975
          ],
          [
            7.03462,
            8.9347,
            2.2975
          ],
          [
            5.62769,
            1.62456,
            2.2975
          ],
          [
            11.25484,
            11.37109,
            2.2975
          ],
          [
            8.44127,
            6.49782,
            2.2975
          ],
          [
            8.44127,
            1.62456,
            2.2975
          ],
          [
            14.06842,
            11.37109,
            2.2975
          ],
          [
            11.25484,
            6.49782,
            2.2975
          ],
          [
            2.81411,
            1.62456,
            2.2975
          ],
          [
            8.44127,
            11.37109,
            2.2975
          ],
          [
            5.62769,
            6.49782,
            2.2975
          ],
          [
            1.36981,
            0.84166,
            4.56623
          ],
          [
            6.99789,
            10.58142,
            4.55689
          ],
          [
            4.19759,
            5.65271,
            4.56243
          ],
          [
            4.16206,
            0.80895,
            4.5519
          ],
          [
            9.80949,
            10.5978,
            4.56447
          ],
          [
            6.9955,
            5.65943,
            4.55832
          ],
          [
            7.00025,
            0.80746,
            4.54409
          ],
          [
            12.59842,
            10.56919,
            4.54329
          ],
          [
            9.81754,
            5.69929,
            4.58676
          ],
          [
            2.77034,
            3.26587,
            4.57614
          ],
          [
            8.41584,
            13.01866,
            4.57057
          ],
          [
            5.57982,
            8.09987,
            4.52369
          ],
          [
            5.58607,
            3.22532,
            4.56006
          ],
          [
            11.2087,
            13.03182,
            4.55349
          ],
          [
            8.40148,
            8.14996,
            4.55121
          ],
          [
            8.41493,
            3.24766,
            4.56879
          ],
          [
            14.03376,
            12.98778,
            4.55286
          ],
          [
            11.20506,
            8.12008,
            4.55392
          ],
          [
            5.52371,
            0.03513,
            6.82211
          ],
          [
            11.16651,
            9.77462,
            6.85023
          ],
          [
            8.36971,
            4.87923,
            6.85357
          ],
          [
            2.72713,
            0.03688,
            6.90145
          ],
          [
            8.3613,
            9.77761,
            6.85518
          ],
          [
            5.53986,
            4.85106,
            6.90634
          ],
          [
            11.19788,
            4.88347,
            6.92467
          ],
          [
            8.3768,
            0.04333,
            6.85434
          ],
          [
            13.97994,
            9.7366,
            6.79699
          ],
          [
            9.7934,
            2.45907,
            6.89613
          ],
          [
            15.39533,
            12.23033,
            6.85367
          ],
          [
            12.5682,
            7.31027,
            6.84518
          ],
          [
            6.95289,
            2.42545,
            6.86517
          ],
          [
            12.53418,
            12.20309,
            6.83697
          ],
          [
            9.77887,
            7.33286,
            6.86796
          ],
          [
            6.95894,
            7.29841,
            6.81393
          ],
          [
            4.15127,
            2.44804,
            6.88682
          ],
          [
            9.77218,
            12.21866,
            6.90572
          ],
          [
            7.48144,
            10.59596,
            10.40732
          ],
          [
            7.58923,
            12.14108,
            10.47069
          ],
          [
            8.98463,
            12.71716,
            10.29358
          ],
          [
            7.17972,
            6.78892,
            10.23392
          ],
          [
            6.8279,
            5.32195,
            10.50967
          ],
          [
            7.92124,
            4.34403,
            10.15383
          ],
          [
            15.22199,
            12.70171,
            9.40275
          ],
          [
            5.62271,
            4.95482,
            9.84696
          ],
          [
            8.47987,
            9.86024,
            10.33921
          ],
          [
            6.24217,
            10.13521,
            10.41216
          ],
          [
            6.2748,
            7.55765,
            9.92965
          ],
          [
            8.43917,
            7.14695,
            10.34862
          ],
          [
            6.21443,
            9.13223,
            10.27966
          ],
          [
            15.58499,
            12.44357,
            11.45153
          ],
          [
            14.28574,
            12.48841,
            9.5718
          ],
          [
            8.95955,
            13.84709,
            10.42396
          ],
          [
            9.68725,
            12.28603,
            11.03184
          ],
          [
            9.36379,
            12.49195,
            9.28743
          ],
          [
            8.52069,
            8.17274,
            10.33641
          ],
          [
            5.12531,
            5.77505,
            9.64239
          ],
          [
            6.64791,
            5.30131,
            11.62924
          ],
          [
            8.84761,
            4.5006,
            10.77221
          ],
          [
            7.57076,
            3.28677,
            10.28867
          ],
          [
            8.18238,
            4.48738,
            9.07612
          ]
        ],
        "Stress": [
          [
            -58.04548,
            -1.96649,
            0.18589
          ],
          [
            -1.96649,
            -61.17514,
            0.02213
          ],
          [
            0.18589,
            0.02213,
            -9.19671
          ]
        ],
        "computation_code": "VASP",
        "pseudopotential_information": [
          [
            "PAW_PBE",
            "Pt",
            "04Feb2005"
          ],
          [
            "PAW_PBE",
            "C",
            "08Apr2002"
          ],
          [
            "PAW_PBE",
            "O",
            "08Apr2002"
          ],
          [
            "PAW_PBE",
            "H",
            "15Jun2001"
          ]
        ]
      }
    ],
    "EnergyStyle": "electronvolt",
    "ForcesStyle": "electronvoltperangstrom",
    "LatticeStyle": "angstrom",
    "PositionsStyle": "angstrom",
    "StressStyle": "kB"
  }
}