{
  "Dataset": {
    "AtomTypeStyle": "chemicalsymbol",
    "Data": [
      {
        "AtomTypes": [
          "Pt",
          "Pt",
          "Pt",
          "Pt",
          "Pt",
          "Pt",
          "Pt",
          "Pt",
          "Pt",
          "Pt",
          "Pt",
          "Pt",
          "Pt",
          "Pt",
          "Pt",
          "Pt",
          "Pt",
          "Pt",
          "Pt",
          "Pt",
          "Pt",
          "Pt",
          "Pt",
          "Pt",
          "Pt",
          "Pt",
          "Pt",
          "Pt",
          "Pt",
          "Pt",
          "Pt",
          "Pt",
          "Pt",
          "Pt",
          "Pt",
          "Pt",
          "Pt",
          "Pt",
          "Pt",
          "Pt",
          "Pt",
          "Pt",
          "Pt",
          "Pt",
          "Pt",
          "Pt",
          "Pt",
          "Pt",
          "Pt",
          "Pt",
          "Pt",
          "Pt",
          "Pt",
          "Pt",
          "Pt",
          "Pt",
          "Pt",
          "Pt",
          "Pt",
          "Pt",
          "Pt",
          "Pt",
          "Pt",
          "Pt",
          "Pt",
          "Pt",
          "Pt",
          "Pt",
          "Pt",
          "Pt",
          "Pt",
          "Pt",
          "C",
          "C",
          "C",
          "C",
          "C",
          "C",
          "O",
          "O",
          "O",
          "O",
          "O",
          "O",
          "H",
          "H",
          "H",
          "H",
          "H",
          "H",
          "H",
          "H",
          "H",
          "H",
          "H",
          "H"
        ],
        "Energy": -346.89417327,
        "Forces": [
          [
            0.030154,
            -0.013305,
            -0.040146
          ],
          [
            0.032403,
            0.007094,
            -0.058077
          ],
          [
            0.012961,
            -0.036854,
            -0.064887
          ],
          [
            0.016858,
            -0.003836,
            -0.045155
          ],
          [
            0.009397,
            -0.037568,
            -0.072751
          ],
          [
            0.028014,
            0.018254,
            -0.029877
          ],
          [
            0.012182,
            0.018841,
            -0.022918
          ],
          [
            0.012839,
            -0.033805,
            -0.055819
          ],
          [
            0.034493,
            -0.032344,
            -0.062706
          ],
          [
            0.026087,
            0.009241,
            -0.052045
          ],
          [
            0.011829,
            -0.009833,
            -0.027509
          ],
          [
            0.023243,
            -0.028545,
            -0.073411
          ],
          [
            0.020973,
            -0.046497,
            -0.050255
          ],
          [
            0.028998,
            -2.7e-05,
            -0.043993
          ],
          [
            0.02963,
            0.008494,
            -0.036161
          ],
          [
            0.013686,
            -0.004624,
            -0.048969
          ],
          [
            0.025429,
            -0.023846,
            -0.051865
          ],
          [
            0.0327,
            0.004591,
            -0.060615
          ],
          [
            -0.034189,
            -0.053756,
            0.152278
          ],
          [
            0.00012,
            0.086609,
            0.175392
          ],
          [
            -0.01521,
            -0.024008,
            0.063048
          ],
          [
            -0.050362,
            -0.067812,
            0.022056
          ],
          [
            -0.121042,
            0.058959,
            0.107064
          ],
          [
            -0.011123,
            0.061511,
            0.185364
          ],
          [
            -0.007267,
            -0.011512,
            0.125312
          ],
          [
            -0.032762,
            -0.026306,
            0.016766
          ],
          [
            -0.033109,
            0.136614,
            0.198312
          ],
          [
            -0.061346,
            0.043752,
            0.275591
          ],
          [
            0.011686,
            -0.004627,
            0.076658
          ],
          [
            -0.049692,
            0.008612,
            0.004111
          ],
          [
            -0.005696,
            -0.023788,
            0.131512
          ],
          [
            0.004342,
            0.030572,
            0.272263
          ],
          [
            -0.018074,
            0.038928,
            0.043617
          ],
          [
            0.016553,
            -0.094305,
            0.176659
          ],
          [
            -0.076084,
            0.005393,
            0.068615
          ],
          [
            -0.033821,
            0.109262,
            0.096174
          ],
          [
            0.003173,
            0.067787,
            -0.068868
          ],
          [
            -0.113548,
            0.014892,
            -0.047292
          ],
          [
            -0.025039,
            -0.031399,
            0.12665
          ],
          [
            -0.034883,
            0.035892,
            -0.226128
          ],
          [
            0.025093,
            0.025936,
            -0.04278
          ],
          [
            0.06428,
            0.027806,
            0.071449
          ],
          [
            -0.068086,
            -0.052434,
            -0.06288
          ],
          [
            0.050497,
            -0.042604,
            -0.037041
          ],
          [
            0.000952,
            -0.003667,
            0.047413
          ],
          [
            0.102148,
            0.043357,
            0.079813
          ],
          [
            0.22949,
            -0.081548,
            0.060005
          ],
          [
            -0.095654,
            -0.097089,
            0.011824
          ],
          [
            0.007593,
            -0.097311,
            -0.066154
          ],
          [
            -0.1299,
            0.039336,
            -0.004376
          ],
          [
            0.019571,
            0.043179,
            0.002772
          ],
          [
            -0.046699,
            0.032794,
            -0.019172
          ],
          [
            0.150129,
            -0.020808,
            0.071705
          ],
          [
            0.009127,
            -0.051728,
            -0.068224
          ],
          [
            -0.149118,
            -0.062905,
            -0.187177
          ],
          [
            -0.084883,
            0.089276,
            -0.040945
          ],
          [
            0.079278,
            -0.1816,
            -0.145566
          ],
          [
            -0.01587,
            0.066487,
            0.016421
          ],
          [
            -0.030408,
            0.112459,
            -0.00235
          ],
          [
            -0.135544,
            -0.15391,
            0.015909
          ],
          [
            -0.013104,
            -0.026005,
            -0.027169
          ],
          [
            0.128464,
            0.117631,
            -0.031591
          ],
          [
            0.122153,
            -0.096028,
            -0.317434
          ],
          [
            0.051464,
            -0.057544,
            -0.048482
          ],
          [
            0.072707,
            0.072233,
            -0.291767
          ],
          [
            -0.017559,
            0.036646,
            -0.153987
          ],
          [
            0.111113,
            -0.042751,
            -0.163274
          ],
          [
            -0.259826,
            0.093624,
            -0.193709
          ],
          [
            0.004274,
            0.269889,
            0.151468
          ],
          [
            0.110141,
            0.126525,
            -0.114659
          ],
          [
            0.025673,
            -0.135487,
            -0.089162
          ],
          [
            0.014915,
            0.039957,
            0.254351
          ],
          [
            0.755796,
            -0.517114,
            -0.001742
          ],
          [
            -0.306246,
            0.221142,
            0.719289
          ],
          [
            0.319548,
            0.043794,
            0.627038
          ],
          [
            -0.433935,
            0.224096,
            -0.017017
          ],
          [
            -0.411779,
            -0.645724,
            -0.348402
          ],
          [
            -0.111134,
            0.175739,
            0.536754
          ],
          [
            -0.424607,
            -0.441613,
            -0.37353
          ],
          [
            0.498191,
            -0.049813,
            -0.120551
          ],
          [
            -0.895839,
            0.563152,
            -0.297131
          ],
          [
            0.11405,
            0.366939,
            -0.100713
          ],
          [
            0.461357,
            0.31875,
            -0.038528
          ],
          [
            -0.325541,
            -0.049684,
            -0.425928
          ],
          [
            -0.204248,
            -0.167714,
            0.064466
          ],
          [
            0.083803,
            -0.021256,
            -0.204264
          ],
          [
            0.333203,
            0.110024,
            0.077793
          ],
          [
            0.091731,
            -0.397359,
            -0.29022
          ],
          [
            -0.08405,
            0.228739,
            -0.350243
          ],
          [
            -0.044324,
            -0.068962,
            0.14576
          ],
          [
            0.285427,
            0.229547,
            0.172193
          ],
          [
            -0.114049,
            0.232087,
            -0.095477
          ],
          [
            0.056927,
            -0.083112,
            0.655571
          ],
          [
            0.463984,
            0.116242,
            0.250461
          ],
          [
            -0.3337,
            -0.750776,
            0.081634
          ],
          [
            0.192126,
            0.17265,
            -0.813301
          ]
        ],
        "Lattice": [
          [
            8.440733911,
            0.0,
            0.0
          ],
          [
            8.440733911,
            14.619780548,
            0.0
          ],
          [
            0.0,
            0.0,
            21.483230591
          ]
        ],
        "NumAtoms": 96,
        "Positions": [
          [
            4.22079,
            2.43687,
            0.0
          ],
          [
            9.84794,
            12.18339,
            0.0
          ],
          [
            7.03437,
            7.31013,
            0.0
          ],
          [
            7.03437,
            2.43687,
            0.0
          ],
          [
            12.66152,
            12.18339,
            0.0
          ],
          [
            9.84795,
            7.31013,
            0.0
          ],
          [
            1.40721,
            2.43687,
            0.0
          ],
          [
            7.03437,
            12.18339,
            0.0
          ],
          [
            4.22079,
            7.31013,
            0.0
          ],
          [
            2.81385,
            0.0,
            0.0
          ],
          [
            8.44101,
            9.74652,
            0.0
          ],
          [
            5.62743,
            4.87326,
            0.0
          ],
          [
            5.62743,
            0.0,
            0.0
          ],
          [
            11.25459,
            9.74652,
            0.0
          ],
          [
            8.44101,
            4.87326,
            0.0
          ],
          [
            0.00028,
            0.0,
            0.0
          ],
          [
            5.62743,
            9.74652,
            0.0
          ],
          [
            2.81385,
            4.87326,
            0.0
          ],
          [
            7.03462,
            4.06144,
            2.2975
          ],
          [
            12.66177,
            13.80796,
            2.2975
          ],
          [
            9.8482,
            8.9347,
            2.2975
          ],
          [
            9.8482,
            4.06144,
            2.2975
          ],
          [
            15.47535,
            13.80796,
            2.2975
          ],
          [
            12.66177,
            8.9347,
            2.2975
          ],
          [
            4.22104,
            4.06144,
            2.2975
          ],
          [
            9.8482,
            13.80796,
            2.2975
          ],
          [
            7.03462,
            8.9347,
            2.2975
          ],
          [
            5.62769,
            1.62456,
            2.2975
          ],
          [
            11.25484,
            11.37109,
            2.2975
          ],
          [
            8.44127,
            6.49782,
            2.2975
          ],
          [
            8.44127,
            1.62456,
            2.2975
          ],
          [
            14.06842,
            11.37109,
            2.2975
          ],
          [
            11.25484,
            6.49782,
            2.2975
          ],
          [
            2.81411,
            1.62456,
            2.2975
          ],
          [
            8.44127,
            11.37109,
            2.2975
          ],
          [
            5.62769,
            6.49782,
            2.2975
          ],
          [
            1.37754,
            0.78992,
            4.57955
          ],
          [
            7.00413,
            10.59256,
            4.61418
          ],
          [
            4.19357,
            5.71678,
            4.56626
          ],
          [
            4.20548,
            0.84075,
            4.61709
          ],
          [
            9.81771,
            10.53683,
            4.55711
          ],
          [
            6.98632,
            5.70167,
            4.56269
          ],
          [
            6.9949,
            0.8551,
            4.58897
          ],
          [
            12.63609,
            10.58718,
            4.60071
          ],
          [
            9.81265,
            5.66575,
            4.55225
          ],
          [
            2.77072,
            3.23728,
            4.56752
          ],
          [
            8.36587,
            13.00997,
            4.55577
          ],
          [
            5.60554,
            8.18001,
            4.58989
          ],
          [
            5.58475,
            3.29381,
            4.60076
          ],
          [
            11.25418,
            12.99536,
            4.5648
          ],
          [
            8.399,
            8.10792,
            4.56553
          ],
          [
            8.40038,
            3.245,
            4.58552
          ],
          [
            14.02529,
            13.03347,
            4.5961
          ],
          [
            11.23474,
            8.1288,
            4.5785
          ],
          [
            5.58355,
            0.05231,
            6.94636
          ],
          [
            11.21152,
            9.73671,
            6.89885
          ],
          [
            8.3498,
            4.91454,
            6.88794
          ],
          [
            2.76231,
            0.0032,
            6.87325
          ],
          [
            8.39493,
            9.72067,
            6.86662
          ],
          [
            5.56671,
            4.93026,
            6.92304
          ],
          [
            11.19145,
            4.88629,
            6.87365
          ],
          [
            8.35692,
            0.0208,
            6.86619
          ],
          [
            13.98415,
            9.77608,
            6.96999
          ],
          [
            9.76464,
            2.46112,
            6.88497
          ],
          [
            15.414,
            12.19691,
            6.96035
          ],
          [
            12.5954,
            7.32478,
            6.92492
          ],
          [
            6.93734,
            2.48379,
            6.93508
          ],
          [
            12.65046,
            12.19449,
            6.95027
          ],
          [
            9.78731,
            7.27692,
            6.84219
          ],
          [
            6.93864,
            7.33118,
            6.90547
          ],
          [
            4.13847,
            2.49205,
            6.92372
          ],
          [
            9.80128,
            12.17642,
            6.78
          ],
          [
            7.88924,
            10.64973,
            10.22644
          ],
          [
            7.93597,
            12.15998,
            10.37066
          ],
          [
            9.2697,
            12.82912,
            10.15272
          ],
          [
            7.3744,
            6.96879,
            10.43215
          ],
          [
            7.10234,
            5.52601,
            10.69027
          ],
          [
            8.24975,
            4.65749,
            10.22823
          ],
          [
            15.38251,
            12.87152,
            9.63352
          ],
          [
            5.86098,
            5.09481,
            10.11055
          ],
          [
            8.88417,
            9.92907,
            10.5091
          ],
          [
            6.69824,
            10.18054,
            9.91373
          ],
          [
            6.45992,
            7.65667,
            9.91581
          ],
          [
            8.5426,
            7.41196,
            10.82909
          ],
          [
            6.66743,
            9.13833,
            9.85753
          ],
          [
            7.68673,
            12.27907,
            11.46534
          ],
          [
            14.51939,
            12.3833,
            9.63544
          ],
          [
            9.19546,
            13.88589,
            10.51041
          ],
          [
            10.02526,
            12.29629,
            10.7744
          ],
          [
            9.58264,
            12.82293,
            9.0848
          ],
          [
            8.64983,
            8.42703,
            10.6183
          ],
          [
            5.33532,
            5.89054,
            9.89547
          ],
          [
            6.99805,
            5.44376,
            11.77659
          ],
          [
            9.13066,
            4.84655,
            10.83421
          ],
          [
            8.00745,
            3.6095,
            10.28896
          ],
          [
            8.50232,
            4.88097,
            9.19635
          ]
        ],
        "Stress": [
          [
            -63.16831,
            -0.15524,
            -0.30428
          ],
          [
            -0.15524,
            -61.56919,
            -0.36071
          ],
          [
            -0.30428,
            -0.36071,
            -12.91094
          ]
        ],
        "computation_code": "VASP",
        "pseudopotential_information": [
          [
            "PAW_PBE",
            "Pt",
            "04Feb2005"
          ],
          [
            "PAW_PBE",
            "C",
            "08Apr2002"
          ],
          [
            "PAW_PBE",
            "O",
            "08Apr2002"
          ],
          [
            "PAW_PBE",
            "H",
            "15Jun2001"
          ]
        ]
      }
    ],
    "EnergyStyle": "electronvolt",
    "ForcesStyle": "electronvoltperangstrom",
    "LatticeStyle": "angstrom",
    "PositionsStyle": "angstrom",
    "StressStyle": "kB"
  }
}