{
  "Dataset": {
    "AtomTypeStyle": "chemicalsymbol",
    "Data": [
      {
        "AtomTypes": [
          "Pt",
          "Pt",
          "Pt",
          "Pt",
          "Pt",
          "Pt",
          "Pt",
          "Pt",
          "Pt",
          "Pt",
          "Pt",
          "Pt",
          "Pt",
          "Pt",
          "Pt",
          "Pt",
          "Pt",
          "Pt",
          "Pt",
          "Pt",
          "Pt",
          "Pt",
          "Pt",
          "Pt",
          "Pt",
          "Pt",
          "Pt",
          "Pt",
          "Pt",
          "Pt",
          "Pt",
          "Pt",
          "Pt",
          "Pt",
          "Pt",
          "Pt",
          "Pt",
          "Pt",
          "Pt",
          "Pt",
          "Pt",
          "Pt",
          "Pt",
          "Pt",
          "Pt",
          "Pt",
          "Pt",
          "Pt",
          "Pt",
          "Pt",
          "Pt",
          "Pt",
          "Pt",
          "Pt",
          "Pt",
          "Pt",
          "Pt",
          "Pt",
          "Pt",
          "Pt",
          "Pt",
          "Pt",
          "Pt",
          "Pt",
          "Pt",
          "Pt",
          "Pt",
          "Pt",
          "Pt",
          "Pt",
          "Pt",
          "Pt",
          "C",
          "C",
          "C",
          "C",
          "C",
          "C",
          "O",
          "O",
          "O",
          "O",
          "O",
          "O",
          "H",
          "H",
          "H",
          "H",
          "H",
          "H",
          "H",
          "H",
          "H",
          "H",
          "H",
          "H"
        ],
        "Energy": -346.92980907,
        "Forces": [
          [
            0.019495,
            -0.004573,
            -0.025435
          ],
          [
            0.035932,
            -0.035458,
            -0.044515
          ],
          [
            0.026023,
            0.003817,
            -0.054986
          ],
          [
            0.031872,
            0.014629,
            -0.033286
          ],
          [
            0.019288,
            -0.007831,
            -0.060104
          ],
          [
            0.014316,
            -0.029076,
            -0.062719
          ],
          [
            0.022118,
            -0.029371,
            -0.046738
          ],
          [
            0.026531,
            -0.001887,
            -0.054646
          ],
          [
            0.017852,
            -0.002004,
            -0.036188
          ],
          [
            0.039376,
            -0.035517,
            -0.045292
          ],
          [
            0.036132,
            -0.019706,
            -0.031738
          ],
          [
            0.017714,
            0.014353,
            -0.038504
          ],
          [
            0.032435,
            -0.004085,
            -0.049396
          ],
          [
            0.023676,
            -0.01446,
            -0.05691
          ],
          [
            0.044594,
            -0.020331,
            -0.05939
          ],
          [
            0.027208,
            -0.025129,
            -0.054412
          ],
          [
            0.029162,
            0.036204,
            -0.033468
          ],
          [
            0.01703,
            -0.01181,
            -0.063938
          ],
          [
            -0.033857,
            -0.091781,
            -0.046114
          ],
          [
            -0.123304,
            0.061235,
            -0.085587
          ],
          [
            -0.064787,
            0.039229,
            0.169215
          ],
          [
            -0.06292,
            0.071434,
            0.080054
          ],
          [
            -0.037615,
            0.026241,
            -0.247509
          ],
          [
            -0.076744,
            -0.07792,
            -0.093763
          ],
          [
            -0.009893,
            -0.035167,
            0.020668
          ],
          [
            -0.009931,
            0.083101,
            0.004196
          ],
          [
            0.020998,
            -0.060977,
            -0.042243
          ],
          [
            -0.091563,
            0.011478,
            -0.084371
          ],
          [
            -0.086417,
            0.027063,
            0.02942
          ],
          [
            0.029648,
            0.066228,
            0.003678
          ],
          [
            0.006515,
            0.083574,
            -0.006402
          ],
          [
            -0.02975,
            -0.140688,
            -0.232176
          ],
          [
            -0.033922,
            0.016265,
            0.10866
          ],
          [
            -0.021883,
            0.039856,
            0.047095
          ],
          [
            0.021382,
            -0.006159,
            -0.041858
          ],
          [
            -0.061008,
            -0.050233,
            -0.109815
          ],
          [
            -0.038862,
            -0.075308,
            -0.003434
          ],
          [
            -0.109288,
            0.015517,
            0.081056
          ],
          [
            0.054361,
            0.105826,
            0.035169
          ],
          [
            -0.029984,
            -0.014541,
            -0.092909
          ],
          [
            0.041127,
            -0.16804,
            -0.068856
          ],
          [
            -0.094022,
            0.074587,
            0.126921
          ],
          [
            -0.00398,
            -0.015883,
            0.092627
          ],
          [
            -0.006994,
            0.17532,
            0.07398
          ],
          [
            -0.041968,
            -0.042524,
            -0.061717
          ],
          [
            0.081466,
            -0.071407,
            0.008685
          ],
          [
            0.064117,
            -0.039494,
            0.139187
          ],
          [
            -0.017068,
            0.020257,
            -0.037578
          ],
          [
            -0.048979,
            0.142938,
            -0.07968
          ],
          [
            0.030682,
            0.008644,
            -0.024086
          ],
          [
            0.073101,
            0.029089,
            -0.1521
          ],
          [
            0.036219,
            -0.077531,
            -0.131866
          ],
          [
            0.01564,
            0.122165,
            0.290602
          ],
          [
            0.032595,
            -0.049379,
            -0.03335
          ],
          [
            -0.089774,
            0.076538,
            0.179979
          ],
          [
            -0.031771,
            0.020728,
            -0.066066
          ],
          [
            0.081116,
            0.003357,
            0.036959
          ],
          [
            0.010944,
            0.09583,
            -0.051912
          ],
          [
            0.038278,
            -0.072972,
            -0.037971
          ],
          [
            -0.094352,
            0.008636,
            0.09162
          ],
          [
            -0.179735,
            0.037785,
            -0.125407
          ],
          [
            0.070484,
            0.212789,
            0.086389
          ],
          [
            -0.022976,
            -0.095017,
            0.36353
          ],
          [
            -0.007553,
            -0.094994,
            0.110506
          ],
          [
            0.131308,
            -0.185995,
            0.155527
          ],
          [
            -0.069827,
            0.069817,
            0.05522
          ],
          [
            0.092395,
            0.064835,
            0.009422
          ],
          [
            -0.16038,
            -0.068302,
            0.087458
          ],
          [
            0.065101,
            0.094209,
            0.134044
          ],
          [
            0.187264,
            0.081788,
            0.157799
          ],
          [
            -0.013609,
            -0.14435,
            0.111276
          ],
          [
            0.124942,
            -0.131027,
            0.03863
          ],
          [
            0.255337,
            0.279028,
            0.064589
          ],
          [
            -0.074617,
            0.058404,
            0.102956
          ],
          [
            -0.351735,
            -1.112407,
            -0.111778
          ],
          [
            0.550121,
            -0.331991,
            0.204471
          ],
          [
            0.098968,
            -0.401499,
            1.205137
          ],
          [
            -0.381074,
            0.676387,
            -0.995801
          ],
          [
            -0.463539,
            -0.123579,
            -0.203005
          ],
          [
            -0.130963,
            0.12751,
            -0.179821
          ],
          [
            -0.389746,
            0.481241,
            -0.1129
          ],
          [
            0.38328,
            -0.02648,
            0.163297
          ],
          [
            -0.010056,
            0.488931,
            -0.095157
          ],
          [
            -0.803865,
            -0.279335,
            -0.431149
          ],
          [
            -0.002888,
            0.095003,
            -0.06027
          ],
          [
            -0.045602,
            -0.165388,
            0.040004
          ],
          [
            0.296833,
            0.222506,
            -0.039528
          ],
          [
            -0.131837,
            0.780884,
            0.153242
          ],
          [
            0.239194,
            -0.035255,
            0.183624
          ],
          [
            0.252409,
            -0.135566,
            -0.400481
          ],
          [
            0.035416,
            -0.269395,
            0.117778
          ],
          [
            0.1418,
            0.009569,
            0.098906
          ],
          [
            0.220065,
            0.162271,
            -0.919433
          ],
          [
            0.503322,
            0.137441,
            0.434943
          ],
          [
            -0.096659,
            -0.555417,
            0.124016
          ],
          [
            -0.065313,
            -0.077138,
            0.56259
          ]
        ],
        "Lattice": [
          [
            8.440733911,
            0.0,
            0.0
          ],
          [
            8.440733911,
            14.619780548,
            0.0
          ],
          [
            0.0,
            0.0,
            21.483230591
          ]
        ],
        "NumAtoms": 96,
        "Positions": [
          [
            4.22079,
            2.43687,
            0.0
          ],
          [
            9.84794,
            12.18339,
            0.0
          ],
          [
            7.03437,
            7.31013,
            0.0
          ],
          [
            7.03437,
            2.43687,
            0.0
          ],
          [
            12.66152,
            12.18339,
            0.0
          ],
          [
            9.84795,
            7.31013,
            0.0
          ],
          [
            1.40721,
            2.43687,
            0.0
          ],
          [
            7.03437,
            12.18339,
            0.0
          ],
          [
            4.22079,
            7.31013,
            0.0
          ],
          [
            2.81385,
            0.0,
            0.0
          ],
          [
            8.44101,
            9.74652,
            0.0
          ],
          [
            5.62743,
            4.87326,
            0.0
          ],
          [
            5.62743,
            0.0,
            0.0
          ],
          [
            11.25459,
            9.74652,
            0.0
          ],
          [
            8.44101,
            4.87326,
            0.0
          ],
          [
            0.00028,
            0.0,
            0.0
          ],
          [
            5.62743,
            9.74652,
            0.0
          ],
          [
            2.81385,
            4.87326,
            0.0
          ],
          [
            7.03462,
            4.06144,
            2.2975
          ],
          [
            12.66177,
            13.80796,
            2.2975
          ],
          [
            9.8482,
            8.9347,
            2.2975
          ],
          [
            9.8482,
            4.06144,
            2.2975
          ],
          [
            15.47535,
            13.80796,
            2.2975
          ],
          [
            12.66177,
            8.9347,
            2.2975
          ],
          [
            4.22104,
            4.06144,
            2.2975
          ],
          [
            9.8482,
            13.80796,
            2.2975
          ],
          [
            7.03462,
            8.9347,
            2.2975
          ],
          [
            5.62769,
            1.62456,
            2.2975
          ],
          [
            11.25484,
            11.37109,
            2.2975
          ],
          [
            8.44127,
            6.49782,
            2.2975
          ],
          [
            8.44127,
            1.62456,
            2.2975
          ],
          [
            14.06842,
            11.37109,
            2.2975
          ],
          [
            11.25484,
            6.49782,
            2.2975
          ],
          [
            2.81411,
            1.62456,
            2.2975
          ],
          [
            8.44127,
            11.37109,
            2.2975
          ],
          [
            5.62769,
            6.49782,
            2.2975
          ],
          [
            1.37744,
            0.84988,
            4.56576
          ],
          [
            7.02144,
            10.5593,
            4.5402
          ],
          [
            4.1837,
            5.6645,
            4.56218
          ],
          [
            4.17162,
            0.81778,
            4.56501
          ],
          [
            9.80764,
            10.60239,
            4.5845
          ],
          [
            7.01008,
            5.66525,
            4.53092
          ],
          [
            7.00217,
            0.81215,
            4.53284
          ],
          [
            12.60175,
            10.53997,
            4.53661
          ],
          [
            9.82632,
            5.71391,
            4.57826
          ],
          [
            2.76544,
            3.28254,
            4.56512
          ],
          [
            8.39803,
            13.01869,
            4.53719
          ],
          [
            5.58358,
            8.0995,
            4.53557
          ],
          [
            5.59473,
            3.22374,
            4.56453
          ],
          [
            11.203,
            13.019,
            4.56288
          ],
          [
            8.40271,
            8.13668,
            4.58071
          ],
          [
            8.40654,
            3.26834,
            4.57457
          ],
          [
            14.0204,
            12.96777,
            4.5048
          ],
          [
            11.20229,
            8.14416,
            4.57072
          ],
          [
            5.55257,
            0.00741,
            6.80413
          ],
          [
            11.16974,
            9.76793,
            6.89218
          ],
          [
            8.36946,
            4.88961,
            6.85455
          ],
          [
            2.72828,
            0.00738,
            6.88649
          ],
          [
            8.36172,
            9.78526,
            6.88192
          ],
          [
            5.57258,
            4.87285,
            6.86178
          ],
          [
            11.20926,
            4.88755,
            6.91769
          ],
          [
            8.36073,
            0.00095,
            6.84388
          ],
          [
            13.98934,
            9.78071,
            6.76544
          ],
          [
            9.78444,
            2.46544,
            6.86424
          ],
          [
            15.37221,
            12.23397,
            6.83685
          ],
          [
            12.58162,
            7.31498,
            6.84406
          ],
          [
            6.95223,
            2.4164,
            6.85045
          ],
          [
            12.58743,
            12.20868,
            6.82668
          ],
          [
            9.76432,
            7.31998,
            6.87268
          ],
          [
            6.93325,
            7.31459,
            6.812
          ],
          [
            4.13948,
            2.46653,
            6.85052
          ],
          [
            9.7486,
            12.22325,
            6.87777
          ],
          [
            7.41755,
            10.36596,
            10.32824
          ],
          [
            7.46561,
            11.87626,
            10.60253
          ],
          [
            8.81179,
            12.58727,
            10.50711
          ],
          [
            6.94794,
            6.75581,
            10.33428
          ],
          [
            6.67874,
            5.27117,
            10.49679
          ],
          [
            7.82982,
            4.35585,
            10.10668
          ],
          [
            14.97901,
            12.56531,
            9.7726
          ],
          [
            5.50704,
            4.85206,
            9.81573
          ],
          [
            8.41431,
            9.63014,
            10.53439
          ],
          [
            6.22646,
            9.94604,
            9.95493
          ],
          [
            6.01102,
            7.45292,
            9.87993
          ],
          [
            8.11615,
            7.19873,
            10.74302
          ],
          [
            6.15021,
            8.87196,
            9.88866
          ],
          [
            7.12486,
            11.97518,
            11.66199
          ],
          [
            14.15482,
            12.02084,
            9.69185
          ],
          [
            8.63677,
            13.64982,
            10.52729
          ],
          [
            9.45656,
            12.28261,
            11.33347
          ],
          [
            9.30512,
            12.35129,
            9.56162
          ],
          [
            8.23355,
            8.2819,
            10.59011
          ],
          [
            4.91956,
            5.62607,
            9.64663
          ],
          [
            6.49405,
            5.14595,
            11.63311
          ],
          [
            8.75757,
            4.61656,
            10.59368
          ],
          [
            7.55828,
            3.32205,
            10.28299
          ],
          [
            8.00698,
            4.46893,
            8.98501
          ]
        ],
        "Stress": [
          [
            -58.62972,
            -1.35496,
            0.35554
          ],
          [
            -1.35496,
            -57.41112,
            -0.0639
          ],
          [
            0.35554,
            -0.0639,
            -7.76177
          ]
        ],
        "computation_code": "VASP",
        "pseudopotential_information": [
          [
            "PAW_PBE",
            "Pt",
            "04Feb2005"
          ],
          [
            "PAW_PBE",
            "C",
            "08Apr2002"
          ],
          [
            "PAW_PBE",
            "O",
            "08Apr2002"
          ],
          [
            "PAW_PBE",
            "H",
            "15Jun2001"
          ]
        ]
      }
    ],
    "EnergyStyle": "electronvolt",
    "ForcesStyle": "electronvoltperangstrom",
    "LatticeStyle": "angstrom",
    "PositionsStyle": "angstrom",
    "StressStyle": "kB"
  }
}