{
  "Dataset": {
    "AtomTypeStyle": "chemicalsymbol",
    "Data": [
      {
        "AtomTypes": [
          "Pt",
          "Pt",
          "Pt",
          "Pt",
          "Pt",
          "Pt",
          "Pt",
          "Pt",
          "Pt",
          "Pt",
          "Pt",
          "Pt",
          "Pt",
          "Pt",
          "Pt",
          "Pt",
          "Pt",
          "Pt",
          "Pt",
          "Pt",
          "Pt",
          "Pt",
          "Pt",
          "Pt",
          "Pt",
          "Pt",
          "Pt",
          "Pt",
          "Pt",
          "Pt",
          "Pt",
          "Pt",
          "Pt",
          "Pt",
          "Pt",
          "Pt",
          "Pt",
          "Pt",
          "Pt",
          "Pt",
          "Pt",
          "Pt",
          "Pt",
          "Pt",
          "Pt",
          "Pt",
          "Pt",
          "Pt",
          "Pt",
          "Pt",
          "Pt",
          "Pt",
          "Pt",
          "Pt",
          "Pt",
          "Pt",
          "Pt",
          "Pt",
          "Pt",
          "Pt",
          "Pt",
          "Pt",
          "Pt",
          "Pt",
          "Pt",
          "Pt",
          "Pt",
          "Pt",
          "Pt",
          "Pt",
          "Pt",
          "Pt",
          "C",
          "C",
          "C",
          "C",
          "C",
          "C",
          "O",
          "O",
          "O",
          "O",
          "O",
          "O",
          "H",
          "H",
          "H",
          "H",
          "H",
          "H",
          "H",
          "H",
          "H",
          "H",
          "H",
          "H"
        ],
        "Energy": -346.96432434,
        "Forces": [
          [
            0.01949,
            0.00201,
            -0.027327
          ],
          [
            0.039881,
            -0.035301,
            -0.04005
          ],
          [
            0.025353,
            -0.011526,
            -0.075532
          ],
          [
            0.031749,
            0.020301,
            -0.032505
          ],
          [
            0.018429,
            -0.006425,
            -0.04249
          ],
          [
            0.018796,
            -0.023494,
            -0.076472
          ],
          [
            0.031864,
            -0.023097,
            -0.044403
          ],
          [
            0.029889,
            -0.013188,
            -0.03269
          ],
          [
            0.020374,
            -0.003185,
            -0.061463
          ],
          [
            0.033307,
            -0.013753,
            -0.076732
          ],
          [
            0.0332,
            -0.037061,
            -0.037211
          ],
          [
            0.022831,
            0.022219,
            -0.036329
          ],
          [
            0.016334,
            0.003918,
            -0.044681
          ],
          [
            0.023894,
            -0.029641,
            -0.050277
          ],
          [
            0.037537,
            -0.009281,
            -0.048649
          ],
          [
            0.035214,
            -0.018564,
            -0.04267
          ],
          [
            0.031224,
            0.001052,
            -0.035329
          ],
          [
            0.0201,
            0.006754,
            -0.050901
          ],
          [
            -0.016191,
            -0.044412,
            0.022704
          ],
          [
            -0.031818,
            -0.000186,
            -0.082681
          ],
          [
            -0.047787,
            0.035477,
            0.06806
          ],
          [
            -0.054458,
            0.078759,
            0.107399
          ],
          [
            -0.014976,
            -0.028044,
            -0.139457
          ],
          [
            -0.094028,
            -0.018821,
            -0.084182
          ],
          [
            -0.033077,
            -0.05951,
            -0.00444
          ],
          [
            -0.055543,
            0.052704,
            0.002835
          ],
          [
            -0.006791,
            0.029054,
            -0.057695
          ],
          [
            -0.062626,
            -0.013097,
            -0.081098
          ],
          [
            -0.085054,
            0.031324,
            -0.047128
          ],
          [
            0.012302,
            0.029327,
            0.060419
          ],
          [
            -0.013741,
            0.060521,
            -0.031332
          ],
          [
            -0.030795,
            -0.056096,
            -0.113948
          ],
          [
            -0.048526,
            -0.040538,
            0.110276
          ],
          [
            -0.044272,
            0.030301,
            0.039817
          ],
          [
            -0.023905,
            0.041578,
            0.012979
          ],
          [
            -0.015479,
            -0.065048,
            -0.116509
          ],
          [
            0.040907,
            -0.05235,
            0.012141
          ],
          [
            -0.052762,
            -0.068747,
            0.061361
          ],
          [
            -0.075635,
            0.146256,
            0.151523
          ],
          [
            0.036656,
            0.12403,
            -0.030867
          ],
          [
            -0.017998,
            -0.090731,
            -0.007694
          ],
          [
            0.008378,
            0.031036,
            -0.006925
          ],
          [
            -0.038588,
            0.032053,
            0.084228
          ],
          [
            0.113021,
            0.002495,
            0.069829
          ],
          [
            -0.017695,
            -0.061054,
            -0.153318
          ],
          [
            0.092771,
            -0.047159,
            0.056717
          ],
          [
            -0.008431,
            -0.036324,
            -0.025527
          ],
          [
            -0.013216,
            0.066748,
            0.129849
          ],
          [
            0.016409,
            0.065851,
            0.036836
          ],
          [
            -0.047369,
            -0.030092,
            0.078353
          ],
          [
            0.051459,
            -0.092036,
            -0.026235
          ],
          [
            -0.071656,
            0.016187,
            -0.061254
          ],
          [
            -0.055166,
            0.071859,
            0.112586
          ],
          [
            0.087276,
            0.074062,
            -0.026759
          ],
          [
            0.032398,
            -0.061513,
            0.169296
          ],
          [
            -0.016572,
            -0.067963,
            0.054134
          ],
          [
            0.076341,
            -0.017727,
            0.02292
          ],
          [
            0.010108,
            -0.004347,
            -0.063918
          ],
          [
            0.008337,
            -0.084543,
            0.031765
          ],
          [
            0.025625,
            0.116408,
            -0.043668
          ],
          [
            -0.150662,
            0.005534,
            -0.174219
          ],
          [
            0.002084,
            0.100044,
            0.095932
          ],
          [
            0.004654,
            0.05451,
            0.23727
          ],
          [
            -0.048314,
            -0.043051,
            0.024084
          ],
          [
            -0.013804,
            -0.146902,
            0.214057
          ],
          [
            0.070885,
            0.015941,
            0.022546
          ],
          [
            0.100289,
            0.094174,
            -0.037261
          ],
          [
            0.151165,
            -0.020731,
            0.096836
          ],
          [
            -0.047566,
            0.048615,
            0.108079
          ],
          [
            0.027611,
            0.144829,
            0.104505
          ],
          [
            -0.104387,
            -0.052633,
            0.019266
          ],
          [
            0.024798,
            -0.068087,
            -0.103071
          ],
          [
            0.334085,
            -0.459383,
            -0.209024
          ],
          [
            0.180038,
            0.129836,
            -0.096628
          ],
          [
            -0.59985,
            -1.155787,
            -0.835303
          ],
          [
            0.817972,
            -0.54479,
            0.678804
          ],
          [
            0.453539,
            -0.179843,
            0.751089
          ],
          [
            -0.078849,
            0.079495,
            -0.440633
          ],
          [
            -0.356803,
            -0.19638,
            -0.167015
          ],
          [
            -0.161019,
            0.077475,
            -0.083867
          ],
          [
            -0.450599,
            0.189509,
            -0.05816
          ],
          [
            0.100027,
            0.295573,
            -0.241233
          ],
          [
            -0.554703,
            0.849277,
            -0.478442
          ],
          [
            -0.687511,
            0.714411,
            -0.275523
          ],
          [
            -0.214352,
            -0.279036,
            0.122211
          ],
          [
            -0.048371,
            -0.168104,
            0.095428
          ],
          [
            0.378882,
            0.107164,
            0.090256
          ],
          [
            0.092201,
            1.50206,
            0.188313
          ],
          [
            0.485345,
            -0.199482,
            0.55018
          ],
          [
            0.027301,
            -0.032702,
            0.074666
          ],
          [
            0.107182,
            -0.603932,
            0.297629
          ],
          [
            -0.072156,
            -0.008569,
            0.034791
          ],
          [
            0.068635,
            0.084295,
            -0.93395
          ],
          [
            0.169373,
            -0.004193,
            0.175368
          ],
          [
            0.011372,
            -0.192496,
            0.053473
          ],
          [
            -0.01941,
            -0.057358,
            0.453415
          ]
        ],
        "Lattice": [
          [
            8.440733911,
            0.0,
            0.0
          ],
          [
            8.440733911,
            14.619780548,
            0.0
          ],
          [
            0.0,
            0.0,
            21.483230591
          ]
        ],
        "NumAtoms": 96,
        "Positions": [
          [
            4.22079,
            2.43687,
            0.0
          ],
          [
            9.84794,
            12.18339,
            0.0
          ],
          [
            7.03437,
            7.31013,
            0.0
          ],
          [
            7.03437,
            2.43687,
            0.0
          ],
          [
            12.66152,
            12.18339,
            0.0
          ],
          [
            9.84795,
            7.31013,
            0.0
          ],
          [
            1.40721,
            2.43687,
            0.0
          ],
          [
            7.03437,
            12.18339,
            0.0
          ],
          [
            4.22079,
            7.31013,
            0.0
          ],
          [
            2.81385,
            0.0,
            0.0
          ],
          [
            8.44101,
            9.74652,
            0.0
          ],
          [
            5.62743,
            4.87326,
            0.0
          ],
          [
            5.62743,
            0.0,
            0.0
          ],
          [
            11.25459,
            9.74652,
            0.0
          ],
          [
            8.44101,
            4.87326,
            0.0
          ],
          [
            0.00028,
            0.0,
            0.0
          ],
          [
            5.62743,
            9.74652,
            0.0
          ],
          [
            2.81385,
            4.87326,
            0.0
          ],
          [
            7.03462,
            4.06144,
            2.2975
          ],
          [
            12.66177,
            13.80796,
            2.2975
          ],
          [
            9.8482,
            8.9347,
            2.2975
          ],
          [
            9.8482,
            4.06144,
            2.2975
          ],
          [
            15.47535,
            13.80796,
            2.2975
          ],
          [
            12.66177,
            8.9347,
            2.2975
          ],
          [
            4.22104,
            4.06144,
            2.2975
          ],
          [
            9.8482,
            13.80796,
            2.2975
          ],
          [
            7.03462,
            8.9347,
            2.2975
          ],
          [
            5.62769,
            1.62456,
            2.2975
          ],
          [
            11.25484,
            11.37109,
            2.2975
          ],
          [
            8.44127,
            6.49782,
            2.2975
          ],
          [
            8.44127,
            1.62456,
            2.2975
          ],
          [
            14.06842,
            11.37109,
            2.2975
          ],
          [
            11.25484,
            6.49782,
            2.2975
          ],
          [
            2.81411,
            1.62456,
            2.2975
          ],
          [
            8.44127,
            11.37109,
            2.2975
          ],
          [
            5.62769,
            6.49782,
            2.2975
          ],
          [
            1.37083,
            0.84551,
            4.56575
          ],
          [
            7.00555,
            10.5779,
            4.55095
          ],
          [
            4.19572,
            5.65098,
            4.55839
          ],
          [
            4.1639,
            0.80809,
            4.55661
          ],
          [
            9.80909,
            10.60251,
            4.56985
          ],
          [
            6.99957,
            5.6596,
            4.55116
          ],
          [
            7.0016,
            0.80783,
            4.5387
          ],
          [
            12.59667,
            10.56084,
            4.53957
          ],
          [
            9.82032,
            5.70462,
            4.58912
          ],
          [
            2.76612,
            3.27161,
            4.57206
          ],
          [
            8.41112,
            13.01972,
            4.56249
          ],
          [
            5.58137,
            8.09824,
            4.52388
          ],
          [
            5.58804,
            3.22226,
            4.56102
          ],
          [
            11.20831,
            13.02938,
            4.55391
          ],
          [
            8.39981,
            8.14866,
            4.56017
          ],
          [
            8.41458,
            3.25276,
            4.57282
          ],
          [
            14.03209,
            12.98034,
            4.53669
          ],
          [
            11.20192,
            8.12422,
            4.55894
          ],
          [
            5.53046,
            0.02966,
            6.81232
          ],
          [
            11.16808,
            9.77448,
            6.85935
          ],
          [
            8.36682,
            4.88172,
            6.85435
          ],
          [
            2.72716,
            0.02916,
            6.90001
          ],
          [
            8.36095,
            9.78191,
            6.86098
          ],
          [
            5.54806,
            4.85298,
            6.89565
          ],
          [
            11.20561,
            4.88395,
            6.92819
          ],
          [
            8.37239,
            0.02912,
            6.84868
          ],
          [
            13.98212,
            9.74629,
            6.78096
          ],
          [
            9.79243,
            2.46253,
            6.88716
          ],
          [
            15.38938,
            12.23628,
            6.84339
          ],
          [
            12.57019,
            7.31052,
            6.84419
          ],
          [
            6.94944,
            2.42082,
            6.86266
          ],
          [
            12.54436,
            12.20545,
            6.83187
          ],
          [
            9.77608,
            7.32792,
            6.86516
          ],
          [
            6.95089,
            7.29819,
            6.80947
          ],
          [
            4.15136,
            2.4549,
            6.87696
          ],
          [
            9.76496,
            12.22251,
            6.9012
          ],
          [
            7.48843,
            10.57952,
            10.4268
          ],
          [
            7.53039,
            12.09534,
            10.53086
          ],
          [
            8.93218,
            12.64589,
            10.36855
          ],
          [
            7.12155,
            6.75874,
            10.24089
          ],
          [
            6.7908,
            5.30082,
            10.50357
          ],
          [
            7.88964,
            4.35267,
            10.0782
          ],
          [
            15.13919,
            12.68462,
            9.51034
          ],
          [
            5.58102,
            4.94549,
            9.85967
          ],
          [
            8.5072,
            9.86604,
            10.3751
          ],
          [
            6.25188,
            10.10208,
            10.35074
          ],
          [
            6.20024,
            7.51608,
            9.94567
          ],
          [
            8.38587,
            7.12984,
            10.45359
          ],
          [
            6.27602,
            9.11658,
            10.09856
          ],
          [
            15.56605,
            12.403,
            11.51783
          ],
          [
            14.23454,
            12.27691,
            9.50891
          ],
          [
            8.88949,
            13.70182,
            10.42764
          ],
          [
            9.59506,
            12.22129,
            11.10419
          ],
          [
            9.3175,
            12.37672,
            9.35963
          ],
          [
            8.45239,
            8.16309,
            10.3
          ],
          [
            5.07725,
            5.77551,
            9.69104
          ],
          [
            6.66332,
            5.23277,
            11.64998
          ],
          [
            8.84216,
            4.57487,
            10.56585
          ],
          [
            7.58312,
            3.3155,
            10.25481
          ],
          [
            8.05003,
            4.46462,
            8.96028
          ]
        ],
        "Stress": [
          [
            -58.4589,
            -0.90225,
            0.57744
          ],
          [
            -0.90225,
            -57.73093,
            0.02627
          ],
          [
            0.57744,
            0.02627,
            -8.88659
          ]
        ],
        "computation_code": "VASP",
        "pseudopotential_information": [
          [
            "PAW_PBE",
            "Pt",
            "04Feb2005"
          ],
          [
            "PAW_PBE",
            "C",
            "08Apr2002"
          ],
          [
            "PAW_PBE",
            "O",
            "08Apr2002"
          ],
          [
            "PAW_PBE",
            "H",
            "15Jun2001"
          ]
        ]
      }
    ],
    "EnergyStyle": "electronvolt",
    "ForcesStyle": "electronvoltperangstrom",
    "LatticeStyle": "angstrom",
    "PositionsStyle": "angstrom",
    "StressStyle": "kB"
  }
}