{
  "Dataset": {
    "AtomTypeStyle": "chemicalsymbol",
    "Data": [
      {
        "AtomTypes": [
          "Pt",
          "Pt",
          "Pt",
          "Pt",
          "Pt",
          "Pt",
          "Pt",
          "Pt",
          "Pt",
          "Pt",
          "Pt",
          "Pt",
          "Pt",
          "Pt",
          "Pt",
          "Pt",
          "Pt",
          "Pt",
          "Pt",
          "Pt",
          "Pt",
          "Pt",
          "Pt",
          "Pt",
          "Pt",
          "Pt",
          "Pt",
          "Pt",
          "Pt",
          "Pt",
          "Pt",
          "Pt",
          "Pt",
          "Pt",
          "Pt",
          "Pt",
          "Pt",
          "Pt",
          "Pt",
          "Pt",
          "Pt",
          "Pt",
          "Pt",
          "Pt",
          "Pt",
          "Pt",
          "Pt",
          "Pt",
          "Pt",
          "Pt",
          "Pt",
          "Pt",
          "Pt",
          "Pt",
          "Pt",
          "Pt",
          "Pt",
          "Pt",
          "Pt",
          "Pt",
          "Pt",
          "Pt",
          "Pt",
          "Pt",
          "Pt",
          "Pt",
          "Pt",
          "Pt",
          "Pt",
          "Pt",
          "Pt",
          "Pt",
          "C",
          "C",
          "C",
          "C",
          "C",
          "C",
          "C",
          "C",
          "O",
          "O",
          "O",
          "O",
          "O",
          "O",
          "H",
          "H",
          "H",
          "H",
          "H",
          "H",
          "H",
          "H",
          "H",
          "H",
          "H",
          "H",
          "H",
          "H",
          "H",
          "H"
        ],
        "Energy": -379.32105975,
        "Forces": [
          [
            -0.011034,
            -0.019626,
            -0.084652
          ],
          [
            0.002565,
            -0.03885,
            -0.07987
          ],
          [
            0.016665,
            -0.041409,
            -0.072852
          ],
          [
            0.008813,
            -0.029564,
            -0.090278
          ],
          [
            0.014362,
            -0.031421,
            -0.078188
          ],
          [
            0.02347,
            -0.049374,
            -0.06667
          ],
          [
            0.029455,
            -0.016438,
            -0.074707
          ],
          [
            0.010396,
            -0.066876,
            -0.119863
          ],
          [
            -0.005228,
            -0.038128,
            -0.075008
          ],
          [
            0.010401,
            -0.027781,
            -0.077158
          ],
          [
            0.023239,
            -0.026611,
            -0.071482
          ],
          [
            0.002466,
            -0.03384,
            -0.083522
          ],
          [
            0.011489,
            -0.038749,
            -0.067096
          ],
          [
            0.008952,
            -0.02635,
            -0.081603
          ],
          [
            0.018974,
            -0.04363,
            -0.069809
          ],
          [
            0.010361,
            -0.047963,
            -0.086172
          ],
          [
            -0.001727,
            -0.024636,
            -0.061235
          ],
          [
            0.021115,
            0.007164,
            -0.189272
          ],
          [
            0.012542,
            -0.040355,
            0.156239
          ],
          [
            -0.023639,
            0.043137,
            0.075328
          ],
          [
            -0.00746,
            0.053867,
            0.087147
          ],
          [
            -0.080662,
            -0.002902,
            0.138899
          ],
          [
            0.003386,
            0.100858,
            0.052098
          ],
          [
            -0.013318,
            0.039,
            0.08652
          ],
          [
            -0.008355,
            0.002381,
            0.018526
          ],
          [
            -0.00457,
            0.058684,
            0.080257
          ],
          [
            -0.009078,
            0.039953,
            0.074342
          ],
          [
            0.048184,
            0.054689,
            0.122923
          ],
          [
            -0.011219,
            0.04586,
            0.097051
          ],
          [
            -0.02145,
            0.050728,
            0.043215
          ],
          [
            -0.053747,
            0.083686,
            0.167437
          ],
          [
            0.001535,
            0.043534,
            0.057999
          ],
          [
            -0.030387,
            0.020945,
            0.055102
          ],
          [
            -0.018961,
            0.027206,
            0.071126
          ],
          [
            -0.011958,
            0.065786,
            0.070278
          ],
          [
            -0.005111,
            0.052501,
            0.023308
          ],
          [
            -0.0011,
            0.000745,
            0.001086
          ],
          [
            -0.001209,
            -0.001562,
            -0.001618
          ],
          [
            -0.00118,
            -0.002478,
            0.003221
          ],
          [
            -0.002406,
            -0.00082,
            -9.4e-05
          ],
          [
            -0.000851,
            -0.00082,
            -0.001586
          ],
          [
            -0.000932,
            -0.000559,
            0.004005
          ],
          [
            0.000641,
            -0.001478,
            -0.002604
          ],
          [
            0.005524,
            -0.003338,
            -0.005343
          ],
          [
            -0.005821,
            -0.001695,
            0.004586
          ],
          [
            -0.004117,
            -0.006232,
            -0.000898
          ],
          [
            0.002651,
            -0.001551,
            -0.00134
          ],
          [
            -7.2e-05,
            -0.004669,
            -0.005625
          ],
          [
            -0.003726,
            0.003898,
            -0.008725
          ],
          [
            -0.000815,
            0.002027,
            -0.008883
          ],
          [
            -0.006956,
            2e-06,
            -0.000303
          ],
          [
            0.003425,
            0.002303,
            -0.013019
          ],
          [
            0.000328,
            -0.002991,
            -0.003483
          ],
          [
            0.003735,
            -0.001348,
            -0.007578
          ],
          [
            -0.002051,
            -0.007419,
            0.015449
          ],
          [
            0.003814,
            0.001903,
            0.002975
          ],
          [
            -0.00181,
            -0.001867,
            0.010868
          ],
          [
            -0.002645,
            0.000767,
            -0.006075
          ],
          [
            -0.0011,
            0.001884,
            0.000961
          ],
          [
            -0.002859,
            -0.000818,
            0.007135
          ],
          [
            0.000553,
            0.001025,
            -0.00099
          ],
          [
            0.000654,
            -0.005644,
            0.003107
          ],
          [
            0.003874,
            -0.000379,
            0.000172
          ],
          [
            -0.002104,
            -0.003623,
            0.007742
          ],
          [
            0.00184,
            0.00095,
            0.002662
          ],
          [
            0.005763,
            0.002658,
            -0.002562
          ],
          [
            -0.00734,
            -0.011921,
            0.000313
          ],
          [
            -0.002043,
            -0.007647,
            -0.001185
          ],
          [
            -0.000472,
            -0.001581,
            -0.005805
          ],
          [
            0.000245,
            0.002644,
            -0.00194
          ],
          [
            -0.003136,
            -0.007038,
            0.00372
          ],
          [
            -0.00042,
            0.001263,
            0.001183
          ],
          [
            0.033549,
            0.051728,
            0.016737
          ],
          [
            -0.070128,
            -0.032953,
            -0.010773
          ],
          [
            -0.070786,
            -0.031415,
            -0.020726
          ],
          [
            -0.048139,
            -0.001613,
            0.007999
          ],
          [
            0.005923,
            -0.017188,
            -0.002121
          ],
          [
            0.006911,
            -0.039836,
            0.00481
          ],
          [
            0.039177,
            0.029599,
            -0.011739
          ],
          [
            -0.066915,
            0.009517,
            -0.016652
          ],
          [
            0.03916,
            -0.026407,
            -0.010466
          ],
          [
            0.01427,
            -0.077549,
            -0.002521
          ],
          [
            0.016883,
            0.007239,
            -0.001631
          ],
          [
            0.01331,
            0.022381,
            -0.007903
          ],
          [
            -0.007608,
            -0.060574,
            0.010792
          ],
          [
            0.013248,
            -0.074601,
            0.011565
          ],
          [
            0.004797,
            0.064238,
            -0.012755
          ],
          [
            0.029209,
            0.006965,
            -0.028153
          ],
          [
            0.063418,
            0.001656,
            0.0601
          ],
          [
            -0.002695,
            0.002824,
            -0.01984
          ],
          [
            -0.00114,
            0.005797,
            0.01762
          ],
          [
            0.003516,
            0.009835,
            0.003131
          ],
          [
            -0.007328,
            0.000698,
            0.006959
          ],
          [
            -0.000428,
            0.006122,
            0.002372
          ],
          [
            -0.027928,
            -0.023239,
            -0.012642
          ],
          [
            0.008479,
            -0.010281,
            -0.006463
          ],
          [
            -0.040209,
            0.013591,
            0.034311
          ],
          [
            0.009633,
            0.008273,
            0.003538
          ],
          [
            -0.006254,
            0.015762,
            0.006707
          ],
          [
            -0.002544,
            -0.015347,
            0.016065
          ],
          [
            0.044685,
            0.00666,
            0.022006
          ],
          [
            0.067586,
            0.058049,
            0.001779
          ]
        ],
        "Lattice": [
          [
            8.440733911,
            0.0,
            0.0
          ],
          [
            8.440733911,
            14.619780548,
            0.0
          ],
          [
            0.0,
            0.0,
            21.483230591
          ]
        ],
        "NumAtoms": 102,
        "Positions": [
          [
            4.22079,
            2.43687,
            0.0
          ],
          [
            9.84794,
            12.18339,
            0.0
          ],
          [
            7.03437,
            7.31013,
            0.0
          ],
          [
            7.03437,
            2.43687,
            0.0
          ],
          [
            12.66152,
            12.18339,
            0.0
          ],
          [
            9.84795,
            7.31013,
            0.0
          ],
          [
            1.40721,
            2.43687,
            0.0
          ],
          [
            7.03437,
            12.18339,
            0.0
          ],
          [
            4.22079,
            7.31013,
            0.0
          ],
          [
            2.81385,
            0.0,
            0.0
          ],
          [
            8.44101,
            9.74652,
            0.0
          ],
          [
            5.62743,
            4.87326,
            0.0
          ],
          [
            5.62743,
            0.0,
            0.0
          ],
          [
            11.25459,
            9.74652,
            0.0
          ],
          [
            8.44101,
            4.87326,
            0.0
          ],
          [
            0.00028,
            0.0,
            0.0
          ],
          [
            5.62743,
            9.74652,
            0.0
          ],
          [
            2.81385,
            4.87326,
            0.0
          ],
          [
            7.03462,
            4.06144,
            2.2975
          ],
          [
            12.66177,
            13.80796,
            2.2975
          ],
          [
            9.8482,
            8.9347,
            2.2975
          ],
          [
            9.8482,
            4.06144,
            2.2975
          ],
          [
            15.47535,
            13.80796,
            2.2975
          ],
          [
            12.66177,
            8.9347,
            2.2975
          ],
          [
            4.22104,
            4.06144,
            2.2975
          ],
          [
            9.8482,
            13.80796,
            2.2975
          ],
          [
            7.03462,
            8.9347,
            2.2975
          ],
          [
            5.62769,
            1.62456,
            2.2975
          ],
          [
            11.25484,
            11.37109,
            2.2975
          ],
          [
            8.44127,
            6.49782,
            2.2975
          ],
          [
            8.44127,
            1.62456,
            2.2975
          ],
          [
            14.06842,
            11.37109,
            2.2975
          ],
          [
            11.25484,
            6.49782,
            2.2975
          ],
          [
            2.81411,
            1.62456,
            2.2975
          ],
          [
            8.44127,
            11.37109,
            2.2975
          ],
          [
            5.62769,
            6.49782,
            2.2975
          ],
          [
            1.39647,
            0.86288,
            4.57861
          ],
          [
            7.02371,
            10.60472,
            4.57204
          ],
          [
            4.19796,
            5.74094,
            4.5587
          ],
          [
            4.20141,
            0.85795,
            4.57096
          ],
          [
            9.8344,
            10.61217,
            4.57872
          ],
          [
            7.02256,
            5.74052,
            4.56553
          ],
          [
            7.02418,
            0.86701,
            4.59205
          ],
          [
            12.64667,
            10.60941,
            4.5763
          ],
          [
            9.83334,
            5.73865,
            4.56639
          ],
          [
            2.79038,
            3.30572,
            4.56091
          ],
          [
            8.4288,
            13.0449,
            4.57065
          ],
          [
            5.61201,
            8.17079,
            4.57429
          ],
          [
            5.61854,
            3.2912,
            4.57998
          ],
          [
            11.23938,
            13.04614,
            4.57898
          ],
          [
            8.43097,
            8.17499,
            4.57528
          ],
          [
            8.40747,
            3.28912,
            4.60837
          ],
          [
            14.05712,
            13.03678,
            4.56385
          ],
          [
            11.23969,
            8.17719,
            4.57648
          ],
          [
            5.59419,
            0.08782,
            6.85545
          ],
          [
            11.22884,
            9.85671,
            6.89638
          ],
          [
            8.43367,
            5.01851,
            6.8731
          ],
          [
            2.78637,
            0.09893,
            6.91362
          ],
          [
            8.41779,
            9.85775,
            6.89619
          ],
          [
            5.57973,
            5.0105,
            6.8415
          ],
          [
            11.2274,
            4.98891,
            6.89188
          ],
          [
            8.42789,
            0.09407,
            6.88837
          ],
          [
            14.04406,
            9.85672,
            6.88297
          ],
          [
            9.84052,
            2.54128,
            6.89487
          ],
          [
            15.45614,
            12.28701,
            6.88531
          ],
          [
            12.62958,
            7.42853,
            6.89661
          ],
          [
            7.018,
            2.5773,
            6.9443
          ],
          [
            12.63017,
            12.28899,
            6.89584
          ],
          [
            9.82597,
            7.42952,
            6.8985
          ],
          [
            7.01017,
            7.43548,
            6.88821
          ],
          [
            4.16607,
            2.54221,
            6.85993
          ],
          [
            9.82469,
            12.28721,
            6.90257
          ],
          [
            13.64101,
            10.41597,
            10.28084
          ],
          [
            13.42492,
            11.90874,
            10.36595
          ],
          [
            14.73369,
            12.69994,
            10.44241
          ],
          [
            5.79221,
            6.62327,
            10.28902
          ],
          [
            6.00539,
            5.13061,
            10.31289
          ],
          [
            7.44658,
            4.64376,
            10.1675
          ],
          [
            7.54659,
            3.12546,
            10.14182
          ],
          [
            14.55891,
            14.13097,
            10.91928
          ],
          [
            6.33126,
            9.92023,
            10.14877
          ],
          [
            12.52602,
            9.70591,
            10.36961
          ],
          [
            4.6576,
            7.1125,
            10.41349
          ],
          [
            6.89113,
            7.3475,
            10.11249
          ],
          [
            6.65354,
            2.58514,
            9.12779
          ],
          [
            5.42024,
            0.39794,
            9.99931
          ],
          [
            12.74045,
            8.70333,
            10.34223
          ],
          [
            12.77345,
            12.10148,
            11.2362
          ],
          [
            12.82012,
            12.18201,
            9.47035
          ],
          [
            15.41437,
            12.20005,
            11.14982
          ],
          [
            15.24482,
            12.68353,
            9.4605
          ],
          [
            6.65737,
            8.34443,
            10.09834
          ],
          [
            5.38704,
            4.72859,
            9.48701
          ],
          [
            5.53631,
            4.7496,
            11.23569
          ],
          [
            8.08677,
            5.02443,
            10.97953
          ],
          [
            7.87938,
            5.05092,
            9.23052
          ],
          [
            8.57787,
            2.80019,
            9.9231
          ],
          [
            7.22125,
            2.69234,
            11.10188
          ],
          [
            6.24048,
            1.71138,
            9.408
          ],
          [
            15.54161,
            14.59827,
            11.07327
          ],
          [
            14.00731,
            14.14734,
            11.87518
          ],
          [
            4.78336,
            -0.087,
            9.42821
          ]
        ],
        "Stress": [
          [
            -50.21412,
            -0.50333,
            0.01333
          ],
          [
            -0.50333,
            -49.75457,
            0.2362
          ],
          [
            0.01333,
            0.2362,
            -2.19395
          ]
        ],
        "computation_code": "VASP",
        "pseudopotential_information": [
          [
            "PAW_PBE",
            "Pt",
            "04Feb2005"
          ],
          [
            "PAW_PBE",
            "C",
            "08Apr2002"
          ],
          [
            "PAW_PBE",
            "O",
            "08Apr2002"
          ],
          [
            "PAW_PBE",
            "H",
            "15Jun2001"
          ]
        ]
      }
    ],
    "EnergyStyle": "electronvolt",
    "ForcesStyle": "electronvoltperangstrom",
    "LatticeStyle": "angstrom",
    "PositionsStyle": "angstrom",
    "StressStyle": "kB"
  }
}