{
  "Dataset": {
    "AtomTypeStyle": "chemicalsymbol",
    "Data": [
      {
        "AtomTypes": [
          "Pt",
          "Pt",
          "Pt",
          "Pt",
          "Pt",
          "Pt",
          "Pt",
          "Pt",
          "Pt",
          "Pt",
          "Pt",
          "Pt",
          "Pt",
          "Pt",
          "Pt",
          "Pt",
          "Pt",
          "Pt",
          "Pt",
          "Pt",
          "Pt",
          "Pt",
          "Pt",
          "Pt",
          "Pt",
          "Pt",
          "Pt",
          "Pt",
          "Pt",
          "Pt",
          "Pt",
          "Pt",
          "Pt",
          "Pt",
          "Pt",
          "Pt",
          "Pt",
          "Pt",
          "Pt",
          "Pt",
          "Pt",
          "Pt",
          "Pt",
          "Pt",
          "Pt",
          "Pt",
          "Pt",
          "Pt",
          "Pt",
          "Pt",
          "Pt",
          "Pt",
          "Pt",
          "Pt",
          "Pt",
          "Pt",
          "Pt",
          "Pt",
          "Pt",
          "Pt",
          "Pt",
          "Pt",
          "Pt",
          "Pt",
          "Pt",
          "Pt",
          "Pt",
          "Pt",
          "Pt",
          "Pt",
          "Pt",
          "Pt",
          "C",
          "C",
          "C",
          "C",
          "C",
          "C",
          "C",
          "C",
          "O",
          "O",
          "O",
          "O",
          "O",
          "O",
          "H",
          "H",
          "H",
          "H",
          "H",
          "H",
          "H",
          "H",
          "H",
          "H",
          "H",
          "H",
          "H",
          "H",
          "H",
          "H"
        ],
        "Energy": -379.35495576,
        "Forces": [
          [
            -0.001825,
            -0.001752,
            -0.084776
          ],
          [
            0.00277,
            -0.022436,
            -0.077131
          ],
          [
            0.023348,
            -0.023205,
            -0.07717
          ],
          [
            0.016364,
            -0.016212,
            -0.087964
          ],
          [
            0.021298,
            -0.013687,
            -0.076062
          ],
          [
            0.028215,
            -0.028138,
            -0.066859
          ],
          [
            0.035732,
            0.003029,
            -0.069751
          ],
          [
            0.014833,
            -0.055939,
            -0.128693
          ],
          [
            0.002545,
            -0.018355,
            -0.07635
          ],
          [
            0.020195,
            -0.010708,
            -0.073658
          ],
          [
            0.028103,
            -0.013818,
            -0.071259
          ],
          [
            0.010098,
            -0.018763,
            -0.078992
          ],
          [
            0.015941,
            -0.025609,
            -0.066711
          ],
          [
            0.013388,
            -0.007891,
            -0.075608
          ],
          [
            0.028472,
            -0.024156,
            -0.069407
          ],
          [
            0.007611,
            -0.036251,
            -0.07871
          ],
          [
            0.004651,
            -0.010176,
            -0.056912
          ],
          [
            0.02198,
            0.028045,
            -0.181762
          ],
          [
            -0.003406,
            -0.071691,
            0.183347
          ],
          [
            -0.029161,
            0.023802,
            0.05769
          ],
          [
            -0.015563,
            0.022658,
            0.085509
          ],
          [
            -0.084536,
            -0.024209,
            0.125318
          ],
          [
            0.002614,
            0.099129,
            0.085222
          ],
          [
            -0.021706,
            0.007958,
            0.076193
          ],
          [
            -0.004155,
            -0.029378,
            0.042548
          ],
          [
            -0.018439,
            0.038386,
            0.071594
          ],
          [
            -0.013844,
            0.015084,
            0.069608
          ],
          [
            0.048893,
            0.044771,
            0.162247
          ],
          [
            -0.01555,
            0.016632,
            0.088341
          ],
          [
            -0.029577,
            0.018246,
            0.055445
          ],
          [
            -0.060762,
            0.068606,
            0.183679
          ],
          [
            -0.001881,
            0.014353,
            0.032968
          ],
          [
            -0.03908,
            -0.01844,
            0.064255
          ],
          [
            -0.040227,
            0.011891,
            0.040578
          ],
          [
            -0.019881,
            0.049948,
            0.071468
          ],
          [
            -0.019564,
            0.016907,
            0.029256
          ],
          [
            0.002246,
            0.000134,
            0.000135
          ],
          [
            -0.004085,
            -0.004233,
            0.001683
          ],
          [
            0.004542,
            0.000399,
            -0.002818
          ],
          [
            0.000528,
            8.6e-05,
            -0.001166
          ],
          [
            -0.000656,
            -0.0024,
            -0.0003
          ],
          [
            0.001807,
            0.000143,
            0.002611
          ],
          [
            0.004011,
            0.004573,
            0.001588
          ],
          [
            -0.004325,
            0.006871,
            -0.000129
          ],
          [
            -0.001812,
            0.001086,
            -0.001893
          ],
          [
            0.001835,
            0.000842,
            -0.001228
          ],
          [
            -0.000187,
            0.003614,
            0.000813
          ],
          [
            -0.003317,
            0.001434,
            -0.000128
          ],
          [
            0.002367,
            -0.00118,
            -0.006084
          ],
          [
            -0.004857,
            -0.003212,
            0.001129
          ],
          [
            -0.002552,
            0.006194,
            -0.001211
          ],
          [
            -0.000673,
            -0.002554,
            -0.001542
          ],
          [
            -0.002832,
            -0.00338,
            -0.002978
          ],
          [
            -0.001144,
            -0.00083,
            0.000756
          ],
          [
            0.000878,
            0.001855,
            -0.004932
          ],
          [
            -0.002354,
            -0.001786,
            -0.008159
          ],
          [
            0.000224,
            0.00233,
            -0.000693
          ],
          [
            0.004314,
            0.007048,
            -0.00202
          ],
          [
            -0.002508,
            0.004154,
            0.002172
          ],
          [
            0.000363,
            -0.001879,
            0.00085
          ],
          [
            0.000851,
            0.001077,
            0.001586
          ],
          [
            0.005538,
            0.002737,
            -0.005066
          ],
          [
            0.001077,
            0.005517,
            0.00484
          ],
          [
            0.004675,
            0.006067,
            -0.000441
          ],
          [
            0.003719,
            0.000431,
            -0.000679
          ],
          [
            -0.004771,
            -0.002077,
            -0.00182
          ],
          [
            0.005421,
            -0.007603,
            -0.002313
          ],
          [
            -0.000864,
            -0.001938,
            0.0055
          ],
          [
            -0.000598,
            0.002923,
            0.003049
          ],
          [
            -0.00157,
            -0.000865,
            -0.001001
          ],
          [
            0.004475,
            0.001778,
            0.004351
          ],
          [
            0.00223,
            -0.002972,
            0.003273
          ],
          [
            -0.008811,
            -0.017401,
            -0.011082
          ],
          [
            0.008337,
            0.041817,
            0.004011
          ],
          [
            -0.001074,
            0.019171,
            0.018474
          ],
          [
            -0.053535,
            -0.023548,
            -0.004449
          ],
          [
            0.008688,
            -0.003964,
            -0.003542
          ],
          [
            0.001917,
            -0.042781,
            0.007812
          ],
          [
            -0.003632,
            0.01954,
            -0.040463
          ],
          [
            0.033434,
            -0.028628,
            0.013504
          ],
          [
            0.009419,
            0.006096,
            0.003567
          ],
          [
            -0.00188,
            -0.054917,
            0.008405
          ],
          [
            0.054442,
            0.013514,
            -0.000379
          ],
          [
            -0.005395,
            -0.002262,
            -0.000273
          ],
          [
            0.031743,
            0.013883,
            0.032111
          ],
          [
            0.007753,
            -0.015568,
            0.008998
          ],
          [
            -0.004262,
            0.027977,
            0.002763
          ],
          [
            0.004028,
            -0.001214,
            -0.004989
          ],
          [
            0.004391,
            -0.016382,
            0.010147
          ],
          [
            0.006339,
            0.003422,
            -0.009862
          ],
          [
            -0.006309,
            -0.000214,
            -0.020996
          ],
          [
            0.008913,
            0.008539,
            -0.004529
          ],
          [
            -0.013444,
            0.006124,
            0.005004
          ],
          [
            -0.004099,
            0.009741,
            -0.000708
          ],
          [
            -0.025479,
            -0.009225,
            -0.007712
          ],
          [
            0.000559,
            -0.001099,
            -0.016435
          ],
          [
            -0.011682,
            0.001615,
            0.004913
          ],
          [
            0.005293,
            -0.01134,
            -0.0167
          ],
          [
            -0.020041,
            -0.009911,
            0.00185
          ],
          [
            0.027042,
            0.007238,
            -0.014278
          ],
          [
            0.006499,
            0.010779,
            0.002349
          ],
          [
            0.000954,
            0.015986,
            0.017265
          ]
        ],
        "Lattice": [
          [
            8.440733911,
            0.0,
            0.0
          ],
          [
            8.440733911,
            14.619780548,
            0.0
          ],
          [
            0.0,
            0.0,
            21.483230591
          ]
        ],
        "NumAtoms": 102,
        "Positions": [
          [
            4.22079,
            2.43687,
            0.0
          ],
          [
            9.84794,
            12.18339,
            0.0
          ],
          [
            7.03437,
            7.31013,
            0.0
          ],
          [
            7.03437,
            2.43687,
            0.0
          ],
          [
            12.66152,
            12.18339,
            0.0
          ],
          [
            9.84795,
            7.31013,
            0.0
          ],
          [
            1.40721,
            2.43687,
            0.0
          ],
          [
            7.03437,
            12.18339,
            0.0
          ],
          [
            4.22079,
            7.31013,
            0.0
          ],
          [
            2.81385,
            0.0,
            0.0
          ],
          [
            8.44101,
            9.74652,
            0.0
          ],
          [
            5.62743,
            4.87326,
            0.0
          ],
          [
            5.62743,
            0.0,
            0.0
          ],
          [
            11.25459,
            9.74652,
            0.0
          ],
          [
            8.44101,
            4.87326,
            0.0
          ],
          [
            0.00028,
            0.0,
            0.0
          ],
          [
            5.62743,
            9.74652,
            0.0
          ],
          [
            2.81385,
            4.87326,
            0.0
          ],
          [
            7.03462,
            4.06144,
            2.2975
          ],
          [
            12.66177,
            13.80796,
            2.2975
          ],
          [
            9.8482,
            8.9347,
            2.2975
          ],
          [
            9.8482,
            4.06144,
            2.2975
          ],
          [
            15.47535,
            13.80796,
            2.2975
          ],
          [
            12.66177,
            8.9347,
            2.2975
          ],
          [
            4.22104,
            4.06144,
            2.2975
          ],
          [
            9.8482,
            13.80796,
            2.2975
          ],
          [
            7.03462,
            8.9347,
            2.2975
          ],
          [
            5.62769,
            1.62456,
            2.2975
          ],
          [
            11.25484,
            11.37109,
            2.2975
          ],
          [
            8.44127,
            6.49782,
            2.2975
          ],
          [
            8.44127,
            1.62456,
            2.2975
          ],
          [
            14.06842,
            11.37109,
            2.2975
          ],
          [
            11.25484,
            6.49782,
            2.2975
          ],
          [
            2.81411,
            1.62456,
            2.2975
          ],
          [
            8.44127,
            11.37109,
            2.2975
          ],
          [
            5.62769,
            6.49782,
            2.2975
          ],
          [
            1.38145,
            0.8344,
            4.57811
          ],
          [
            7.01745,
            10.57809,
            4.57057
          ],
          [
            4.18812,
            5.70862,
            4.56072
          ],
          [
            4.18949,
            0.83003,
            4.56833
          ],
          [
            9.82723,
            10.58262,
            4.57746
          ],
          [
            7.01143,
            5.70996,
            4.56717
          ],
          [
            7.0124,
            0.84707,
            4.59943
          ],
          [
            12.64078,
            10.57745,
            4.57411
          ],
          [
            9.82074,
            5.70652,
            4.56897
          ],
          [
            2.77925,
            3.27392,
            4.56248
          ],
          [
            8.41892,
            13.01884,
            4.57105
          ],
          [
            5.60506,
            8.14053,
            4.57173
          ],
          [
            5.60897,
            3.26083,
            4.58814
          ],
          [
            11.23112,
            13.01553,
            4.57328
          ],
          [
            8.42232,
            8.14586,
            4.57392
          ],
          [
            8.39752,
            3.26253,
            4.61014
          ],
          [
            14.04987,
            13.00941,
            4.56076
          ],
          [
            11.23189,
            8.14531,
            4.57446
          ],
          [
            5.56847,
            0.01726,
            6.85765
          ],
          [
            11.21197,
            9.79449,
            6.89438
          ],
          [
            8.40658,
            4.94772,
            6.87906
          ],
          [
            2.75988,
            0.0366,
            6.8995
          ],
          [
            8.40153,
            9.79543,
            6.89369
          ],
          [
            5.55954,
            4.94355,
            6.84698
          ],
          [
            11.20427,
            4.92378,
            6.89058
          ],
          [
            8.39995,
            0.03188,
            6.89282
          ],
          [
            14.02829,
            9.79324,
            6.87944
          ],
          [
            9.8096,
            2.47743,
            6.89663
          ],
          [
            15.43445,
            12.22481,
            6.88663
          ],
          [
            12.61293,
            7.36534,
            6.89289
          ],
          [
            6.97748,
            2.49744,
            6.97462
          ],
          [
            12.61136,
            12.22476,
            6.88854
          ],
          [
            9.80758,
            7.36413,
            6.8943
          ],
          [
            6.9939,
            7.37129,
            6.88372
          ],
          [
            4.14129,
            2.47627,
            6.86388
          ],
          [
            9.8043,
            12.22607,
            6.89741
          ],
          [
            13.68307,
            10.37814,
            10.28891
          ],
          [
            13.48431,
            11.866,
            10.4299
          ],
          [
            14.81008,
            12.62429,
            10.46795
          ],
          [
            5.79822,
            6.58899,
            10.24532
          ],
          [
            6.01219,
            5.09698,
            10.30836
          ],
          [
            7.45312,
            4.60699,
            10.17614
          ],
          [
            7.54966,
            3.08956,
            10.19111
          ],
          [
            14.70491,
            14.07617,
            10.89971
          ],
          [
            6.36819,
            9.87234,
            10.13999
          ],
          [
            12.56122,
            9.67595,
            10.34605
          ],
          [
            4.65597,
            7.07627,
            10.29569
          ],
          [
            6.90435,
            7.31245,
            10.12478
          ],
          [
            6.66407,
            2.517,
            9.18611
          ],
          [
            5.45461,
            0.29844,
            10.03247
          ],
          [
            12.76502,
            8.67438,
            10.27635
          ],
          [
            12.88139,
            12.04376,
            11.33596
          ],
          [
            12.84867,
            12.18995,
            9.58075
          ],
          [
            7.05452,
            12.12321,
            11.16963
          ],
          [
            15.30434,
            12.56288,
            9.47904
          ],
          [
            6.67299,
            8.31195,
            10.09603
          ],
          [
            5.39052,
            4.66675,
            9.50057
          ],
          [
            5.55043,
            4.74357,
            11.24641
          ],
          [
            8.09266,
            5.0061,
            10.97928
          ],
          [
            7.8899,
            4.98907,
            9.23
          ],
          [
            8.58217,
            2.75692,
            9.99645
          ],
          [
            7.21579,
            2.68845,
            11.16263
          ],
          [
            6.24359,
            1.65593,
            9.50883
          ],
          [
            15.71682,
            14.5089,
            10.95637
          ],
          [
            14.243,
            14.15093,
            11.89667
          ],
          [
            5.30904,
            -0.14429,
            9.15265
          ]
        ],
        "Stress": [
          [
            -49.98132,
            -0.41577,
            -0.00889
          ],
          [
            -0.41577,
            -49.72999,
            0.28332
          ],
          [
            -0.00889,
            0.28332,
            -2.65508
          ]
        ],
        "computation_code": "VASP",
        "pseudopotential_information": [
          [
            "PAW_PBE",
            "Pt",
            "04Feb2005"
          ],
          [
            "PAW_PBE",
            "C",
            "08Apr2002"
          ],
          [
            "PAW_PBE",
            "O",
            "08Apr2002"
          ],
          [
            "PAW_PBE",
            "H",
            "15Jun2001"
          ]
        ]
      }
    ],
    "EnergyStyle": "electronvolt",
    "ForcesStyle": "electronvoltperangstrom",
    "LatticeStyle": "angstrom",
    "PositionsStyle": "angstrom",
    "StressStyle": "kB"
  }
}