{
  "Dataset": {
    "AtomTypeStyle": "chemicalsymbol",
    "Data": [
      {
        "AtomTypes": [
          "Pt",
          "Pt",
          "Pt",
          "Pt",
          "Pt",
          "Pt",
          "Pt",
          "Pt",
          "Pt",
          "Pt",
          "Pt",
          "Pt",
          "Pt",
          "Pt",
          "Pt",
          "Pt",
          "Pt",
          "Pt",
          "Pt",
          "Pt",
          "Pt",
          "Pt",
          "Pt",
          "Pt",
          "Pt",
          "Pt",
          "Pt",
          "Pt",
          "Pt",
          "Pt",
          "Pt",
          "Pt",
          "Pt",
          "Pt",
          "Pt",
          "Pt",
          "Pt",
          "Pt",
          "Pt",
          "Pt",
          "Pt",
          "Pt",
          "Pt",
          "Pt",
          "Pt",
          "Pt",
          "Pt",
          "Pt",
          "Pt",
          "Pt",
          "Pt",
          "Pt",
          "Pt",
          "Pt",
          "Pt",
          "Pt",
          "Pt",
          "Pt",
          "Pt",
          "Pt",
          "Pt",
          "Pt",
          "Pt",
          "Pt",
          "Pt",
          "Pt",
          "Pt",
          "Pt",
          "Pt",
          "Pt",
          "Pt",
          "Pt",
          "C",
          "C",
          "C",
          "C",
          "C",
          "C",
          "C",
          "C",
          "O",
          "O",
          "O",
          "O",
          "O",
          "O",
          "H",
          "H",
          "H",
          "H",
          "H",
          "H",
          "H",
          "H",
          "H",
          "H",
          "H",
          "H",
          "H",
          "H",
          "H",
          "H"
        ],
        "Energy": -377.95595485,
        "Forces": [
          [
            -0.004073,
            0.00381,
            -0.053488
          ],
          [
            0.007224,
            -0.023842,
            -0.043142
          ],
          [
            0.029295,
            -0.021584,
            -0.043392
          ],
          [
            0.021002,
            -0.002427,
            -0.043996
          ],
          [
            0.024031,
            -0.021938,
            -0.035596
          ],
          [
            0.032897,
            -0.031371,
            -0.034943
          ],
          [
            0.042805,
            0.016333,
            -0.046198
          ],
          [
            0.021029,
            -0.064782,
            -0.094991
          ],
          [
            0.005739,
            -0.0273,
            -0.048487
          ],
          [
            0.025562,
            -0.009957,
            -0.037677
          ],
          [
            0.032664,
            -0.01381,
            -0.04117
          ],
          [
            0.011082,
            -0.018927,
            -0.043882
          ],
          [
            0.015471,
            -0.021218,
            -0.029203
          ],
          [
            0.016412,
            -0.019706,
            -0.032535
          ],
          [
            0.033815,
            -0.011487,
            -0.039622
          ],
          [
            0.010031,
            -0.026436,
            -0.038569
          ],
          [
            0.013234,
            -0.015613,
            -0.025985
          ],
          [
            0.022732,
            0.033012,
            -0.160344
          ],
          [
            -0.010005,
            -0.115407,
            0.027914
          ],
          [
            -0.031374,
            0.02888,
            -0.084365
          ],
          [
            0.024389,
            0.019062,
            -0.112304
          ],
          [
            -0.080048,
            -0.048959,
            -0.05567
          ],
          [
            -0.018408,
            0.123799,
            -0.053561
          ],
          [
            -0.052913,
            0.02418,
            -0.069582
          ],
          [
            0.00709,
            -0.044366,
            -0.099526
          ],
          [
            -0.007893,
            0.041433,
            -0.100461
          ],
          [
            -0.042394,
            0.019092,
            -0.172034
          ],
          [
            0.064238,
            0.025286,
            0.055802
          ],
          [
            0.003469,
            0.032258,
            -0.080217
          ],
          [
            -0.027286,
            -0.001124,
            -0.165918
          ],
          [
            -0.09454,
            0.040857,
            0.065737
          ],
          [
            -0.027854,
            0.033174,
            -0.134548
          ],
          [
            -0.037128,
            -0.007564,
            -0.094229
          ],
          [
            -0.039929,
            0.014384,
            -0.123827
          ],
          [
            -0.039669,
            0.058415,
            -0.147823
          ],
          [
            -0.036556,
            0.015292,
            -0.167942
          ],
          [
            -0.018839,
            -0.006146,
            0.074754
          ],
          [
            0.009567,
            0.023438,
            0.091566
          ],
          [
            0.009098,
            -0.008332,
            0.074962
          ],
          [
            -0.036304,
            0.031452,
            0.047245
          ],
          [
            -0.017026,
            -0.011915,
            0.106354
          ],
          [
            0.010337,
            -0.009499,
            0.090651
          ],
          [
            0.05267,
            0.018393,
            -0.015976
          ],
          [
            -0.009839,
            0.019375,
            0.036757
          ],
          [
            -0.01298,
            -0.009035,
            0.096299
          ],
          [
            -0.002225,
            -0.001605,
            0.074481
          ],
          [
            -0.029832,
            0.003738,
            0.080969
          ],
          [
            0.015818,
            0.000282,
            0.091498
          ],
          [
            0.018248,
            0.02824,
            0.059427
          ],
          [
            -0.005033,
            0.004973,
            0.075491
          ],
          [
            -0.017807,
            -0.004991,
            0.126819
          ],
          [
            -0.032315,
            0.019072,
            0.052026
          ],
          [
            0.011872,
            -0.040313,
            0.012729
          ],
          [
            -0.008317,
            0.033543,
            0.020781
          ],
          [
            -0.006114,
            -0.004809,
            0.002959
          ],
          [
            0.047932,
            -0.014223,
            0.040465
          ],
          [
            0.018934,
            -0.013461,
            0.020541
          ],
          [
            0.001495,
            0.030491,
            0.064065
          ],
          [
            -0.069489,
            0.016786,
            0.141074
          ],
          [
            -0.037227,
            -0.007211,
            0.131877
          ],
          [
            0.021605,
            -0.012295,
            0.090327
          ],
          [
            0.028239,
            -0.017934,
            0.049631
          ],
          [
            0.012748,
            -0.023309,
            0.114888
          ],
          [
            0.050212,
            0.007868,
            0.04835
          ],
          [
            -0.00704,
            -0.055753,
            0.146697
          ],
          [
            0.039293,
            0.002056,
            0.044148
          ],
          [
            0.020699,
            0.01701,
            0.059702
          ],
          [
            0.01484,
            -0.021472,
            0.046774
          ],
          [
            0.029607,
            -0.004976,
            0.003621
          ],
          [
            -0.030538,
            0.047305,
            0.175098
          ],
          [
            -0.026598,
            0.002425,
            0.057151
          ],
          [
            0.013146,
            0.006503,
            0.039278
          ],
          [
            -0.292159,
            -0.504162,
            0.337145
          ],
          [
            -0.951936,
            0.417924,
            -0.818341
          ],
          [
            -0.886688,
            1.484014,
            0.263843
          ],
          [
            0.269474,
            0.286318,
            0.179903
          ],
          [
            -0.554835,
            -0.566602,
            -0.542007
          ],
          [
            -0.458534,
            -0.917875,
            -0.474592
          ],
          [
            0.150127,
            -0.176384,
            0.220572
          ],
          [
            1.186951,
            0.610531,
            0.015746
          ],
          [
            0.469805,
            -0.40016,
            -0.346062
          ],
          [
            -0.531432,
            0.299543,
            -0.139848
          ],
          [
            -0.445857,
            0.209043,
            -0.167892
          ],
          [
            0.18004,
            -0.508811,
            0.009207
          ],
          [
            0.11266,
            0.152855,
            -0.172424
          ],
          [
            -0.186489,
            -0.016197,
            -0.138947
          ],
          [
            0.329526,
            -0.044238,
            0.082502
          ],
          [
            0.072709,
            -0.038905,
            0.18885
          ],
          [
            0.811206,
            -0.335838,
            0.455636
          ],
          [
            0.950727,
            -0.516888,
            0.568186
          ],
          [
            0.172703,
            -0.283413,
            -0.894619
          ],
          [
            -0.209445,
            0.48607,
            0.026978
          ],
          [
            0.621043,
            0.235026,
            0.675435
          ],
          [
            0.034187,
            0.031962,
            -0.271715
          ],
          [
            0.509217,
            0.299965,
            0.442131
          ],
          [
            -0.072981,
            0.136253,
            0.12442
          ],
          [
            -0.368912,
            0.259913,
            0.112423
          ],
          [
            0.202082,
            0.206341,
            -0.396143
          ],
          [
            -0.029528,
            -0.097673,
            0.185635
          ],
          [
            -1.124781,
            -0.528279,
            0.573446
          ],
          [
            0.031232,
            -0.202902,
            -0.602979
          ],
          [
            0.056008,
            -0.004058,
            0.176672
          ]
        ],
        "Lattice": [
          [
            8.440733911,
            0.0,
            0.0
          ],
          [
            8.440733911,
            14.619780548,
            0.0
          ],
          [
            0.0,
            0.0,
            21.483230591
          ]
        ],
        "NumAtoms": 102,
        "Positions": [
          [
            4.22079,
            2.43687,
            0.0
          ],
          [
            9.84794,
            12.18339,
            0.0
          ],
          [
            7.03437,
            7.31013,
            0.0
          ],
          [
            7.03437,
            2.43687,
            0.0
          ],
          [
            12.66152,
            12.18339,
            0.0
          ],
          [
            9.84795,
            7.31013,
            0.0
          ],
          [
            1.40721,
            2.43687,
            0.0
          ],
          [
            7.03437,
            12.18339,
            0.0
          ],
          [
            4.22079,
            7.31013,
            0.0
          ],
          [
            2.81385,
            0.0,
            0.0
          ],
          [
            8.44101,
            9.74652,
            0.0
          ],
          [
            5.62743,
            4.87326,
            0.0
          ],
          [
            5.62743,
            0.0,
            0.0
          ],
          [
            11.25459,
            9.74652,
            0.0
          ],
          [
            8.44101,
            4.87326,
            0.0
          ],
          [
            0.00028,
            0.0,
            0.0
          ],
          [
            5.62743,
            9.74652,
            0.0
          ],
          [
            2.81385,
            4.87326,
            0.0
          ],
          [
            7.03462,
            4.06144,
            2.2975
          ],
          [
            12.66177,
            13.80796,
            2.2975
          ],
          [
            9.8482,
            8.9347,
            2.2975
          ],
          [
            9.8482,
            4.06144,
            2.2975
          ],
          [
            15.47535,
            13.80796,
            2.2975
          ],
          [
            12.66177,
            8.9347,
            2.2975
          ],
          [
            4.22104,
            4.06144,
            2.2975
          ],
          [
            9.8482,
            13.80796,
            2.2975
          ],
          [
            7.03462,
            8.9347,
            2.2975
          ],
          [
            5.62769,
            1.62456,
            2.2975
          ],
          [
            11.25484,
            11.37109,
            2.2975
          ],
          [
            8.44127,
            6.49782,
            2.2975
          ],
          [
            8.44127,
            1.62456,
            2.2975
          ],
          [
            14.06842,
            11.37109,
            2.2975
          ],
          [
            11.25484,
            6.49782,
            2.2975
          ],
          [
            2.81411,
            1.62456,
            2.2975
          ],
          [
            8.44127,
            11.37109,
            2.2975
          ],
          [
            5.62769,
            6.49782,
            2.2975
          ],
          [
            1.38189,
            0.82956,
            4.55015
          ],
          [
            7.00946,
            10.57232,
            4.53333
          ],
          [
            4.18546,
            5.70541,
            4.53192
          ],
          [
            4.18775,
            0.82355,
            4.54674
          ],
          [
            9.82952,
            10.58462,
            4.53977
          ],
          [
            7.00766,
            5.69671,
            4.52939
          ],
          [
            7.00269,
            0.83841,
            4.58952
          ],
          [
            12.63465,
            10.57945,
            4.55175
          ],
          [
            9.81899,
            5.70184,
            4.5362
          ],
          [
            2.78101,
            3.26703,
            4.53761
          ],
          [
            8.42069,
            13.01814,
            4.53799
          ],
          [
            5.59339,
            8.13757,
            4.53682
          ],
          [
            5.6078,
            3.24559,
            4.5668
          ],
          [
            11.23113,
            13.01444,
            4.54941
          ],
          [
            8.42398,
            8.13963,
            4.5292
          ],
          [
            8.3979,
            3.24757,
            4.58028
          ],
          [
            14.04129,
            13.01356,
            4.53963
          ],
          [
            11.22822,
            8.14099,
            4.55513
          ],
          [
            5.55113,
            0.01256,
            6.83524
          ],
          [
            11.19587,
            9.79038,
            6.85478
          ],
          [
            8.39658,
            4.93748,
            6.82616
          ],
          [
            2.7503,
            0.02696,
            6.86071
          ],
          [
            8.39986,
            9.78556,
            6.81767
          ],
          [
            5.55108,
            4.93344,
            6.79722
          ],
          [
            11.19162,
            4.91651,
            6.83833
          ],
          [
            8.39365,
            0.03156,
            6.85295
          ],
          [
            14.01222,
            9.78822,
            6.82613
          ],
          [
            9.7942,
            2.46651,
            6.85412
          ],
          [
            15.42474,
            12.22652,
            6.81655
          ],
          [
            12.59585,
            7.35653,
            6.85365
          ],
          [
            6.95689,
            2.48803,
            6.94951
          ],
          [
            12.60056,
            12.21837,
            6.86144
          ],
          [
            9.79173,
            7.35611,
            6.85537
          ],
          [
            6.98368,
            7.3575,
            6.80182
          ],
          [
            4.13319,
            2.46738,
            6.83314
          ],
          [
            9.79407,
            12.21956,
            6.85232
          ],
          [
            14.19001,
            10.36854,
            10.43763
          ],
          [
            14.10258,
            11.83627,
            10.70671
          ],
          [
            15.4239,
            12.46919,
            10.32664
          ],
          [
            6.12716,
            6.56798,
            10.22928
          ],
          [
            6.27627,
            5.08658,
            10.29852
          ],
          [
            7.67493,
            4.52998,
            10.08224
          ],
          [
            7.67814,
            3.00163,
            10.12049
          ],
          [
            15.51374,
            13.97094,
            10.54953
          ],
          [
            6.82422,
            9.84692,
            10.11969
          ],
          [
            13.07408,
            9.68361,
            10.60698
          ],
          [
            5.02167,
            7.09885,
            10.37445
          ],
          [
            7.25312,
            7.24805,
            10.03613
          ],
          [
            6.71239,
            2.47857,
            9.17477
          ],
          [
            5.98584,
            0.08787,
            9.95531
          ],
          [
            13.1717,
            8.68105,
            10.42515
          ],
          [
            13.80833,
            12.00755,
            11.75477
          ],
          [
            13.22334,
            12.2503,
            10.0985
          ],
          [
            7.78494,
            11.9953,
            10.84826
          ],
          [
            7.16462,
            12.29828,
            9.27106
          ],
          [
            7.09574,
            8.24696,
            10.01812
          ],
          [
            5.54416,
            4.67812,
            9.5148
          ],
          [
            5.86823,
            4.76864,
            11.28853
          ],
          [
            8.36467,
            4.8924,
            10.83267
          ],
          [
            8.0862,
            4.83893,
            9.08508
          ],
          [
            8.69268,
            2.57692,
            9.88842
          ],
          [
            7.34881,
            2.6229,
            11.1284
          ],
          [
            6.42586,
            1.54039,
            9.4432
          ],
          [
            16.51958,
            14.36416,
            10.10497
          ],
          [
            15.48839,
            14.2484,
            11.6421
          ],
          [
            14.20246,
            14.33692,
            9.04459
          ]
        ],
        "Stress": [
          [
            -57.35539,
            -1.12251,
            0.36807
          ],
          [
            -1.12251,
            -56.15063,
            0.50977
          ],
          [
            0.36807,
            0.50977,
            -7.15089
          ]
        ],
        "computation_code": "VASP",
        "pseudopotential_information": [
          [
            "PAW_PBE",
            "Pt",
            "04Feb2005"
          ],
          [
            "PAW_PBE",
            "C",
            "08Apr2002"
          ],
          [
            "PAW_PBE",
            "O",
            "08Apr2002"
          ],
          [
            "PAW_PBE",
            "H",
            "15Jun2001"
          ]
        ]
      }
    ],
    "EnergyStyle": "electronvolt",
    "ForcesStyle": "electronvoltperangstrom",
    "LatticeStyle": "angstrom",
    "PositionsStyle": "angstrom",
    "StressStyle": "kB"
  }
}