{
  "Dataset": {
    "AtomTypeStyle": "chemicalsymbol",
    "Data": [
      {
        "AtomTypes": [
          "Pt",
          "Pt",
          "Pt",
          "Pt",
          "Pt",
          "Pt",
          "Pt",
          "Pt",
          "Pt",
          "Pt",
          "Pt",
          "Pt",
          "Pt",
          "Pt",
          "Pt",
          "Pt",
          "Pt",
          "Pt",
          "Pt",
          "Pt",
          "Pt",
          "Pt",
          "Pt",
          "Pt",
          "Pt",
          "Pt",
          "Pt",
          "Pt",
          "Pt",
          "Pt",
          "Pt",
          "Pt",
          "Pt",
          "Pt",
          "Pt",
          "Pt",
          "Pt",
          "Pt",
          "Pt",
          "Pt",
          "Pt",
          "Pt",
          "Pt",
          "Pt",
          "Pt",
          "Pt",
          "Pt",
          "Pt",
          "Pt",
          "Pt",
          "Pt",
          "Pt",
          "Pt",
          "Pt",
          "Pt",
          "Pt",
          "Pt",
          "Pt",
          "Pt",
          "Pt",
          "Pt",
          "Pt",
          "Pt",
          "Pt",
          "Pt",
          "Pt",
          "Pt",
          "Pt",
          "Pt",
          "Pt",
          "Pt",
          "Pt",
          "C",
          "C",
          "C",
          "C",
          "C",
          "C",
          "C",
          "C",
          "O",
          "O",
          "O",
          "O",
          "O",
          "O",
          "H",
          "H",
          "H",
          "H",
          "H",
          "H",
          "H",
          "H",
          "H",
          "H",
          "H",
          "H",
          "H",
          "H",
          "H",
          "H"
        ],
        "Energy": -377.64679449,
        "Forces": [
          [
            -0.002555,
            0.001286,
            -0.057114
          ],
          [
            0.01549,
            -0.020646,
            -0.056619
          ],
          [
            0.03108,
            -0.021641,
            -0.041436
          ],
          [
            0.019345,
            -0.010297,
            -0.03609
          ],
          [
            0.020123,
            -0.012852,
            -0.039702
          ],
          [
            0.029759,
            -0.026276,
            -0.035864
          ],
          [
            0.04031,
            0.012899,
            -0.041419
          ],
          [
            0.020312,
            -0.054122,
            -0.093383
          ],
          [
            0.006692,
            -0.022633,
            -0.0489
          ],
          [
            0.027864,
            -0.010183,
            -0.040964
          ],
          [
            0.0362,
            -0.014528,
            -0.046137
          ],
          [
            0.00813,
            -0.01996,
            -0.051761
          ],
          [
            0.018366,
            -0.023492,
            -0.032373
          ],
          [
            0.012683,
            -0.006843,
            -0.03309
          ],
          [
            0.035435,
            -0.015974,
            -0.036117
          ],
          [
            0.006219,
            -0.030815,
            -0.044265
          ],
          [
            0.015946,
            -0.011042,
            -0.026588
          ],
          [
            0.025024,
            0.029973,
            -0.156407
          ],
          [
            -0.00151,
            -0.102574,
            0.113029
          ],
          [
            -0.036703,
            0.021667,
            -0.020813
          ],
          [
            0.00599,
            0.003876,
            0.003153
          ],
          [
            -0.114118,
            -0.052257,
            0.039738
          ],
          [
            -0.01364,
            0.124379,
            -0.003157
          ],
          [
            -0.039371,
            0.01364,
            -0.023339
          ],
          [
            0.025295,
            -0.050303,
            -0.018794
          ],
          [
            -0.00791,
            0.029165,
            -0.036891
          ],
          [
            -0.028756,
            0.020313,
            -0.049543
          ],
          [
            0.067057,
            0.04707,
            0.115188
          ],
          [
            -0.004466,
            0.012334,
            0.034451
          ],
          [
            -0.033387,
            0.011476,
            -0.052166
          ],
          [
            -0.077997,
            0.069918,
            0.127084
          ],
          [
            -0.014016,
            -0.00262,
            -0.097247
          ],
          [
            -0.044084,
            -0.011143,
            -0.021511
          ],
          [
            -0.044764,
            0.013236,
            -0.072384
          ],
          [
            -0.034998,
            0.041907,
            -0.060077
          ],
          [
            -0.016841,
            0.020803,
            -0.072087
          ],
          [
            -0.015035,
            0.015868,
            0.025206
          ],
          [
            -0.010629,
            0.002113,
            0.017474
          ],
          [
            -0.016184,
            -0.006656,
            0.035091
          ],
          [
            -0.024965,
            0.004386,
            0.028536
          ],
          [
            0.029899,
            0.006543,
            0.011737
          ],
          [
            -0.007533,
            -0.003246,
            0.006267
          ],
          [
            -0.022157,
            0.004883,
            -0.008319
          ],
          [
            -0.017709,
            0.010592,
            0.024474
          ],
          [
            -0.000972,
            0.006961,
            0.018814
          ],
          [
            0.018933,
            -0.003531,
            0.03496
          ],
          [
            0.00255,
            -0.000618,
            0.036636
          ],
          [
            0.012699,
            -0.010687,
            0.023602
          ],
          [
            -0.038776,
            0.00454,
            -0.053508
          ],
          [
            0.005118,
            0.014405,
            0.013985
          ],
          [
            -0.001282,
            -0.015327,
            -0.007606
          ],
          [
            0.042268,
            0.02504,
            -0.077179
          ],
          [
            -0.016022,
            0.020216,
            0.039205
          ],
          [
            -0.005425,
            0.003761,
            0.005036
          ],
          [
            0.06717,
            0.051992,
            -0.019801
          ],
          [
            0.006719,
            -0.008742,
            0.059628
          ],
          [
            -0.03579,
            -0.044208,
            0.106819
          ],
          [
            -0.002424,
            -0.00754,
            0.035219
          ],
          [
            -0.008314,
            0.01688,
            0.031129
          ],
          [
            0.023986,
            -0.041233,
            0.05532
          ],
          [
            0.000406,
            -0.018981,
            0.042881
          ],
          [
            -0.011211,
            0.034906,
            0.071817
          ],
          [
            0.039276,
            0.032458,
            0.092861
          ],
          [
            -0.054165,
            0.013672,
            0.045965
          ],
          [
            -0.021004,
            -0.00985,
            0.115049
          ],
          [
            0.004621,
            -0.009203,
            0.003255
          ],
          [
            -0.009972,
            0.003376,
            0.178897
          ],
          [
            0.004917,
            0.006531,
            0.043374
          ],
          [
            0.02356,
            -0.007608,
            0.03777
          ],
          [
            -0.001348,
            -0.023433,
            0.013854
          ],
          [
            0.055458,
            -0.014527,
            0.067709
          ],
          [
            0.020776,
            0.01507,
            0.028836
          ],
          [
            0.617459,
            0.205085,
            -1.270682
          ],
          [
            -0.290252,
            0.210066,
            -0.426514
          ],
          [
            -0.327027,
            0.027276,
            -1.929975
          ],
          [
            -0.495432,
            0.503237,
            -0.238642
          ],
          [
            0.025239,
            -0.303302,
            -0.244206
          ],
          [
            -0.014854,
            -0.362994,
            -1.506212
          ],
          [
            0.014518,
            0.143733,
            0.558925
          ],
          [
            0.069329,
            -0.164063,
            0.23283
          ],
          [
            0.721864,
            0.322975,
            0.1618
          ],
          [
            -1.50581,
            0.372084,
            1.491504
          ],
          [
            -0.637342,
            -0.536275,
            0.134303
          ],
          [
            1.147801,
            -0.72869,
            0.519688
          ],
          [
            -0.455237,
            -0.942778,
            -0.205335
          ],
          [
            0.086334,
            -0.289343,
            -0.503143
          ],
          [
            0.29239,
            -0.502376,
            -0.517836
          ],
          [
            -0.135364,
            0.130977,
            0.413985
          ],
          [
            0.293307,
            -0.118061,
            0.239954
          ],
          [
            0.656408,
            -0.246873,
            0.510652
          ],
          [
            -0.36707,
            0.222382,
            1.095085
          ],
          [
            -0.374577,
            0.751473,
            -0.349529
          ],
          [
            0.381116,
            0.297053,
            0.368811
          ],
          [
            -0.098221,
            -0.122095,
            0.150077
          ],
          [
            0.384058,
            0.180824,
            0.526434
          ],
          [
            -0.373928,
            -0.229053,
            0.720691
          ],
          [
            -0.0472,
            0.022779,
            -0.134522
          ],
          [
            -0.099405,
            -0.02952,
            -0.193966
          ],
          [
            0.588364,
            0.785326,
            -0.206394
          ],
          [
            0.056695,
            0.117501,
            -0.171678
          ],
          [
            -0.031899,
            0.137559,
            0.385222
          ],
          [
            -0.055262,
            0.115541,
            0.431539
          ]
        ],
        "Lattice": [
          [
            8.440733911,
            0.0,
            0.0
          ],
          [
            8.440733911,
            14.619780548,
            0.0
          ],
          [
            0.0,
            0.0,
            21.483230591
          ]
        ],
        "NumAtoms": 102,
        "Positions": [
          [
            4.22079,
            2.43687,
            0.0
          ],
          [
            9.84794,
            12.18339,
            0.0
          ],
          [
            7.03437,
            7.31013,
            0.0
          ],
          [
            7.03437,
            2.43687,
            0.0
          ],
          [
            12.66152,
            12.18339,
            0.0
          ],
          [
            9.84795,
            7.31013,
            0.0
          ],
          [
            1.40721,
            2.43687,
            0.0
          ],
          [
            7.03437,
            12.18339,
            0.0
          ],
          [
            4.22079,
            7.31013,
            0.0
          ],
          [
            2.81385,
            0.0,
            0.0
          ],
          [
            8.44101,
            9.74652,
            0.0
          ],
          [
            5.62743,
            4.87326,
            0.0
          ],
          [
            5.62743,
            0.0,
            0.0
          ],
          [
            11.25459,
            9.74652,
            0.0
          ],
          [
            8.44101,
            4.87326,
            0.0
          ],
          [
            0.00028,
            0.0,
            0.0
          ],
          [
            5.62743,
            9.74652,
            0.0
          ],
          [
            2.81385,
            4.87326,
            0.0
          ],
          [
            7.03462,
            4.06144,
            2.2975
          ],
          [
            12.66177,
            13.80796,
            2.2975
          ],
          [
            9.8482,
            8.9347,
            2.2975
          ],
          [
            9.8482,
            4.06144,
            2.2975
          ],
          [
            15.47535,
            13.80796,
            2.2975
          ],
          [
            12.66177,
            8.9347,
            2.2975
          ],
          [
            4.22104,
            4.06144,
            2.2975
          ],
          [
            9.8482,
            13.80796,
            2.2975
          ],
          [
            7.03462,
            8.9347,
            2.2975
          ],
          [
            5.62769,
            1.62456,
            2.2975
          ],
          [
            11.25484,
            11.37109,
            2.2975
          ],
          [
            8.44127,
            6.49782,
            2.2975
          ],
          [
            8.44127,
            1.62456,
            2.2975
          ],
          [
            14.06842,
            11.37109,
            2.2975
          ],
          [
            11.25484,
            6.49782,
            2.2975
          ],
          [
            2.81411,
            1.62456,
            2.2975
          ],
          [
            8.44127,
            11.37109,
            2.2975
          ],
          [
            5.62769,
            6.49782,
            2.2975
          ],
          [
            1.38256,
            0.8261,
            4.55941
          ],
          [
            7.01162,
            10.57018,
            4.54952
          ],
          [
            4.18651,
            5.7049,
            4.54022
          ],
          [
            4.19,
            0.82342,
            4.55216
          ],
          [
            9.82153,
            10.57855,
            4.55647
          ],
          [
            7.00806,
            5.7,
            4.54623
          ],
          [
            7.00825,
            0.83633,
            4.59474
          ],
          [
            12.63709,
            10.57338,
            4.56078
          ],
          [
            9.81713,
            5.69957,
            4.54926
          ],
          [
            2.77607,
            3.26825,
            4.54516
          ],
          [
            8.41804,
            13.01395,
            4.54761
          ],
          [
            5.59451,
            8.13679,
            4.55087
          ],
          [
            5.61035,
            3.24818,
            4.58118
          ],
          [
            11.22875,
            13.00876,
            4.55974
          ],
          [
            8.42005,
            8.14051,
            4.55264
          ],
          [
            8.3913,
            3.24761,
            4.60302
          ],
          [
            14.04468,
            13.00396,
            4.54404
          ],
          [
            11.22813,
            8.13917,
            4.56468
          ],
          [
            13.98811,
            14.61914,
            6.85092
          ],
          [
            11.19698,
            9.78527,
            6.86499
          ],
          [
            8.39963,
            4.93957,
            6.84068
          ],
          [
            2.75307,
            0.02508,
            6.87352
          ],
          [
            8.39766,
            9.77933,
            6.85051
          ],
          [
            5.54592,
            4.93318,
            6.81176
          ],
          [
            11.19245,
            4.91545,
            6.8577
          ],
          [
            8.39565,
            0.02109,
            6.85991
          ],
          [
            14.00845,
            9.77846,
            6.8455
          ],
          [
            9.80437,
            2.46113,
            6.86863
          ],
          [
            15.42814,
            12.21943,
            6.83745
          ],
          [
            12.59644,
            7.3529,
            6.87245
          ],
          [
            6.95725,
            2.47867,
            6.95913
          ],
          [
            12.59945,
            12.21211,
            6.86923
          ],
          [
            9.79042,
            7.35356,
            6.86858
          ],
          [
            6.98293,
            7.35919,
            6.83734
          ],
          [
            4.12735,
            2.46464,
            6.84033
          ],
          [
            9.79377,
            12.2114,
            6.86915
          ],
          [
            14.06994,
            10.24244,
            10.37159
          ],
          [
            13.96085,
            11.72038,
            10.58397
          ],
          [
            15.26311,
            12.47182,
            10.34072
          ],
          [
            5.96533,
            6.61628,
            10.12356
          ],
          [
            6.07556,
            5.1331,
            10.19533
          ],
          [
            7.51702,
            4.63671,
            10.11596
          ],
          [
            7.63401,
            3.11854,
            10.16284
          ],
          [
            15.24309,
            13.95276,
            10.67125
          ],
          [
            6.43968,
            9.73289,
            9.56958
          ],
          [
            13.20531,
            9.49798,
            10.97899
          ],
          [
            4.92297,
            7.22306,
            9.82338
          ],
          [
            7.05461,
            7.2873,
            10.43779
          ],
          [
            6.68785,
            2.5271,
            9.26432
          ],
          [
            5.79636,
            0.12695,
            10.00425
          ],
          [
            13.16325,
            8.5669,
            10.59162
          ],
          [
            13.54888,
            11.89808,
            11.57933
          ],
          [
            13.16418,
            12.06543,
            9.86243
          ],
          [
            7.62547,
            12.00204,
            10.88968
          ],
          [
            7.13237,
            12.31991,
            9.22337
          ],
          [
            6.977,
            8.24167,
            10.1763
          ],
          [
            5.41767,
            4.68325,
            9.39482
          ],
          [
            5.61059,
            4.83967,
            11.15434
          ],
          [
            8.13716,
            5.09292,
            10.8763
          ],
          [
            7.97336,
            4.99216,
            9.11407
          ],
          [
            8.66909,
            2.79268,
            9.93072
          ],
          [
            7.40877,
            2.76283,
            11.19652
          ],
          [
            6.29575,
            1.60785,
            9.60008
          ],
          [
            16.25411,
            14.36766,
            10.50317
          ],
          [
            15.01476,
            14.06592,
            11.73682
          ],
          [
            14.16156,
            14.4489,
            9.02747
          ]
        ],
        "Stress": [
          [
            -57.63454,
            -0.39154,
            -0.09026
          ],
          [
            -0.39154,
            -58.21942,
            0.58993
          ],
          [
            -0.09026,
            0.58993,
            -9.2583
          ]
        ],
        "computation_code": "VASP",
        "pseudopotential_information": [
          [
            "PAW_PBE",
            "Pt",
            "04Feb2005"
          ],
          [
            "PAW_PBE",
            "C",
            "08Apr2002"
          ],
          [
            "PAW_PBE",
            "O",
            "08Apr2002"
          ],
          [
            "PAW_PBE",
            "H",
            "15Jun2001"
          ]
        ]
      }
    ],
    "EnergyStyle": "electronvolt",
    "ForcesStyle": "electronvoltperangstrom",
    "LatticeStyle": "angstrom",
    "PositionsStyle": "angstrom",
    "StressStyle": "kB"
  }
}