{
  "Dataset": {
    "AtomTypeStyle": "chemicalsymbol",
    "Data": [
      {
        "AtomTypes": [
          "Pt",
          "Pt",
          "Pt",
          "Pt",
          "Pt",
          "Pt",
          "Pt",
          "Pt",
          "Pt",
          "Pt",
          "Pt",
          "Pt",
          "Pt",
          "Pt",
          "Pt",
          "Pt",
          "Pt",
          "Pt",
          "Pt",
          "Pt",
          "Pt",
          "Pt",
          "Pt",
          "Pt",
          "Pt",
          "Pt",
          "Pt",
          "Pt",
          "Pt",
          "Pt",
          "Pt",
          "Pt",
          "Pt",
          "Pt",
          "Pt",
          "Pt",
          "Pt",
          "Pt",
          "Pt",
          "Pt",
          "Pt",
          "Pt",
          "Pt",
          "Pt",
          "Pt",
          "Pt",
          "Pt",
          "Pt",
          "Pt",
          "Pt",
          "Pt",
          "Pt",
          "Pt",
          "Pt",
          "Pt",
          "Pt",
          "Pt",
          "Pt",
          "Pt",
          "Pt",
          "Pt",
          "Pt",
          "Pt",
          "Pt",
          "Pt",
          "Pt",
          "Pt",
          "Pt",
          "Pt",
          "Pt",
          "Pt",
          "Pt",
          "C",
          "C",
          "C",
          "C",
          "C",
          "C",
          "C",
          "C",
          "O",
          "O",
          "O",
          "O",
          "O",
          "O",
          "H",
          "H",
          "H",
          "H",
          "H",
          "H",
          "H",
          "H",
          "H",
          "H",
          "H",
          "H",
          "H",
          "H",
          "H",
          "H"
        ],
        "Energy": -377.74897748,
        "Forces": [
          [
            0.001475,
            0.005777,
            -0.053008
          ],
          [
            0.004794,
            -0.026399,
            -0.038387
          ],
          [
            0.025871,
            -0.023898,
            -0.055958
          ],
          [
            0.018972,
            -0.005617,
            -0.062602
          ],
          [
            0.028905,
            -0.02369,
            -0.039549
          ],
          [
            0.035897,
            -0.028448,
            -0.037559
          ],
          [
            0.044012,
            0.009437,
            -0.037866
          ],
          [
            0.020187,
            -0.0675,
            -0.096444
          ],
          [
            0.004728,
            -0.025813,
            -0.055494
          ],
          [
            0.028846,
            -0.009146,
            -0.049431
          ],
          [
            0.03425,
            -0.020035,
            -0.034767
          ],
          [
            0.011841,
            -0.019657,
            -0.042409
          ],
          [
            0.010512,
            -0.021943,
            -0.032814
          ],
          [
            0.018623,
            -0.022427,
            -0.05207
          ],
          [
            0.030367,
            -0.012557,
            -0.044465
          ],
          [
            0.013136,
            -0.029482,
            -0.036875
          ],
          [
            0.008225,
            -0.014976,
            -0.023911
          ],
          [
            0.020856,
            0.034611,
            -0.16286
          ],
          [
            -0.024644,
            -0.090441,
            0.041008
          ],
          [
            -0.049624,
            0.042905,
            -0.029947
          ],
          [
            -0.021162,
            0.039824,
            -0.038621
          ],
          [
            -0.042402,
            -0.021689,
            0.007306
          ],
          [
            -0.006262,
            0.098932,
            -0.032454
          ],
          [
            -0.025454,
            0.023739,
            0.007569
          ],
          [
            -0.010092,
            -0.033761,
            -0.015673
          ],
          [
            -0.011823,
            0.03706,
            -0.021172
          ],
          [
            -0.028579,
            0.013168,
            -0.057133
          ],
          [
            0.040482,
            0.029063,
            0.083738
          ],
          [
            -0.02923,
            0.046218,
            -0.039223
          ],
          [
            -0.025588,
            0.004449,
            -0.090779
          ],
          [
            -0.068376,
            0.039983,
            0.068967
          ],
          [
            -0.014382,
            0.025409,
            -0.068549
          ],
          [
            -0.040275,
            -0.025818,
            -0.008339
          ],
          [
            -0.055823,
            0.010901,
            -0.04398
          ],
          [
            -0.023813,
            0.067705,
            -0.042825
          ],
          [
            -0.026494,
            0.016374,
            -0.065173
          ],
          [
            0.023195,
            -0.004666,
            -0.038289
          ],
          [
            -0.005443,
            -0.022051,
            0.011376
          ],
          [
            0.007873,
            0.01693,
            -0.031305
          ],
          [
            0.065128,
            -0.010205,
            -0.033471
          ],
          [
            -0.070137,
            -0.009561,
            0.00459
          ],
          [
            -0.044623,
            0.070193,
            0.046894
          ],
          [
            -0.040582,
            -0.03056,
            0.033269
          ],
          [
            0.062323,
            -0.051401,
            0.021587
          ],
          [
            0.034765,
            -0.013218,
            -0.044804
          ],
          [
            -0.034187,
            0.045078,
            -0.060705
          ],
          [
            -0.010793,
            -0.033019,
            -0.013487
          ],
          [
            0.013315,
            0.02844,
            -0.020401
          ],
          [
            0.003248,
            -0.001913,
            0.082735
          ],
          [
            -0.01516,
            0.002186,
            -0.026192
          ],
          [
            -0.03739,
            0.030145,
            0.034549
          ],
          [
            0.02388,
            -0.008712,
            0.056755
          ],
          [
            0.024346,
            0.009792,
            0.037821
          ],
          [
            0.031193,
            -0.034549,
            -0.001059
          ],
          [
            -0.000429,
            -0.045271,
            0.164915
          ],
          [
            -0.03091,
            -0.003185,
            0.029076
          ],
          [
            0.019195,
            0.071041,
            0.084539
          ],
          [
            0.030206,
            -0.010533,
            0.094274
          ],
          [
            0.083959,
            -0.028341,
            0.122583
          ],
          [
            -0.017125,
            0.022596,
            0.069625
          ],
          [
            0.010116,
            0.022307,
            0.105381
          ],
          [
            -0.016792,
            -0.027895,
            0.01297
          ],
          [
            -0.051784,
            0.001785,
            0.088046
          ],
          [
            0.043312,
            -0.00625,
            0.055432
          ],
          [
            -0.001289,
            0.054006,
            -0.036727
          ],
          [
            -0.033154,
            -0.01281,
            0.074764
          ],
          [
            -0.001687,
            -0.041394,
            -0.420216
          ],
          [
            -0.008276,
            0.026076,
            0.043368
          ],
          [
            0.001183,
            0.027999,
            0.056649
          ],
          [
            0.028313,
            -0.027589,
            0.164899
          ],
          [
            0.00825,
            0.009847,
            0.074273
          ],
          [
            0.00892,
            -0.037403,
            0.079827
          ],
          [
            -0.657477,
            1.013371,
            -0.586268
          ],
          [
            0.700391,
            -1.006999,
            1.267035
          ],
          [
            -0.042022,
            0.525033,
            0.412016
          ],
          [
            0.429423,
            0.162334,
            -0.391517
          ],
          [
            -1.471115,
            -0.316945,
            -0.201929
          ],
          [
            0.773691,
            0.778197,
            -0.780574
          ],
          [
            0.141773,
            -0.659684,
            0.403346
          ],
          [
            0.952828,
            0.403293,
            -0.10097
          ],
          [
            0.185003,
            -0.238693,
            -0.020887
          ],
          [
            0.48698,
            1.382048,
            0.30501
          ],
          [
            -0.180325,
            0.075516,
            0.11262
          ],
          [
            -0.41842,
            -0.010639,
            0.639687
          ],
          [
            0.556244,
            1.446043,
            0.132097
          ],
          [
            0.017171,
            0.134387,
            -0.240501
          ],
          [
            -0.257798,
            -2.072761,
            0.101262
          ],
          [
            -0.036823,
            0.02219,
            -0.706417
          ],
          [
            -0.559206,
            0.305981,
            -0.289624
          ],
          [
            0.025225,
            -0.100665,
            0.098267
          ],
          [
            -0.036524,
            -0.013191,
            -0.373207
          ],
          [
            0.315996,
            0.048802,
            -0.209388
          ],
          [
            0.752782,
            0.30193,
            0.713185
          ],
          [
            0.25651,
            0.047925,
            -0.410568
          ],
          [
            -0.179534,
            -0.1461,
            -0.12038
          ],
          [
            -0.295217,
            -0.596901,
            0.636982
          ],
          [
            -0.292016,
            0.133611,
            0.169569
          ],
          [
            0.170459,
            0.11792,
            -0.452997
          ],
          [
            -0.614536,
            -1.348832,
            0.391892
          ],
          [
            -0.91797,
            -0.579712,
            0.669833
          ],
          [
            0.070515,
            0.054721,
            -0.663905
          ],
          [
            0.134131,
            0.143769,
            0.038809
          ]
        ],
        "Lattice": [
          [
            8.440733911,
            0.0,
            0.0
          ],
          [
            8.440733911,
            14.619780548,
            0.0
          ],
          [
            0.0,
            0.0,
            21.483230591
          ]
        ],
        "NumAtoms": 102,
        "Positions": [
          [
            4.22079,
            2.43687,
            0.0
          ],
          [
            9.84794,
            12.18339,
            0.0
          ],
          [
            7.03437,
            7.31013,
            0.0
          ],
          [
            7.03437,
            2.43687,
            0.0
          ],
          [
            12.66152,
            12.18339,
            0.0
          ],
          [
            9.84795,
            7.31013,
            0.0
          ],
          [
            1.40721,
            2.43687,
            0.0
          ],
          [
            7.03437,
            12.18339,
            0.0
          ],
          [
            4.22079,
            7.31013,
            0.0
          ],
          [
            2.81385,
            0.0,
            0.0
          ],
          [
            8.44101,
            9.74652,
            0.0
          ],
          [
            5.62743,
            4.87326,
            0.0
          ],
          [
            5.62743,
            0.0,
            0.0
          ],
          [
            11.25459,
            9.74652,
            0.0
          ],
          [
            8.44101,
            4.87326,
            0.0
          ],
          [
            0.00028,
            0.0,
            0.0
          ],
          [
            5.62743,
            9.74652,
            0.0
          ],
          [
            2.81385,
            4.87326,
            0.0
          ],
          [
            7.03462,
            4.06144,
            2.2975
          ],
          [
            12.66177,
            13.80796,
            2.2975
          ],
          [
            9.8482,
            8.9347,
            2.2975
          ],
          [
            9.8482,
            4.06144,
            2.2975
          ],
          [
            15.47535,
            13.80796,
            2.2975
          ],
          [
            12.66177,
            8.9347,
            2.2975
          ],
          [
            4.22104,
            4.06144,
            2.2975
          ],
          [
            9.8482,
            13.80796,
            2.2975
          ],
          [
            7.03462,
            8.9347,
            2.2975
          ],
          [
            5.62769,
            1.62456,
            2.2975
          ],
          [
            11.25484,
            11.37109,
            2.2975
          ],
          [
            8.44127,
            6.49782,
            2.2975
          ],
          [
            8.44127,
            1.62456,
            2.2975
          ],
          [
            14.06842,
            11.37109,
            2.2975
          ],
          [
            11.25484,
            6.49782,
            2.2975
          ],
          [
            2.81411,
            1.62456,
            2.2975
          ],
          [
            8.44127,
            11.37109,
            2.2975
          ],
          [
            5.62769,
            6.49782,
            2.2975
          ],
          [
            1.37652,
            0.83123,
            4.5631
          ],
          [
            7.01024,
            10.57972,
            4.54683
          ],
          [
            4.18611,
            5.70406,
            4.54593
          ],
          [
            4.17766,
            0.83171,
            4.55624
          ],
          [
            9.83034,
            10.58641,
            4.55617
          ],
          [
            7.00882,
            5.69421,
            4.5428
          ],
          [
            7.00994,
            0.8439,
            4.58254
          ],
          [
            12.63082,
            10.58873,
            4.55626
          ],
          [
            9.81812,
            5.70128,
            4.55191
          ],
          [
            2.78398,
            3.26664,
            4.55174
          ],
          [
            8.41437,
            13.02123,
            4.55358
          ],
          [
            5.59825,
            8.13846,
            4.55099
          ],
          [
            5.61011,
            3.25043,
            4.57425
          ],
          [
            11.23126,
            13.02074,
            4.5616
          ],
          [
            8.42067,
            8.1374,
            4.54558
          ],
          [
            8.39612,
            3.25318,
            4.57704
          ],
          [
            14.04175,
            13.01205,
            4.54299
          ],
          [
            11.22701,
            8.15049,
            4.55384
          ],
          [
            5.55453,
            0.02235,
            6.82289
          ],
          [
            11.20782,
            9.79031,
            6.86085
          ],
          [
            8.39817,
            4.93264,
            6.82836
          ],
          [
            2.74927,
            0.03611,
            6.87253
          ],
          [
            8.38538,
            9.79458,
            6.83529
          ],
          [
            5.54617,
            4.93172,
            6.82348
          ],
          [
            11.19713,
            4.91384,
            6.85322
          ],
          [
            8.39902,
            0.03573,
            6.86153
          ],
          [
            14.01733,
            9.79078,
            6.84641
          ],
          [
            9.80033,
            2.47336,
            6.859
          ],
          [
            15.41971,
            12.21832,
            6.84901
          ],
          [
            12.60558,
            7.35925,
            6.85355
          ],
          [
            6.96298,
            2.49513,
            6.94752
          ],
          [
            12.60528,
            12.21791,
            6.87075
          ],
          [
            9.80168,
            7.3568,
            6.84929
          ],
          [
            6.97664,
            7.36665,
            6.82825
          ],
          [
            4.13222,
            2.47033,
            6.84767
          ],
          [
            9.79961,
            12.22698,
            6.85351
          ],
          [
            14.41421,
            10.34876,
            10.52888
          ],
          [
            14.36332,
            11.86058,
            10.65225
          ],
          [
            15.63396,
            12.51309,
            10.14779
          ],
          [
            6.17648,
            6.51954,
            10.38343
          ],
          [
            6.33372,
            5.02816,
            10.34541
          ],
          [
            7.72516,
            4.52,
            10.08039
          ],
          [
            7.83046,
            3.02623,
            9.99196
          ],
          [
            15.66271,
            13.99691,
            10.47299
          ],
          [
            7.00411,
            9.68615,
            10.61592
          ],
          [
            13.20183,
            9.8241,
            10.26752
          ],
          [
            5.22698,
            7.09672,
            10.91181
          ],
          [
            7.16572,
            7.19725,
            9.75147
          ],
          [
            6.84046,
            2.45061,
            9.08414
          ],
          [
            6.00312,
            0.06181,
            10.11064
          ],
          [
            13.31052,
            8.87657,
            10.40157
          ],
          [
            14.25011,
            12.04691,
            11.76829
          ],
          [
            13.46306,
            12.20432,
            10.1641
          ],
          [
            8.09369,
            12.03936,
            10.57032
          ],
          [
            7.28366,
            12.36462,
            9.05447
          ],
          [
            7.04121,
            8.17579,
            10.03262
          ],
          [
            5.60148,
            4.67125,
            9.51952
          ],
          [
            5.88367,
            4.64439,
            11.30027
          ],
          [
            8.4435,
            4.87697,
            10.85627
          ],
          [
            8.11656,
            5.02795,
            9.11736
          ],
          [
            8.84728,
            2.69921,
            9.65512
          ],
          [
            7.60244,
            2.57581,
            10.99767
          ],
          [
            6.52866,
            1.60389,
            9.44504
          ],
          [
            16.5625,
            14.501,
            9.93615
          ],
          [
            15.7561,
            14.13373,
            11.58908
          ],
          [
            14.05434,
            14.27623,
            9.28683
          ]
        ],
        "Stress": [
          [
            -58.78159,
            -0.91463,
            0.26316
          ],
          [
            -0.91463,
            -56.1908,
            0.20529
          ],
          [
            0.26316,
            0.20529,
            -9.5778
          ]
        ],
        "computation_code": "VASP",
        "pseudopotential_information": [
          [
            "PAW_PBE",
            "Pt",
            "04Feb2005"
          ],
          [
            "PAW_PBE",
            "C",
            "08Apr2002"
          ],
          [
            "PAW_PBE",
            "O",
            "08Apr2002"
          ],
          [
            "PAW_PBE",
            "H",
            "15Jun2001"
          ]
        ]
      }
    ],
    "EnergyStyle": "electronvolt",
    "ForcesStyle": "electronvoltperangstrom",
    "LatticeStyle": "angstrom",
    "PositionsStyle": "angstrom",
    "StressStyle": "kB"
  }
}