{
  "Dataset": {
    "AtomTypeStyle": "chemicalsymbol",
    "Data": [
      {
        "AtomTypes": [
          "Pt",
          "Pt",
          "Pt",
          "Pt",
          "Pt",
          "Pt",
          "Pt",
          "Pt",
          "Pt",
          "Pt",
          "Pt",
          "Pt",
          "Pt",
          "Pt",
          "Pt",
          "Pt",
          "Pt",
          "Pt",
          "Pt",
          "Pt",
          "Pt",
          "Pt",
          "Pt",
          "Pt",
          "Pt",
          "Pt",
          "Pt",
          "Pt",
          "Pt",
          "Pt",
          "Pt",
          "Pt",
          "Pt",
          "Pt",
          "Pt",
          "Pt",
          "Pt",
          "Pt",
          "Pt",
          "Pt",
          "Pt",
          "Pt",
          "Pt",
          "Pt",
          "Pt",
          "Pt",
          "Pt",
          "Pt",
          "Pt",
          "Pt",
          "Pt",
          "Pt",
          "Pt",
          "Pt",
          "Pt",
          "Pt",
          "Pt",
          "Pt",
          "Pt",
          "Pt",
          "Pt",
          "Pt",
          "Pt",
          "Pt",
          "Pt",
          "Pt",
          "Pt",
          "Pt",
          "Pt",
          "Pt",
          "Pt",
          "Pt",
          "C",
          "C",
          "C",
          "C",
          "C",
          "C",
          "C",
          "C",
          "O",
          "O",
          "O",
          "O",
          "O",
          "O",
          "H",
          "H",
          "H",
          "H",
          "H",
          "H",
          "H",
          "H",
          "H",
          "H",
          "H",
          "H",
          "H",
          "H",
          "H",
          "H"
        ],
        "Energy": -377.85484114,
        "Forces": [
          [
            0.001139,
            0.005697,
            -0.053156
          ],
          [
            0.004315,
            -0.026286,
            -0.038879
          ],
          [
            0.02606,
            -0.024086,
            -0.056912
          ],
          [
            0.019133,
            -0.004802,
            -0.06209
          ],
          [
            0.028552,
            -0.023447,
            -0.038317
          ],
          [
            0.035743,
            -0.028914,
            -0.036881
          ],
          [
            0.044076,
            0.009782,
            -0.038134
          ],
          [
            0.020605,
            -0.06807,
            -0.097415
          ],
          [
            0.00441,
            -0.02634,
            -0.05521
          ],
          [
            0.028675,
            -0.008206,
            -0.050424
          ],
          [
            0.034342,
            -0.019394,
            -0.035424
          ],
          [
            0.011943,
            -0.019696,
            -0.042885
          ],
          [
            0.01048,
            -0.021833,
            -0.031266
          ],
          [
            0.018375,
            -0.022721,
            -0.050499
          ],
          [
            0.030599,
            -0.01232,
            -0.044258
          ],
          [
            0.012849,
            -0.028924,
            -0.036554
          ],
          [
            0.008648,
            -0.015391,
            -0.023646
          ],
          [
            0.021014,
            0.035636,
            -0.162997
          ],
          [
            -0.023274,
            -0.093761,
            0.035506
          ],
          [
            -0.05047,
            0.042553,
            -0.036508
          ],
          [
            -0.016692,
            0.038249,
            -0.049234
          ],
          [
            -0.04202,
            -0.022751,
            -0.00176
          ],
          [
            -0.00794,
            0.100338,
            -0.034211
          ],
          [
            -0.027256,
            0.023869,
            0.002359
          ],
          [
            -0.012379,
            -0.033972,
            -0.025837
          ],
          [
            -0.009642,
            0.038887,
            -0.028702
          ],
          [
            -0.03119,
            0.013963,
            -0.06908
          ],
          [
            0.041547,
            0.027774,
            0.079909
          ],
          [
            -0.025633,
            0.046277,
            -0.047702
          ],
          [
            -0.025676,
            0.003469,
            -0.1014
          ],
          [
            -0.070672,
            0.039556,
            0.068741
          ],
          [
            -0.01588,
            0.026111,
            -0.075423
          ],
          [
            -0.040059,
            -0.024993,
            -0.015543
          ],
          [
            -0.054311,
            0.009456,
            -0.050419
          ],
          [
            -0.025985,
            0.068059,
            -0.050622
          ],
          [
            -0.027817,
            0.017018,
            -0.073986
          ],
          [
            0.019137,
            -0.005321,
            -0.034274
          ],
          [
            -0.004377,
            -0.013592,
            0.012581
          ],
          [
            0.00785,
            0.016525,
            -0.028253
          ],
          [
            0.055419,
            -0.003551,
            -0.038146
          ],
          [
            -0.075489,
            -0.009622,
            0.015612
          ],
          [
            -0.045086,
            0.064625,
            0.050789
          ],
          [
            -0.029817,
            -0.023923,
            0.035625
          ],
          [
            0.065329,
            -0.048838,
            0.022522
          ],
          [
            0.032891,
            -0.018465,
            -0.036048
          ],
          [
            -0.036538,
            0.044831,
            -0.057394
          ],
          [
            -0.017909,
            -0.033147,
            -0.011034
          ],
          [
            0.012185,
            0.02982,
            -0.019848
          ],
          [
            0.007649,
            -0.001202,
            0.091582
          ],
          [
            -0.015896,
            0.00568,
            -0.023321
          ],
          [
            -0.038707,
            0.031572,
            0.042739
          ],
          [
            0.021541,
            -0.007493,
            0.059459
          ],
          [
            0.030636,
            -0.001108,
            0.030138
          ],
          [
            0.032543,
            -0.030271,
            -0.000276
          ],
          [
            0.000531,
            -0.041258,
            0.173545
          ],
          [
            -0.025338,
            -0.005998,
            0.031349
          ],
          [
            0.024112,
            0.067188,
            0.053534
          ],
          [
            0.028211,
            -0.006052,
            0.103049
          ],
          [
            0.080807,
            -0.031514,
            0.128412
          ],
          [
            -0.021054,
            0.023218,
            0.047669
          ],
          [
            0.013929,
            0.020383,
            0.112022
          ],
          [
            -0.016036,
            -0.019774,
            0.00581
          ],
          [
            -0.055565,
            -0.003205,
            0.09693
          ],
          [
            0.048112,
            -0.00458,
            0.053665
          ],
          [
            0.005828,
            0.055268,
            0.044872
          ],
          [
            -0.02916,
            -0.014417,
            0.075126
          ],
          [
            0.01407,
            -0.025833,
            -0.387478
          ],
          [
            -0.010454,
            0.02348,
            0.04914
          ],
          [
            0.004328,
            0.026384,
            0.052394
          ],
          [
            0.027208,
            -0.026784,
            0.167113
          ],
          [
            0.006317,
            0.013582,
            0.080261
          ],
          [
            0.017939,
            -0.038252,
            0.077359
          ],
          [
            -0.274928,
            -0.607895,
            -0.125238
          ],
          [
            -0.529055,
            0.373095,
            -0.992924
          ],
          [
            -0.432082,
            -0.010913,
            -1.233752
          ],
          [
            0.739908,
            0.161151,
            -0.24545
          ],
          [
            0.195546,
            0.11966,
            -0.089485
          ],
          [
            -0.186163,
            0.304693,
            -0.913775
          ],
          [
            0.200882,
            -0.458264,
            0.383096
          ],
          [
            0.408226,
            0.057933,
            0.304795
          ],
          [
            0.27696,
            0.112686,
            -0.16394
          ],
          [
            0.07903,
            -1.596524,
            0.594771
          ],
          [
            -0.878396,
            0.391943,
            0.337545
          ],
          [
            -0.078847,
            -0.000714,
            0.316706
          ],
          [
            -0.629743,
            -0.796368,
            0.630053
          ],
          [
            -0.07212,
            0.365364,
            -0.215444
          ],
          [
            -0.00547,
            1.299309,
            -0.366922
          ],
          [
            -0.185745,
            0.059531,
            0.311411
          ],
          [
            0.811468,
            -0.165869,
            0.581503
          ],
          [
            0.393973,
            -0.181357,
            0.221563
          ],
          [
            -0.209471,
            0.130753,
            1.044674
          ],
          [
            0.109526,
            0.045702,
            -0.084733
          ],
          [
            -0.22877,
            -0.126776,
            -0.239742
          ],
          [
            -0.108412,
            -0.116665,
            0.23857
          ],
          [
            0.383075,
            0.147113,
            0.537454
          ],
          [
            -0.172443,
            -0.311871,
            0.230036
          ],
          [
            0.158147,
            0.086046,
            -0.109307
          ],
          [
            -0.099234,
            -0.023348,
            0.038963
          ],
          [
            0.356602,
            0.700282,
            -0.268311
          ],
          [
            0.004177,
            -0.106584,
            0.000189
          ],
          [
            0.056843,
            0.109371,
            0.011379
          ],
          [
            -0.105807,
            0.01368,
            -0.262735
          ]
        ],
        "Lattice": [
          [
            8.440733911,
            0.0,
            0.0
          ],
          [
            8.440733911,
            14.619780548,
            0.0
          ],
          [
            0.0,
            0.0,
            21.483230591
          ]
        ],
        "NumAtoms": 102,
        "Positions": [
          [
            4.22079,
            2.43687,
            0.0
          ],
          [
            9.84794,
            12.18339,
            0.0
          ],
          [
            7.03437,
            7.31013,
            0.0
          ],
          [
            7.03437,
            2.43687,
            0.0
          ],
          [
            12.66152,
            12.18339,
            0.0
          ],
          [
            9.84795,
            7.31013,
            0.0
          ],
          [
            1.40721,
            2.43687,
            0.0
          ],
          [
            7.03437,
            12.18339,
            0.0
          ],
          [
            4.22079,
            7.31013,
            0.0
          ],
          [
            2.81385,
            0.0,
            0.0
          ],
          [
            8.44101,
            9.74652,
            0.0
          ],
          [
            5.62743,
            4.87326,
            0.0
          ],
          [
            5.62743,
            0.0,
            0.0
          ],
          [
            11.25459,
            9.74652,
            0.0
          ],
          [
            8.44101,
            4.87326,
            0.0
          ],
          [
            0.00028,
            0.0,
            0.0
          ],
          [
            5.62743,
            9.74652,
            0.0
          ],
          [
            2.81385,
            4.87326,
            0.0
          ],
          [
            7.03462,
            4.06144,
            2.2975
          ],
          [
            12.66177,
            13.80796,
            2.2975
          ],
          [
            9.8482,
            8.9347,
            2.2975
          ],
          [
            9.8482,
            4.06144,
            2.2975
          ],
          [
            15.47535,
            13.80796,
            2.2975
          ],
          [
            12.66177,
            8.9347,
            2.2975
          ],
          [
            4.22104,
            4.06144,
            2.2975
          ],
          [
            9.8482,
            13.80796,
            2.2975
          ],
          [
            7.03462,
            8.9347,
            2.2975
          ],
          [
            5.62769,
            1.62456,
            2.2975
          ],
          [
            11.25484,
            11.37109,
            2.2975
          ],
          [
            8.44127,
            6.49782,
            2.2975
          ],
          [
            8.44127,
            1.62456,
            2.2975
          ],
          [
            14.06842,
            11.37109,
            2.2975
          ],
          [
            11.25484,
            6.49782,
            2.2975
          ],
          [
            2.81411,
            1.62456,
            2.2975
          ],
          [
            8.44127,
            11.37109,
            2.2975
          ],
          [
            5.62769,
            6.49782,
            2.2975
          ],
          [
            1.37693,
            0.83116,
            4.5621
          ],
          [
            7.01015,
            10.57908,
            4.54532
          ],
          [
            4.18593,
            5.70409,
            4.54472
          ],
          [
            4.17826,
            0.83085,
            4.55579
          ],
          [
            9.8311,
            10.5864,
            4.55421
          ],
          [
            7.00908,
            5.69393,
            4.54094
          ],
          [
            7.00926,
            0.84363,
            4.58309
          ],
          [
            12.63053,
            10.58833,
            4.55556
          ],
          [
            9.81798,
            5.7016,
            4.55047
          ],
          [
            2.78409,
            3.26628,
            4.5508
          ],
          [
            8.41525,
            13.02123,
            4.55204
          ],
          [
            5.59772,
            8.1381,
            4.54972
          ],
          [
            5.60981,
            3.24985,
            4.5727
          ],
          [
            11.23143,
            13.02012,
            4.56051
          ],
          [
            8.42137,
            8.13729,
            4.5433
          ],
          [
            8.39626,
            3.25273,
            4.5765
          ],
          [
            14.04132,
            13.01249,
            4.5425
          ],
          [
            11.2268,
            8.14979,
            4.55388
          ],
          [
            5.55418,
            0.02199,
            6.82198
          ],
          [
            11.20682,
            9.79043,
            6.85994
          ],
          [
            8.3977,
            4.93258,
            6.82785
          ],
          [
            2.7491,
            0.03527,
            6.87037
          ],
          [
            8.38616,
            9.79401,
            6.83214
          ],
          [
            5.54704,
            4.93175,
            6.82046
          ],
          [
            11.19641,
            4.91395,
            6.85066
          ],
          [
            8.39868,
            0.0356,
            6.86054
          ],
          [
            14.01735,
            9.79065,
            6.84339
          ],
          [
            9.79921,
            2.47281,
            6.85788
          ],
          [
            15.42016,
            12.21873,
            6.8455
          ],
          [
            12.60488,
            7.35915,
            6.85276
          ],
          [
            6.96275,
            2.49518,
            6.94879
          ],
          [
            12.60485,
            12.21786,
            6.86944
          ],
          [
            9.80067,
            7.35649,
            6.84942
          ],
          [
            6.97709,
            7.36589,
            6.82386
          ],
          [
            4.1323,
            2.4699,
            6.84551
          ],
          [
            9.79901,
            12.22669,
            6.8526
          ],
          [
            14.38766,
            10.37036,
            10.51114
          ],
          [
            14.35479,
            11.85146,
            10.67439
          ],
          [
            15.62583,
            12.52741,
            10.16872
          ],
          [
            6.17027,
            6.51223,
            10.35669
          ],
          [
            6.31665,
            5.02226,
            10.34326
          ],
          [
            7.72537,
            4.51623,
            10.07119
          ],
          [
            7.81011,
            3.01998,
            9.98897
          ],
          [
            15.65293,
            14.00385,
            10.47107
          ],
          [
            6.97061,
            9.68228,
            10.59601
          ],
          [
            13.18438,
            9.83586,
            10.27997
          ],
          [
            5.22796,
            7.09577,
            10.8797
          ],
          [
            7.16982,
            7.18253,
            9.75798
          ],
          [
            6.83561,
            2.45911,
            9.08244
          ],
          [
            6.00509,
            0.08019,
            10.10793
          ],
          [
            13.25658,
            8.7884,
            10.45159
          ],
          [
            14.22691,
            12.0626,
            11.74444
          ],
          [
            13.42036,
            12.21099,
            10.12713
          ],
          [
            8.07052,
            12.046,
            10.58248
          ],
          [
            7.28896,
            12.3661,
            9.01345
          ],
          [
            7.0621,
            8.17185,
            10.00749
          ],
          [
            5.63683,
            4.65588,
            9.55665
          ],
          [
            5.90973,
            4.64604,
            11.28972
          ],
          [
            8.43154,
            4.86729,
            10.81727
          ],
          [
            8.10417,
            4.99289,
            9.11442
          ],
          [
            8.81615,
            2.67604,
            9.68927
          ],
          [
            7.60061,
            2.57462,
            10.98123
          ],
          [
            6.45763,
            1.55284,
            9.44741
          ],
          [
            16.52262,
            14.49171,
            9.97832
          ],
          [
            15.74589,
            14.14466,
            11.56499
          ],
          [
            14.06886,
            14.29066,
            9.28987
          ]
        ],
        "Stress": [
          [
            -57.14109,
            -0.639,
            0.1811
          ],
          [
            -0.639,
            -58.74862,
            1.19454
          ],
          [
            0.1811,
            1.19454,
            -7.50336
          ]
        ],
        "computation_code": "VASP",
        "pseudopotential_information": [
          [
            "PAW_PBE",
            "Pt",
            "04Feb2005"
          ],
          [
            "PAW_PBE",
            "C",
            "08Apr2002"
          ],
          [
            "PAW_PBE",
            "O",
            "08Apr2002"
          ],
          [
            "PAW_PBE",
            "H",
            "15Jun2001"
          ]
        ]
      }
    ],
    "EnergyStyle": "electronvolt",
    "ForcesStyle": "electronvoltperangstrom",
    "LatticeStyle": "angstrom",
    "PositionsStyle": "angstrom",
    "StressStyle": "kB"
  }
}