{
  "Dataset": {
    "AtomTypeStyle": "chemicalsymbol",
    "Data": [
      {
        "AtomTypes": [
          "Pt",
          "Pt",
          "Pt",
          "Pt",
          "Pt",
          "Pt",
          "Pt",
          "Pt",
          "Pt",
          "Pt",
          "Pt",
          "Pt",
          "Pt",
          "Pt",
          "Pt",
          "Pt",
          "Pt",
          "Pt",
          "Pt",
          "Pt",
          "Pt",
          "Pt",
          "Pt",
          "Pt",
          "Pt",
          "Pt",
          "Pt",
          "Pt",
          "Pt",
          "Pt",
          "Pt",
          "Pt",
          "Pt",
          "Pt",
          "Pt",
          "Pt",
          "Pt",
          "Pt",
          "Pt",
          "Pt",
          "Pt",
          "Pt",
          "Pt",
          "Pt",
          "Pt",
          "Pt",
          "Pt",
          "Pt",
          "Pt",
          "Pt",
          "Pt",
          "Pt",
          "Pt",
          "Pt",
          "Pt",
          "Pt",
          "Pt",
          "Pt",
          "Pt",
          "Pt",
          "Pt",
          "Pt",
          "Pt",
          "Pt",
          "Pt",
          "Pt",
          "Pt",
          "Pt",
          "Pt",
          "Pt",
          "Pt",
          "Pt",
          "C",
          "C",
          "C",
          "C",
          "C",
          "C",
          "C",
          "C",
          "O",
          "O",
          "O",
          "O",
          "O",
          "O",
          "H",
          "H",
          "H",
          "H",
          "H",
          "H",
          "H",
          "H",
          "H",
          "H",
          "H",
          "H",
          "H",
          "H",
          "H",
          "H"
        ],
        "Energy": -379.39328116,
        "Forces": [
          [
            0.000244,
            0.002692,
            -0.084302
          ],
          [
            0.007577,
            -0.016364,
            -0.077498
          ],
          [
            0.025918,
            -0.017568,
            -0.078238
          ],
          [
            0.018112,
            -0.012213,
            -0.088412
          ],
          [
            0.024607,
            -0.008348,
            -0.076339
          ],
          [
            0.032489,
            -0.02236,
            -0.066418
          ],
          [
            0.036878,
            0.007281,
            -0.069166
          ],
          [
            0.019009,
            -0.050784,
            -0.129621
          ],
          [
            0.004481,
            -0.013934,
            -0.077209
          ],
          [
            0.023091,
            -0.006768,
            -0.078469
          ],
          [
            0.0331,
            -0.008187,
            -0.068712
          ],
          [
            0.011229,
            -0.016298,
            -0.078137
          ],
          [
            0.017025,
            -0.020412,
            -0.065825
          ],
          [
            0.017688,
            -0.003233,
            -0.077898
          ],
          [
            0.030453,
            -0.019674,
            -0.068474
          ],
          [
            0.010625,
            -0.030563,
            -0.07607
          ],
          [
            0.007712,
            -0.005937,
            -0.054468
          ],
          [
            0.023361,
            0.033185,
            -0.180754
          ],
          [
            -0.005858,
            -0.074098,
            0.175515
          ],
          [
            -0.037076,
            0.016248,
            0.055802
          ],
          [
            -0.023438,
            0.014958,
            0.083869
          ],
          [
            -0.083722,
            -0.029968,
            0.117653
          ],
          [
            -0.00508,
            0.088394,
            0.07956
          ],
          [
            -0.024794,
            0.003067,
            0.084037
          ],
          [
            -0.005325,
            -0.035844,
            0.042399
          ],
          [
            -0.021523,
            0.030845,
            0.06717
          ],
          [
            -0.021913,
            0.006311,
            0.069939
          ],
          [
            0.047265,
            0.037286,
            0.157489
          ],
          [
            -0.022625,
            0.00831,
            0.088643
          ],
          [
            -0.036663,
            0.011804,
            0.053528
          ],
          [
            -0.066225,
            0.061362,
            0.178643
          ],
          [
            -0.008077,
            0.003421,
            0.031609
          ],
          [
            -0.044895,
            -0.024048,
            0.063979
          ],
          [
            -0.046693,
            0.009589,
            0.033534
          ],
          [
            -0.030751,
            0.041254,
            0.066701
          ],
          [
            -0.019224,
            0.013365,
            0.026243
          ],
          [
            0.003826,
            -0.001625,
            0.000473
          ],
          [
            -0.001158,
            0.005373,
            -0.004304
          ],
          [
            0.004742,
            -0.00069,
            0.004704
          ],
          [
            2e-05,
            0.000539,
            -0.000778
          ],
          [
            0.001117,
            -0.000288,
            -0.001637
          ],
          [
            0.004628,
            0.000386,
            -0.004904
          ],
          [
            0.003604,
            -0.001781,
            0.0066
          ],
          [
            0.007041,
            -0.000726,
            0.000704
          ],
          [
            -0.000436,
            0.003237,
            0.000757
          ],
          [
            0.000471,
            -0.001245,
            -0.000264
          ],
          [
            -0.005122,
            0.002508,
            0.001251
          ],
          [
            -0.001628,
            0.004167,
            -0.00154
          ],
          [
            -0.002945,
            0.002897,
            0.001731
          ],
          [
            -0.000499,
            0.003166,
            0.002703
          ],
          [
            0.0027,
            -0.004011,
            0.002106
          ],
          [
            0.002009,
            -0.002282,
            -0.000378
          ],
          [
            0.004513,
            0.00062,
            -0.001905
          ],
          [
            -0.000991,
            0.002525,
            -0.004106
          ],
          [
            0.003439,
            0.000783,
            -0.003504
          ],
          [
            0.000156,
            0.004068,
            0.001219
          ],
          [
            0.002123,
            0.000752,
            -0.000215
          ],
          [
            0.000603,
            -0.000838,
            -0.001312
          ],
          [
            0.003879,
            -0.001561,
            0.002263
          ],
          [
            -0.000847,
            0.003182,
            0.002216
          ],
          [
            -0.000942,
            0.001095,
            -0.003662
          ],
          [
            -0.006121,
            0.001204,
            0.000882
          ],
          [
            -0.001156,
            0.002019,
            -0.001289
          ],
          [
            0.000512,
            -0.000199,
            -0.000707
          ],
          [
            0.001126,
            0.003037,
            -0.002629
          ],
          [
            0.003218,
            0.001323,
            0.003536
          ],
          [
            -0.001763,
            -0.000101,
            0.004835
          ],
          [
            0.003336,
            0.000129,
            0.001362
          ],
          [
            -0.002395,
            -0.00277,
            0.002786
          ],
          [
            -4.9e-05,
            0.001371,
            -0.002655
          ],
          [
            0.001091,
            0.00279,
            0.00016
          ],
          [
            0.000475,
            -0.00018,
            0.000162
          ],
          [
            -0.024775,
            0.01925,
            0.012617
          ],
          [
            0.014663,
            0.009069,
            -0.011822
          ],
          [
            0.021613,
            0.019471,
            0.00019
          ],
          [
            0.03182,
            -0.011802,
            -0.002128
          ],
          [
            -0.014239,
            0.005583,
            0.01802
          ],
          [
            0.010469,
            0.001713,
            0.00115
          ],
          [
            -0.00721,
            -0.001523,
            -0.008101
          ],
          [
            0.014211,
            0.009051,
            -0.004559
          ],
          [
            0.041685,
            -0.014291,
            -0.007231
          ],
          [
            -0.020379,
            -0.026719,
            0.004401
          ],
          [
            -0.010601,
            0.006976,
            0.003538
          ],
          [
            7.6e-05,
            0.002129,
            0.000379
          ],
          [
            -0.00486,
            0.000976,
            -0.001958
          ],
          [
            -0.008567,
            0.003368,
            0.001102
          ],
          [
            -0.000652,
            0.010428,
            0.002628
          ],
          [
            0.00568,
            -0.002461,
            0.002388
          ],
          [
            -0.000369,
            -0.001201,
            -0.00231
          ],
          [
            -1.7e-05,
            0.000154,
            -0.004393
          ],
          [
            -0.004921,
            0.002154,
            0.007663
          ],
          [
            0.006018,
            -0.007198,
            0.004513
          ],
          [
            0.006095,
            -0.005153,
            -0.006389
          ],
          [
            0.008966,
            0.005842,
            -0.00981
          ],
          [
            0.00281,
            -0.006155,
            0.003342
          ],
          [
            0.009558,
            7.5e-05,
            0.005563
          ],
          [
            0.004237,
            -0.010779,
            -0.000315
          ],
          [
            -1e-05,
            -0.006504,
            0.008576
          ],
          [
            0.00374,
            0.003315,
            -0.001676
          ],
          [
            -0.005742,
            -0.004955,
            0.000532
          ],
          [
            0.002774,
            -0.000368,
            -0.00331
          ],
          [
            0.002368,
            -0.002085,
            0.002437
          ]
        ],
        "Lattice": [
          [
            8.440733911,
            0.0,
            0.0
          ],
          [
            8.440733911,
            14.619780548,
            0.0
          ],
          [
            0.0,
            0.0,
            21.483230591
          ]
        ],
        "NumAtoms": 102,
        "Positions": [
          [
            4.22079,
            2.43687,
            0.0
          ],
          [
            9.84794,
            12.18339,
            0.0
          ],
          [
            7.03437,
            7.31013,
            0.0
          ],
          [
            7.03437,
            2.43687,
            0.0
          ],
          [
            12.66152,
            12.18339,
            0.0
          ],
          [
            9.84795,
            7.31013,
            0.0
          ],
          [
            1.40721,
            2.43687,
            0.0
          ],
          [
            7.03437,
            12.18339,
            0.0
          ],
          [
            4.22079,
            7.31013,
            0.0
          ],
          [
            2.81385,
            0.0,
            0.0
          ],
          [
            8.44101,
            9.74652,
            0.0
          ],
          [
            5.62743,
            4.87326,
            0.0
          ],
          [
            5.62743,
            0.0,
            0.0
          ],
          [
            11.25459,
            9.74652,
            0.0
          ],
          [
            8.44101,
            4.87326,
            0.0
          ],
          [
            0.00028,
            0.0,
            0.0
          ],
          [
            5.62743,
            9.74652,
            0.0
          ],
          [
            2.81385,
            4.87326,
            0.0
          ],
          [
            7.03462,
            4.06144,
            2.2975
          ],
          [
            12.66177,
            13.80796,
            2.2975
          ],
          [
            9.8482,
            8.9347,
            2.2975
          ],
          [
            9.8482,
            4.06144,
            2.2975
          ],
          [
            15.47535,
            13.80796,
            2.2975
          ],
          [
            12.66177,
            8.9347,
            2.2975
          ],
          [
            4.22104,
            4.06144,
            2.2975
          ],
          [
            9.8482,
            13.80796,
            2.2975
          ],
          [
            7.03462,
            8.9347,
            2.2975
          ],
          [
            5.62769,
            1.62456,
            2.2975
          ],
          [
            11.25484,
            11.37109,
            2.2975
          ],
          [
            8.44127,
            6.49782,
            2.2975
          ],
          [
            8.44127,
            1.62456,
            2.2975
          ],
          [
            14.06842,
            11.37109,
            2.2975
          ],
          [
            11.25484,
            6.49782,
            2.2975
          ],
          [
            2.81411,
            1.62456,
            2.2975
          ],
          [
            8.44127,
            11.37109,
            2.2975
          ],
          [
            5.62769,
            6.49782,
            2.2975
          ],
          [
            1.37912,
            0.82687,
            4.57688
          ],
          [
            7.01022,
            10.56744,
            4.57106
          ],
          [
            4.18337,
            5.70191,
            4.55962
          ],
          [
            4.1848,
            0.82337,
            4.56734
          ],
          [
            9.82123,
            10.57385,
            4.57737
          ],
          [
            7.00589,
            5.70169,
            4.56722
          ],
          [
            7.00839,
            0.8374,
            4.59801
          ],
          [
            12.63357,
            10.5708,
            4.57545
          ],
          [
            9.81603,
            5.69886,
            4.56848
          ],
          [
            2.77721,
            3.26782,
            4.5632
          ],
          [
            8.41511,
            13.00916,
            4.56928
          ],
          [
            5.59877,
            8.13282,
            4.57285
          ],
          [
            5.60589,
            3.25113,
            4.5871
          ],
          [
            11.22688,
            13.0082,
            4.57343
          ],
          [
            8.41544,
            8.13746,
            4.5738
          ],
          [
            8.39462,
            3.25321,
            4.6079
          ],
          [
            14.0433,
            13.00004,
            4.55978
          ],
          [
            11.226,
            8.13791,
            4.57406
          ],
          [
            5.55791,
            -0.00032,
            6.85591
          ],
          [
            11.20103,
            9.7752,
            6.89479
          ],
          [
            8.39571,
            4.9284,
            6.87433
          ],
          [
            2.75392,
            0.01967,
            6.90051
          ],
          [
            8.39015,
            9.77733,
            6.89299
          ],
          [
            5.5469,
            4.92193,
            6.84447
          ],
          [
            11.19356,
            4.90599,
            6.89199
          ],
          [
            8.39709,
            0.01462,
            6.88804
          ],
          [
            14.01383,
            9.77574,
            6.88328
          ],
          [
            9.80281,
            2.4606,
            6.89557
          ],
          [
            15.4244,
            12.20671,
            6.88095
          ],
          [
            12.59982,
            7.34597,
            6.89224
          ],
          [
            6.96735,
            2.47209,
            6.97055
          ],
          [
            12.6008,
            12.20536,
            6.89348
          ],
          [
            9.79594,
            7.34695,
            6.89371
          ],
          [
            6.98055,
            7.3527,
            6.88335
          ],
          [
            4.13302,
            2.45771,
            6.86763
          ],
          [
            9.79773,
            12.20738,
            6.8963
          ],
          [
            13.86824,
            10.33137,
            10.35521
          ],
          [
            13.77023,
            11.8247,
            10.54361
          ],
          [
            15.11919,
            12.50344,
            10.32267
          ],
          [
            5.80407,
            6.53988,
            10.24636
          ],
          [
            5.99225,
            5.0442,
            10.30586
          ],
          [
            7.4329,
            4.56036,
            10.14949
          ],
          [
            7.55882,
            3.05008,
            10.16664
          ],
          [
            15.17376,
            13.9768,
            10.67565
          ],
          [
            6.51516,
            9.77461,
            10.12744
          ],
          [
            12.7189,
            9.6856,
            10.46663
          ],
          [
            4.68524,
            7.06413,
            10.37116
          ],
          [
            6.92107,
            7.22706,
            10.04285
          ],
          [
            6.66756,
            2.46369,
            9.17857
          ],
          [
            5.69696,
            0.1567,
            10.04026
          ],
          [
            12.86671,
            8.67563,
            10.37589
          ],
          [
            13.37272,
            12.0124,
            11.55549
          ],
          [
            13.00017,
            12.19854,
            9.84564
          ],
          [
            7.4595,
            11.9871,
            10.90151
          ],
          [
            15.416,
            12.37295,
            9.25833
          ],
          [
            6.72683,
            8.23863,
            10.03632
          ],
          [
            5.35227,
            4.62103,
            9.50864
          ],
          [
            5.54337,
            4.6962,
            11.25217
          ],
          [
            8.08011,
            4.9763,
            10.93658
          ],
          [
            7.84573,
            4.94331,
            9.19197
          ],
          [
            8.59492,
            2.74011,
            9.95512
          ],
          [
            7.25006,
            2.6387,
            11.14171
          ],
          [
            6.30683,
            1.57373,
            9.50356
          ],
          [
            16.16468,
            14.37825,
            10.39799
          ],
          [
            15.02409,
            14.13298,
            11.7547
          ],
          [
            5.49304,
            -0.21641,
            9.13715
          ]
        ],
        "Stress": [
          [
            -49.66196,
            -0.45669,
            0.02102
          ],
          [
            -0.45669,
            -49.0547,
            0.37059
          ],
          [
            0.02102,
            0.37059,
            -2.42926
          ]
        ],
        "computation_code": "VASP",
        "pseudopotential_information": [
          [
            "PAW_PBE",
            "Pt",
            "04Feb2005"
          ],
          [
            "PAW_PBE",
            "C",
            "08Apr2002"
          ],
          [
            "PAW_PBE",
            "O",
            "08Apr2002"
          ],
          [
            "PAW_PBE",
            "H",
            "15Jun2001"
          ]
        ]
      }
    ],
    "EnergyStyle": "electronvolt",
    "ForcesStyle": "electronvoltperangstrom",
    "LatticeStyle": "angstrom",
    "PositionsStyle": "angstrom",
    "StressStyle": "kB"
  }
}