{
  "Dataset": {
    "AtomTypeStyle": "chemicalsymbol",
    "Data": [
      {
        "AtomTypes": [
          "Pt",
          "Pt",
          "Pt",
          "Pt",
          "Pt",
          "Pt",
          "Pt",
          "Pt",
          "Pt",
          "Pt",
          "Pt",
          "Pt",
          "Pt",
          "Pt",
          "Pt",
          "Pt",
          "Pt",
          "Pt",
          "Pt",
          "Pt",
          "Pt",
          "Pt",
          "Pt",
          "Pt",
          "Pt",
          "Pt",
          "Pt",
          "Pt",
          "Pt",
          "Pt",
          "Pt",
          "Pt",
          "Pt",
          "Pt",
          "Pt",
          "Pt",
          "Pt",
          "Pt",
          "Pt",
          "Pt",
          "Pt",
          "Pt",
          "Pt",
          "Pt",
          "Pt",
          "Pt",
          "Pt",
          "Pt",
          "Pt",
          "Pt",
          "Pt",
          "Pt",
          "Pt",
          "Pt",
          "Pt",
          "Pt",
          "Pt",
          "Pt",
          "Pt",
          "Pt",
          "Pt",
          "Pt",
          "Pt",
          "Pt",
          "Pt",
          "Pt",
          "Pt",
          "Pt",
          "Pt",
          "Pt",
          "Pt",
          "Pt",
          "C",
          "C",
          "C",
          "C",
          "C",
          "C",
          "C",
          "C",
          "O",
          "O",
          "O",
          "O",
          "O",
          "O",
          "H",
          "H",
          "H",
          "H",
          "H",
          "H",
          "H",
          "H",
          "H",
          "H",
          "H",
          "H",
          "H",
          "H",
          "H",
          "H"
        ],
        "Energy": -379.39133884,
        "Forces": [
          [
            -0.000348,
            0.002941,
            -0.085753
          ],
          [
            0.007496,
            -0.015191,
            -0.076877
          ],
          [
            0.02566,
            -0.016816,
            -0.078195
          ],
          [
            0.017058,
            -0.010813,
            -0.087998
          ],
          [
            0.02511,
            -0.007118,
            -0.076272
          ],
          [
            0.031213,
            -0.021854,
            -0.065537
          ],
          [
            0.036824,
            0.00773,
            -0.069768
          ],
          [
            0.01934,
            -0.051201,
            -0.130548
          ],
          [
            0.004069,
            -0.014232,
            -0.075857
          ],
          [
            0.023478,
            -0.005497,
            -0.077413
          ],
          [
            0.033195,
            -0.00752,
            -0.068814
          ],
          [
            0.010286,
            -0.016301,
            -0.077802
          ],
          [
            0.017578,
            -0.019641,
            -0.066786
          ],
          [
            0.018036,
            -0.002875,
            -0.07728
          ],
          [
            0.030176,
            -0.019548,
            -0.068982
          ],
          [
            0.009998,
            -0.029053,
            -0.075607
          ],
          [
            0.00785,
            -0.004624,
            -0.05526
          ],
          [
            0.022676,
            0.033814,
            -0.180742
          ],
          [
            -0.004435,
            -0.078895,
            0.174098
          ],
          [
            -0.038907,
            0.014068,
            0.054747
          ],
          [
            -0.021927,
            0.012879,
            0.086647
          ],
          [
            -0.081652,
            -0.031141,
            0.112176
          ],
          [
            -0.003791,
            0.090803,
            0.080003
          ],
          [
            -0.026511,
            0.002129,
            0.083044
          ],
          [
            -0.00183,
            -0.03435,
            0.042501
          ],
          [
            -0.021065,
            0.027163,
            0.068922
          ],
          [
            -0.019551,
            0.004853,
            0.068332
          ],
          [
            0.050436,
            0.036711,
            0.160361
          ],
          [
            -0.022896,
            0.007449,
            0.089328
          ],
          [
            -0.031461,
            0.013292,
            0.049685
          ],
          [
            -0.064673,
            0.056835,
            0.18132
          ],
          [
            -0.007452,
            0.002573,
            0.028262
          ],
          [
            -0.039509,
            -0.02518,
            0.066854
          ],
          [
            -0.043916,
            0.007202,
            0.033055
          ],
          [
            -0.029691,
            0.040741,
            0.065674
          ],
          [
            -0.01992,
            0.013174,
            0.025018
          ],
          [
            -0.002592,
            0.000851,
            0.000532
          ],
          [
            -0.003156,
            0.002553,
            0.000272
          ],
          [
            -0.002343,
            -0.002945,
            -0.002812
          ],
          [
            -0.006131,
            0.00436,
            0.001371
          ],
          [
            0.004535,
            -0.000851,
            -0.001737
          ],
          [
            -0.002498,
            -0.000684,
            0.004114
          ],
          [
            -0.000868,
            -0.002921,
            0.002406
          ],
          [
            -0.00157,
            -0.003708,
            0.003198
          ],
          [
            -0.006358,
            0.002063,
            0.002417
          ],
          [
            -0.001074,
            -0.003481,
            0.001467
          ],
          [
            0.001912,
            0.002042,
            -0.000822
          ],
          [
            0.00131,
            0.000435,
            0.001505
          ],
          [
            -0.001035,
            -0.000691,
            -0.000418
          ],
          [
            0.000617,
            0.002381,
            -0.000847
          ],
          [
            0.00353,
            -0.003248,
            6e-06
          ],
          [
            -0.004493,
            0.004665,
            0.000844
          ],
          [
            0.001896,
            -0.00238,
            0.002739
          ],
          [
            -0.001963,
            0.006308,
            -0.002373
          ],
          [
            0.000589,
            0.002658,
            0.002552
          ],
          [
            0.004612,
            0.00189,
            -0.001388
          ],
          [
            0.002493,
            0.004505,
            0.00114
          ],
          [
            0.001709,
            0.004974,
            0.000918
          ],
          [
            0.003305,
            0.00362,
            0.001171
          ],
          [
            -0.002025,
            -0.001365,
            -0.004126
          ],
          [
            0.001251,
            0.002517,
            0.004808
          ],
          [
            -0.000216,
            0.004397,
            -0.004068
          ],
          [
            0.001399,
            0.002996,
            -0.001257
          ],
          [
            0.000187,
            0.004545,
            0.002778
          ],
          [
            0.003387,
            0.003496,
            0.00352
          ],
          [
            0.001062,
            0.000981,
            -0.002377
          ],
          [
            -3.1e-05,
            0.000808,
            -0.004922
          ],
          [
            -0.00123,
            0.001759,
            -0.002331
          ],
          [
            0.001052,
            0.004811,
            -0.004931
          ],
          [
            0.005779,
            0.001373,
            0.003217
          ],
          [
            -0.002326,
            0.001453,
            -0.000434
          ],
          [
            0.002229,
            -0.000145,
            4.7e-05
          ],
          [
            -0.072477,
            0.042586,
            0.021378
          ],
          [
            -0.000237,
            -0.009417,
            -0.005408
          ],
          [
            0.001752,
            0.002077,
            0.019188
          ],
          [
            0.037756,
            -0.023893,
            0.006258
          ],
          [
            0.007331,
            -0.007958,
            0.004322
          ],
          [
            0.012358,
            -0.008613,
            0.002441
          ],
          [
            0.003687,
            0.00218,
            0.010888
          ],
          [
            -0.010251,
            0.028533,
            -0.008493
          ],
          [
            0.052924,
            -0.023375,
            -0.013505
          ],
          [
            0.033917,
            0.023679,
            -0.005337
          ],
          [
            -0.040768,
            0.014576,
            0.00813
          ],
          [
            0.017567,
            0.026746,
            -0.00312
          ],
          [
            -0.005484,
            0.00626,
            -0.008791
          ],
          [
            0.006256,
            -0.003287,
            0.016045
          ],
          [
            0.004525,
            -0.013811,
            0.00112
          ],
          [
            0.002507,
            -0.003069,
            -0.010045
          ],
          [
            0.012399,
            -0.009573,
            0.009174
          ],
          [
            0.008467,
            -0.004127,
            -0.006007
          ],
          [
            -0.004829,
            0.002926,
            -0.009387
          ],
          [
            0.008558,
            -0.024586,
            -0.004174
          ],
          [
            0.00525,
            -0.001605,
            -0.002966
          ],
          [
            -0.000314,
            -0.012065,
            0.005423
          ],
          [
            -0.00337,
            -0.006578,
            0.003395
          ],
          [
            0.005716,
            -0.002808,
            0.004794
          ],
          [
            -0.004256,
            -0.002601,
            0.003564
          ],
          [
            -0.002322,
            -0.001808,
            -0.006279
          ],
          [
            -0.008848,
            0.004655,
            0.004153
          ],
          [
            0.004822,
            -0.004179,
            0.000834
          ],
          [
            0.005186,
            -0.004596,
            -0.010831
          ],
          [
            0.008293,
            0.001205,
            -0.007478
          ]
        ],
        "Lattice": [
          [
            8.440733911,
            0.0,
            0.0
          ],
          [
            8.440733911,
            14.619780548,
            0.0
          ],
          [
            0.0,
            0.0,
            21.483230591
          ]
        ],
        "NumAtoms": 102,
        "Positions": [
          [
            4.22079,
            2.43687,
            0.0
          ],
          [
            9.84794,
            12.18339,
            0.0
          ],
          [
            7.03437,
            7.31013,
            0.0
          ],
          [
            7.03437,
            2.43687,
            0.0
          ],
          [
            12.66152,
            12.18339,
            0.0
          ],
          [
            9.84795,
            7.31013,
            0.0
          ],
          [
            1.40721,
            2.43687,
            0.0
          ],
          [
            7.03437,
            12.18339,
            0.0
          ],
          [
            4.22079,
            7.31013,
            0.0
          ],
          [
            2.81385,
            0.0,
            0.0
          ],
          [
            8.44101,
            9.74652,
            0.0
          ],
          [
            5.62743,
            4.87326,
            0.0
          ],
          [
            5.62743,
            0.0,
            0.0
          ],
          [
            11.25459,
            9.74652,
            0.0
          ],
          [
            8.44101,
            4.87326,
            0.0
          ],
          [
            0.00028,
            0.0,
            0.0
          ],
          [
            5.62743,
            9.74652,
            0.0
          ],
          [
            2.81385,
            4.87326,
            0.0
          ],
          [
            7.03462,
            4.06144,
            2.2975
          ],
          [
            12.66177,
            13.80796,
            2.2975
          ],
          [
            9.8482,
            8.9347,
            2.2975
          ],
          [
            9.8482,
            4.06144,
            2.2975
          ],
          [
            15.47535,
            13.80796,
            2.2975
          ],
          [
            12.66177,
            8.9347,
            2.2975
          ],
          [
            4.22104,
            4.06144,
            2.2975
          ],
          [
            9.8482,
            13.80796,
            2.2975
          ],
          [
            7.03462,
            8.9347,
            2.2975
          ],
          [
            5.62769,
            1.62456,
            2.2975
          ],
          [
            11.25484,
            11.37109,
            2.2975
          ],
          [
            8.44127,
            6.49782,
            2.2975
          ],
          [
            8.44127,
            1.62456,
            2.2975
          ],
          [
            14.06842,
            11.37109,
            2.2975
          ],
          [
            11.25484,
            6.49782,
            2.2975
          ],
          [
            2.81411,
            1.62456,
            2.2975
          ],
          [
            8.44127,
            11.37109,
            2.2975
          ],
          [
            5.62769,
            6.49782,
            2.2975
          ],
          [
            1.38058,
            0.82397,
            4.57695
          ],
          [
            7.01024,
            10.56619,
            4.57073
          ],
          [
            4.18533,
            5.70152,
            4.56053
          ],
          [
            4.1863,
            0.82137,
            4.56715
          ],
          [
            9.82062,
            10.57238,
            4.57749
          ],
          [
            7.0075,
            5.70043,
            4.56536
          ],
          [
            7.00956,
            0.83661,
            4.59929
          ],
          [
            12.6339,
            10.56988,
            4.57528
          ],
          [
            9.8177,
            5.69774,
            4.56781
          ],
          [
            2.77869,
            3.2663,
            4.56227
          ],
          [
            8.41434,
            13.00792,
            4.56954
          ],
          [
            5.59827,
            8.13232,
            4.5724
          ],
          [
            5.6068,
            3.25041,
            4.58753
          ],
          [
            11.22671,
            13.00604,
            4.5741
          ],
          [
            8.41577,
            8.13612,
            4.57428
          ],
          [
            8.39641,
            3.25048,
            4.60719
          ],
          [
            14.0434,
            12.99908,
            4.55916
          ],
          [
            11.22607,
            8.1363,
            4.57477
          ],
          [
            5.55829,
            -0.00472,
            6.85574
          ],
          [
            11.19925,
            9.77169,
            6.89495
          ],
          [
            8.3956,
            4.92333,
            6.87171
          ],
          [
            2.754,
            0.01454,
            6.90031
          ],
          [
            8.38913,
            9.77251,
            6.89357
          ],
          [
            5.5478,
            4.91921,
            6.84471
          ],
          [
            11.19374,
            4.90184,
            6.89007
          ],
          [
            8.39642,
            0.00993,
            6.88967
          ],
          [
            14.01237,
            9.77171,
            6.88328
          ],
          [
            9.80366,
            2.45534,
            6.8941
          ],
          [
            15.42353,
            12.20245,
            6.88037
          ],
          [
            12.59906,
            7.34271,
            6.8941
          ],
          [
            6.96683,
            2.46729,
            6.97157
          ],
          [
            12.60092,
            12.20123,
            6.89434
          ],
          [
            9.79498,
            7.34191,
            6.89559
          ],
          [
            6.9793,
            7.34905,
            6.88164
          ],
          [
            4.13392,
            2.45387,
            6.86733
          ],
          [
            9.79638,
            12.20353,
            6.89685
          ],
          [
            13.85156,
            10.33323,
            10.35446
          ],
          [
            13.75512,
            11.8281,
            10.54057
          ],
          [
            15.10788,
            12.50423,
            10.33077
          ],
          [
            5.79739,
            6.54288,
            10.23873
          ],
          [
            5.98744,
            5.04774,
            10.3014
          ],
          [
            7.42873,
            4.56444,
            10.14361
          ],
          [
            7.55807,
            3.05361,
            10.16253
          ],
          [
            15.16109,
            13.97689,
            10.68497
          ],
          [
            6.49926,
            9.77612,
            10.13449
          ],
          [
            12.6996,
            9.68787,
            10.46005
          ],
          [
            4.67722,
            7.06516,
            10.35598
          ],
          [
            6.91456,
            7.23186,
            10.04635
          ],
          [
            6.6669,
            2.46231,
            9.17784
          ],
          [
            5.68973,
            0.15938,
            10.04175
          ],
          [
            12.84882,
            8.67961,
            10.36734
          ],
          [
            13.35178,
            12.01686,
            11.55033
          ],
          [
            12.99019,
            12.20334,
            9.83673
          ],
          [
            7.43981,
            11.98735,
            10.91997
          ],
          [
            15.41592,
            12.3715,
            9.27099
          ],
          [
            6.71762,
            8.24342,
            10.04287
          ],
          [
            5.3454,
            4.61932,
            9.50878
          ],
          [
            5.54309,
            4.70565,
            11.2513
          ],
          [
            8.0773,
            4.98171,
            10.92903
          ],
          [
            7.84048,
            4.94726,
            9.18548
          ],
          [
            8.59477,
            2.74567,
            9.94892
          ],
          [
            7.25382,
            2.64318,
            11.13998
          ],
          [
            6.30988,
            1.57078,
            9.50256
          ],
          [
            16.15348,
            14.37829,
            10.41437
          ],
          [
            15.00333,
            14.13322,
            11.76309
          ],
          [
            5.47949,
            -0.22158,
            9.14413
          ]
        ],
        "Stress": [
          [
            -49.68547,
            -0.46173,
            0.00603
          ],
          [
            -0.46173,
            -49.0875,
            0.35888
          ],
          [
            0.00603,
            0.35888,
            -2.42055
          ]
        ],
        "computation_code": "VASP",
        "pseudopotential_information": [
          [
            "PAW_PBE",
            "Pt",
            "04Feb2005"
          ],
          [
            "PAW_PBE",
            "C",
            "08Apr2002"
          ],
          [
            "PAW_PBE",
            "O",
            "08Apr2002"
          ],
          [
            "PAW_PBE",
            "H",
            "15Jun2001"
          ]
        ]
      }
    ],
    "EnergyStyle": "electronvolt",
    "ForcesStyle": "electronvoltperangstrom",
    "LatticeStyle": "angstrom",
    "PositionsStyle": "angstrom",
    "StressStyle": "kB"
  }
}