{
  "Dataset": {
    "AtomTypeStyle": "chemicalsymbol",
    "Data": [
      {
        "AtomTypes": [
          "Pt",
          "Pt",
          "Pt",
          "Pt",
          "Pt",
          "Pt",
          "Pt",
          "Pt",
          "Pt",
          "Pt",
          "Pt",
          "Pt",
          "Pt",
          "Pt",
          "Pt",
          "Pt",
          "Pt",
          "Pt",
          "Pt",
          "Pt",
          "Pt",
          "Pt",
          "Pt",
          "Pt",
          "Pt",
          "Pt",
          "Pt",
          "Pt",
          "Pt",
          "Pt",
          "Pt",
          "Pt",
          "Pt",
          "Pt",
          "Pt",
          "Pt",
          "Pt",
          "Pt",
          "Pt",
          "Pt",
          "Pt",
          "Pt",
          "Pt",
          "Pt",
          "Pt",
          "Pt",
          "Pt",
          "Pt",
          "Pt",
          "Pt",
          "Pt",
          "Pt",
          "Pt",
          "Pt",
          "Pt",
          "Pt",
          "Pt",
          "Pt",
          "Pt",
          "Pt",
          "Pt",
          "Pt",
          "Pt",
          "Pt",
          "Pt",
          "Pt",
          "Pt",
          "Pt",
          "Pt",
          "Pt",
          "Pt",
          "Pt",
          "C",
          "C",
          "C",
          "C",
          "C",
          "C",
          "C",
          "C",
          "O",
          "O",
          "O",
          "O",
          "O",
          "O",
          "H",
          "H",
          "H",
          "H",
          "H",
          "H",
          "H",
          "H",
          "H",
          "H",
          "H",
          "H",
          "H",
          "H",
          "H",
          "H"
        ],
        "Energy": -379.35990649,
        "Forces": [
          [
            -0.002764,
            0.00145,
            -0.085962
          ],
          [
            0.00503,
            -0.018445,
            -0.078144
          ],
          [
            0.023914,
            -0.01983,
            -0.076596
          ],
          [
            0.015276,
            -0.013363,
            -0.088444
          ],
          [
            0.023803,
            -0.008692,
            -0.075159
          ],
          [
            0.028964,
            -0.024483,
            -0.066624
          ],
          [
            0.03441,
            0.004246,
            -0.069189
          ],
          [
            0.018719,
            -0.053039,
            -0.129919
          ],
          [
            0.00333,
            -0.015453,
            -0.076177
          ],
          [
            0.021305,
            -0.007634,
            -0.073895
          ],
          [
            0.031646,
            -0.009969,
            -0.071713
          ],
          [
            0.009289,
            -0.016625,
            -0.079339
          ],
          [
            0.017884,
            -0.021073,
            -0.067011
          ],
          [
            0.015809,
            -0.004947,
            -0.075943
          ],
          [
            0.027657,
            -0.022574,
            -0.068227
          ],
          [
            0.0085,
            -0.033018,
            -0.07926
          ],
          [
            0.006886,
            -0.005782,
            -0.054924
          ],
          [
            0.02197,
            0.032168,
            -0.179505
          ],
          [
            0.001451,
            -0.072786,
            0.178399
          ],
          [
            -0.036885,
            0.012513,
            0.054594
          ],
          [
            -0.020279,
            0.016853,
            0.080595
          ],
          [
            -0.083813,
            -0.028014,
            0.122457
          ],
          [
            -0.000474,
            0.094128,
            0.086924
          ],
          [
            -0.024272,
            0.005855,
            0.076341
          ],
          [
            -0.004582,
            -0.032609,
            0.031034
          ],
          [
            -0.022087,
            0.030689,
            0.073339
          ],
          [
            -0.020704,
            0.007995,
            0.06914
          ],
          [
            0.049129,
            0.035017,
            0.151774
          ],
          [
            -0.020161,
            0.012368,
            0.087588
          ],
          [
            -0.029907,
            0.016731,
            0.053981
          ],
          [
            -0.058553,
            0.063485,
            0.183953
          ],
          [
            -0.007926,
            0.004119,
            0.030435
          ],
          [
            -0.039255,
            -0.025317,
            0.063748
          ],
          [
            -0.042468,
            0.007301,
            0.034357
          ],
          [
            -0.028113,
            0.047082,
            0.074418
          ],
          [
            -0.017871,
            0.015542,
            0.028885
          ],
          [
            -0.004224,
            0.001131,
            -0.001755
          ],
          [
            0.003379,
            0.003031,
            0.00288
          ],
          [
            -0.003338,
            0.008346,
            -0.000892
          ],
          [
            0.000528,
            0.004017,
            0.000144
          ],
          [
            0.00219,
            0.003791,
            0.004837
          ],
          [
            -0.004612,
            0.003723,
            -0.001012
          ],
          [
            0.001139,
            -0.003487,
            -0.002804
          ],
          [
            0.003901,
            -0.002817,
            -0.000208
          ],
          [
            0.005461,
            0.001522,
            -0.001489
          ],
          [
            0.001147,
            0.000982,
            0.001453
          ],
          [
            0.00361,
            0.001063,
            -0.004851
          ],
          [
            0.007346,
            -0.002335,
            -0.004615
          ],
          [
            0.003172,
            0.000965,
            0.00407
          ],
          [
            0.007319,
            0.002574,
            -0.004033
          ],
          [
            0.004618,
            -0.004354,
            -0.00257
          ],
          [
            -0.000924,
            0.003644,
            -0.003043
          ],
          [
            0.001138,
            0.007841,
            0.001131
          ],
          [
            0.002239,
            0.003635,
            0.000242
          ],
          [
            -0.002517,
            -0.00122,
            0.012488
          ],
          [
            0.004839,
            0.005279,
            0.004531
          ],
          [
            -0.001616,
            -0.001224,
            -0.000443
          ],
          [
            -0.001817,
            -0.000289,
            0.003447
          ],
          [
            -0.002384,
            0.003632,
            -0.001384
          ],
          [
            0.006569,
            0.007872,
            -0.001831
          ],
          [
            -0.000173,
            0.004655,
            -0.000113
          ],
          [
            -0.001671,
            0.002699,
            0.002264
          ],
          [
            0.001837,
            0.00095,
            -0.004197
          ],
          [
            -0.005365,
            -0.0058,
            -0.002602
          ],
          [
            -0.002527,
            -0.000389,
            0.003173
          ],
          [
            0.004518,
            0.004087,
            0.001693
          ],
          [
            -0.001417,
            0.003432,
            0.004118
          ],
          [
            0.001812,
            0.002658,
            -0.006661
          ],
          [
            0.001204,
            -0.002756,
            0.00024
          ],
          [
            0.000908,
            -0.001005,
            0.007573
          ],
          [
            -0.005358,
            -0.002949,
            0.000943
          ],
          [
            0.000648,
            0.003983,
            -0.004977
          ],
          [
            -0.010447,
            -0.011984,
            -0.001977
          ],
          [
            0.002574,
            -0.011,
            0.023424
          ],
          [
            -0.021148,
            0.001244,
            -0.018065
          ],
          [
            -0.010246,
            0.034347,
            -0.006282
          ],
          [
            -0.0028,
            0.008796,
            0.000348
          ],
          [
            0.010326,
            -0.025265,
            0.030846
          ],
          [
            0.013265,
            0.024467,
            -0.039725
          ],
          [
            -0.015472,
            0.005576,
            0.024718
          ],
          [
            0.012721,
            0.005266,
            0.008901
          ],
          [
            0.016564,
            0.000174,
            -9e-05
          ],
          [
            -0.006899,
            -0.017056,
            0.008561
          ],
          [
            0.003409,
            -0.015188,
            -0.009536
          ],
          [
            -0.007096,
            -0.002121,
            0.002422
          ],
          [
            0.011022,
            -0.022592,
            -0.009054
          ],
          [
            -0.002395,
            0.022959,
            0.012645
          ],
          [
            0.029536,
            -0.000437,
            -0.007989
          ],
          [
            0.007335,
            0.008594,
            -0.004662
          ],
          [
            0.020801,
            -0.005073,
            -0.000437
          ],
          [
            0.010476,
            0.001897,
            -0.020246
          ],
          [
            -0.012673,
            -0.003588,
            0.007281
          ],
          [
            -0.005496,
            -0.009055,
            -0.005969
          ],
          [
            0.00418,
            -0.005046,
            0.001408
          ],
          [
            -0.000527,
            0.008519,
            -0.009635
          ],
          [
            0.004022,
            -0.00511,
            -0.014927
          ],
          [
            -0.007291,
            0.001406,
            -0.00304
          ],
          [
            -0.011201,
            -0.012256,
            0.035069
          ],
          [
            -0.001644,
            -0.016279,
            -0.007726
          ],
          [
            0.032034,
            -0.001415,
            -0.004284
          ],
          [
            0.017634,
            -0.011411,
            -0.00239
          ],
          [
            -0.017,
            0.020857,
            0.018734
          ]
        ],
        "Lattice": [
          [
            8.440733911,
            0.0,
            0.0
          ],
          [
            8.440733911,
            14.619780548,
            0.0
          ],
          [
            0.0,
            0.0,
            21.483230591
          ]
        ],
        "NumAtoms": 102,
        "Positions": [
          [
            4.22079,
            2.43687,
            0.0
          ],
          [
            9.84794,
            12.18339,
            0.0
          ],
          [
            7.03437,
            7.31013,
            0.0
          ],
          [
            7.03437,
            2.43687,
            0.0
          ],
          [
            12.66152,
            12.18339,
            0.0
          ],
          [
            9.84795,
            7.31013,
            0.0
          ],
          [
            1.40721,
            2.43687,
            0.0
          ],
          [
            7.03437,
            12.18339,
            0.0
          ],
          [
            4.22079,
            7.31013,
            0.0
          ],
          [
            2.81385,
            0.0,
            0.0
          ],
          [
            8.44101,
            9.74652,
            0.0
          ],
          [
            5.62743,
            4.87326,
            0.0
          ],
          [
            5.62743,
            0.0,
            0.0
          ],
          [
            11.25459,
            9.74652,
            0.0
          ],
          [
            8.44101,
            4.87326,
            0.0
          ],
          [
            0.00028,
            0.0,
            0.0
          ],
          [
            5.62743,
            9.74652,
            0.0
          ],
          [
            2.81385,
            4.87326,
            0.0
          ],
          [
            7.03462,
            4.06144,
            2.2975
          ],
          [
            12.66177,
            13.80796,
            2.2975
          ],
          [
            9.8482,
            8.9347,
            2.2975
          ],
          [
            9.8482,
            4.06144,
            2.2975
          ],
          [
            15.47535,
            13.80796,
            2.2975
          ],
          [
            12.66177,
            8.9347,
            2.2975
          ],
          [
            4.22104,
            4.06144,
            2.2975
          ],
          [
            9.8482,
            13.80796,
            2.2975
          ],
          [
            7.03462,
            8.9347,
            2.2975
          ],
          [
            5.62769,
            1.62456,
            2.2975
          ],
          [
            11.25484,
            11.37109,
            2.2975
          ],
          [
            8.44127,
            6.49782,
            2.2975
          ],
          [
            8.44127,
            1.62456,
            2.2975
          ],
          [
            14.06842,
            11.37109,
            2.2975
          ],
          [
            11.25484,
            6.49782,
            2.2975
          ],
          [
            2.81411,
            1.62456,
            2.2975
          ],
          [
            8.44127,
            11.37109,
            2.2975
          ],
          [
            5.62769,
            6.49782,
            2.2975
          ],
          [
            1.38308,
            0.829,
            4.578
          ],
          [
            7.01256,
            10.57107,
            4.57105
          ],
          [
            4.18788,
            5.7025,
            4.56002
          ],
          [
            4.18955,
            0.82354,
            4.56631
          ],
          [
            9.82255,
            10.57655,
            4.57675
          ],
          [
            7.01081,
            5.7046,
            4.56686
          ],
          [
            7.01428,
            0.84223,
            4.59843
          ],
          [
            12.63574,
            10.57243,
            4.57516
          ],
          [
            9.81888,
            5.70184,
            4.56867
          ],
          [
            2.78017,
            3.2691,
            4.56173
          ],
          [
            8.41665,
            13.01295,
            4.57154
          ],
          [
            5.59954,
            8.1359,
            4.57246
          ],
          [
            5.60943,
            3.25448,
            4.58493
          ],
          [
            11.22759,
            13.00883,
            4.57446
          ],
          [
            8.41801,
            8.14211,
            4.57393
          ],
          [
            8.3992,
            3.25668,
            4.60966
          ],
          [
            14.0471,
            13.00071,
            4.55951
          ],
          [
            11.22801,
            8.13871,
            4.57348
          ],
          [
            5.57084,
            0.00437,
            6.85082
          ],
          [
            11.20538,
            9.78039,
            6.89193
          ],
          [
            8.40404,
            4.93597,
            6.87748
          ],
          [
            2.76288,
            0.02617,
            6.89783
          ],
          [
            8.3957,
            9.78331,
            6.8953
          ],
          [
            5.55582,
            4.92782,
            6.84508
          ],
          [
            11.20143,
            4.91201,
            6.89074
          ],
          [
            8.40428,
            0.01881,
            6.89121
          ],
          [
            14.02225,
            9.78183,
            6.88205
          ],
          [
            9.81337,
            2.46781,
            6.89655
          ],
          [
            15.43335,
            12.21215,
            6.88668
          ],
          [
            12.60588,
            7.35118,
            6.89221
          ],
          [
            6.98079,
            2.48064,
            6.97043
          ],
          [
            12.6085,
            12.21197,
            6.89107
          ],
          [
            9.8009,
            7.35287,
            6.89437
          ],
          [
            6.98701,
            7.35855,
            6.88066
          ],
          [
            4.14445,
            2.46523,
            6.86259
          ],
          [
            9.80282,
            12.21252,
            6.89965
          ],
          [
            13.68963,
            10.37417,
            10.29605
          ],
          [
            13.50138,
            11.86437,
            10.45124
          ],
          [
            14.8378,
            12.60601,
            10.46741
          ],
          [
            5.80427,
            6.58285,
            10.23638
          ],
          [
            6.00937,
            5.08995,
            10.30453
          ],
          [
            7.44867,
            4.59713,
            10.1697
          ],
          [
            7.55243,
            3.08109,
            10.17819
          ],
          [
            14.77148,
            14.06758,
            10.87051
          ],
          [
            6.37088,
            9.86509,
            10.12985
          ],
          [
            12.56621,
            9.67341,
            10.35699
          ],
          [
            4.66636,
            7.07884,
            10.27709
          ],
          [
            6.91534,
            7.30176,
            10.12409
          ],
          [
            6.66547,
            2.50683,
            9.17884
          ],
          [
            5.48393,
            0.27492,
            10.02455
          ],
          [
            12.77057,
            8.67376,
            10.2719
          ],
          [
            12.91108,
            12.04128,
            11.36624
          ],
          [
            12.85512,
            12.19449,
            9.61391
          ],
          [
            7.08403,
            12.10381,
            11.16545
          ],
          [
            15.3143,
            12.5186,
            9.47155
          ],
          [
            6.68778,
            8.30128,
            10.0876
          ],
          [
            5.37995,
            4.66171,
            9.50231
          ],
          [
            5.54876,
            4.74638,
            11.24678
          ],
          [
            8.08397,
            4.99133,
            10.97794
          ],
          [
            7.88652,
            4.98668,
            9.22725
          ],
          [
            8.58611,
            2.75596,
            9.97716
          ],
          [
            7.22901,
            2.67217,
            11.14818
          ],
          [
            6.24025,
            1.64995,
            9.50878
          ],
          [
            15.79083,
            14.48737,
            10.8654
          ],
          [
            14.35719,
            14.17914,
            11.88477
          ],
          [
            5.37373,
            -0.15164,
            9.1298
          ]
        ],
        "Stress": [
          [
            -49.79488,
            -0.43864,
            0.0245
          ],
          [
            -0.43864,
            -49.68778,
            0.27511
          ],
          [
            0.0245,
            0.27511,
            -2.43089
          ]
        ],
        "computation_code": "VASP",
        "pseudopotential_information": [
          [
            "PAW_PBE",
            "Pt",
            "04Feb2005"
          ],
          [
            "PAW_PBE",
            "C",
            "08Apr2002"
          ],
          [
            "PAW_PBE",
            "O",
            "08Apr2002"
          ],
          [
            "PAW_PBE",
            "H",
            "15Jun2001"
          ]
        ]
      }
    ],
    "EnergyStyle": "electronvolt",
    "ForcesStyle": "electronvoltperangstrom",
    "LatticeStyle": "angstrom",
    "PositionsStyle": "angstrom",
    "StressStyle": "kB"
  }
}