{
  "Dataset": {
    "AtomTypeStyle": "chemicalsymbol",
    "Data": [
      {
        "AtomTypes": [
          "Pt",
          "Pt",
          "Pt",
          "Pt",
          "Pt",
          "Pt",
          "Pt",
          "Pt",
          "Pt",
          "Pt",
          "Pt",
          "Pt",
          "Pt",
          "Pt",
          "Pt",
          "Pt",
          "Pt",
          "Pt",
          "Pt",
          "Pt",
          "Pt",
          "Pt",
          "Pt",
          "Pt",
          "Pt",
          "Pt",
          "Pt",
          "Pt",
          "Pt",
          "Pt",
          "Pt",
          "Pt",
          "Pt",
          "Pt",
          "Pt",
          "Pt",
          "Pt",
          "Pt",
          "Pt",
          "Pt",
          "Pt",
          "Pt",
          "Pt",
          "Pt",
          "Pt",
          "Pt",
          "Pt",
          "Pt",
          "Pt",
          "Pt",
          "Pt",
          "Pt",
          "Pt",
          "Pt",
          "Pt",
          "Pt",
          "Pt",
          "Pt",
          "Pt",
          "Pt",
          "Pt",
          "Pt",
          "Pt",
          "Pt",
          "Pt",
          "Pt",
          "Pt",
          "Pt",
          "Pt",
          "Pt",
          "Pt",
          "Pt",
          "C",
          "C",
          "C",
          "C",
          "C",
          "C",
          "C",
          "C",
          "O",
          "O",
          "O",
          "O",
          "O",
          "O",
          "H",
          "H",
          "H",
          "H",
          "H",
          "H",
          "H",
          "H",
          "H",
          "H",
          "H",
          "H",
          "H",
          "H",
          "H",
          "H"
        ],
        "Energy": -377.76544395,
        "Forces": [
          [
            -0.005654,
            0.004259,
            -0.053582
          ],
          [
            0.008941,
            -0.022494,
            -0.046602
          ],
          [
            0.030035,
            -0.02305,
            -0.041051
          ],
          [
            0.020422,
            -0.004906,
            -0.039586
          ],
          [
            0.022262,
            -0.017723,
            -0.034769
          ],
          [
            0.031557,
            -0.030304,
            -0.032532
          ],
          [
            0.044149,
            0.016207,
            -0.044221
          ],
          [
            0.020968,
            -0.065698,
            -0.096932
          ],
          [
            0.006477,
            -0.027687,
            -0.044601
          ],
          [
            0.025559,
            -0.008966,
            -0.040013
          ],
          [
            0.035177,
            -0.01262,
            -0.044288
          ],
          [
            0.008706,
            -0.020351,
            -0.046354
          ],
          [
            0.016327,
            -0.022354,
            -0.029422
          ],
          [
            0.014367,
            -0.01366,
            -0.028782
          ],
          [
            0.034396,
            -0.013148,
            -0.037347
          ],
          [
            0.008473,
            -0.028247,
            -0.039174
          ],
          [
            0.013936,
            -0.012138,
            -0.027222
          ],
          [
            0.02545,
            0.03611,
            -0.166778
          ],
          [
            -0.002435,
            -0.117177,
            0.058997
          ],
          [
            -0.029154,
            0.021817,
            -0.082564
          ],
          [
            0.02578,
            0.009615,
            -0.086524
          ],
          [
            -0.097348,
            -0.04965,
            -0.053501
          ],
          [
            -0.019656,
            0.129809,
            -0.058805
          ],
          [
            -0.056651,
            0.020541,
            -0.081055
          ],
          [
            0.014988,
            -0.046555,
            -0.093639
          ],
          [
            -0.007223,
            0.036103,
            -0.101958
          ],
          [
            -0.037091,
            0.018455,
            -0.154864
          ],
          [
            0.076792,
            0.036285,
            0.069574
          ],
          [
            0.005343,
            0.019543,
            -0.045171
          ],
          [
            -0.029247,
            0.004605,
            -0.139543
          ],
          [
            -0.094954,
            0.057309,
            0.083563
          ],
          [
            -0.025994,
            0.026894,
            -0.137021
          ],
          [
            -0.040602,
            -0.010247,
            -0.091657
          ],
          [
            -0.037475,
            0.012902,
            -0.125843
          ],
          [
            -0.041119,
            0.053982,
            -0.1467
          ],
          [
            -0.029731,
            0.016727,
            -0.162387
          ],
          [
            -0.018463,
            0.001803,
            0.096106
          ],
          [
            0.007334,
            0.015368,
            0.097353
          ],
          [
            -0.008178,
            -0.008028,
            0.083915
          ],
          [
            -0.035752,
            0.014019,
            0.100616
          ],
          [
            0.030664,
            -0.003284,
            0.09071
          ],
          [
            0.023682,
            -0.015389,
            0.078774
          ],
          [
            0.027966,
            0.028358,
            0.006706
          ],
          [
            -0.048251,
            0.043736,
            0.035581
          ],
          [
            -0.017432,
            0.012246,
            0.096562
          ],
          [
            0.018047,
            -0.018451,
            0.100416
          ],
          [
            -0.009684,
            0.010214,
            0.088163
          ],
          [
            0.027403,
            -0.017353,
            0.10722
          ],
          [
            0.016125,
            0.006342,
            0.047997
          ],
          [
            0.003332,
            0.002,
            0.082135
          ],
          [
            -0.00729,
            -0.029193,
            0.089211
          ],
          [
            -0.025722,
            0.025508,
            0.014817
          ],
          [
            -0.017412,
            0.002322,
            0.037992
          ],
          [
            -0.025873,
            0.033505,
            0.021698
          ],
          [
            -0.007275,
            0.036568,
            -0.173148
          ],
          [
            0.053204,
            -0.010452,
            0.047504
          ],
          [
            -0.00739,
            -0.032085,
            0.082972
          ],
          [
            -0.009057,
            0.025621,
            0.038234
          ],
          [
            -0.089476,
            0.027337,
            0.10502
          ],
          [
            -0.001472,
            -0.005424,
            0.115913
          ],
          [
            0.009662,
            -0.022092,
            0.070069
          ],
          [
            0.04047,
            -0.00997,
            0.037166
          ],
          [
            0.033228,
            -0.01056,
            0.089358
          ],
          [
            0.034738,
            0.015569,
            0.030304
          ],
          [
            -0.008034,
            -0.073366,
            0.186131
          ],
          [
            0.051031,
            0.002993,
            0.02614
          ],
          [
            0.086771,
            0.050792,
            -0.126334
          ],
          [
            0.010938,
            -0.026442,
            0.045837
          ],
          [
            0.030569,
            -0.022741,
            0.010178
          ],
          [
            -0.041736,
            0.030961,
            0.121068
          ],
          [
            -0.029465,
            -0.007608,
            0.040735
          ],
          [
            0.024025,
            0.023931,
            0.025286
          ],
          [
            0.562719,
            0.18025,
            0.19113
          ],
          [
            1.380126,
            -0.309179,
            0.64442
          ],
          [
            0.576093,
            -0.983386,
            -0.281476
          ],
          [
            -0.347189,
            0.214246,
            0.28902
          ],
          [
            0.783955,
            0.51357,
            0.306239
          ],
          [
            0.8022,
            0.813799,
            -0.080437
          ],
          [
            -0.674379,
            -0.135418,
            -0.726854
          ],
          [
            -1.698233,
            -0.739714,
            -0.362399
          ],
          [
            -0.512699,
            0.375537,
            0.15916
          ],
          [
            -0.091862,
            -1.078923,
            -0.779142
          ],
          [
            0.65491,
            -0.064678,
            0.166459
          ],
          [
            -0.465745,
            -0.514016,
            -0.109873
          ],
          [
            -0.169222,
            0.012772,
            0.426881
          ],
          [
            0.057145,
            0.547235,
            0.558993
          ],
          [
            -0.185493,
            0.502077,
            0.481445
          ],
          [
            0.075815,
            -0.141543,
            -0.16327
          ],
          [
            -0.980416,
            0.51616,
            -0.808779
          ],
          [
            -0.644488,
            0.468256,
            -0.724613
          ],
          [
            -0.216047,
            0.251862,
            1.152176
          ],
          [
            0.359205,
            0.240964,
            0.043268
          ],
          [
            -0.824855,
            -0.545026,
            -0.891939
          ],
          [
            -0.132962,
            -0.079238,
            0.31055
          ],
          [
            -0.471902,
            -0.212285,
            -0.747539
          ],
          [
            -0.378763,
            -0.421346,
            0.801614
          ],
          [
            0.731376,
            -0.149202,
            -0.024926
          ],
          [
            -0.068086,
            -0.123131,
            0.624972
          ],
          [
            0.175189,
            0.190004,
            -0.099873
          ],
          [
            1.704421,
            0.697414,
            -0.546398
          ],
          [
            -0.076962,
            0.087264,
            0.668103
          ],
          [
            0.033861,
            -0.182891,
            -0.322658
          ]
        ],
        "Lattice": [
          [
            8.440733911,
            0.0,
            0.0
          ],
          [
            8.440733911,
            14.619780548,
            0.0
          ],
          [
            0.0,
            0.0,
            21.483230591
          ]
        ],
        "NumAtoms": 102,
        "Positions": [
          [
            4.22079,
            2.43687,
            0.0
          ],
          [
            9.84794,
            12.18339,
            0.0
          ],
          [
            7.03437,
            7.31013,
            0.0
          ],
          [
            7.03437,
            2.43687,
            0.0
          ],
          [
            12.66152,
            12.18339,
            0.0
          ],
          [
            9.84795,
            7.31013,
            0.0
          ],
          [
            1.40721,
            2.43687,
            0.0
          ],
          [
            7.03437,
            12.18339,
            0.0
          ],
          [
            4.22079,
            7.31013,
            0.0
          ],
          [
            2.81385,
            0.0,
            0.0
          ],
          [
            8.44101,
            9.74652,
            0.0
          ],
          [
            5.62743,
            4.87326,
            0.0
          ],
          [
            5.62743,
            0.0,
            0.0
          ],
          [
            11.25459,
            9.74652,
            0.0
          ],
          [
            8.44101,
            4.87326,
            0.0
          ],
          [
            0.00028,
            0.0,
            0.0
          ],
          [
            5.62743,
            9.74652,
            0.0
          ],
          [
            2.81385,
            4.87326,
            0.0
          ],
          [
            7.03462,
            4.06144,
            2.2975
          ],
          [
            12.66177,
            13.80796,
            2.2975
          ],
          [
            9.8482,
            8.9347,
            2.2975
          ],
          [
            9.8482,
            4.06144,
            2.2975
          ],
          [
            15.47535,
            13.80796,
            2.2975
          ],
          [
            12.66177,
            8.9347,
            2.2975
          ],
          [
            4.22104,
            4.06144,
            2.2975
          ],
          [
            9.8482,
            13.80796,
            2.2975
          ],
          [
            7.03462,
            8.9347,
            2.2975
          ],
          [
            5.62769,
            1.62456,
            2.2975
          ],
          [
            11.25484,
            11.37109,
            2.2975
          ],
          [
            8.44127,
            6.49782,
            2.2975
          ],
          [
            8.44127,
            1.62456,
            2.2975
          ],
          [
            14.06842,
            11.37109,
            2.2975
          ],
          [
            11.25484,
            6.49782,
            2.2975
          ],
          [
            2.81411,
            1.62456,
            2.2975
          ],
          [
            8.44127,
            11.37109,
            2.2975
          ],
          [
            5.62769,
            6.49782,
            2.2975
          ],
          [
            1.38302,
            0.82804,
            4.54962
          ],
          [
            7.01005,
            10.5708,
            4.53542
          ],
          [
            4.18621,
            5.70564,
            4.53139
          ],
          [
            4.19032,
            0.8228,
            4.54464
          ],
          [
            9.82498,
            10.58231,
            4.54248
          ],
          [
            7.00694,
            5.69866,
            4.5326
          ],
          [
            7.00385,
            0.83637,
            4.59138
          ],
          [
            12.63769,
            10.57522,
            4.55366
          ],
          [
            9.8189,
            5.70041,
            4.53714
          ],
          [
            2.77825,
            3.26828,
            4.5362
          ],
          [
            8.42007,
            13.01609,
            4.53782
          ],
          [
            5.59266,
            8.13805,
            4.53766
          ],
          [
            5.60847,
            3.2462,
            4.57086
          ],
          [
            11.23004,
            13.01205,
            4.54989
          ],
          [
            8.42281,
            8.14124,
            4.53453
          ],
          [
            8.39606,
            3.24634,
            4.58895
          ],
          [
            14.04342,
            13.00971,
            4.53957
          ],
          [
            11.22924,
            8.13885,
            4.55789
          ],
          [
            5.54936,
            0.00591,
            6.84794
          ],
          [
            11.19403,
            9.78885,
            6.85651
          ],
          [
            8.39816,
            4.93999,
            6.82891
          ],
          [
            2.75174,
            0.02515,
            6.86399
          ],
          [
            8.40276,
            9.78173,
            6.826
          ],
          [
            5.54889,
            4.93393,
            6.79694
          ],
          [
            11.19165,
            4.91706,
            6.84274
          ],
          [
            8.39288,
            0.02774,
            6.85336
          ],
          [
            14.00916,
            9.78466,
            6.82985
          ],
          [
            9.79722,
            2.46363,
            6.85814
          ],
          [
            15.42665,
            12.22694,
            6.81752
          ],
          [
            12.59392,
            7.35491,
            6.85986
          ],
          [
            6.95359,
            2.48182,
            6.95694
          ],
          [
            12.59951,
            12.21697,
            6.86219
          ],
          [
            9.78989,
            7.35618,
            6.8599
          ],
          [
            6.98502,
            7.35695,
            6.81044
          ],
          [
            4.1317,
            2.46678,
            6.83379
          ],
          [
            9.79301,
            12.21527,
            6.85763
          ],
          [
            14.11924,
            10.28902,
            10.40085
          ],
          [
            14.04162,
            11.77486,
            10.65486
          ],
          [
            15.38587,
            12.46606,
            10.35025
          ],
          [
            6.09045,
            6.65363,
            10.17821
          ],
          [
            6.23387,
            5.15619,
            10.28307
          ],
          [
            7.63662,
            4.57217,
            10.14972
          ],
          [
            7.66116,
            3.06306,
            10.13347
          ],
          [
            15.40113,
            13.95153,
            10.60863
          ],
          [
            6.68729,
            9.77281,
            9.84149
          ],
          [
            13.10904,
            9.5924,
            10.83922
          ],
          [
            4.93229,
            7.15673,
            10.06316
          ],
          [
            7.18358,
            7.38179,
            10.25436
          ],
          [
            6.73831,
            2.49058,
            9.13762
          ],
          [
            5.87929,
            0.01665,
            9.91721
          ],
          [
            13.20971,
            8.55824,
            10.44272
          ],
          [
            13.71587,
            11.9529,
            11.70438
          ],
          [
            13.25328,
            12.15649,
            10.04373
          ],
          [
            7.7601,
            11.97385,
            10.98738
          ],
          [
            7.22513,
            12.25259,
            9.24077
          ],
          [
            6.9126,
            8.38871,
            10.04289
          ],
          [
            5.61941,
            4.77216,
            9.49411
          ],
          [
            5.74556,
            4.84672,
            11.21585
          ],
          [
            8.30523,
            4.90813,
            11.00875
          ],
          [
            8.12774,
            4.9921,
            9.19011
          ],
          [
            8.64954,
            2.68142,
            9.90474
          ],
          [
            7.31074,
            2.64748,
            11.07576
          ],
          [
            6.37228,
            1.58642,
            9.44854
          ],
          [
            16.32049,
            14.36711,
            10.30673
          ],
          [
            15.23842,
            14.17785,
            11.65719
          ],
          [
            14.12547,
            14.2213,
            9.03992
          ]
        ],
        "Stress": [
          [
            -57.28741,
            -0.01827,
            0.1509
          ],
          [
            -0.01827,
            -58.0988,
            -0.27909
          ],
          [
            0.1509,
            -0.27909,
            -7.2286
          ]
        ],
        "computation_code": "VASP",
        "pseudopotential_information": [
          [
            "PAW_PBE",
            "Pt",
            "04Feb2005"
          ],
          [
            "PAW_PBE",
            "C",
            "08Apr2002"
          ],
          [
            "PAW_PBE",
            "O",
            "08Apr2002"
          ],
          [
            "PAW_PBE",
            "H",
            "15Jun2001"
          ]
        ]
      }
    ],
    "EnergyStyle": "electronvolt",
    "ForcesStyle": "electronvoltperangstrom",
    "LatticeStyle": "angstrom",
    "PositionsStyle": "angstrom",
    "StressStyle": "kB"
  }
}