{
  "Dataset": {
    "AtomTypeStyle": "chemicalsymbol",
    "Data": [
      {
        "AtomTypes": [
          "Pt",
          "Pt",
          "Pt",
          "Pt",
          "Pt",
          "Pt",
          "Pt",
          "Pt",
          "Pt",
          "Pt",
          "Pt",
          "Pt",
          "Pt",
          "Pt",
          "Pt",
          "Pt",
          "Pt",
          "Pt",
          "Pt",
          "Pt",
          "Pt",
          "Pt",
          "Pt",
          "Pt",
          "Pt",
          "Pt",
          "Pt",
          "Pt",
          "Pt",
          "Pt",
          "Pt",
          "Pt",
          "Pt",
          "Pt",
          "Pt",
          "Pt",
          "Pt",
          "Pt",
          "Pt",
          "Pt",
          "Pt",
          "Pt",
          "Pt",
          "Pt",
          "Pt",
          "Pt",
          "Pt",
          "Pt",
          "Pt",
          "Pt",
          "Pt",
          "Pt",
          "Pt",
          "Pt",
          "Pt",
          "Pt",
          "Pt",
          "Pt",
          "Pt",
          "Pt",
          "Pt",
          "Pt",
          "Pt",
          "Pt",
          "Pt",
          "Pt",
          "Pt",
          "Pt",
          "Pt",
          "Pt",
          "Pt",
          "Pt",
          "C",
          "C",
          "C",
          "C",
          "C",
          "C",
          "C",
          "C",
          "O",
          "O",
          "O",
          "O",
          "O",
          "O",
          "H",
          "H",
          "H",
          "H",
          "H",
          "H",
          "H",
          "H",
          "H",
          "H",
          "H",
          "H",
          "H",
          "H",
          "H",
          "H"
        ],
        "Energy": -377.76354617,
        "Forces": [
          [
            0.002996,
            0.004634,
            -0.053287
          ],
          [
            0.006323,
            -0.025415,
            -0.038341
          ],
          [
            0.025519,
            -0.024942,
            -0.055482
          ],
          [
            0.017786,
            -0.008186,
            -0.060771
          ],
          [
            0.028521,
            -0.021628,
            -0.041744
          ],
          [
            0.035451,
            -0.027028,
            -0.039092
          ],
          [
            0.043513,
            0.007787,
            -0.03648
          ],
          [
            0.019623,
            -0.062883,
            -0.094146
          ],
          [
            0.004999,
            -0.024594,
            -0.056738
          ],
          [
            0.0303,
            -0.009573,
            -0.051872
          ],
          [
            0.034534,
            -0.022634,
            -0.030518
          ],
          [
            0.012115,
            -0.020455,
            -0.041152
          ],
          [
            0.009375,
            -0.02316,
            -0.035546
          ],
          [
            0.01951,
            -0.021132,
            -0.053179
          ],
          [
            0.0304,
            -0.013174,
            -0.043599
          ],
          [
            0.013016,
            -0.030923,
            -0.036784
          ],
          [
            0.008091,
            -0.016416,
            -0.022951
          ],
          [
            0.020362,
            0.030956,
            -0.157377
          ],
          [
            -0.027427,
            -0.082063,
            0.057346
          ],
          [
            -0.050873,
            0.041474,
            -0.010563
          ],
          [
            -0.033139,
            0.043591,
            -0.01154
          ],
          [
            -0.048494,
            -0.020305,
            0.024617
          ],
          [
            -0.003386,
            0.095521,
            -0.017529
          ],
          [
            -0.020306,
            0.026468,
            0.020097
          ],
          [
            -0.000447,
            -0.037291,
            0.016365
          ],
          [
            -0.015476,
            0.034227,
            -0.001337
          ],
          [
            -0.020966,
            0.013273,
            -0.027195
          ],
          [
            0.037992,
            0.037328,
            0.091923
          ],
          [
            -0.036058,
            0.04478,
            -0.013443
          ],
          [
            -0.027742,
            0.008972,
            -0.057505
          ],
          [
            -0.061764,
            0.044648,
            0.068553
          ],
          [
            -0.012048,
            0.020063,
            -0.057524
          ],
          [
            -0.041073,
            -0.025865,
            0.010282
          ],
          [
            -0.0616,
            0.012379,
            -0.034584
          ],
          [
            -0.01985,
            0.067454,
            -0.018679
          ],
          [
            -0.020477,
            0.015486,
            -0.040355
          ],
          [
            0.033421,
            -0.003331,
            -0.040608
          ],
          [
            -0.011832,
            -0.038058,
            0.013855
          ],
          [
            0.006289,
            0.016874,
            -0.037755
          ],
          [
            0.075993,
            -0.020256,
            -0.018405
          ],
          [
            -0.050492,
            -0.011993,
            -0.018486
          ],
          [
            -0.044227,
            0.077199,
            0.035572
          ],
          [
            -0.064779,
            -0.04162,
            0.040377
          ],
          [
            0.048263,
            -0.052373,
            0.021305
          ],
          [
            0.034675,
            0.004882,
            -0.065712
          ],
          [
            -0.021509,
            0.040422,
            -0.056426
          ],
          [
            0.009096,
            -0.036865,
            -0.025812
          ],
          [
            0.00985,
            0.026431,
            -0.016408
          ],
          [
            -0.020367,
            -0.001912,
            0.041032
          ],
          [
            -0.00806,
            -0.00883,
            -0.033899
          ],
          [
            -0.024686,
            0.023516,
            0.008578
          ],
          [
            0.047622,
            -0.002289,
            0.02299
          ],
          [
            0.005405,
            0.031348,
            0.049961
          ],
          [
            0.024635,
            -0.044087,
            0.002703
          ],
          [
            -4.5e-05,
            -0.028153,
            0.145283
          ],
          [
            -0.044509,
            0.00321,
            0.02818
          ],
          [
            0.00111,
            0.070231,
            0.098008
          ],
          [
            0.034111,
            -0.019487,
            0.064595
          ],
          [
            0.093483,
            -0.035782,
            0.102545
          ],
          [
            0.016211,
            0.021875,
            0.067782
          ],
          [
            -0.001936,
            0.028273,
            0.078983
          ],
          [
            -0.0188,
            -0.009771,
            0.007002
          ],
          [
            -0.047013,
            0.000825,
            0.061208
          ],
          [
            0.017461,
            -0.014267,
            0.052242
          ],
          [
            0.002561,
            0.062021,
            -0.070038
          ],
          [
            -0.034733,
            -0.011565,
            0.071892
          ],
          [
            -0.009602,
            -0.002859,
            -0.087488
          ],
          [
            -0.01804,
            0.03255,
            0.026942
          ],
          [
            -0.015251,
            0.028511,
            0.069148
          ],
          [
            0.034548,
            -0.039115,
            0.121472
          ],
          [
            0.030931,
            -0.002587,
            0.06388
          ],
          [
            0.005833,
            -0.036898,
            0.074981
          ],
          [
            -0.21474,
            -0.02744,
            0.325203
          ],
          [
            0.767764,
            0.189636,
            1.082283
          ],
          [
            0.143177,
            -0.713558,
            0.478237
          ],
          [
            0.217597,
            -0.621591,
            -0.265488
          ],
          [
            -0.411355,
            -0.706964,
            -0.547075
          ],
          [
            0.461543,
            0.515585,
            -0.283874
          ],
          [
            0.157136,
            -0.433467,
            0.59354
          ],
          [
            0.947132,
            1.267592,
            0.045243
          ],
          [
            0.432692,
            -0.242904,
            -0.183018
          ],
          [
            -0.490157,
            2.060092,
            -0.2557
          ],
          [
            -0.65873,
            0.442547,
            0.218218
          ],
          [
            0.619605,
            0.186025,
            -0.05121
          ],
          [
            0.378923,
            1.417579,
            -0.61376
          ],
          [
            0.262701,
            -0.12046,
            -0.323415
          ],
          [
            0.295113,
            -2.035124,
            0.367516
          ],
          [
            0.10231,
            -0.336647,
            -0.604175
          ],
          [
            -0.974335,
            0.267875,
            -0.55474
          ],
          [
            -0.305831,
            0.323959,
            -0.170758
          ],
          [
            0.033745,
            -0.036361,
            -0.172524
          ],
          [
            -0.263137,
            -0.24088,
            0.205357
          ],
          [
            0.56331,
            0.319881,
            0.808327
          ],
          [
            0.144782,
            0.33188,
            -0.493388
          ],
          [
            -0.285323,
            -0.162724,
            -0.609236
          ],
          [
            -0.342851,
            -0.280633,
            0.839598
          ],
          [
            -0.388866,
            0.065361,
            0.03398
          ],
          [
            0.038109,
            0.211797,
            -0.239924
          ],
          [
            -0.347688,
            -1.158552,
            0.703389
          ],
          [
            -0.843922,
            -0.477182,
            0.406495
          ],
          [
            -0.165478,
            -0.180779,
            -0.508319
          ],
          [
            0.119445,
            0.142303,
            0.184121
          ]
        ],
        "Lattice": [
          [
            8.440733911,
            0.0,
            0.0
          ],
          [
            8.440733911,
            14.619780548,
            0.0
          ],
          [
            0.0,
            0.0,
            21.483230591
          ]
        ],
        "NumAtoms": 102,
        "Positions": [
          [
            4.22079,
            2.43687,
            0.0
          ],
          [
            9.84794,
            12.18339,
            0.0
          ],
          [
            7.03437,
            7.31013,
            0.0
          ],
          [
            7.03437,
            2.43687,
            0.0
          ],
          [
            12.66152,
            12.18339,
            0.0
          ],
          [
            9.84795,
            7.31013,
            0.0
          ],
          [
            1.40721,
            2.43687,
            0.0
          ],
          [
            7.03437,
            12.18339,
            0.0
          ],
          [
            4.22079,
            7.31013,
            0.0
          ],
          [
            2.81385,
            0.0,
            0.0
          ],
          [
            8.44101,
            9.74652,
            0.0
          ],
          [
            5.62743,
            4.87326,
            0.0
          ],
          [
            5.62743,
            0.0,
            0.0
          ],
          [
            11.25459,
            9.74652,
            0.0
          ],
          [
            8.44101,
            4.87326,
            0.0
          ],
          [
            0.00028,
            0.0,
            0.0
          ],
          [
            5.62743,
            9.74652,
            0.0
          ],
          [
            2.81385,
            4.87326,
            0.0
          ],
          [
            7.03462,
            4.06144,
            2.2975
          ],
          [
            12.66177,
            13.80796,
            2.2975
          ],
          [
            9.8482,
            8.9347,
            2.2975
          ],
          [
            9.8482,
            4.06144,
            2.2975
          ],
          [
            15.47535,
            13.80796,
            2.2975
          ],
          [
            12.66177,
            8.9347,
            2.2975
          ],
          [
            4.22104,
            4.06144,
            2.2975
          ],
          [
            9.8482,
            13.80796,
            2.2975
          ],
          [
            7.03462,
            8.9347,
            2.2975
          ],
          [
            5.62769,
            1.62456,
            2.2975
          ],
          [
            11.25484,
            11.37109,
            2.2975
          ],
          [
            8.44127,
            6.49782,
            2.2975
          ],
          [
            8.44127,
            1.62456,
            2.2975
          ],
          [
            14.06842,
            11.37109,
            2.2975
          ],
          [
            11.25484,
            6.49782,
            2.2975
          ],
          [
            2.81411,
            1.62456,
            2.2975
          ],
          [
            8.44127,
            11.37109,
            2.2975
          ],
          [
            5.62769,
            6.49782,
            2.2975
          ],
          [
            1.37559,
            0.8314,
            4.56556
          ],
          [
            7.01045,
            10.5813,
            4.55113
          ],
          [
            4.18666,
            5.70412,
            4.54902
          ],
          [
            4.17659,
            0.834,
            4.55724
          ],
          [
            9.82766,
            10.58637,
            4.56163
          ],
          [
            7.0077,
            5.69562,
            4.54837
          ],
          [
            7.01143,
            0.84437,
            4.58133
          ],
          [
            12.63214,
            10.58938,
            4.55838
          ],
          [
            9.81886,
            5.70033,
            4.55547
          ],
          [
            2.78341,
            3.26803,
            4.55385
          ],
          [
            8.41185,
            13.02095,
            4.55774
          ],
          [
            5.59984,
            8.13972,
            4.55435
          ],
          [
            5.61097,
            3.25202,
            4.57924
          ],
          [
            11.23066,
            13.02248,
            4.5644
          ],
          [
            8.41844,
            8.13793,
            4.55216
          ],
          [
            8.396,
            3.25439,
            4.57897
          ],
          [
            14.04313,
            13.01095,
            4.54468
          ],
          [
            11.22784,
            8.15212,
            4.55374
          ],
          [
            5.55549,
            0.02301,
            6.82681
          ],
          [
            11.21029,
            9.78995,
            6.86366
          ],
          [
            8.39962,
            4.9334,
            6.83026
          ],
          [
            2.75,
            0.03834,
            6.87932
          ],
          [
            8.38397,
            9.79587,
            6.84509
          ],
          [
            5.54371,
            4.93186,
            6.83237
          ],
          [
            11.1992,
            4.91373,
            6.86125
          ],
          [
            8.39981,
            0.0359,
            6.86435
          ],
          [
            14.01681,
            9.79112,
            6.85553
          ],
          [
            9.80378,
            2.47484,
            6.86258
          ],
          [
            15.41847,
            12.21767,
            6.85845
          ],
          [
            12.60723,
            7.35944,
            6.8564
          ],
          [
            6.96365,
            2.49474,
            6.94122
          ],
          [
            12.60638,
            12.21831,
            6.87476
          ],
          [
            9.80444,
            7.35787,
            6.84945
          ],
          [
            6.97563,
            7.36848,
            6.84177
          ],
          [
            4.13213,
            2.47157,
            6.85429
          ],
          [
            9.80136,
            12.22745,
            6.85674
          ],
          [
            6.02747,
            10.3345,
            10.51213
          ],
          [
            14.40679,
            11.81892,
            10.6588
          ],
          [
            15.66347,
            12.51096,
            10.13575
          ],
          [
            6.1824,
            6.56415,
            10.43375
          ],
          [
            6.32567,
            5.06068,
            10.35349
          ],
          [
            7.74572,
            4.53812,
            10.09591
          ],
          [
            7.87201,
            3.02857,
            10.00587
          ],
          [
            15.69089,
            13.96775,
            10.45595
          ],
          [
            7.07303,
            9.70086,
            10.66598
          ],
          [
            13.29127,
            9.77042,
            10.26861
          ],
          [
            5.23394,
            7.10113,
            10.98881
          ],
          [
            7.13388,
            7.23574,
            9.78792
          ],
          [
            6.86536,
            2.45062,
            9.14067
          ],
          [
            6.01818,
            0.04064,
            10.10335
          ],
          [
            13.30119,
            8.81331,
            10.32164
          ],
          [
            14.2823,
            12.06265,
            11.76111
          ],
          [
            13.52592,
            12.2052,
            10.19198
          ],
          [
            8.13242,
            11.99194,
            10.5349
          ],
          [
            7.26834,
            12.37683,
            9.02903
          ],
          [
            7.14274,
            8.24101,
            10.02135
          ],
          [
            5.64466,
            4.72996,
            9.47717
          ],
          [
            5.88321,
            4.59876,
            11.2788
          ],
          [
            8.43443,
            4.88267,
            10.92346
          ],
          [
            8.15872,
            4.99342,
            9.11561
          ],
          [
            8.89865,
            2.7465,
            9.64984
          ],
          [
            7.71424,
            2.54745,
            11.00411
          ],
          [
            6.54839,
            1.57379,
            9.42177
          ],
          [
            16.58502,
            14.46659,
            9.92031
          ],
          [
            15.83495,
            14.16558,
            11.55443
          ],
          [
            14.10779,
            14.28947,
            9.24011
          ]
        ],
        "Stress": [
          [
            -59.17713,
            -1.06218,
            -0.18616
          ],
          [
            -1.06218,
            -57.16513,
            0.17503
          ],
          [
            -0.18616,
            0.17503,
            -10.58924
          ]
        ],
        "computation_code": "VASP",
        "pseudopotential_information": [
          [
            "PAW_PBE",
            "Pt",
            "04Feb2005"
          ],
          [
            "PAW_PBE",
            "C",
            "08Apr2002"
          ],
          [
            "PAW_PBE",
            "O",
            "08Apr2002"
          ],
          [
            "PAW_PBE",
            "H",
            "15Jun2001"
          ]
        ]
      }
    ],
    "EnergyStyle": "electronvolt",
    "ForcesStyle": "electronvoltperangstrom",
    "LatticeStyle": "angstrom",
    "PositionsStyle": "angstrom",
    "StressStyle": "kB"
  }
}