{
  "Dataset": {
    "AtomTypeStyle": "chemicalsymbol",
    "Data": [
      {
        "AtomTypes": [
          "Pt",
          "Pt",
          "Pt",
          "Pt",
          "Pt",
          "Pt",
          "Pt",
          "Pt",
          "Pt",
          "Pt",
          "Pt",
          "Pt",
          "Pt",
          "Pt",
          "Pt",
          "Pt",
          "Pt",
          "Pt",
          "Pt",
          "Pt",
          "Pt",
          "Pt",
          "Pt",
          "Pt",
          "Pt",
          "Pt",
          "Pt",
          "Pt",
          "Pt",
          "Pt",
          "Pt",
          "Pt",
          "Pt",
          "Pt",
          "Pt",
          "Pt",
          "Pt",
          "Pt",
          "Pt",
          "Pt",
          "Pt",
          "Pt",
          "Pt",
          "Pt",
          "Pt",
          "Pt",
          "Pt",
          "Pt",
          "Pt",
          "Pt",
          "Pt",
          "Pt",
          "Pt",
          "Pt",
          "Pt",
          "Pt",
          "Pt",
          "Pt",
          "Pt",
          "Pt",
          "Pt",
          "Pt",
          "Pt",
          "Pt",
          "Pt",
          "Pt",
          "Pt",
          "Pt",
          "Pt",
          "Pt",
          "Pt",
          "Pt",
          "C",
          "C",
          "C",
          "C",
          "C",
          "C",
          "C",
          "C",
          "O",
          "O",
          "O",
          "O",
          "O",
          "O",
          "H",
          "H",
          "H",
          "H",
          "H",
          "H",
          "H",
          "H",
          "H",
          "H",
          "H",
          "H",
          "H",
          "H",
          "H",
          "H"
        ],
        "Energy": -379.36248616,
        "Forces": [
          [
            -0.003046,
            0.002319,
            -0.085277
          ],
          [
            0.005656,
            -0.016046,
            -0.078152
          ],
          [
            0.024278,
            -0.019279,
            -0.077518
          ],
          [
            0.015231,
            -0.013146,
            -0.088784
          ],
          [
            0.024401,
            -0.007726,
            -0.076727
          ],
          [
            0.02896,
            -0.024026,
            -0.066267
          ],
          [
            0.033808,
            0.005408,
            -0.069133
          ],
          [
            0.018414,
            -0.051198,
            -0.130757
          ],
          [
            0.003232,
            -0.013954,
            -0.075312
          ],
          [
            0.021281,
            -0.006579,
            -0.074688
          ],
          [
            0.031433,
            -0.008833,
            -0.070923
          ],
          [
            0.00912,
            -0.016578,
            -0.078221
          ],
          [
            0.016958,
            -0.020219,
            -0.065945
          ],
          [
            0.016305,
            -0.002575,
            -0.075883
          ],
          [
            0.02757,
            -0.021286,
            -0.06835
          ],
          [
            0.008833,
            -0.031815,
            -0.078362
          ],
          [
            0.007483,
            -0.004622,
            -0.055757
          ],
          [
            0.021301,
            0.031738,
            -0.179405
          ],
          [
            -0.000228,
            -0.0729,
            0.173299
          ],
          [
            -0.033369,
            0.016009,
            0.052126
          ],
          [
            -0.01986,
            0.017555,
            0.083553
          ],
          [
            -0.079055,
            -0.028998,
            0.11928
          ],
          [
            -0.001358,
            0.090558,
            0.084955
          ],
          [
            -0.024484,
            0.001842,
            0.074803
          ],
          [
            -0.002061,
            -0.032644,
            0.034664
          ],
          [
            -0.020554,
            0.030535,
            0.068431
          ],
          [
            -0.017351,
            0.011031,
            0.071927
          ],
          [
            0.050349,
            0.035282,
            0.154228
          ],
          [
            -0.020831,
            0.008721,
            0.086313
          ],
          [
            -0.029562,
            0.014428,
            0.052663
          ],
          [
            -0.059012,
            0.063794,
            0.179444
          ],
          [
            -0.00558,
            0.002267,
            0.031675
          ],
          [
            -0.038671,
            -0.023318,
            0.062809
          ],
          [
            -0.04044,
            0.007431,
            0.032974
          ],
          [
            -0.028967,
            0.042012,
            0.075441
          ],
          [
            -0.01845,
            0.01319,
            0.023167
          ],
          [
            0.001904,
            -0.00079,
            0.001065
          ],
          [
            0.004757,
            -0.003118,
            -0.006093
          ],
          [
            -3.8e-05,
            -0.002171,
            0.001155
          ],
          [
            0.000609,
            -0.006847,
            0.000318
          ],
          [
            0.001415,
            -0.002511,
            -0.002872
          ],
          [
            0.004538,
            -0.003468,
            -0.000648
          ],
          [
            -0.005087,
            0.00752,
            0.007829
          ],
          [
            0.003673,
            0.007746,
            -0.002003
          ],
          [
            -0.000139,
            -0.001896,
            0.001011
          ],
          [
            -0.005374,
            0.003981,
            -0.001712
          ],
          [
            -0.000109,
            -0.0026,
            0.003115
          ],
          [
            -0.003015,
            0.001906,
            0.004639
          ],
          [
            -0.004171,
            0.003261,
            -0.002518
          ],
          [
            -0.003764,
            0.003139,
            0.003595
          ],
          [
            -0.001821,
            0.006915,
            0.002491
          ],
          [
            -0.000866,
            -0.005662,
            0.002123
          ],
          [
            0.002129,
            0.001891,
            0.001275
          ],
          [
            0.004879,
            -0.003101,
            -9.6e-05
          ],
          [
            -0.004465,
            0.002603,
            -0.003366
          ],
          [
            0.002818,
            0.002289,
            0.001644
          ],
          [
            0.006432,
            0.000893,
            0.004065
          ],
          [
            -0.004042,
            -0.000428,
            -0.003637
          ],
          [
            0.004043,
            0.000755,
            -0.001241
          ],
          [
            -0.008331,
            0.004414,
            0.00471
          ],
          [
            0.001075,
            -0.004946,
            -0.003348
          ],
          [
            -0.008582,
            0.000829,
            0.002148
          ],
          [
            0.005771,
            0.004545,
            0.000924
          ],
          [
            -0.003591,
            0.005062,
            0.002836
          ],
          [
            0.003716,
            0.00703,
            -0.003405
          ],
          [
            0.002997,
            0.004308,
            0.000527
          ],
          [
            -0.007542,
            0.003461,
            -0.001811
          ],
          [
            -0.000255,
            -0.000895,
            0.004906
          ],
          [
            0.007677,
            0.004016,
            0.002464
          ],
          [
            0.005353,
            0.003628,
            -0.005007
          ],
          [
            0.000212,
            0.003038,
            0.001122
          ],
          [
            0.001534,
            0.002498,
            0.002021
          ],
          [
            -0.096166,
            0.030124,
            0.008893
          ],
          [
            -0.026878,
            0.044975,
            -0.012624
          ],
          [
            -0.000292,
            0.007828,
            -0.015471
          ],
          [
            0.034442,
            -0.039116,
            0.001764
          ],
          [
            0.007687,
            -0.008557,
            0.011922
          ],
          [
            0.028835,
            0.003413,
            -0.040877
          ],
          [
            0.00229,
            -0.019195,
            0.045288
          ],
          [
            0.018163,
            0.039796,
            -0.013425
          ],
          [
            0.077612,
            -0.060076,
            0.000609
          ],
          [
            0.048,
            -0.057226,
            -0.006767
          ],
          [
            -0.05444,
            0.02945,
            0.008417
          ],
          [
            -0.00129,
            0.026671,
            0.000275
          ],
          [
            -0.007739,
            -0.005105,
            0.02072
          ],
          [
            0.027286,
            -0.009349,
            0.048432
          ],
          [
            -0.017594,
            0.051084,
            0.010507
          ],
          [
            0.025103,
            -0.001179,
            -0.003926
          ],
          [
            0.020566,
            -0.014546,
            0.026663
          ],
          [
            0.028487,
            -0.012526,
            0.000772
          ],
          [
            0.014077,
            -0.004181,
            -0.020744
          ],
          [
            -0.002918,
            -0.008496,
            -0.007038
          ],
          [
            0.008522,
            -0.002696,
            -0.004628
          ],
          [
            -0.007311,
            -0.009917,
            0.00624
          ],
          [
            -0.000187,
            -0.002484,
            -0.006426
          ],
          [
            -0.023369,
            -0.001014,
            0.018232
          ],
          [
            -0.028173,
            0.001365,
            0.007102
          ],
          [
            0.009708,
            0.020743,
            -0.04253
          ],
          [
            0.021663,
            0.011016,
            -0.009723
          ],
          [
            -0.031257,
            0.0015,
            -0.001442
          ],
          [
            0.013147,
            -0.020452,
            -0.014405
          ],
          [
            -0.014047,
            -0.017525,
            -0.000327
          ]
        ],
        "Lattice": [
          [
            8.440733911,
            0.0,
            0.0
          ],
          [
            8.440733911,
            14.619780548,
            0.0
          ],
          [
            0.0,
            0.0,
            21.483230591
          ]
        ],
        "NumAtoms": 102,
        "Positions": [
          [
            4.22079,
            2.43687,
            0.0
          ],
          [
            9.84794,
            12.18339,
            0.0
          ],
          [
            7.03437,
            7.31013,
            0.0
          ],
          [
            7.03437,
            2.43687,
            0.0
          ],
          [
            12.66152,
            12.18339,
            0.0
          ],
          [
            9.84795,
            7.31013,
            0.0
          ],
          [
            1.40721,
            2.43687,
            0.0
          ],
          [
            7.03437,
            12.18339,
            0.0
          ],
          [
            4.22079,
            7.31013,
            0.0
          ],
          [
            2.81385,
            0.0,
            0.0
          ],
          [
            8.44101,
            9.74652,
            0.0
          ],
          [
            5.62743,
            4.87326,
            0.0
          ],
          [
            5.62743,
            0.0,
            0.0
          ],
          [
            11.25459,
            9.74652,
            0.0
          ],
          [
            8.44101,
            4.87326,
            0.0
          ],
          [
            0.00028,
            0.0,
            0.0
          ],
          [
            5.62743,
            9.74652,
            0.0
          ],
          [
            2.81385,
            4.87326,
            0.0
          ],
          [
            7.03462,
            4.06144,
            2.2975
          ],
          [
            12.66177,
            13.80796,
            2.2975
          ],
          [
            9.8482,
            8.9347,
            2.2975
          ],
          [
            9.8482,
            4.06144,
            2.2975
          ],
          [
            15.47535,
            13.80796,
            2.2975
          ],
          [
            12.66177,
            8.9347,
            2.2975
          ],
          [
            4.22104,
            4.06144,
            2.2975
          ],
          [
            9.8482,
            13.80796,
            2.2975
          ],
          [
            7.03462,
            8.9347,
            2.2975
          ],
          [
            5.62769,
            1.62456,
            2.2975
          ],
          [
            11.25484,
            11.37109,
            2.2975
          ],
          [
            8.44127,
            6.49782,
            2.2975
          ],
          [
            8.44127,
            1.62456,
            2.2975
          ],
          [
            14.06842,
            11.37109,
            2.2975
          ],
          [
            11.25484,
            6.49782,
            2.2975
          ],
          [
            2.81411,
            1.62456,
            2.2975
          ],
          [
            8.44127,
            11.37109,
            2.2975
          ],
          [
            5.62769,
            6.49782,
            2.2975
          ],
          [
            1.38329,
            0.82707,
            4.57715
          ],
          [
            7.01209,
            10.56979,
            4.57252
          ],
          [
            4.18728,
            5.70248,
            4.55979
          ],
          [
            4.19038,
            0.82319,
            4.56694
          ],
          [
            9.82221,
            10.5751,
            4.5777
          ],
          [
            7.00986,
            5.70404,
            4.5663
          ],
          [
            7.01516,
            0.83893,
            4.59801
          ],
          [
            12.63559,
            10.56919,
            4.57472
          ],
          [
            9.81965,
            5.70048,
            4.56818
          ],
          [
            2.78159,
            3.26788,
            4.56211
          ],
          [
            8.41697,
            13.01088,
            4.57052
          ],
          [
            5.60087,
            8.13376,
            4.57186
          ],
          [
            5.6104,
            3.25228,
            4.58535
          ],
          [
            11.22939,
            13.00771,
            4.57287
          ],
          [
            8.41811,
            8.13914,
            4.57408
          ],
          [
            8.39952,
            3.25572,
            4.60797
          ],
          [
            14.04729,
            12.99981,
            4.55957
          ],
          [
            11.22718,
            8.13828,
            4.5742
          ],
          [
            5.57124,
            -0.00115,
            6.85398
          ],
          [
            11.20439,
            9.77632,
            6.89331
          ],
          [
            8.40213,
            4.93015,
            6.87528
          ],
          [
            2.7636,
            0.02081,
            6.8986
          ],
          [
            8.39355,
            9.77796,
            6.89566
          ],
          [
            5.55667,
            4.92328,
            6.84284
          ],
          [
            11.20051,
            4.90837,
            6.8907
          ],
          [
            8.40541,
            0.01342,
            6.89101
          ],
          [
            14.01986,
            9.77609,
            6.882
          ],
          [
            9.81296,
            2.46114,
            6.89427
          ],
          [
            15.43192,
            12.20655,
            6.88814
          ],
          [
            12.60473,
            7.34688,
            6.89215
          ],
          [
            6.98013,
            2.47333,
            6.96957
          ],
          [
            12.60878,
            12.20758,
            6.88858
          ],
          [
            9.79874,
            7.34718,
            6.89468
          ],
          [
            6.98506,
            7.35328,
            6.88348
          ],
          [
            4.14331,
            2.45956,
            6.86339
          ],
          [
            9.80225,
            12.20809,
            6.8971
          ],
          [
            13.69903,
            10.37255,
            10.30208
          ],
          [
            13.51792,
            11.86206,
            10.46285
          ],
          [
            14.8578,
            12.59539,
            10.46204
          ],
          [
            5.8035,
            6.57979,
            10.23014
          ],
          [
            6.00603,
            5.08615,
            10.29982
          ],
          [
            7.44492,
            4.59049,
            10.1662
          ],
          [
            7.55177,
            3.07495,
            10.17124
          ],
          [
            14.81281,
            14.05971,
            10.85624
          ],
          [
            6.3768,
            9.86113,
            10.13097
          ],
          [
            12.57159,
            9.67735,
            10.3647
          ],
          [
            4.66748,
            7.07703,
            10.27441
          ],
          [
            6.91692,
            7.29471,
            10.1169
          ],
          [
            6.6618,
            2.49964,
            9.1751
          ],
          [
            5.50527,
            0.26537,
            10.02683
          ],
          [
            12.77309,
            8.67679,
            10.27695
          ],
          [
            12.94002,
            12.04032,
            11.38522
          ],
          [
            12.86424,
            12.20005,
            9.63313
          ],
          [
            7.10963,
            12.09201,
            11.15328
          ],
          [
            15.32105,
            12.50041,
            9.46041
          ],
          [
            6.69135,
            8.2949,
            10.08684
          ],
          [
            5.37153,
            4.65466,
            9.5032
          ],
          [
            5.55017,
            4.74808,
            11.24616
          ],
          [
            8.08027,
            4.98706,
            10.97321
          ],
          [
            7.88585,
            4.97752,
            9.22217
          ],
          [
            8.5863,
            2.75456,
            9.96315
          ],
          [
            7.23523,
            2.66051,
            11.14451
          ],
          [
            6.23949,
            1.64036,
            9.50818
          ],
          [
            15.83844,
            14.46779,
            10.81626
          ],
          [
            14.42945,
            14.18719,
            11.88074
          ],
          [
            5.3949,
            -0.14896,
            9.12652
          ]
        ],
        "Stress": [
          [
            -49.77146,
            -0.43985,
            0.01575
          ],
          [
            -0.43985,
            -49.60556,
            0.33605
          ],
          [
            0.01575,
            0.33605,
            -2.50347
          ]
        ],
        "computation_code": "VASP",
        "pseudopotential_information": [
          [
            "PAW_PBE",
            "Pt",
            "04Feb2005"
          ],
          [
            "PAW_PBE",
            "C",
            "08Apr2002"
          ],
          [
            "PAW_PBE",
            "O",
            "08Apr2002"
          ],
          [
            "PAW_PBE",
            "H",
            "15Jun2001"
          ]
        ]
      }
    ],
    "EnergyStyle": "electronvolt",
    "ForcesStyle": "electronvoltperangstrom",
    "LatticeStyle": "angstrom",
    "PositionsStyle": "angstrom",
    "StressStyle": "kB"
  }
}