{
  "Dataset": {
    "AtomTypeStyle": "chemicalsymbol",
    "Data": [
      {
        "AtomTypes": [
          "Pt",
          "Pt",
          "Pt",
          "Pt",
          "Pt",
          "Pt",
          "Pt",
          "Pt",
          "Pt",
          "Pt",
          "Pt",
          "Pt",
          "Pt",
          "Pt",
          "Pt",
          "Pt",
          "Pt",
          "Pt",
          "Pt",
          "Pt",
          "Pt",
          "Pt",
          "Pt",
          "Pt",
          "Pt",
          "Pt",
          "Pt",
          "Pt",
          "Pt",
          "Pt",
          "Pt",
          "Pt",
          "Pt",
          "Pt",
          "Pt",
          "Pt",
          "Pt",
          "Pt",
          "Pt",
          "Pt",
          "Pt",
          "Pt",
          "Pt",
          "Pt",
          "Pt",
          "Pt",
          "Pt",
          "Pt",
          "Pt",
          "Pt",
          "Pt",
          "Pt",
          "Pt",
          "Pt",
          "Pt",
          "Pt",
          "Pt",
          "Pt",
          "Pt",
          "Pt",
          "Pt",
          "Pt",
          "Pt",
          "Pt",
          "Pt",
          "Pt",
          "Pt",
          "Pt",
          "Pt",
          "Pt",
          "Pt",
          "Pt",
          "C",
          "C",
          "C",
          "C",
          "C",
          "C",
          "C",
          "C",
          "O",
          "O",
          "O",
          "O",
          "O",
          "O",
          "H",
          "H",
          "H",
          "H",
          "H",
          "H",
          "H",
          "H",
          "H",
          "H",
          "H",
          "H",
          "H",
          "H",
          "H",
          "H"
        ],
        "Energy": -377.69581207,
        "Forces": [
          [
            -0.004456,
            0.003256,
            -0.055664
          ],
          [
            0.011377,
            -0.021782,
            -0.050462
          ],
          [
            0.030509,
            -0.022175,
            -0.041357
          ],
          [
            0.019708,
            -0.007006,
            -0.037019
          ],
          [
            0.021737,
            -0.015529,
            -0.03693
          ],
          [
            0.030844,
            -0.028544,
            -0.034901
          ],
          [
            0.041812,
            0.016413,
            -0.044861
          ],
          [
            0.021004,
            -0.060133,
            -0.095505
          ],
          [
            0.007194,
            -0.026211,
            -0.043723
          ],
          [
            0.027083,
            -0.010579,
            -0.037473
          ],
          [
            0.035392,
            -0.013698,
            -0.045144
          ],
          [
            0.00852,
            -0.020012,
            -0.049306
          ],
          [
            0.016661,
            -0.022874,
            -0.031123
          ],
          [
            0.013418,
            -0.010659,
            -0.028853
          ],
          [
            0.035536,
            -0.014431,
            -0.036242
          ],
          [
            0.00711,
            -0.029079,
            -0.040749
          ],
          [
            0.015496,
            -0.012432,
            -0.026468
          ],
          [
            0.024275,
            0.032959,
            -0.163085
          ],
          [
            -0.001807,
            -0.113115,
            0.079843
          ],
          [
            -0.030105,
            0.02138,
            -0.060487
          ],
          [
            0.019836,
            0.005011,
            -0.053017
          ],
          [
            -0.107965,
            -0.053618,
            -0.020535
          ],
          [
            -0.017736,
            0.130222,
            -0.039323
          ],
          [
            -0.052016,
            0.019811,
            -0.065128
          ],
          [
            0.022054,
            -0.049046,
            -0.067226
          ],
          [
            -0.007901,
            0.033359,
            -0.081011
          ],
          [
            -0.033539,
            0.017588,
            -0.1213
          ],
          [
            0.074915,
            0.042264,
            0.087498
          ],
          [
            0.003725,
            0.015304,
            -0.015404
          ],
          [
            -0.030515,
            0.008192,
            -0.10803
          ],
          [
            -0.088903,
            0.064154,
            0.098399
          ],
          [
            -0.02373,
            0.014432,
            -0.132439
          ],
          [
            -0.042897,
            -0.008784,
            -0.069748
          ],
          [
            -0.042911,
            0.016321,
            -0.118404
          ],
          [
            -0.038536,
            0.047912,
            -0.1203
          ],
          [
            -0.022248,
            0.017278,
            -0.13302
          ],
          [
            -0.01667,
            0.008757,
            0.079651
          ],
          [
            0.001958,
            0.009594,
            0.077804
          ],
          [
            -0.010428,
            -0.010692,
            0.072729
          ],
          [
            -0.035394,
            0.010636,
            0.084093
          ],
          [
            0.043144,
            0.004779,
            0.059587
          ],
          [
            0.012521,
            -0.01202,
            0.054339
          ],
          [
            0.002334,
            0.020006,
            0.001669
          ],
          [
            -0.047942,
            0.037967,
            0.031376
          ],
          [
            -0.007089,
            0.017996,
            0.070707
          ],
          [
            0.023649,
            -0.018436,
            0.08551
          ],
          [
            -0.000323,
            0.00691,
            0.075081
          ],
          [
            0.025308,
            -0.021592,
            0.086601
          ],
          [
            -0.010256,
            0.006519,
            0.001593
          ],
          [
            0.006334,
            0.00451,
            0.066216
          ],
          [
            -0.006466,
            -0.030938,
            0.054783
          ],
          [
            0.00324,
            0.029623,
            -0.022209
          ],
          [
            -0.025316,
            0.014016,
            0.045301
          ],
          [
            -0.022485,
            0.023284,
            0.019628
          ],
          [
            0.031857,
            0.032108,
            -0.134607
          ],
          [
            0.040231,
            -0.008745,
            0.051797
          ],
          [
            -0.01684,
            -0.050029,
            0.041958
          ],
          [
            -0.00641,
            0.015149,
            0.026757
          ],
          [
            -0.068389,
            0.034552,
            0.073204
          ],
          [
            0.023722,
            -0.029889,
            0.144969
          ],
          [
            -0.002871,
            -0.018438,
            0.057826
          ],
          [
            0.021053,
            0.009007,
            0.063894
          ],
          [
            0.040143,
            0.00716,
            0.066133
          ],
          [
            -0.010699,
            0.019509,
            0.039584
          ],
          [
            -0.020027,
            -0.063162,
            0.121419
          ],
          [
            0.038417,
            0.005482,
            0.011384
          ],
          [
            0.046417,
            0.064416,
            0.09735
          ],
          [
            0.013804,
            -0.017319,
            0.048731
          ],
          [
            0.023822,
            -0.028602,
            0.025639
          ],
          [
            -0.025946,
            0.009544,
            0.082931
          ],
          [
            0.008246,
            -0.017611,
            0.050924
          ],
          [
            0.019793,
            0.026076,
            0.02476
          ],
          [
            -0.553483,
            0.524351,
            0.116798
          ],
          [
            -0.847964,
            0.923671,
            -0.449424
          ],
          [
            -1.274544,
            0.411629,
            -0.390077
          ],
          [
            0.399959,
            -0.336111,
            -0.185368
          ],
          [
            -0.599409,
            -0.762315,
            -0.504344
          ],
          [
            -1.180995,
            -1.140862,
            0.152221
          ],
          [
            0.422972,
            -0.426833,
            0.614176
          ],
          [
            1.328051,
            0.536871,
            0.457875
          ],
          [
            0.987131,
            -0.382049,
            -0.517731
          ],
          [
            -0.336295,
            -0.817247,
            0.004864
          ],
          [
            -0.53748,
            0.402333,
            0.235958
          ],
          [
            0.136953,
            -0.034474,
            -0.235794
          ],
          [
            -0.352766,
            -0.661369,
            -0.292391
          ],
          [
            -0.054781,
            -0.24292,
            -0.600247
          ],
          [
            0.291608,
            0.837012,
            -0.061624
          ],
          [
            -0.102592,
            0.089742,
            0.158978
          ],
          [
            0.733886,
            -0.518849,
            0.622379
          ],
          [
            0.862987,
            -0.455704,
            0.600894
          ],
          [
            0.186851,
            -0.12335,
            -0.450931
          ],
          [
            -0.218269,
            -0.328329,
            0.071941
          ],
          [
            0.623059,
            0.416833,
            0.911429
          ],
          [
            0.1203,
            0.068243,
            -0.307332
          ],
          [
            0.626852,
            0.472445,
            0.795806
          ],
          [
            0.583129,
            0.582422,
            -1.110989
          ],
          [
            -0.600046,
            0.221462,
            0.102415
          ],
          [
            0.101506,
            0.313926,
            -0.484624
          ],
          [
            0.213911,
            0.747762,
            0.042588
          ],
          [
            -1.046293,
            -0.441652,
            0.329746
          ],
          [
            0.12994,
            -0.146904,
            -0.427032
          ],
          [
            -0.067403,
            0.202613,
            0.392033
          ]
        ],
        "Lattice": [
          [
            8.440733911,
            0.0,
            0.0
          ],
          [
            8.440733911,
            14.619780548,
            0.0
          ],
          [
            0.0,
            0.0,
            21.483230591
          ]
        ],
        "NumAtoms": 102,
        "Positions": [
          [
            4.22079,
            2.43687,
            0.0
          ],
          [
            9.84794,
            12.18339,
            0.0
          ],
          [
            7.03437,
            7.31013,
            0.0
          ],
          [
            7.03437,
            2.43687,
            0.0
          ],
          [
            12.66152,
            12.18339,
            0.0
          ],
          [
            9.84795,
            7.31013,
            0.0
          ],
          [
            1.40721,
            2.43687,
            0.0
          ],
          [
            7.03437,
            12.18339,
            0.0
          ],
          [
            4.22079,
            7.31013,
            0.0
          ],
          [
            2.81385,
            0.0,
            0.0
          ],
          [
            8.44101,
            9.74652,
            0.0
          ],
          [
            5.62743,
            4.87326,
            0.0
          ],
          [
            5.62743,
            0.0,
            0.0
          ],
          [
            11.25459,
            9.74652,
            0.0
          ],
          [
            8.44101,
            4.87326,
            0.0
          ],
          [
            0.00028,
            0.0,
            0.0
          ],
          [
            5.62743,
            9.74652,
            0.0
          ],
          [
            2.81385,
            4.87326,
            0.0
          ],
          [
            7.03462,
            4.06144,
            2.2975
          ],
          [
            12.66177,
            13.80796,
            2.2975
          ],
          [
            9.8482,
            8.9347,
            2.2975
          ],
          [
            9.8482,
            4.06144,
            2.2975
          ],
          [
            15.47535,
            13.80796,
            2.2975
          ],
          [
            12.66177,
            8.9347,
            2.2975
          ],
          [
            4.22104,
            4.06144,
            2.2975
          ],
          [
            9.8482,
            13.80796,
            2.2975
          ],
          [
            7.03462,
            8.9347,
            2.2975
          ],
          [
            5.62769,
            1.62456,
            2.2975
          ],
          [
            11.25484,
            11.37109,
            2.2975
          ],
          [
            8.44127,
            6.49782,
            2.2975
          ],
          [
            8.44127,
            1.62456,
            2.2975
          ],
          [
            14.06842,
            11.37109,
            2.2975
          ],
          [
            11.25484,
            6.49782,
            2.2975
          ],
          [
            2.81411,
            1.62456,
            2.2975
          ],
          [
            8.44127,
            11.37109,
            2.2975
          ],
          [
            5.62769,
            6.49782,
            2.2975
          ],
          [
            1.3831,
            0.82714,
            4.55231
          ],
          [
            7.01065,
            10.57041,
            4.53984
          ],
          [
            4.18651,
            5.70549,
            4.53378
          ],
          [
            4.19071,
            0.82289,
            4.54635
          ],
          [
            9.82299,
            10.58076,
            4.5471
          ],
          [
            7.00719,
            5.69936,
            4.53718
          ],
          [
            7.00554,
            0.83608,
            4.59273
          ],
          [
            12.63815,
            10.57395,
            4.55598
          ],
          [
            9.81835,
            5.69984,
            4.54085
          ],
          [
            2.77704,
            3.26852,
            4.53846
          ],
          [
            8.41929,
            13.01515,
            4.54055
          ],
          [
            5.59302,
            8.13786,
            4.54161
          ],
          [
            5.60938,
            3.24689,
            4.57491
          ],
          [
            11.22944,
            13.01067,
            4.55281
          ],
          [
            8.42182,
            8.1414,
            4.54086
          ],
          [
            8.39413,
            3.24641,
            4.59488
          ],
          [
            14.04428,
            13.00723,
            4.54065
          ],
          [
            11.22912,
            8.13863,
            4.56028
          ],
          [
            5.54815,
            0.00273,
            6.85151
          ],
          [
            11.19461,
            9.78758,
            6.85902
          ],
          [
            8.39908,
            4.94054,
            6.83232
          ],
          [
            2.75236,
            0.02492,
            6.86729
          ],
          [
            8.40172,
            9.7803,
            6.83456
          ],
          [
            5.54742,
            4.93405,
            6.80096
          ],
          [
            11.19194,
            4.91674,
            6.84773
          ],
          [
            8.39367,
            0.02497,
            6.855
          ],
          [
            14.0083,
            9.78207,
            6.83494
          ],
          [
            9.80017,
            2.46238,
            6.86166
          ],
          [
            15.42753,
            12.22487,
            6.82336
          ],
          [
            12.59435,
            7.35409,
            6.86458
          ],
          [
            6.9544,
            2.47993,
            6.95688
          ],
          [
            12.59929,
            12.2153,
            6.86425
          ],
          [
            9.78971,
            7.35551,
            6.86295
          ],
          [
            6.9846,
            7.35771,
            6.81981
          ],
          [
            4.12984,
            2.46618,
            6.83556
          ],
          [
            9.79299,
            12.21337,
            6.86176
          ],
          [
            14.10488,
            10.23223,
            10.39132
          ],
          [
            14.05154,
            11.70845,
            10.6155
          ],
          [
            15.36121,
            12.46026,
            10.35715
          ],
          [
            6.0422,
            6.67944,
            10.17588
          ],
          [
            6.17681,
            5.18449,
            10.25326
          ],
          [
            7.58878,
            4.60909,
            10.15185
          ],
          [
            7.65231,
            3.07859,
            10.1395
          ],
          [
            15.30079,
            13.95846,
            10.62248
          ],
          [
            6.56815,
            9.73306,
            9.70775
          ],
          [
            13.13302,
            9.53649,
            10.92891
          ],
          [
            4.92875,
            7.17994,
            9.92351
          ],
          [
            7.13344,
            7.39018,
            10.36274
          ],
          [
            6.72003,
            2.5002,
            9.20988
          ],
          [
            5.83373,
            0.07062,
            9.93755
          ],
          [
            13.13683,
            8.50899,
            10.56353
          ],
          [
            13.68068,
            11.87701,
            11.63759
          ],
          [
            13.22679,
            12.13266,
            9.92688
          ],
          [
            7.71213,
            12.05831,
            10.95668
          ],
          [
            7.21035,
            12.30716,
            9.30942
          ],
          [
            6.96948,
            8.4036,
            10.06834
          ],
          [
            5.52223,
            4.77125,
            9.39063
          ],
          [
            5.66429,
            4.85709,
            11.19487
          ],
          [
            8.21514,
            4.93182,
            10.95926
          ],
          [
            8.04393,
            4.95046,
            9.24336
          ],
          [
            8.70561,
            2.74214,
            9.8916
          ],
          [
            7.39343,
            2.64752,
            11.15148
          ],
          [
            6.4071,
            1.54079,
            9.47743
          ],
          [
            16.33667,
            14.39887,
            10.34276
          ],
          [
            15.12325,
            14.1764,
            11.70914
          ],
          [
            14.17729,
            14.32485,
            8.98812
          ]
        ],
        "Stress": [
          [
            -58.27015,
            -1.44011,
            -0.1495
          ],
          [
            -1.44011,
            -59.55173,
            0.31227
          ],
          [
            -0.1495,
            0.31227,
            -7.44827
          ]
        ],
        "computation_code": "VASP",
        "pseudopotential_information": [
          [
            "PAW_PBE",
            "Pt",
            "04Feb2005"
          ],
          [
            "PAW_PBE",
            "C",
            "08Apr2002"
          ],
          [
            "PAW_PBE",
            "O",
            "08Apr2002"
          ],
          [
            "PAW_PBE",
            "H",
            "15Jun2001"
          ]
        ]
      }
    ],
    "EnergyStyle": "electronvolt",
    "ForcesStyle": "electronvoltperangstrom",
    "LatticeStyle": "angstrom",
    "PositionsStyle": "angstrom",
    "StressStyle": "kB"
  }
}