{
  "Dataset": {
    "AtomTypeStyle": "chemicalsymbol",
    "Data": [
      {
        "AtomTypes": [
          "Pt",
          "Pt",
          "Pt",
          "Pt",
          "Pt",
          "Pt",
          "Pt",
          "Pt",
          "Pt",
          "Pt",
          "Pt",
          "Pt",
          "Pt",
          "Pt",
          "Pt",
          "Pt",
          "Pt",
          "Pt",
          "Pt",
          "Pt",
          "Pt",
          "Pt",
          "Pt",
          "Pt",
          "Pt",
          "Pt",
          "Pt",
          "Pt",
          "Pt",
          "Pt",
          "Pt",
          "Pt",
          "Pt",
          "Pt",
          "Pt",
          "Pt",
          "Pt",
          "Pt",
          "Pt",
          "Pt",
          "Pt",
          "Pt",
          "Pt",
          "Pt",
          "Pt",
          "Pt",
          "Pt",
          "Pt",
          "Pt",
          "Pt",
          "Pt",
          "Pt",
          "Pt",
          "Pt",
          "Pt",
          "Pt",
          "Pt",
          "Pt",
          "Pt",
          "Pt",
          "Pt",
          "Pt",
          "Pt",
          "Pt",
          "Pt",
          "Pt",
          "Pt",
          "Pt",
          "Pt",
          "Pt",
          "Pt",
          "Pt",
          "C",
          "C",
          "C",
          "C",
          "C",
          "C",
          "C",
          "C",
          "O",
          "O",
          "O",
          "O",
          "O",
          "O",
          "H",
          "H",
          "H",
          "H",
          "H",
          "H",
          "H",
          "H",
          "H",
          "H",
          "H",
          "H",
          "H",
          "H",
          "H",
          "H"
        ],
        "Energy": -379.58532061,
        "Forces": [
          [
            0.0134,
            -0.03172,
            -0.064761
          ],
          [
            0.047932,
            -0.010308,
            -0.072262
          ],
          [
            0.019646,
            -0.061823,
            -0.10927
          ],
          [
            0.027104,
            -0.038056,
            -0.066735
          ],
          [
            0.003048,
            -0.005282,
            -0.078294
          ],
          [
            0.01919,
            -0.03086,
            -0.076958
          ],
          [
            0.025046,
            -0.044084,
            -0.077445
          ],
          [
            0.014699,
            -0.027224,
            -0.076055
          ],
          [
            0.021384,
            -0.009423,
            -0.152492
          ],
          [
            0.009863,
            0.008013,
            -0.158601
          ],
          [
            0.018863,
            -0.043376,
            -0.069423
          ],
          [
            0.002886,
            -0.012986,
            -0.066782
          ],
          [
            0.022667,
            -0.028132,
            -0.072858
          ],
          [
            0.028817,
            -0.022466,
            -0.06215
          ],
          [
            0.035703,
            -0.033642,
            -0.073649
          ],
          [
            0.028613,
            -0.049424,
            -0.119292
          ],
          [
            0.021382,
            -0.031407,
            -0.059321
          ],
          [
            0.035263,
            -0.005477,
            -0.080344
          ],
          [
            0.019425,
            0.062988,
            0.132007
          ],
          [
            0.010519,
            -0.010029,
            0.093311
          ],
          [
            -0.036476,
            0.044386,
            0.062114
          ],
          [
            -0.071621,
            0.062287,
            0.141026
          ],
          [
            -0.013208,
            -0.012024,
            0.113302
          ],
          [
            -0.033754,
            0.019238,
            0.009835
          ],
          [
            -0.038147,
            0.023617,
            0.04458
          ],
          [
            -0.073734,
            0.018103,
            0.066081
          ],
          [
            -0.014973,
            0.099712,
            0.07962
          ],
          [
            -0.016805,
            0.039338,
            0.032826
          ],
          [
            -0.029866,
            0.0186,
            0.062377
          ],
          [
            -0.029986,
            0.00393,
            0.114347
          ],
          [
            -0.028859,
            0.106822,
            0.084969
          ],
          [
            0.023772,
            0.049535,
            0.146847
          ],
          [
            -0.073948,
            0.013837,
            0.071175
          ],
          [
            -0.029903,
            0.019715,
            0.051798
          ],
          [
            -0.068011,
            0.058325,
            0.161295
          ],
          [
            0.010912,
            0.011983,
            0.053265
          ],
          [
            0.004899,
            0.004064,
            0.00112
          ],
          [
            -0.003621,
            0.004059,
            -0.005799
          ],
          [
            -0.000297,
            -1.8e-05,
            -0.007362
          ],
          [
            -0.001638,
            0.002961,
            0.005926
          ],
          [
            0.008783,
            -0.001046,
            0.002929
          ],
          [
            -0.001471,
            0.004748,
            -0.010231
          ],
          [
            -0.001846,
            0.004265,
            -0.007112
          ],
          [
            -0.004382,
            -0.00197,
            -2.6e-05
          ],
          [
            -0.000533,
            -0.002154,
            -0.006692
          ],
          [
            -0.001409,
            0.00083,
            0.009056
          ],
          [
            -0.001874,
            -0.006245,
            0.004427
          ],
          [
            0.003119,
            -0.000333,
            0.001732
          ],
          [
            0.004092,
            -0.001169,
            -0.000821
          ],
          [
            -0.002865,
            -0.003108,
            0.000578
          ],
          [
            0.00208,
            -0.00586,
            -0.000986
          ],
          [
            0.001453,
            0.003088,
            -0.000652
          ],
          [
            0.001104,
            -0.000831,
            -0.001317
          ],
          [
            -0.001529,
            -0.003472,
            0.001266
          ],
          [
            0.001242,
            -0.003442,
            -0.00258
          ],
          [
            0.00133,
            -0.004482,
            0.007523
          ],
          [
            0.002758,
            0.000478,
            0.009526
          ],
          [
            0.001738,
            -0.010017,
            0.005352
          ],
          [
            -0.000244,
            0.005904,
            -0.005838
          ],
          [
            -0.00216,
            -0.00555,
            0.001822
          ],
          [
            -0.002072,
            -0.007657,
            0.008538
          ],
          [
            -0.001546,
            0.001047,
            -0.008544
          ],
          [
            0.001867,
            0.012201,
            -0.003675
          ],
          [
            0.001161,
            -0.001762,
            0.001245
          ],
          [
            0.003372,
            -0.003472,
            0.006206
          ],
          [
            0.004039,
            0.000293,
            -0.003485
          ],
          [
            -0.00071,
            5.8e-05,
            0.01057
          ],
          [
            0.007237,
            0.002423,
            -0.011244
          ],
          [
            -0.005518,
            -0.002705,
            0.002662
          ],
          [
            0.000645,
            -0.000853,
            0.007361
          ],
          [
            -0.001876,
            -0.001152,
            0.002953
          ],
          [
            0.002633,
            0.005199,
            -0.007169
          ],
          [
            -0.001488,
            -0.020269,
            -0.013392
          ],
          [
            0.016005,
            -0.014665,
            0.009619
          ],
          [
            0.021939,
            -0.006443,
            0.017557
          ],
          [
            0.014564,
            0.004338,
            0.002336
          ],
          [
            -0.04553,
            -0.004892,
            -0.00952
          ],
          [
            -0.002775,
            0.036192,
            -0.019435
          ],
          [
            -0.009044,
            -0.00409,
            -0.011913
          ],
          [
            0.012497,
            -0.004949,
            0.001524
          ],
          [
            0.015019,
            0.002537,
            -0.001933
          ],
          [
            0.001064,
            0.003648,
            -0.005542
          ],
          [
            0.002235,
            -0.010636,
            0.000345
          ],
          [
            0.01344,
            -0.005301,
            -0.002426
          ],
          [
            0.002886,
            -0.031547,
            0.000548
          ],
          [
            -0.004012,
            0.019007,
            0.010116
          ],
          [
            0.014329,
            -0.003366,
            0.015921
          ],
          [
            0.010574,
            -0.002739,
            0.008999
          ],
          [
            -0.007386,
            -0.005065,
            -0.01468
          ],
          [
            0.002178,
            -0.013128,
            0.003257
          ],
          [
            -0.012227,
            -0.027223,
            0.018768
          ],
          [
            0.000296,
            0.000129,
            -0.007072
          ],
          [
            -0.000689,
            0.00212,
            0.0065
          ],
          [
            0.007894,
            -0.013688,
            0.010698
          ],
          [
            0.010165,
            0.003402,
            0.014624
          ],
          [
            0.014276,
            0.005519,
            0.025772
          ],
          [
            0.018048,
            -0.001386,
            -0.007914
          ],
          [
            -0.00445,
            -0.013692,
            -0.000957
          ],
          [
            -0.005984,
            -0.018022,
            -0.012805
          ],
          [
            0.022793,
            -0.016336,
            -0.011655
          ],
          [
            -0.009044,
            -0.003174,
            0.012091
          ],
          [
            -0.01638,
            0.006716,
            -0.030777
          ]
        ],
        "Lattice": [
          [
            8.440733911,
            0.0,
            0.0
          ],
          [
            8.440733911,
            14.619780548,
            0.0
          ],
          [
            0.0,
            0.0,
            21.483230591
          ]
        ],
        "NumAtoms": 102,
        "Positions": [
          [
            4.22079,
            2.43687,
            0.0
          ],
          [
            9.84794,
            12.18339,
            0.0
          ],
          [
            7.03437,
            7.31013,
            0.0
          ],
          [
            7.03437,
            2.43687,
            0.0
          ],
          [
            12.66152,
            12.18339,
            0.0
          ],
          [
            9.84795,
            7.31013,
            0.0
          ],
          [
            1.40721,
            2.43687,
            0.0
          ],
          [
            7.03437,
            12.18339,
            0.0
          ],
          [
            4.22079,
            7.31013,
            0.0
          ],
          [
            2.81385,
            0.0,
            0.0
          ],
          [
            8.44101,
            9.74652,
            0.0
          ],
          [
            5.62743,
            4.87326,
            0.0
          ],
          [
            5.62743,
            0.0,
            0.0
          ],
          [
            11.25459,
            9.74652,
            0.0
          ],
          [
            8.44101,
            4.87326,
            0.0
          ],
          [
            0.00028,
            0.0,
            0.0
          ],
          [
            5.62743,
            9.74652,
            0.0
          ],
          [
            2.81385,
            4.87326,
            0.0
          ],
          [
            7.03462,
            4.06144,
            2.2975
          ],
          [
            12.66177,
            13.80796,
            2.2975
          ],
          [
            9.8482,
            8.9347,
            2.2975
          ],
          [
            9.8482,
            4.06144,
            2.2975
          ],
          [
            15.47535,
            13.80796,
            2.2975
          ],
          [
            12.66177,
            8.9347,
            2.2975
          ],
          [
            4.22104,
            4.06144,
            2.2975
          ],
          [
            9.8482,
            13.80796,
            2.2975
          ],
          [
            7.03462,
            8.9347,
            2.2975
          ],
          [
            5.62769,
            1.62456,
            2.2975
          ],
          [
            11.25484,
            11.37109,
            2.2975
          ],
          [
            8.44127,
            6.49782,
            2.2975
          ],
          [
            8.44127,
            1.62456,
            2.2975
          ],
          [
            14.06842,
            11.37109,
            2.2975
          ],
          [
            11.25484,
            6.49782,
            2.2975
          ],
          [
            2.81411,
            1.62456,
            2.2975
          ],
          [
            8.44127,
            11.37109,
            2.2975
          ],
          [
            5.62769,
            6.49782,
            2.2975
          ],
          [
            1.37347,
            0.8533,
            4.56352
          ],
          [
            7.00346,
            10.60794,
            4.59866
          ],
          [
            4.18539,
            5.72543,
            4.56347
          ],
          [
            4.18657,
            0.84593,
            4.56385
          ],
          [
            9.81404,
            10.59941,
            4.57796
          ],
          [
            7.01243,
            5.71774,
            4.58493
          ],
          [
            7.00565,
            0.85191,
            4.56737
          ],
          [
            12.62661,
            10.5936,
            4.57204
          ],
          [
            9.80409,
            5.72529,
            4.59293
          ],
          [
            2.77895,
            3.28915,
            4.57193
          ],
          [
            8.40067,
            13.03111,
            4.59048
          ],
          [
            5.59514,
            8.15706,
            4.55873
          ],
          [
            5.59085,
            3.28299,
            4.56932
          ],
          [
            11.22,
            13.03556,
            4.56508
          ],
          [
            8.40857,
            8.16901,
            4.56897
          ],
          [
            8.40892,
            3.30055,
            4.59397
          ],
          [
            14.04967,
            13.02226,
            4.58845
          ],
          [
            11.22295,
            8.16059,
            4.56675
          ],
          [
            5.54106,
            0.10575,
            6.86962
          ],
          [
            11.1831,
            9.82603,
            6.89827
          ],
          [
            8.3555,
            4.95968,
            6.95007
          ],
          [
            2.73932,
            0.08465,
            6.88997
          ],
          [
            8.38021,
            9.83,
            6.90098
          ],
          [
            5.53932,
            4.95189,
            6.86804
          ],
          [
            11.1909,
            4.95673,
            6.88145
          ],
          [
            8.3845,
            0.09957,
            6.8808
          ],
          [
            13.99446,
            9.81863,
            6.87814
          ],
          [
            9.78779,
            2.51342,
            6.88987
          ],
          [
            15.38635,
            12.2978,
            6.9568
          ],
          [
            12.58893,
            7.39678,
            6.8887
          ],
          [
            6.95683,
            2.51247,
            6.88298
          ],
          [
            12.56851,
            12.26294,
            6.87738
          ],
          [
            9.78636,
            7.41131,
            6.885
          ],
          [
            6.96227,
            7.41653,
            6.86963
          ],
          [
            4.14372,
            2.5199,
            6.89377
          ],
          [
            9.7859,
            12.26188,
            6.88823
          ],
          [
            13.62158,
            10.40919,
            10.33526
          ],
          [
            13.37444,
            11.8849,
            10.21411
          ],
          [
            14.64826,
            12.71674,
            10.34224
          ],
          [
            5.8577,
            6.64521,
            10.32254
          ],
          [
            6.1289,
            5.17198,
            10.20548
          ],
          [
            7.57876,
            4.72152,
            10.38554
          ],
          [
            7.7133,
            3.21362,
            10.36204
          ],
          [
            14.40311,
            14.20549,
            10.23418
          ],
          [
            6.34359,
            9.94192,
            10.33271
          ],
          [
            12.53963,
            9.66629,
            10.4224
          ],
          [
            4.71345,
            7.10186,
            10.44243
          ],
          [
            6.95033,
            7.4108,
            10.25485
          ],
          [
            8.45866,
            5.25961,
            9.35003
          ],
          [
            7.19782,
            12.3292,
            9.33433
          ],
          [
            12.77849,
            8.66774,
            10.4171
          ],
          [
            12.61414,
            12.19261,
            10.94763
          ],
          [
            12.9121,
            12.05585,
            9.21093
          ],
          [
            15.12551,
            12.49325,
            11.31276
          ],
          [
            7.3687,
            11.36884,
            9.48696
          ],
          [
            6.69821,
            8.40563,
            10.27837
          ],
          [
            5.77971,
            4.87756,
            9.18275
          ],
          [
            5.4603,
            4.64839,
            10.90386
          ],
          [
            7.96779,
            5.11818,
            11.33922
          ],
          [
            8.37874,
            6.23995,
            9.37456
          ],
          [
            8.76808,
            2.91913,
            10.43212
          ],
          [
            7.15939,
            2.77284,
            11.20245
          ],
          [
            7.30379,
            2.80631,
            9.41988
          ],
          [
            6.90629,
            0.14018,
            10.30663
          ],
          [
            5.28712,
            -0.08063,
            11.03469
          ],
          [
            5.4891,
            -0.16187,
            9.26639
          ]
        ],
        "Stress": [
          [
            -49.91295,
            -0.28983,
            -0.23414
          ],
          [
            -0.28983,
            -49.08554,
            -0.05784
          ],
          [
            -0.23414,
            -0.05784,
            -2.44279
          ]
        ],
        "computation_code": "VASP",
        "pseudopotential_information": [
          [
            "PAW_PBE",
            "Pt",
            "04Feb2005"
          ],
          [
            "PAW_PBE",
            "C",
            "08Apr2002"
          ],
          [
            "PAW_PBE",
            "O",
            "08Apr2002"
          ],
          [
            "PAW_PBE",
            "H",
            "15Jun2001"
          ]
        ]
      }
    ],
    "EnergyStyle": "electronvolt",
    "ForcesStyle": "electronvoltperangstrom",
    "LatticeStyle": "angstrom",
    "PositionsStyle": "angstrom",
    "StressStyle": "kB"
  }
}