{
  "Dataset": {
    "AtomTypeStyle": "chemicalsymbol",
    "Data": [
      {
        "AtomTypes": [
          "Pt",
          "Pt",
          "Pt",
          "Pt",
          "Pt",
          "Pt",
          "Pt",
          "Pt",
          "Pt",
          "Pt",
          "Pt",
          "Pt",
          "Pt",
          "Pt",
          "Pt",
          "Pt",
          "Pt",
          "Pt",
          "Pt",
          "Pt",
          "Pt",
          "Pt",
          "Pt",
          "Pt",
          "Pt",
          "Pt",
          "Pt",
          "Pt",
          "Pt",
          "Pt",
          "Pt",
          "Pt",
          "Pt",
          "Pt",
          "Pt",
          "Pt",
          "Pt",
          "Pt",
          "Pt",
          "Pt",
          "Pt",
          "Pt",
          "Pt",
          "Pt",
          "Pt",
          "Pt",
          "Pt",
          "Pt",
          "Pt",
          "Pt",
          "Pt",
          "Pt",
          "Pt",
          "Pt",
          "Pt",
          "Pt",
          "Pt",
          "Pt",
          "Pt",
          "Pt",
          "Pt",
          "Pt",
          "Pt",
          "Pt",
          "Pt",
          "Pt",
          "Pt",
          "Pt",
          "Pt",
          "Pt",
          "Pt",
          "Pt",
          "C",
          "C",
          "C",
          "C",
          "C",
          "C",
          "C",
          "C",
          "O",
          "O",
          "O",
          "O",
          "O",
          "O",
          "H",
          "H",
          "H",
          "H",
          "H",
          "H",
          "H",
          "H",
          "H",
          "H",
          "H",
          "H",
          "H",
          "H",
          "H",
          "H"
        ],
        "Energy": -377.84543184,
        "Forces": [
          [
            0.01514,
            -0.044015,
            -0.041727
          ],
          [
            0.062079,
            2.6e-05,
            -0.044354
          ],
          [
            0.020792,
            -0.057986,
            -0.069695
          ],
          [
            0.025633,
            -0.028218,
            -0.045334
          ],
          [
            0.001996,
            0.000115,
            -0.070133
          ],
          [
            0.021706,
            -0.014092,
            -0.04879
          ],
          [
            0.031364,
            -0.028199,
            -0.054216
          ],
          [
            0.014887,
            -0.0077,
            -0.040901
          ],
          [
            0.016637,
            -0.002435,
            -0.11494
          ],
          [
            0.020171,
            0.010475,
            -0.12948
          ],
          [
            0.017881,
            -0.017531,
            -0.02713
          ],
          [
            0.001788,
            -0.017877,
            -0.031619
          ],
          [
            0.020086,
            -0.028306,
            -0.047571
          ],
          [
            0.030146,
            -0.008482,
            -0.039194
          ],
          [
            0.035638,
            -0.023709,
            -0.041056
          ],
          [
            0.030174,
            -0.031076,
            -0.070728
          ],
          [
            0.022249,
            -0.018638,
            -0.0314
          ],
          [
            0.036276,
            -0.016049,
            -0.053373
          ],
          [
            -0.004843,
            0.069305,
            0.212
          ],
          [
            -0.012465,
            0.036704,
            0.179347
          ],
          [
            -0.020844,
            0.002076,
            0.151734
          ],
          [
            -0.038884,
            0.047689,
            0.184638
          ],
          [
            -0.018955,
            -0.021962,
            0.123732
          ],
          [
            -0.00447,
            -0.024852,
            0.171026
          ],
          [
            -0.029405,
            0.04996,
            0.193802
          ],
          [
            -0.055699,
            0.013223,
            0.081905
          ],
          [
            -0.013283,
            0.086927,
            0.18767
          ],
          [
            -0.041022,
            0.068653,
            0.142517
          ],
          [
            -0.042173,
            -0.009194,
            0.151925
          ],
          [
            -0.051709,
            -0.020677,
            0.167045
          ],
          [
            -0.031824,
            0.085916,
            0.094104
          ],
          [
            0.051973,
            0.001031,
            0.197532
          ],
          [
            -0.026654,
            0.014502,
            0.172969
          ],
          [
            -0.008654,
            0.032959,
            0.165127
          ],
          [
            -0.085652,
            -0.016149,
            0.202662
          ],
          [
            0.056317,
            0.002529,
            0.23362
          ],
          [
            0.025511,
            -0.011273,
            -0.068062
          ],
          [
            -0.011519,
            -0.005723,
            -0.151782
          ],
          [
            -0.041476,
            -0.051504,
            -0.102874
          ],
          [
            -0.007411,
            -0.054223,
            -0.095597
          ],
          [
            0.030755,
            0.003646,
            -0.069871
          ],
          [
            -0.019896,
            -0.011811,
            -0.098433
          ],
          [
            0.029209,
            0.020451,
            -0.004865
          ],
          [
            -0.02248,
            -0.014302,
            -0.027959
          ],
          [
            0.021362,
            -0.031468,
            -0.042555
          ],
          [
            -0.029203,
            0.006367,
            -0.090677
          ],
          [
            -0.000346,
            0.045599,
            -0.007472
          ],
          [
            -0.046996,
            0.003838,
            -0.113273
          ],
          [
            0.028595,
            -0.043899,
            -0.10625
          ],
          [
            0.04386,
            0.015011,
            -0.028835
          ],
          [
            -0.044609,
            0.020773,
            -0.061219
          ],
          [
            -0.008844,
            -0.023428,
            -0.090794
          ],
          [
            0.020398,
            -0.030073,
            0.095231
          ],
          [
            0.033262,
            0.007309,
            -0.063038
          ],
          [
            -0.014283,
            0.080081,
            -0.164898
          ],
          [
            0.02618,
            0.006408,
            -0.049708
          ],
          [
            -0.043423,
            0.130811,
            -0.044622
          ],
          [
            -0.043255,
            -0.010733,
            -0.060209
          ],
          [
            -0.002159,
            -0.07639,
            -0.074129
          ],
          [
            0.099259,
            -0.025056,
            -0.019462
          ],
          [
            0.013664,
            -0.028206,
            -0.111703
          ],
          [
            0.043745,
            0.047424,
            -0.121867
          ],
          [
            0.012806,
            -0.10322,
            -0.036884
          ],
          [
            0.010334,
            0.061931,
            -0.015569
          ],
          [
            -0.080253,
            -0.063233,
            -0.301503
          ],
          [
            0.041467,
            -0.02236,
            -0.119835
          ],
          [
            0.04984,
            0.07318,
            0.014868
          ],
          [
            -0.05692,
            -0.041176,
            -0.094895
          ],
          [
            0.02394,
            0.023404,
            -0.070292
          ],
          [
            -0.010726,
            0.007588,
            0.004615
          ],
          [
            -0.015385,
            0.073096,
            -0.067806
          ],
          [
            0.04702,
            0.003919,
            -0.079538
          ],
          [
            -0.057292,
            -0.562299,
            0.038403
          ],
          [
            0.886381,
            -0.306423,
            1.652105
          ],
          [
            -1.208041,
            0.246613,
            0.367081
          ],
          [
            -0.591336,
            -1.221636,
            0.339107
          ],
          [
            -0.287684,
            0.194414,
            -0.138191
          ],
          [
            -1.062181,
            -0.634111,
            0.859087
          ],
          [
            -0.229143,
            0.985574,
            -1.251847
          ],
          [
            -0.227541,
            0.917485,
            -1.04544
          ],
          [
            -0.739896,
            0.397644,
            0.525556
          ],
          [
            0.346862,
            1.337808,
            -0.704621
          ],
          [
            0.432005,
            0.181502,
            -0.329006
          ],
          [
            0.141367,
            0.483677,
            -0.036396
          ],
          [
            0.512946,
            0.415624,
            -0.174482
          ],
          [
            0.475266,
            -0.690782,
            -0.155006
          ],
          [
            -0.025438,
            -0.695475,
            0.099155
          ],
          [
            0.289781,
            -0.033657,
            -0.517008
          ],
          [
            -0.524062,
            0.127958,
            -0.769078
          ],
          [
            0.181164,
            -0.172376,
            0.131835
          ],
          [
            0.044441,
            0.098942,
            0.034947
          ],
          [
            0.200845,
            -0.076571,
            -0.035993
          ],
          [
            0.009773,
            0.190473,
            0.840893
          ],
          [
            0.497538,
            0.191884,
            -0.789575
          ],
          [
            0.244831,
            0.141897,
            -0.011859
          ],
          [
            -0.046746,
            -0.020179,
            -0.26084
          ],
          [
            0.879732,
            -0.313594,
            -0.031432
          ],
          [
            -0.55282,
            -0.251957,
            1.065357
          ],
          [
            -0.037943,
            -0.029066,
            -0.068488
          ],
          [
            -0.558037,
            -0.433989,
            0.034895
          ],
          [
            0.522355,
            -0.414323,
            -0.272465
          ],
          [
            0.355484,
            -0.119678,
            1.133996
          ]
        ],
        "Lattice": [
          [
            8.440733911,
            0.0,
            0.0
          ],
          [
            8.440733911,
            14.619780548,
            0.0
          ],
          [
            0.0,
            0.0,
            21.483230591
          ]
        ],
        "NumAtoms": 102,
        "Positions": [
          [
            4.22079,
            2.43687,
            0.0
          ],
          [
            9.84794,
            12.18339,
            0.0
          ],
          [
            7.03437,
            7.31013,
            0.0
          ],
          [
            7.03437,
            2.43687,
            0.0
          ],
          [
            12.66152,
            12.18339,
            0.0
          ],
          [
            9.84795,
            7.31013,
            0.0
          ],
          [
            1.40721,
            2.43687,
            0.0
          ],
          [
            7.03437,
            12.18339,
            0.0
          ],
          [
            4.22079,
            7.31013,
            0.0
          ],
          [
            2.81385,
            0.0,
            0.0
          ],
          [
            8.44101,
            9.74652,
            0.0
          ],
          [
            5.62743,
            4.87326,
            0.0
          ],
          [
            5.62743,
            0.0,
            0.0
          ],
          [
            11.25459,
            9.74652,
            0.0
          ],
          [
            8.44101,
            4.87326,
            0.0
          ],
          [
            0.00028,
            0.0,
            0.0
          ],
          [
            5.62743,
            9.74652,
            0.0
          ],
          [
            2.81385,
            4.87326,
            0.0
          ],
          [
            7.03462,
            4.06144,
            2.2975
          ],
          [
            12.66177,
            13.80796,
            2.2975
          ],
          [
            9.8482,
            8.9347,
            2.2975
          ],
          [
            9.8482,
            4.06144,
            2.2975
          ],
          [
            15.47535,
            13.80796,
            2.2975
          ],
          [
            12.66177,
            8.9347,
            2.2975
          ],
          [
            4.22104,
            4.06144,
            2.2975
          ],
          [
            9.8482,
            13.80796,
            2.2975
          ],
          [
            7.03462,
            8.9347,
            2.2975
          ],
          [
            5.62769,
            1.62456,
            2.2975
          ],
          [
            11.25484,
            11.37109,
            2.2975
          ],
          [
            8.44127,
            6.49782,
            2.2975
          ],
          [
            8.44127,
            1.62456,
            2.2975
          ],
          [
            14.06842,
            11.37109,
            2.2975
          ],
          [
            11.25484,
            6.49782,
            2.2975
          ],
          [
            2.81411,
            1.62456,
            2.2975
          ],
          [
            8.44127,
            11.37109,
            2.2975
          ],
          [
            5.62769,
            6.49782,
            2.2975
          ],
          [
            1.3723,
            0.8296,
            4.5681
          ],
          [
            6.99698,
            10.59119,
            4.6211
          ],
          [
            4.19458,
            5.73526,
            4.58868
          ],
          [
            4.18634,
            0.84516,
            4.58762
          ],
          [
            9.81218,
            10.57444,
            4.58924
          ],
          [
            7.01676,
            5.69305,
            4.61188
          ],
          [
            6.99236,
            0.82609,
            4.57063
          ],
          [
            12.62135,
            10.58591,
            4.57997
          ],
          [
            9.81127,
            5.71057,
            4.59541
          ],
          [
            2.78666,
            3.28478,
            4.58956
          ],
          [
            8.40178,
            13.00092,
            4.58296
          ],
          [
            5.6003,
            8.14731,
            4.58306
          ],
          [
            5.58141,
            3.28467,
            4.58977
          ],
          [
            11.2172,
            13.02247,
            4.5731
          ],
          [
            8.41214,
            8.14188,
            4.57935
          ],
          [
            8.40835,
            3.27165,
            4.58863
          ],
          [
            14.04013,
            13.01363,
            4.58407
          ],
          [
            11.22334,
            8.14929,
            4.59042
          ],
          [
            5.5305,
            0.0554,
            6.91536
          ],
          [
            11.17499,
            9.79121,
            6.92579
          ],
          [
            8.36217,
            4.87806,
            6.93971
          ],
          [
            2.74216,
            0.03933,
            6.91173
          ],
          [
            8.38162,
            9.80261,
            6.90473
          ],
          [
            5.51816,
            4.92133,
            6.90827
          ],
          [
            11.18973,
            4.92188,
            6.90525
          ],
          [
            8.3783,
            0.05698,
            6.88353
          ],
          [
            13.97724,
            9.80582,
            6.88921
          ],
          [
            9.79012,
            2.44927,
            6.87833
          ],
          [
            15.39215,
            12.28567,
            6.95435
          ],
          [
            12.57564,
            7.37029,
            6.938
          ],
          [
            6.93676,
            2.45713,
            6.87629
          ],
          [
            12.57465,
            12.23337,
            6.90312
          ],
          [
            9.7718,
            7.36019,
            6.90679
          ],
          [
            6.95718,
            7.37493,
            6.87459
          ],
          [
            4.14101,
            2.47118,
            6.92743
          ],
          [
            9.79059,
            12.22664,
            6.89194
          ],
          [
            14.26832,
            10.1879,
            10.52532
          ],
          [
            13.75891,
            11.59471,
            10.27396
          ],
          [
            14.9131,
            12.63482,
            10.31542
          ],
          [
            6.41877,
            6.42871,
            10.47679
          ],
          [
            6.55402,
            4.91344,
            10.31039
          ],
          [
            7.98697,
            4.33996,
            10.39453
          ],
          [
            7.98746,
            2.81122,
            10.31487
          ],
          [
            14.41429,
            14.06101,
            10.21441
          ],
          [
            6.86335,
            9.73922,
            9.94952
          ],
          [
            13.52958,
            9.43897,
            11.3545
          ],
          [
            5.42619,
            6.90409,
            11.0593
          ],
          [
            7.39425,
            7.15113,
            9.958
          ],
          [
            8.82469,
            4.83368,
            9.36467
          ],
          [
            7.40664,
            12.43708,
            9.25463
          ],
          [
            5.32455,
            8.45598,
            11.2527
          ],
          [
            12.98431,
            11.83,
            11.04765
          ],
          [
            13.32715,
            11.58156,
            9.27766
          ],
          [
            15.45752,
            12.52919,
            11.27021
          ],
          [
            7.70328,
            11.48723,
            9.29705
          ],
          [
            7.177,
            8.16679,
            9.99252
          ],
          [
            6.17662,
            4.66388,
            9.2482
          ],
          [
            5.87517,
            4.45507,
            11.09318
          ],
          [
            8.40375,
            4.62915,
            11.38046
          ],
          [
            8.97949,
            5.79303,
            9.52966
          ],
          [
            9.00022,
            2.46599,
            10.20211
          ],
          [
            7.53486,
            2.31528,
            11.14365
          ],
          [
            7.44279,
            2.497,
            9.39973
          ],
          [
            6.84241,
            0.15427,
            10.28265
          ],
          [
            13.61296,
            14.3656,
            10.93954
          ],
          [
            13.97144,
            14.21819,
            9.14269
          ]
        ],
        "Stress": [
          [
            -64.57871,
            -0.1686,
            -1.24738
          ],
          [
            -0.1686,
            -65.19971,
            0.13856
          ],
          [
            -1.24738,
            0.13856,
            -15.16472
          ]
        ],
        "computation_code": "VASP",
        "pseudopotential_information": [
          [
            "PAW_PBE",
            "Pt",
            "04Feb2005"
          ],
          [
            "PAW_PBE",
            "C",
            "08Apr2002"
          ],
          [
            "PAW_PBE",
            "O",
            "08Apr2002"
          ],
          [
            "PAW_PBE",
            "H",
            "15Jun2001"
          ]
        ]
      }
    ],
    "EnergyStyle": "electronvolt",
    "ForcesStyle": "electronvoltperangstrom",
    "LatticeStyle": "angstrom",
    "PositionsStyle": "angstrom",
    "StressStyle": "kB"
  }
}