{
  "Dataset": {
    "AtomTypeStyle": "chemicalsymbol",
    "Data": [
      {
        "AtomTypes": [
          "Pt",
          "Pt",
          "Pt",
          "Pt",
          "Pt",
          "Pt",
          "Pt",
          "Pt",
          "Pt",
          "Pt",
          "Pt",
          "Pt",
          "Pt",
          "Pt",
          "Pt",
          "Pt",
          "Pt",
          "Pt",
          "Pt",
          "Pt",
          "Pt",
          "Pt",
          "Pt",
          "Pt",
          "Pt",
          "Pt",
          "Pt",
          "Pt",
          "Pt",
          "Pt",
          "Pt",
          "Pt",
          "Pt",
          "Pt",
          "Pt",
          "Pt",
          "Pt",
          "Pt",
          "Pt",
          "Pt",
          "Pt",
          "Pt",
          "Pt",
          "Pt",
          "Pt",
          "Pt",
          "Pt",
          "Pt",
          "Pt",
          "Pt",
          "Pt",
          "Pt",
          "Pt",
          "Pt",
          "Pt",
          "Pt",
          "Pt",
          "Pt",
          "Pt",
          "Pt",
          "Pt",
          "Pt",
          "Pt",
          "Pt",
          "Pt",
          "Pt",
          "Pt",
          "Pt",
          "Pt",
          "Pt",
          "Pt",
          "Pt",
          "C",
          "C",
          "C",
          "C",
          "C",
          "C",
          "C",
          "C",
          "O",
          "O",
          "O",
          "O",
          "O",
          "O",
          "H",
          "H",
          "H",
          "H",
          "H",
          "H",
          "H",
          "H",
          "H",
          "H",
          "H",
          "H",
          "H",
          "H",
          "H",
          "H"
        ],
        "Energy": -379.58246654,
        "Forces": [
          [
            0.015397,
            -0.031295,
            -0.062893
          ],
          [
            0.048215,
            -0.01019,
            -0.071017
          ],
          [
            0.020955,
            -0.062674,
            -0.108714
          ],
          [
            0.028067,
            -0.038003,
            -0.069349
          ],
          [
            0.005136,
            -0.005387,
            -0.077877
          ],
          [
            0.020564,
            -0.031444,
            -0.076482
          ],
          [
            0.024591,
            -0.044034,
            -0.076233
          ],
          [
            0.015434,
            -0.026508,
            -0.077154
          ],
          [
            0.022015,
            -0.009031,
            -0.150992
          ],
          [
            0.011448,
            0.007742,
            -0.156898
          ],
          [
            0.0192,
            -0.042816,
            -0.069576
          ],
          [
            0.00478,
            -0.014311,
            -0.069655
          ],
          [
            0.023559,
            -0.027704,
            -0.073634
          ],
          [
            0.030035,
            -0.02187,
            -0.060733
          ],
          [
            0.036136,
            -0.034499,
            -0.076107
          ],
          [
            0.029011,
            -0.050247,
            -0.119261
          ],
          [
            0.0229,
            -0.030114,
            -0.059756
          ],
          [
            0.036503,
            -0.006077,
            -0.081389
          ],
          [
            0.016854,
            0.062549,
            0.138064
          ],
          [
            0.005868,
            -0.007344,
            0.098071
          ],
          [
            -0.037532,
            0.044562,
            0.068615
          ],
          [
            -0.072613,
            0.057967,
            0.143251
          ],
          [
            -0.012286,
            -0.011503,
            0.118137
          ],
          [
            -0.038101,
            0.016819,
            0.014779
          ],
          [
            -0.042281,
            0.018739,
            0.047531
          ],
          [
            -0.077913,
            0.020411,
            0.073379
          ],
          [
            -0.015928,
            0.100511,
            0.083945
          ],
          [
            -0.023236,
            0.041264,
            0.039662
          ],
          [
            -0.03415,
            0.017832,
            0.062814
          ],
          [
            -0.033348,
            0.008378,
            0.112138
          ],
          [
            -0.028062,
            0.11166,
            0.092771
          ],
          [
            0.017425,
            0.049606,
            0.145735
          ],
          [
            -0.076075,
            0.017324,
            0.062445
          ],
          [
            -0.031407,
            0.020737,
            0.061636
          ],
          [
            -0.066081,
            0.058336,
            0.167408
          ],
          [
            0.009461,
            0.016213,
            0.048426
          ],
          [
            -0.00106,
            -0.000241,
            -0.0031
          ],
          [
            0.005016,
            -0.004765,
            0.001495
          ],
          [
            -0.002683,
            -0.001554,
            0.009058
          ],
          [
            0.001807,
            0.00035,
            -0.004139
          ],
          [
            -0.003638,
            -0.001311,
            -0.002662
          ],
          [
            -0.001067,
            -0.00681,
            0.008608
          ],
          [
            0.001598,
            -0.001512,
            0.002297
          ],
          [
            0.005332,
            0.000523,
            -0.001122
          ],
          [
            0.00141,
            -0.004312,
            0.013097
          ],
          [
            0.004026,
            0.002156,
            -0.003774
          ],
          [
            0.001772,
            0.004316,
            -0.003545
          ],
          [
            -0.001262,
            -0.002669,
            -0.000304
          ],
          [
            0.001223,
            -0.000185,
            -4.2e-05
          ],
          [
            0.002601,
            0.00776,
            -0.005922
          ],
          [
            -0.000296,
            -0.001566,
            0.000418
          ],
          [
            0.000827,
            -0.004761,
            0.002429
          ],
          [
            -0.001723,
            0.003597,
            0.003346
          ],
          [
            0.003916,
            0.001345,
            -0.004815
          ],
          [
            0.003832,
            0.002341,
            0.000976
          ],
          [
            0.002845,
            -0.002822,
            -0.006496
          ],
          [
            0.002742,
            -0.002647,
            -0.010051
          ],
          [
            -0.001948,
            0.010851,
            -0.000969
          ],
          [
            0.002578,
            -0.007673,
            0.000125
          ],
          [
            -0.001867,
            -0.000581,
            -0.001447
          ],
          [
            0.001583,
            0.004642,
            0.009413
          ],
          [
            -0.000102,
            -0.001457,
            -0.00047
          ],
          [
            -0.001812,
            -0.009,
            0.001752
          ],
          [
            0.002578,
            -0.001563,
            -0.000587
          ],
          [
            0.005973,
            -0.001409,
            -0.011653
          ],
          [
            -0.002068,
            -0.001168,
            0.005399
          ],
          [
            0.00103,
            0.001107,
            -0.004495
          ],
          [
            -0.008199,
            -0.001392,
            -0.001898
          ],
          [
            0.006494,
            0.003863,
            -0.001763
          ],
          [
            0.000737,
            -0.002313,
            -0.005468
          ],
          [
            0.003841,
            0.000182,
            0.0005
          ],
          [
            0.006846,
            -0.004499,
            0.000644
          ],
          [
            -0.017863,
            0.015367,
            -0.031081
          ],
          [
            0.020444,
            -0.011535,
            0.02741
          ],
          [
            0.007305,
            -0.003959,
            0.003876
          ],
          [
            -0.079828,
            0.076533,
            -0.005208
          ],
          [
            -0.038568,
            0.011168,
            0.018968
          ],
          [
            -0.030623,
            -0.000931,
            -0.029104
          ],
          [
            0.009346,
            -0.037562,
            -0.000774
          ],
          [
            0.01191,
            -0.017106,
            -0.000948
          ],
          [
            0.049853,
            -0.022411,
            0.000174
          ],
          [
            -0.014963,
            -0.01286,
            0.012686
          ],
          [
            0.048302,
            -0.063386,
            -0.001095
          ],
          [
            0.059935,
            0.011535,
            -0.002034
          ],
          [
            0.014776,
            0.042681,
            -0.019168
          ],
          [
            -0.002261,
            -0.011391,
            0.007806
          ],
          [
            0.014517,
            0.003214,
            0.016306
          ],
          [
            0.007046,
            -0.006332,
            -0.001596
          ],
          [
            -0.002301,
            0.00286,
            -0.010079
          ],
          [
            -0.018764,
            0.023026,
            -0.022367
          ],
          [
            -0.002404,
            -0.027841,
            -0.011014
          ],
          [
            -0.010581,
            -0.032461,
            -0.002209
          ],
          [
            0.011766,
            -0.017797,
            0.002066
          ],
          [
            0.012183,
            0.005707,
            -0.008949
          ],
          [
            0.008838,
            -0.009425,
            0.019783
          ],
          [
            0.013339,
            -0.033358,
            0.015117
          ],
          [
            0.002491,
            -0.009176,
            -0.004207
          ],
          [
            -0.000586,
            -0.004063,
            -0.003772
          ],
          [
            -0.00304,
            0.004717,
            -0.004439
          ],
          [
            -0.016394,
            -0.006381,
            0.005747
          ],
          [
            0.022533,
            0.008415,
            -0.017895
          ],
          [
            0.006175,
            -0.019665,
            0.020082
          ]
        ],
        "Lattice": [
          [
            8.440733911,
            0.0,
            0.0
          ],
          [
            8.440733911,
            14.619780548,
            0.0
          ],
          [
            0.0,
            0.0,
            21.483230591
          ]
        ],
        "NumAtoms": 102,
        "Positions": [
          [
            4.22079,
            2.43687,
            0.0
          ],
          [
            9.84794,
            12.18339,
            0.0
          ],
          [
            7.03437,
            7.31013,
            0.0
          ],
          [
            7.03437,
            2.43687,
            0.0
          ],
          [
            12.66152,
            12.18339,
            0.0
          ],
          [
            9.84795,
            7.31013,
            0.0
          ],
          [
            1.40721,
            2.43687,
            0.0
          ],
          [
            7.03437,
            12.18339,
            0.0
          ],
          [
            4.22079,
            7.31013,
            0.0
          ],
          [
            2.81385,
            0.0,
            0.0
          ],
          [
            8.44101,
            9.74652,
            0.0
          ],
          [
            5.62743,
            4.87326,
            0.0
          ],
          [
            5.62743,
            0.0,
            0.0
          ],
          [
            11.25459,
            9.74652,
            0.0
          ],
          [
            8.44101,
            4.87326,
            0.0
          ],
          [
            0.00028,
            0.0,
            0.0
          ],
          [
            5.62743,
            9.74652,
            0.0
          ],
          [
            2.81385,
            4.87326,
            0.0
          ],
          [
            7.03462,
            4.06144,
            2.2975
          ],
          [
            12.66177,
            13.80796,
            2.2975
          ],
          [
            9.8482,
            8.9347,
            2.2975
          ],
          [
            9.8482,
            4.06144,
            2.2975
          ],
          [
            15.47535,
            13.80796,
            2.2975
          ],
          [
            12.66177,
            8.9347,
            2.2975
          ],
          [
            4.22104,
            4.06144,
            2.2975
          ],
          [
            9.8482,
            13.80796,
            2.2975
          ],
          [
            7.03462,
            8.9347,
            2.2975
          ],
          [
            5.62769,
            1.62456,
            2.2975
          ],
          [
            11.25484,
            11.37109,
            2.2975
          ],
          [
            8.44127,
            6.49782,
            2.2975
          ],
          [
            8.44127,
            1.62456,
            2.2975
          ],
          [
            14.06842,
            11.37109,
            2.2975
          ],
          [
            11.25484,
            6.49782,
            2.2975
          ],
          [
            2.81411,
            1.62456,
            2.2975
          ],
          [
            8.44127,
            11.37109,
            2.2975
          ],
          [
            5.62769,
            6.49782,
            2.2975
          ],
          [
            1.37201,
            0.85343,
            4.56474
          ],
          [
            7.00094,
            10.61073,
            4.59842
          ],
          [
            4.184,
            5.72514,
            4.56151
          ],
          [
            4.1842,
            0.84531,
            4.56567
          ],
          [
            9.81346,
            10.5991,
            4.57944
          ],
          [
            7.01045,
            5.72064,
            4.58439
          ],
          [
            7.00356,
            0.85399,
            4.56712
          ],
          [
            12.62332,
            10.59267,
            4.57237
          ],
          [
            9.80159,
            5.72583,
            4.5911
          ],
          [
            2.77609,
            3.28821,
            4.57366
          ],
          [
            8.39842,
            13.03087,
            4.59208
          ],
          [
            5.59435,
            8.15902,
            4.55945
          ],
          [
            5.58911,
            3.2831,
            4.57052
          ],
          [
            11.21762,
            13.03391,
            4.56576
          ],
          [
            8.40663,
            8.17055,
            4.57009
          ],
          [
            8.40614,
            3.30281,
            4.5959
          ],
          [
            14.04867,
            13.02271,
            4.58825
          ],
          [
            11.22016,
            8.15971,
            4.56806
          ],
          [
            5.53819,
            0.10505,
            6.87097
          ],
          [
            11.17927,
            9.8262,
            6.90153
          ],
          [
            8.34946,
            4.9612,
            6.95345
          ],
          [
            2.73635,
            0.08112,
            6.89175
          ],
          [
            8.37579,
            9.83421,
            6.90132
          ],
          [
            5.53479,
            4.95168,
            6.86802
          ],
          [
            11.18525,
            4.95524,
            6.87967
          ],
          [
            8.37984,
            0.10084,
            6.88081
          ],
          [
            13.99169,
            9.82385,
            6.87832
          ],
          [
            9.78288,
            2.51303,
            6.89152
          ],
          [
            15.38357,
            12.29922,
            6.96346
          ],
          [
            12.58584,
            7.39748,
            6.88577
          ],
          [
            6.95228,
            2.51265,
            6.88769
          ],
          [
            12.56835,
            12.26366,
            6.87652
          ],
          [
            9.78053,
            7.41118,
            6.88603
          ],
          [
            6.95788,
            7.41913,
            6.87218
          ],
          [
            4.13886,
            2.51858,
            6.89517
          ],
          [
            9.782,
            12.26372,
            6.88893
          ],
          [
            13.61418,
            10.41805,
            10.33524
          ],
          [
            13.36526,
            11.89434,
            10.21956
          ],
          [
            14.63773,
            12.72804,
            10.35593
          ],
          [
            5.8501,
            6.65491,
            10.32243
          ],
          [
            6.12163,
            5.18181,
            10.20937
          ],
          [
            7.57368,
            4.73725,
            10.38986
          ],
          [
            7.71348,
            3.22988,
            10.37323
          ],
          [
            14.39093,
            14.21754,
            10.2473
          ],
          [
            6.33697,
            9.95383,
            10.34277
          ],
          [
            12.53299,
            9.67336,
            10.40328
          ],
          [
            4.70554,
            7.11319,
            10.44663
          ],
          [
            6.93908,
            7.4226,
            10.24087
          ],
          [
            8.45272,
            5.26825,
            9.35221
          ],
          [
            7.19239,
            12.34569,
            9.35211
          ],
          [
            12.77274,
            8.67411,
            10.40366
          ],
          [
            12.60475,
            12.19775,
            10.95513
          ],
          [
            12.90331,
            12.06768,
            9.21686
          ],
          [
            15.11078,
            12.49915,
            11.32872
          ],
          [
            7.36788,
            11.38744,
            9.51193
          ],
          [
            6.68906,
            8.41928,
            10.26893
          ],
          [
            5.76823,
            4.88706,
            9.18861
          ],
          [
            5.45788,
            4.65771,
            10.91305
          ],
          [
            7.96135,
            5.14194,
            11.34073
          ],
          [
            8.37825,
            6.24993,
            9.37521
          ],
          [
            8.77128,
            2.94356,
            10.43896
          ],
          [
            7.16717,
            2.78837,
            11.21851
          ],
          [
            7.30266,
            2.81305,
            9.43535
          ],
          [
            6.89844,
            0.14752,
            10.31229
          ],
          [
            5.27849,
            -0.07005,
            11.05291
          ],
          [
            5.47241,
            -0.14815,
            9.28007
          ]
        ],
        "Stress": [
          [
            -50.08904,
            -0.28838,
            -0.24636
          ],
          [
            -0.28838,
            -49.28899,
            -0.06373
          ],
          [
            -0.24636,
            -0.06373,
            -2.71476
          ]
        ],
        "computation_code": "VASP",
        "pseudopotential_information": [
          [
            "PAW_PBE",
            "Pt",
            "04Feb2005"
          ],
          [
            "PAW_PBE",
            "C",
            "08Apr2002"
          ],
          [
            "PAW_PBE",
            "O",
            "08Apr2002"
          ],
          [
            "PAW_PBE",
            "H",
            "15Jun2001"
          ]
        ]
      }
    ],
    "EnergyStyle": "electronvolt",
    "ForcesStyle": "electronvoltperangstrom",
    "LatticeStyle": "angstrom",
    "PositionsStyle": "angstrom",
    "StressStyle": "kB"
  }
}