{
  "Dataset": {
    "AtomTypeStyle": "chemicalsymbol",
    "Data": [
      {
        "AtomTypes": [
          "Pt",
          "Pt",
          "Pt",
          "Pt",
          "Pt",
          "Pt",
          "Pt",
          "Pt",
          "Pt",
          "Pt",
          "Pt",
          "Pt",
          "Pt",
          "Pt",
          "Pt",
          "Pt",
          "Pt",
          "Pt",
          "Pt",
          "Pt",
          "Pt",
          "Pt",
          "Pt",
          "Pt",
          "Pt",
          "Pt",
          "Pt",
          "Pt",
          "Pt",
          "Pt",
          "Pt",
          "Pt",
          "Pt",
          "Pt",
          "Pt",
          "Pt",
          "Pt",
          "Pt",
          "Pt",
          "Pt",
          "Pt",
          "Pt",
          "Pt",
          "Pt",
          "Pt",
          "Pt",
          "Pt",
          "Pt",
          "Pt",
          "Pt",
          "Pt",
          "Pt",
          "Pt",
          "Pt",
          "Pt",
          "Pt",
          "Pt",
          "Pt",
          "Pt",
          "Pt",
          "Pt",
          "Pt",
          "Pt",
          "Pt",
          "Pt",
          "Pt",
          "Pt",
          "Pt",
          "Pt",
          "Pt",
          "Pt",
          "Pt",
          "C",
          "C",
          "C",
          "C",
          "C",
          "C",
          "C",
          "C",
          "O",
          "O",
          "O",
          "O",
          "O",
          "O",
          "H",
          "H",
          "H",
          "H",
          "H",
          "H",
          "H",
          "H",
          "H",
          "H",
          "H",
          "H",
          "H",
          "H",
          "H",
          "H"
        ],
        "Energy": -377.75993308,
        "Forces": [
          [
            0.018689,
            -0.046042,
            -0.038816
          ],
          [
            0.061455,
            -0.001237,
            -0.045646
          ],
          [
            0.016876,
            -0.054442,
            -0.064478
          ],
          [
            0.024824,
            -0.033645,
            -0.047462
          ],
          [
            0.001044,
            -0.002426,
            -0.064903
          ],
          [
            0.022753,
            -0.008761,
            -0.048988
          ],
          [
            0.027993,
            -0.033107,
            -0.048058
          ],
          [
            0.01699,
            -0.009753,
            -0.038633
          ],
          [
            0.016478,
            0.001879,
            -0.122842
          ],
          [
            0.022055,
            0.005551,
            -0.125626
          ],
          [
            0.0211,
            -0.018299,
            -0.02756
          ],
          [
            0.003399,
            -0.017645,
            -0.029157
          ],
          [
            0.020695,
            -0.03393,
            -0.048073
          ],
          [
            0.027987,
            -0.006087,
            -0.041513
          ],
          [
            0.032869,
            -0.02274,
            -0.032238
          ],
          [
            0.029439,
            -0.039262,
            -0.070417
          ],
          [
            0.021557,
            -0.01993,
            -0.030116
          ],
          [
            0.036309,
            -0.009768,
            -0.047193
          ],
          [
            -0.003139,
            0.084973,
            0.21436
          ],
          [
            -0.004221,
            0.03296,
            0.151113
          ],
          [
            -0.023009,
            -0.001832,
            0.11674
          ],
          [
            -0.045517,
            0.061721,
            0.168882
          ],
          [
            -0.020016,
            -0.022972,
            0.117369
          ],
          [
            0.003448,
            -0.022466,
            0.1447
          ],
          [
            -0.028222,
            0.044884,
            0.15198
          ],
          [
            -0.058866,
            0.014778,
            0.049237
          ],
          [
            -0.018524,
            0.08084,
            0.149366
          ],
          [
            -0.046684,
            0.078449,
            0.09912
          ],
          [
            -0.032805,
            -0.014141,
            0.134549
          ],
          [
            -0.046536,
            -0.037847,
            0.183576
          ],
          [
            -0.024626,
            0.096055,
            0.063199
          ],
          [
            0.05172,
            0.00766,
            0.199076
          ],
          [
            -0.040171,
            -0.003606,
            0.137432
          ],
          [
            -0.017024,
            0.031528,
            0.118149
          ],
          [
            -0.088246,
            0.000338,
            0.180201
          ],
          [
            0.068504,
            -0.000676,
            0.234129
          ],
          [
            0.007549,
            0.018432,
            -0.016063
          ],
          [
            -0.044431,
            0.06027,
            -0.117632
          ],
          [
            -0.039411,
            -0.024851,
            -0.055459
          ],
          [
            0.009114,
            -0.034074,
            -0.035308
          ],
          [
            0.048131,
            -0.010737,
            -0.021655
          ],
          [
            -0.008212,
            -0.027431,
            -0.126557
          ],
          [
            0.032989,
            0.002419,
            0.060918
          ],
          [
            -0.012776,
            -0.020973,
            0.004975
          ],
          [
            0.004722,
            -0.011095,
            -0.091801
          ],
          [
            -0.031496,
            -0.004781,
            -0.033541
          ],
          [
            -0.057262,
            0.007949,
            0.023822
          ],
          [
            -0.06012,
            0.007312,
            -0.070879
          ],
          [
            0.048079,
            -0.05675,
            -0.056247
          ],
          [
            0.035314,
            -0.009869,
            0.031039
          ],
          [
            -0.005467,
            0.001666,
            -0.006649
          ],
          [
            -0.015946,
            -0.071211,
            -0.075407
          ],
          [
            0.088616,
            -0.079686,
            0.134289
          ],
          [
            0.025517,
            0.050972,
            0.000534
          ],
          [
            -0.025755,
            0.067509,
            -0.101005
          ],
          [
            -0.00115,
            -0.009198,
            -0.05933
          ],
          [
            -0.007862,
            0.014482,
            -0.188797
          ],
          [
            -0.037833,
            -0.043134,
            -0.071247
          ],
          [
            0.039518,
            -0.068891,
            -0.11849
          ],
          [
            0.096784,
            -0.066548,
            -0.000471
          ],
          [
            0.017329,
            -0.039158,
            -0.111134
          ],
          [
            0.049875,
            0.049003,
            -0.127749
          ],
          [
            0.00881,
            -0.05706,
            -0.115136
          ],
          [
            -0.014613,
            0.027485,
            -0.028318
          ],
          [
            -0.030408,
            -0.052674,
            -0.22369
          ],
          [
            0.019601,
            -0.02019,
            -0.134941
          ],
          [
            0.054285,
            0.069878,
            0.001038
          ],
          [
            -0.04195,
            -0.019931,
            -0.098406
          ],
          [
            0.002705,
            0.048527,
            -0.074049
          ],
          [
            -0.000499,
            0.014498,
            -0.063513
          ],
          [
            -0.006443,
            0.059202,
            -0.089384
          ],
          [
            0.06096,
            0.013336,
            -0.090336
          ],
          [
            0.013858,
            -0.390075,
            0.146588
          ],
          [
            1.269235,
            -0.351633,
            1.576248
          ],
          [
            -0.920544,
            0.173275,
            0.636442
          ],
          [
            -0.230515,
            -0.483917,
            0.014294
          ],
          [
            -0.280722,
            -0.252015,
            -0.65527
          ],
          [
            -0.863428,
            -0.343842,
            1.181412
          ],
          [
            -0.317968,
            0.342185,
            -1.68731
          ],
          [
            -0.128882,
            1.173054,
            -0.961695
          ],
          [
            -0.662059,
            0.393662,
            0.849713
          ],
          [
            0.355653,
            -0.640194,
            -0.63027
          ],
          [
            0.167349,
            0.333535,
            -0.217513
          ],
          [
            -0.063926,
            -0.387188,
            0.136823
          ],
          [
            -0.255282,
            -0.489599,
            -0.136396
          ],
          [
            -0.088789,
            0.717764,
            -0.094633
          ],
          [
            -0.108479,
            0.566996,
            0.214797
          ],
          [
            0.165267,
            0.063977,
            -0.656921
          ],
          [
            -0.936964,
            0.222222,
            -1.130062
          ],
          [
            0.103079,
            -0.19852,
            -0.083138
          ],
          [
            0.151922,
            -0.655532,
            -0.034321
          ],
          [
            0.101403,
            0.615854,
            -0.181362
          ],
          [
            0.155799,
            0.10819,
            1.204066
          ],
          [
            0.587794,
            0.29665,
            -0.763631
          ],
          [
            0.167766,
            0.186377,
            -0.129314
          ],
          [
            0.157749,
            0.750581,
            0.071754
          ],
          [
            0.638799,
            -0.359966,
            -0.080789
          ],
          [
            -0.387401,
            -0.076497,
            0.80408
          ],
          [
            0.388736,
            0.173794,
            0.428259
          ],
          [
            -0.613633,
            -0.452351,
            -0.259137
          ],
          [
            0.614437,
            -0.314464,
            -0.390653
          ],
          [
            0.57735,
            -0.583673,
            1.327783
          ]
        ],
        "Lattice": [
          [
            8.440733911,
            0.0,
            0.0
          ],
          [
            8.440733911,
            14.619780548,
            0.0
          ],
          [
            0.0,
            0.0,
            21.483230591
          ]
        ],
        "NumAtoms": 102,
        "Positions": [
          [
            4.22079,
            2.43687,
            0.0
          ],
          [
            9.84794,
            12.18339,
            0.0
          ],
          [
            7.03437,
            7.31013,
            0.0
          ],
          [
            7.03437,
            2.43687,
            0.0
          ],
          [
            12.66152,
            12.18339,
            0.0
          ],
          [
            9.84795,
            7.31013,
            0.0
          ],
          [
            1.40721,
            2.43687,
            0.0
          ],
          [
            7.03437,
            12.18339,
            0.0
          ],
          [
            4.22079,
            7.31013,
            0.0
          ],
          [
            2.81385,
            0.0,
            0.0
          ],
          [
            8.44101,
            9.74652,
            0.0
          ],
          [
            5.62743,
            4.87326,
            0.0
          ],
          [
            5.62743,
            0.0,
            0.0
          ],
          [
            11.25459,
            9.74652,
            0.0
          ],
          [
            8.44101,
            4.87326,
            0.0
          ],
          [
            0.00028,
            0.0,
            0.0
          ],
          [
            5.62743,
            9.74652,
            0.0
          ],
          [
            2.81385,
            4.87326,
            0.0
          ],
          [
            7.03462,
            4.06144,
            2.2975
          ],
          [
            12.66177,
            13.80796,
            2.2975
          ],
          [
            9.8482,
            8.9347,
            2.2975
          ],
          [
            9.8482,
            4.06144,
            2.2975
          ],
          [
            15.47535,
            13.80796,
            2.2975
          ],
          [
            12.66177,
            8.9347,
            2.2975
          ],
          [
            4.22104,
            4.06144,
            2.2975
          ],
          [
            9.8482,
            13.80796,
            2.2975
          ],
          [
            7.03462,
            8.9347,
            2.2975
          ],
          [
            5.62769,
            1.62456,
            2.2975
          ],
          [
            11.25484,
            11.37109,
            2.2975
          ],
          [
            8.44127,
            6.49782,
            2.2975
          ],
          [
            8.44127,
            1.62456,
            2.2975
          ],
          [
            14.06842,
            11.37109,
            2.2975
          ],
          [
            11.25484,
            6.49782,
            2.2975
          ],
          [
            2.81411,
            1.62456,
            2.2975
          ],
          [
            8.44127,
            11.37109,
            2.2975
          ],
          [
            5.62769,
            6.49782,
            2.2975
          ],
          [
            1.37207,
            0.82975,
            4.56447
          ],
          [
            6.99959,
            10.58628,
            4.61447
          ],
          [
            4.19593,
            5.73176,
            4.58351
          ],
          [
            4.18506,
            0.84631,
            4.58051
          ],
          [
            9.81185,
            10.57502,
            4.58249
          ],
          [
            7.01656,
            5.69832,
            4.61884
          ],
          [
            6.99325,
            0.83396,
            4.56289
          ],
          [
            12.62382,
            10.58475,
            4.57832
          ],
          [
            9.81216,
            5.70889,
            4.60112
          ],
          [
            2.78687,
            3.28537,
            4.58244
          ],
          [
            8.4036,
            13.00598,
            4.58102
          ],
          [
            5.60205,
            8.14659,
            4.58114
          ],
          [
            5.58137,
            3.28967,
            4.58607
          ],
          [
            11.2183,
            13.02395,
            4.56764
          ],
          [
            8.40934,
            8.14125,
            4.57484
          ],
          [
            8.40919,
            3.2798,
            4.58629
          ],
          [
            14.03755,
            13.01755,
            4.58375
          ],
          [
            11.22448,
            8.14272,
            4.58123
          ],
          [
            5.5362,
            0.05543,
            6.90772
          ],
          [
            11.17803,
            9.79459,
            6.91918
          ],
          [
            8.3585,
            4.88607,
            6.94396
          ],
          [
            2.74251,
            0.04693,
            6.90687
          ],
          [
            8.38043,
            9.80077,
            6.90046
          ],
          [
            5.51878,
            4.93025,
            6.91199
          ],
          [
            11.19225,
            4.92678,
            6.90369
          ],
          [
            8.37422,
            0.05608,
            6.88346
          ],
          [
            13.97748,
            9.80365,
            6.89741
          ],
          [
            9.79297,
            2.45843,
            6.87435
          ],
          [
            15.39024,
            12.27485,
            6.95855
          ],
          [
            12.57829,
            7.37347,
            6.93674
          ],
          [
            6.9382,
            2.46065,
            6.87456
          ],
          [
            12.57278,
            12.23478,
            6.90209
          ],
          [
            9.77702,
            7.3623,
            6.90365
          ],
          [
            6.95628,
            7.37985,
            6.88417
          ],
          [
            4.14236,
            2.47656,
            6.92369
          ],
          [
            9.78664,
            12.2282,
            6.88844
          ],
          [
            14.26837,
            10.14999,
            10.48921
          ],
          [
            13.76397,
            11.56223,
            10.31788
          ],
          [
            14.92073,
            12.59019,
            10.33715
          ],
          [
            6.41385,
            6.41045,
            10.51592
          ],
          [
            6.50926,
            4.93663,
            10.27327
          ],
          [
            7.94082,
            4.34604,
            10.34888
          ],
          [
            7.88746,
            2.82939,
            10.30333
          ],
          [
            14.39896,
            14.01818,
            10.28646
          ],
          [
            6.78859,
            9.67142,
            9.81224
          ],
          [
            13.59872,
            9.45517,
            11.39591
          ],
          [
            5.51245,
            6.90062,
            11.21983
          ],
          [
            7.33906,
            7.13349,
            9.88535
          ],
          [
            8.85119,
            4.85484,
            9.37135
          ],
          [
            7.43097,
            12.33551,
            9.29549
          ],
          [
            5.36079,
            8.40019,
            11.31703
          ],
          [
            13.04681,
            11.75729,
            11.1536
          ],
          [
            13.32289,
            11.5871,
            9.34256
          ],
          [
            15.45368,
            12.50318,
            11.31043
          ],
          [
            7.74012,
            11.41552,
            9.38985
          ],
          [
            7.13459,
            8.12953,
            9.95297
          ],
          [
            6.14024,
            4.7717,
            9.16159
          ],
          [
            5.80954,
            4.42254,
            11.00246
          ],
          [
            8.33859,
            4.60901,
            11.35771
          ],
          [
            8.70094,
            5.81559,
            9.31707
          ],
          [
            8.89518,
            2.4483,
            10.2039
          ],
          [
            7.42459,
            2.38333,
            11.16603
          ],
          [
            7.29733,
            2.48709,
            9.39469
          ],
          [
            6.79631,
            0.11499,
            10.53469
          ],
          [
            13.549,
            14.20403,
            11.00467
          ],
          [
            13.99052,
            14.33026,
            9.21967
          ]
        ],
        "Stress": [
          [
            -65.50595,
            -0.25672,
            -1.17609
          ],
          [
            -0.25672,
            -63.24221,
            0.33496
          ],
          [
            -1.17609,
            0.33496,
            -15.99176
          ]
        ],
        "computation_code": "VASP",
        "pseudopotential_information": [
          [
            "PAW_PBE",
            "Pt",
            "04Feb2005"
          ],
          [
            "PAW_PBE",
            "C",
            "08Apr2002"
          ],
          [
            "PAW_PBE",
            "O",
            "08Apr2002"
          ],
          [
            "PAW_PBE",
            "H",
            "15Jun2001"
          ]
        ]
      }
    ],
    "EnergyStyle": "electronvolt",
    "ForcesStyle": "electronvoltperangstrom",
    "LatticeStyle": "angstrom",
    "PositionsStyle": "angstrom",
    "StressStyle": "kB"
  }
}