{
  "Dataset": {
    "AtomTypeStyle": "chemicalsymbol",
    "Data": [
      {
        "AtomTypes": [
          "Pt",
          "Pt",
          "Pt",
          "Pt",
          "Pt",
          "Pt",
          "Pt",
          "Pt",
          "Pt",
          "Pt",
          "Pt",
          "Pt",
          "Pt",
          "Pt",
          "Pt",
          "Pt",
          "Pt",
          "Pt",
          "Pt",
          "Pt",
          "Pt",
          "Pt",
          "Pt",
          "Pt",
          "Pt",
          "Pt",
          "Pt",
          "Pt",
          "Pt",
          "Pt",
          "Pt",
          "Pt",
          "Pt",
          "Pt",
          "Pt",
          "Pt",
          "Pt",
          "Pt",
          "Pt",
          "Pt",
          "Pt",
          "Pt",
          "Pt",
          "Pt",
          "Pt",
          "Pt",
          "Pt",
          "Pt",
          "Pt",
          "Pt",
          "Pt",
          "Pt",
          "Pt",
          "Pt",
          "Pt",
          "Pt",
          "Pt",
          "Pt",
          "Pt",
          "Pt",
          "Pt",
          "Pt",
          "Pt",
          "Pt",
          "Pt",
          "Pt",
          "Pt",
          "Pt",
          "Pt",
          "Pt",
          "Pt",
          "Pt",
          "C",
          "C",
          "C",
          "C",
          "C",
          "C",
          "C",
          "C",
          "O",
          "O",
          "O",
          "O",
          "O",
          "O",
          "H",
          "H",
          "H",
          "H",
          "H",
          "H",
          "H",
          "H",
          "H",
          "H",
          "H",
          "H",
          "H",
          "H",
          "H",
          "H"
        ],
        "Energy": -379.56103459,
        "Forces": [
          [
            0.018921,
            -0.030018,
            -0.063776
          ],
          [
            0.048063,
            -0.011684,
            -0.068942
          ],
          [
            0.0213,
            -0.059988,
            -0.107603
          ],
          [
            0.030186,
            -0.033688,
            -0.07013
          ],
          [
            0.007737,
            -0.007556,
            -0.076185
          ],
          [
            0.022418,
            -0.031429,
            -0.077493
          ],
          [
            0.024514,
            -0.041514,
            -0.075697
          ],
          [
            0.017155,
            -0.025021,
            -0.073536
          ],
          [
            0.021489,
            -0.010423,
            -0.149584
          ],
          [
            0.01423,
            0.007609,
            -0.150684
          ],
          [
            0.019278,
            -0.042716,
            -0.067994
          ],
          [
            0.006294,
            -0.013811,
            -0.071187
          ],
          [
            0.024983,
            -0.02381,
            -0.072429
          ],
          [
            0.030717,
            -0.024071,
            -0.06166
          ],
          [
            0.035333,
            -0.032519,
            -0.075213
          ],
          [
            0.031865,
            -0.046486,
            -0.116753
          ],
          [
            0.02361,
            -0.031453,
            -0.059182
          ],
          [
            0.037983,
            -0.006068,
            -0.082166
          ],
          [
            0.015558,
            0.057259,
            0.142843
          ],
          [
            0.003681,
            -0.007066,
            0.104175
          ],
          [
            -0.039353,
            0.045545,
            0.065379
          ],
          [
            -0.073895,
            0.054409,
            0.147055
          ],
          [
            -0.019966,
            -0.015219,
            0.119282
          ],
          [
            -0.038382,
            0.021274,
            0.015359
          ],
          [
            -0.042411,
            0.018478,
            0.052781
          ],
          [
            -0.084741,
            0.019797,
            0.075909
          ],
          [
            -0.016247,
            0.099249,
            0.080966
          ],
          [
            -0.029612,
            0.037893,
            0.043107
          ],
          [
            -0.034208,
            0.022553,
            0.070704
          ],
          [
            -0.034783,
            0.002768,
            0.114959
          ],
          [
            -0.031783,
            0.110057,
            0.096138
          ],
          [
            0.009539,
            0.053399,
            0.149575
          ],
          [
            -0.076192,
            0.013284,
            0.064316
          ],
          [
            -0.034133,
            0.022596,
            0.06655
          ],
          [
            -0.065926,
            0.059081,
            0.163469
          ],
          [
            0.008651,
            0.010353,
            0.050184
          ],
          [
            -0.000776,
            0.004769,
            0.005949
          ],
          [
            0.001757,
            -0.005326,
            0.004113
          ],
          [
            -0.001423,
            -0.00037,
            0.005171
          ],
          [
            0.004928,
            0.001671,
            -4.3e-05
          ],
          [
            -0.005048,
            6.8e-05,
            0.000181
          ],
          [
            0.003824,
            0.002989,
            0.002005
          ],
          [
            0.003296,
            -0.000696,
            0.010837
          ],
          [
            0.006464,
            0.005937,
            -0.000947
          ],
          [
            -0.00474,
            0.001368,
            0.006054
          ],
          [
            -0.001147,
            -0.0037,
            0.002404
          ],
          [
            0.00242,
            0.001333,
            0.000746
          ],
          [
            -0.002415,
            -0.000802,
            0.004386
          ],
          [
            0.001274,
            0.003711,
            0.00363
          ],
          [
            0.010038,
            -0.009411,
            0.003528
          ],
          [
            -0.001714,
            0.002146,
            0.002513
          ],
          [
            -0.00173,
            0.003544,
            0.005063
          ],
          [
            -7.4e-05,
            0.004471,
            -0.008352
          ],
          [
            3.7e-05,
            0.000314,
            0.000148
          ],
          [
            -0.001784,
            -0.003791,
            0.009282
          ],
          [
            0.002716,
            0.003167,
            -0.018101
          ],
          [
            -0.004222,
            0.015653,
            0.011496
          ],
          [
            0.003336,
            -0.004565,
            -0.014395
          ],
          [
            0.003753,
            -0.00252,
            0.022023
          ],
          [
            0.007795,
            0.007436,
            0.002017
          ],
          [
            -0.002948,
            -0.004411,
            0.00652
          ],
          [
            0.012074,
            -0.001346,
            0.01536
          ],
          [
            0.003535,
            -0.002214,
            0.009668
          ],
          [
            -0.006864,
            0.010926,
            -0.003063
          ],
          [
            -0.000903,
            -0.002729,
            -0.006306
          ],
          [
            0.002292,
            -0.010945,
            0.007725
          ],
          [
            0.00837,
            0.004672,
            -0.009971
          ],
          [
            0.018291,
            0.001463,
            0.002179
          ],
          [
            -0.002093,
            -0.009446,
            0.000344
          ],
          [
            0.004843,
            -0.008969,
            -0.012659
          ],
          [
            0.004779,
            0.005529,
            0.002128
          ],
          [
            -0.018311,
            -2.4e-05,
            -0.001536
          ],
          [
            0.031127,
            0.096045,
            -0.000379
          ],
          [
            -0.09734,
            0.005429,
            -0.059588
          ],
          [
            -0.01191,
            -0.004941,
            -0.013666
          ],
          [
            -0.007244,
            -0.071875,
            0.008228
          ],
          [
            -0.049306,
            0.028698,
            -0.001938
          ],
          [
            0.047724,
            0.010076,
            0.018562
          ],
          [
            0.029219,
            0.034639,
            -0.013074
          ],
          [
            0.061633,
            -0.014436,
            -0.029464
          ],
          [
            0.019358,
            -0.061179,
            0.010872
          ],
          [
            -0.018409,
            0.012403,
            0.031742
          ],
          [
            -0.001578,
            -0.007049,
            0.006072
          ],
          [
            0.02074,
            -0.00757,
            0.003968
          ],
          [
            -0.020658,
            0.09779,
            -0.051078
          ],
          [
            0.032723,
            0.060148,
            -0.034821
          ],
          [
            0.003005,
            -0.05069,
            0.019622
          ],
          [
            0.033524,
            -0.025371,
            -0.027324
          ],
          [
            0.006325,
            -0.000518,
            0.033901
          ],
          [
            -0.001737,
            -0.014835,
            -0.006477
          ],
          [
            0.016886,
            -0.028301,
            -0.007936
          ],
          [
            0.007541,
            0.000437,
            0.029049
          ],
          [
            -0.011257,
            -0.013994,
            0.001412
          ],
          [
            -0.022042,
            0.007389,
            -0.038886
          ],
          [
            0.01924,
            -0.016336,
            -0.008228
          ],
          [
            0.02728,
            -0.12958,
            0.024149
          ],
          [
            0.001206,
            -0.010996,
            0.003232
          ],
          [
            -0.013282,
            -0.011662,
            0.008665
          ],
          [
            0.000216,
            -0.04736,
            -0.039358
          ],
          [
            -0.007953,
            0.000546,
            -0.016363
          ],
          [
            -0.011626,
            -0.045085,
            0.001362
          ],
          [
            0.01509,
            0.037205,
            -0.024889
          ]
        ],
        "Lattice": [
          [
            8.440733911,
            0.0,
            0.0
          ],
          [
            8.440733911,
            14.619780548,
            0.0
          ],
          [
            0.0,
            0.0,
            21.483230591
          ]
        ],
        "NumAtoms": 102,
        "Positions": [
          [
            4.22079,
            2.43687,
            0.0
          ],
          [
            9.84794,
            12.18339,
            0.0
          ],
          [
            7.03437,
            7.31013,
            0.0
          ],
          [
            7.03437,
            2.43687,
            0.0
          ],
          [
            12.66152,
            12.18339,
            0.0
          ],
          [
            9.84795,
            7.31013,
            0.0
          ],
          [
            1.40721,
            2.43687,
            0.0
          ],
          [
            7.03437,
            12.18339,
            0.0
          ],
          [
            4.22079,
            7.31013,
            0.0
          ],
          [
            2.81385,
            0.0,
            0.0
          ],
          [
            8.44101,
            9.74652,
            0.0
          ],
          [
            5.62743,
            4.87326,
            0.0
          ],
          [
            5.62743,
            0.0,
            0.0
          ],
          [
            11.25459,
            9.74652,
            0.0
          ],
          [
            8.44101,
            4.87326,
            0.0
          ],
          [
            0.00028,
            0.0,
            0.0
          ],
          [
            5.62743,
            9.74652,
            0.0
          ],
          [
            2.81385,
            4.87326,
            0.0
          ],
          [
            7.03462,
            4.06144,
            2.2975
          ],
          [
            12.66177,
            13.80796,
            2.2975
          ],
          [
            9.8482,
            8.9347,
            2.2975
          ],
          [
            9.8482,
            4.06144,
            2.2975
          ],
          [
            15.47535,
            13.80796,
            2.2975
          ],
          [
            12.66177,
            8.9347,
            2.2975
          ],
          [
            4.22104,
            4.06144,
            2.2975
          ],
          [
            9.8482,
            13.80796,
            2.2975
          ],
          [
            7.03462,
            8.9347,
            2.2975
          ],
          [
            5.62769,
            1.62456,
            2.2975
          ],
          [
            11.25484,
            11.37109,
            2.2975
          ],
          [
            8.44127,
            6.49782,
            2.2975
          ],
          [
            8.44127,
            1.62456,
            2.2975
          ],
          [
            14.06842,
            11.37109,
            2.2975
          ],
          [
            11.25484,
            6.49782,
            2.2975
          ],
          [
            2.81411,
            1.62456,
            2.2975
          ],
          [
            8.44127,
            11.37109,
            2.2975
          ],
          [
            5.62769,
            6.49782,
            2.2975
          ],
          [
            1.36894,
            0.85108,
            4.56574
          ],
          [
            6.99834,
            10.61145,
            4.59708
          ],
          [
            4.18305,
            5.7234,
            4.56262
          ],
          [
            4.18072,
            0.84374,
            4.56765
          ],
          [
            9.81228,
            10.59936,
            4.57905
          ],
          [
            7.00814,
            5.71606,
            4.58454
          ],
          [
            6.99971,
            0.85141,
            4.5672
          ],
          [
            12.62034,
            10.59408,
            4.57351
          ],
          [
            9.80151,
            5.72246,
            4.59113
          ],
          [
            2.77498,
            3.28661,
            4.57451
          ],
          [
            8.39479,
            13.02919,
            4.59301
          ],
          [
            5.59327,
            8.15864,
            4.55805
          ],
          [
            5.58738,
            3.27958,
            4.5712
          ],
          [
            11.21371,
            13.03577,
            4.56761
          ],
          [
            8.4057,
            8.16802,
            4.56852
          ],
          [
            8.40474,
            3.29816,
            4.5972
          ],
          [
            14.04305,
            13.02254,
            4.59072
          ],
          [
            11.21955,
            8.16009,
            4.56669
          ],
          [
            5.53419,
            0.10119,
            6.87583
          ],
          [
            11.17477,
            9.82497,
            6.9034
          ],
          [
            8.34837,
            4.9533,
            6.95192
          ],
          [
            2.73015,
            0.08089,
            6.89704
          ],
          [
            8.36986,
            9.83427,
            6.89584
          ],
          [
            5.53167,
            4.94616,
            6.86988
          ],
          [
            11.18298,
            4.95317,
            6.88175
          ],
          [
            8.37044,
            0.09629,
            6.88124
          ],
          [
            13.98684,
            9.82416,
            6.8763
          ],
          [
            9.77985,
            2.50819,
            6.89458
          ],
          [
            15.37766,
            12.29744,
            6.96811
          ],
          [
            12.58217,
            7.39599,
            6.88353
          ],
          [
            6.94728,
            2.50866,
            6.89195
          ],
          [
            12.56081,
            12.26322,
            6.88254
          ],
          [
            9.77882,
            7.40959,
            6.8827
          ],
          [
            6.95454,
            7.41562,
            6.8674
          ],
          [
            4.13514,
            2.51473,
            6.8973
          ],
          [
            9.77724,
            12.26215,
            6.89249
          ],
          [
            13.58434,
            10.44154,
            10.3223
          ],
          [
            13.34071,
            11.92192,
            10.27376
          ],
          [
            14.61183,
            12.75536,
            10.41939
          ],
          [
            5.84132,
            6.6968,
            10.28995
          ],
          [
            6.1187,
            5.21951,
            10.23616
          ],
          [
            7.57098,
            4.7803,
            10.41208
          ],
          [
            7.70418,
            3.27058,
            10.40661
          ],
          [
            14.35342,
            14.24334,
            10.30352
          ],
          [
            6.3076,
            9.97707,
            10.2994
          ],
          [
            12.50376,
            9.6966,
            10.36023
          ],
          [
            4.69628,
            7.14831,
            10.42215
          ],
          [
            6.92258,
            7.46597,
            10.14994
          ],
          [
            8.4491,
            5.29951,
            9.36871
          ],
          [
            7.16267,
            12.37429,
            9.41569
          ],
          [
            12.74871,
            8.69988,
            10.34565
          ],
          [
            12.58471,
            12.19927,
            11.02596
          ],
          [
            12.87167,
            12.12986,
            9.27964
          ],
          [
            15.08004,
            12.53592,
            11.39611
          ],
          [
            7.31594,
            11.40997,
            9.56039
          ],
          [
            6.66402,
            8.46127,
            10.1672
          ],
          [
            5.74868,
            4.87764,
            9.23828
          ],
          [
            5.47765,
            4.72746,
            10.98297
          ],
          [
            7.95904,
            5.19159,
            11.36145
          ],
          [
            8.35521,
            6.28216,
            9.36427
          ],
          [
            8.76255,
            2.98057,
            10.43436
          ],
          [
            7.18791,
            2.83876,
            11.27454
          ],
          [
            7.25572,
            2.85526,
            9.48796
          ],
          [
            6.86249,
            0.17399,
            10.32154
          ],
          [
            5.27955,
            -0.0223,
            11.12985
          ],
          [
            5.39446,
            -0.14711,
            9.35421
          ]
        ],
        "Stress": [
          [
            -50.14157,
            -0.28504,
            -0.19994
          ],
          [
            -0.28504,
            -49.32872,
            -0.24404
          ],
          [
            -0.19994,
            -0.24404,
            -3.1735
          ]
        ],
        "computation_code": "VASP",
        "pseudopotential_information": [
          [
            "PAW_PBE",
            "Pt",
            "04Feb2005"
          ],
          [
            "PAW_PBE",
            "C",
            "08Apr2002"
          ],
          [
            "PAW_PBE",
            "O",
            "08Apr2002"
          ],
          [
            "PAW_PBE",
            "H",
            "15Jun2001"
          ]
        ]
      }
    ],
    "EnergyStyle": "electronvolt",
    "ForcesStyle": "electronvoltperangstrom",
    "LatticeStyle": "angstrom",
    "PositionsStyle": "angstrom",
    "StressStyle": "kB"
  }
}