{
  "Dataset": {
    "AtomTypeStyle": "chemicalsymbol",
    "Data": [
      {
        "AtomTypes": [
          "Pt",
          "Pt",
          "Pt",
          "Pt",
          "Pt",
          "Pt",
          "Pt",
          "Pt",
          "Pt",
          "Pt",
          "Pt",
          "Pt",
          "Pt",
          "Pt",
          "Pt",
          "Pt",
          "Pt",
          "Pt",
          "Pt",
          "Pt",
          "Pt",
          "Pt",
          "Pt",
          "Pt",
          "Pt",
          "Pt",
          "Pt",
          "Pt",
          "Pt",
          "Pt",
          "Pt",
          "Pt",
          "Pt",
          "Pt",
          "Pt",
          "Pt",
          "Pt",
          "Pt",
          "Pt",
          "Pt",
          "Pt",
          "Pt",
          "Pt",
          "Pt",
          "Pt",
          "Pt",
          "Pt",
          "Pt",
          "Pt",
          "Pt",
          "Pt",
          "Pt",
          "Pt",
          "Pt",
          "Pt",
          "Pt",
          "Pt",
          "Pt",
          "Pt",
          "Pt",
          "Pt",
          "Pt",
          "Pt",
          "Pt",
          "Pt",
          "Pt",
          "Pt",
          "Pt",
          "Pt",
          "Pt",
          "Pt",
          "Pt",
          "C",
          "C",
          "C",
          "C",
          "C",
          "C",
          "C",
          "C",
          "O",
          "O",
          "O",
          "O",
          "O",
          "O",
          "H",
          "H",
          "H",
          "H",
          "H",
          "H",
          "H",
          "H",
          "H",
          "H",
          "H",
          "H",
          "H",
          "H",
          "H",
          "H"
        ],
        "Energy": -379.60029457,
        "Forces": [
          [
            0.007989,
            -0.028232,
            -0.061669
          ],
          [
            0.044231,
            -0.008207,
            -0.07108
          ],
          [
            0.015549,
            -0.05629,
            -0.108748
          ],
          [
            0.022704,
            -0.033675,
            -0.066805
          ],
          [
            -0.001738,
            -0.003089,
            -0.076421
          ],
          [
            0.016726,
            -0.023306,
            -0.075183
          ],
          [
            0.02087,
            -0.040269,
            -0.075163
          ],
          [
            0.009877,
            -0.023332,
            -0.076465
          ],
          [
            0.018586,
            -4.8e-05,
            -0.153981
          ],
          [
            0.004889,
            0.011463,
            -0.161404
          ],
          [
            0.015851,
            -0.03655,
            -0.069084
          ],
          [
            -0.001868,
            -0.006251,
            -0.064271
          ],
          [
            0.017011,
            -0.027138,
            -0.069621
          ],
          [
            0.024653,
            -0.017532,
            -0.064094
          ],
          [
            0.032011,
            -0.026267,
            -0.070978
          ],
          [
            0.024667,
            -0.048925,
            -0.117847
          ],
          [
            0.016735,
            -0.026117,
            -0.060811
          ],
          [
            0.031389,
            0.000188,
            -0.078936
          ],
          [
            0.027794,
            0.055703,
            0.134315
          ],
          [
            0.024904,
            -0.0123,
            0.103684
          ],
          [
            -0.025683,
            0.030013,
            0.061981
          ],
          [
            -0.060019,
            0.054919,
            0.1481
          ],
          [
            -0.006964,
            -0.022146,
            0.114141
          ],
          [
            -0.024488,
            0.003569,
            0.017988
          ],
          [
            -0.030673,
            0.014914,
            0.053231
          ],
          [
            -0.063335,
            0.016333,
            0.061244
          ],
          [
            -0.007281,
            0.08583,
            0.070212
          ],
          [
            -0.012733,
            0.036015,
            0.033345
          ],
          [
            -0.020842,
            0.012583,
            0.057368
          ],
          [
            -0.021315,
            -0.011456,
            0.11815
          ],
          [
            -0.015954,
            0.101269,
            0.077268
          ],
          [
            0.029814,
            0.047861,
            0.144708
          ],
          [
            -0.066518,
            0.001039,
            0.078929
          ],
          [
            -0.016363,
            0.012137,
            0.06182
          ],
          [
            -0.058029,
            0.051951,
            0.152679
          ],
          [
            0.02202,
            0.001515,
            0.058198
          ],
          [
            0.003037,
            -0.003691,
            -0.002042
          ],
          [
            -0.003617,
            -0.001014,
            -0.004861
          ],
          [
            -0.001391,
            -0.002946,
            -0.00516
          ],
          [
            -0.003483,
            -0.001062,
            -0.003217
          ],
          [
            0.002152,
            0.000254,
            0.001344
          ],
          [
            -0.001815,
            -0.001089,
            0.0003
          ],
          [
            -0.002429,
            0.002332,
            -0.001229
          ],
          [
            0.002035,
            -0.001034,
            -0.002792
          ],
          [
            0.003646,
            0.003164,
            -0.004874
          ],
          [
            -9e-06,
            -0.003656,
            -0.003724
          ],
          [
            0.000197,
            -0.00113,
            0.001524
          ],
          [
            -0.005114,
            0.002933,
            0.00025
          ],
          [
            -0.001251,
            -0.005895,
            -0.004834
          ],
          [
            0.002882,
            -0.005379,
            0.00055
          ],
          [
            0.002883,
            -0.000263,
            -0.000311
          ],
          [
            0.000436,
            -0.004227,
            -0.004015
          ],
          [
            -0.004356,
            -0.001524,
            0.001109
          ],
          [
            -0.001091,
            0.003048,
            -0.000904
          ],
          [
            -0.005694,
            -0.001202,
            -0.00295
          ],
          [
            0.000681,
            -0.003748,
            0.005806
          ],
          [
            -0.002646,
            -0.000532,
            -0.002663
          ],
          [
            -0.000493,
            -0.005882,
            0.000816
          ],
          [
            0.003995,
            -0.000744,
            0.003286
          ],
          [
            -0.001987,
            -0.001785,
            -0.003526
          ],
          [
            0.002031,
            -0.00536,
            -0.005661
          ],
          [
            0.004598,
            7.1e-05,
            -0.003621
          ],
          [
            -0.007419,
            0.001441,
            0.001225
          ],
          [
            -0.000272,
            -0.00394,
            -0.005392
          ],
          [
            -0.000624,
            0.004207,
            -0.001849
          ],
          [
            -0.000814,
            0.004518,
            -5.3e-05
          ],
          [
            -0.002313,
            -0.002852,
            -0.006153
          ],
          [
            0.002138,
            -0.000509,
            -0.000453
          ],
          [
            -0.003711,
            0.000262,
            0.000714
          ],
          [
            -0.001803,
            -0.000116,
            -0.002162
          ],
          [
            -0.003771,
            -0.001934,
            0.004238
          ],
          [
            0.001172,
            -0.00277,
            0.001364
          ],
          [
            0.000205,
            -0.013663,
            -0.018235
          ],
          [
            0.002813,
            -0.008274,
            0.012678
          ],
          [
            -0.003452,
            -0.021226,
            -0.016919
          ],
          [
            -0.005743,
            -0.005958,
            -0.012191
          ],
          [
            0.001803,
            0.008067,
            -0.012113
          ],
          [
            -0.003613,
            -0.000126,
            0.001386
          ],
          [
            -0.007336,
            0.004275,
            0.006435
          ],
          [
            -3e-06,
            -0.018975,
            -0.007515
          ],
          [
            -0.015706,
            0.002774,
            -0.00089
          ],
          [
            0.018079,
            0.028917,
            0.013833
          ],
          [
            0.001251,
            -0.009004,
            -0.006395
          ],
          [
            0.009173,
            0.000349,
            -0.001458
          ],
          [
            -0.014676,
            0.005776,
            0.021118
          ],
          [
            -0.00563,
            -0.017295,
            0.022747
          ],
          [
            0.006358,
            -0.004615,
            0.003119
          ],
          [
            -0.004956,
            -0.003571,
            -0.003447
          ],
          [
            -0.001905,
            -0.006824,
            0.007751
          ],
          [
            0.007477,
            -0.003161,
            0.000515
          ],
          [
            0.000837,
            0.024782,
            -0.013252
          ],
          [
            -0.001445,
            0.000854,
            0.007237
          ],
          [
            0.00175,
            0.004974,
            0.002917
          ],
          [
            -0.006406,
            -0.004855,
            0.011166
          ],
          [
            0.008346,
            0.002657,
            -0.006456
          ],
          [
            0.007214,
            -0.013227,
            -0.010221
          ],
          [
            0.016933,
            -0.008912,
            -0.000987
          ],
          [
            0.005193,
            -0.000156,
            0.003476
          ],
          [
            0.002454,
            -0.005605,
            -0.005233
          ],
          [
            0.010469,
            0.01042,
            0.005932
          ],
          [
            -0.003987,
            0.007366,
            0.007747
          ],
          [
            0.004249,
            0.000115,
            0.012375
          ]
        ],
        "Lattice": [
          [
            8.440733911,
            0.0,
            0.0
          ],
          [
            8.440733911,
            14.619780548,
            0.0
          ],
          [
            0.0,
            0.0,
            21.483230591
          ]
        ],
        "NumAtoms": 102,
        "Positions": [
          [
            4.22079,
            2.43687,
            0.0
          ],
          [
            9.84794,
            12.18339,
            0.0
          ],
          [
            7.03437,
            7.31013,
            0.0
          ],
          [
            7.03437,
            2.43687,
            0.0
          ],
          [
            12.66152,
            12.18339,
            0.0
          ],
          [
            9.84795,
            7.31013,
            0.0
          ],
          [
            1.40721,
            2.43687,
            0.0
          ],
          [
            7.03437,
            12.18339,
            0.0
          ],
          [
            4.22079,
            7.31013,
            0.0
          ],
          [
            2.81385,
            0.0,
            0.0
          ],
          [
            8.44101,
            9.74652,
            0.0
          ],
          [
            5.62743,
            4.87326,
            0.0
          ],
          [
            5.62743,
            0.0,
            0.0
          ],
          [
            11.25459,
            9.74652,
            0.0
          ],
          [
            8.44101,
            4.87326,
            0.0
          ],
          [
            0.00028,
            0.0,
            0.0
          ],
          [
            5.62743,
            9.74652,
            0.0
          ],
          [
            2.81385,
            4.87326,
            0.0
          ],
          [
            7.03462,
            4.06144,
            2.2975
          ],
          [
            12.66177,
            13.80796,
            2.2975
          ],
          [
            9.8482,
            8.9347,
            2.2975
          ],
          [
            9.8482,
            4.06144,
            2.2975
          ],
          [
            15.47535,
            13.80796,
            2.2975
          ],
          [
            12.66177,
            8.9347,
            2.2975
          ],
          [
            4.22104,
            4.06144,
            2.2975
          ],
          [
            9.8482,
            13.80796,
            2.2975
          ],
          [
            7.03462,
            8.9347,
            2.2975
          ],
          [
            5.62769,
            1.62456,
            2.2975
          ],
          [
            11.25484,
            11.37109,
            2.2975
          ],
          [
            8.44127,
            6.49782,
            2.2975
          ],
          [
            8.44127,
            1.62456,
            2.2975
          ],
          [
            14.06842,
            11.37109,
            2.2975
          ],
          [
            11.25484,
            6.49782,
            2.2975
          ],
          [
            2.81411,
            1.62456,
            2.2975
          ],
          [
            8.44127,
            11.37109,
            2.2975
          ],
          [
            5.62769,
            6.49782,
            2.2975
          ],
          [
            1.3816,
            0.84706,
            4.5635
          ],
          [
            7.01083,
            10.59837,
            4.5944
          ],
          [
            4.19189,
            5.71724,
            4.56459
          ],
          [
            4.19446,
            0.8401,
            4.56576
          ],
          [
            9.82325,
            10.58899,
            4.57581
          ],
          [
            7.01915,
            5.70812,
            4.58699
          ],
          [
            7.013,
            0.84474,
            4.56499
          ],
          [
            12.63283,
            10.5844,
            4.5706
          ],
          [
            9.81016,
            5.71479,
            4.59537
          ],
          [
            2.78644,
            3.28298,
            4.57401
          ],
          [
            8.40877,
            13.02161,
            4.58868
          ],
          [
            5.60335,
            8.14605,
            4.55923
          ],
          [
            5.59767,
            3.27642,
            4.57026
          ],
          [
            11.22847,
            13.02966,
            4.56337
          ],
          [
            8.41529,
            8.15597,
            4.5684
          ],
          [
            8.41612,
            3.29281,
            4.59369
          ],
          [
            14.05904,
            13.01415,
            4.59002
          ],
          [
            11.2293,
            8.14947,
            4.56773
          ],
          [
            5.55879,
            0.08525,
            6.86817
          ],
          [
            11.20023,
            9.80523,
            6.89825
          ],
          [
            8.37047,
            4.93733,
            6.95389
          ],
          [
            2.75677,
            0.06543,
            6.89093
          ],
          [
            8.39853,
            9.8068,
            6.8919
          ],
          [
            5.55245,
            4.93356,
            6.87162
          ],
          [
            11.20512,
            4.93769,
            6.88609
          ],
          [
            8.40017,
            0.08013,
            6.87587
          ],
          [
            14.01051,
            9.79861,
            6.87234
          ],
          [
            9.80473,
            2.49375,
            6.88942
          ],
          [
            15.40816,
            12.27106,
            6.95462
          ],
          [
            12.60416,
            7.37642,
            6.88982
          ],
          [
            6.97118,
            2.4926,
            6.88127
          ],
          [
            12.58696,
            12.24329,
            6.87499
          ],
          [
            9.80111,
            7.38956,
            6.88827
          ],
          [
            6.9778,
            7.39501,
            6.87377
          ],
          [
            4.15915,
            2.5014,
            6.8958
          ],
          [
            9.8074,
            12.24334,
            6.88146
          ],
          [
            13.70744,
            10.31372,
            10.3302
          ],
          [
            13.46037,
            11.79135,
            10.22106
          ],
          [
            14.7365,
            12.62295,
            10.32719
          ],
          [
            5.91548,
            6.55025,
            10.34527
          ],
          [
            6.16208,
            5.07525,
            10.20953
          ],
          [
            7.60654,
            4.59814,
            10.36769
          ],
          [
            7.71297,
            3.08906,
            10.29544
          ],
          [
            14.49342,
            14.11119,
            10.21054
          ],
          [
            6.42916,
            9.84376,
            10.29882
          ],
          [
            12.62652,
            9.57375,
            10.44029
          ],
          [
            4.78314,
            7.01826,
            10.52079
          ],
          [
            7.01027,
            7.30594,
            10.22046
          ],
          [
            8.49536,
            5.15602,
            9.35004
          ],
          [
            7.26687,
            12.22766,
            9.30438
          ],
          [
            12.86375,
            8.57375,
            10.45424
          ],
          [
            12.721,
            12.09489,
            10.97742
          ],
          [
            12.97575,
            11.96902,
            9.22999
          ],
          [
            15.22976,
            12.40266,
            11.29044
          ],
          [
            7.41843,
            11.26025,
            9.44801
          ],
          [
            6.77003,
            8.30434,
            10.24382
          ],
          [
            5.79849,
            4.80102,
            9.18589
          ],
          [
            5.49588,
            4.55046,
            10.90848
          ],
          [
            8.00406,
            4.95484,
            11.33463
          ],
          [
            8.43107,
            6.13621,
            9.4163
          ],
          [
            8.76315,
            2.7738,
            10.33917
          ],
          [
            7.16091,
            2.62951,
            11.1273
          ],
          [
            7.2816,
            2.71702,
            9.34671
          ],
          [
            7.00625,
            0.03376,
            10.22193
          ],
          [
            5.4249,
            -0.15908,
            11.04239
          ],
          [
            5.53037,
            -0.26675,
            9.26421
          ]
        ],
        "Stress": [
          [
            -49.7689,
            -0.32937,
            -0.51955
          ],
          [
            -0.32937,
            -48.96459,
            0.23268
          ],
          [
            -0.51955,
            0.23268,
            -2.40765
          ]
        ],
        "computation_code": "VASP",
        "pseudopotential_information": [
          [
            "PAW_PBE",
            "Pt",
            "04Feb2005"
          ],
          [
            "PAW_PBE",
            "C",
            "08Apr2002"
          ],
          [
            "PAW_PBE",
            "O",
            "08Apr2002"
          ],
          [
            "PAW_PBE",
            "H",
            "15Jun2001"
          ]
        ]
      }
    ],
    "EnergyStyle": "electronvolt",
    "ForcesStyle": "electronvoltperangstrom",
    "LatticeStyle": "angstrom",
    "PositionsStyle": "angstrom",
    "StressStyle": "kB"
  }
}