{
  "Dataset": {
    "AtomTypeStyle": "chemicalsymbol",
    "Data": [
      {
        "AtomTypes": [
          "Pt",
          "Pt",
          "Pt",
          "Pt",
          "Pt",
          "Pt",
          "Pt",
          "Pt",
          "Pt",
          "Pt",
          "Pt",
          "Pt",
          "Pt",
          "Pt",
          "Pt",
          "Pt",
          "Pt",
          "Pt",
          "Pt",
          "Pt",
          "Pt",
          "Pt",
          "Pt",
          "Pt",
          "Pt",
          "Pt",
          "Pt",
          "Pt",
          "Pt",
          "Pt",
          "Pt",
          "Pt",
          "Pt",
          "Pt",
          "Pt",
          "Pt",
          "Pt",
          "Pt",
          "Pt",
          "Pt",
          "Pt",
          "Pt",
          "Pt",
          "Pt",
          "Pt",
          "Pt",
          "Pt",
          "Pt",
          "Pt",
          "Pt",
          "Pt",
          "Pt",
          "Pt",
          "Pt",
          "Pt",
          "Pt",
          "Pt",
          "Pt",
          "Pt",
          "Pt",
          "Pt",
          "Pt",
          "Pt",
          "Pt",
          "Pt",
          "Pt",
          "Pt",
          "Pt",
          "Pt",
          "Pt",
          "Pt",
          "Pt",
          "C",
          "C",
          "C",
          "C",
          "C",
          "C",
          "C",
          "C",
          "O",
          "O",
          "O",
          "O",
          "O",
          "O",
          "H",
          "H",
          "H",
          "H",
          "H",
          "H",
          "H",
          "H",
          "H",
          "H",
          "H",
          "H",
          "H",
          "H",
          "H",
          "H"
        ],
        "Energy": -379.58465982,
        "Forces": [
          [
            0.013902,
            -0.031705,
            -0.064928
          ],
          [
            0.048295,
            -0.010162,
            -0.071976
          ],
          [
            0.019958,
            -0.062097,
            -0.109846
          ],
          [
            0.027274,
            -0.038293,
            -0.068
          ],
          [
            0.003372,
            -0.005115,
            -0.077883
          ],
          [
            0.019746,
            -0.030898,
            -0.077205
          ],
          [
            0.025191,
            -0.044291,
            -0.077654
          ],
          [
            0.014959,
            -0.027071,
            -0.075885
          ],
          [
            0.021307,
            -0.00938,
            -0.152222
          ],
          [
            0.010292,
            0.007805,
            -0.157641
          ],
          [
            0.018896,
            -0.04294,
            -0.069341
          ],
          [
            0.003319,
            -0.013335,
            -0.06795
          ],
          [
            0.023054,
            -0.028266,
            -0.073077
          ],
          [
            0.029345,
            -0.022232,
            -0.061192
          ],
          [
            0.036066,
            -0.034126,
            -0.075088
          ],
          [
            0.028628,
            -0.049751,
            -0.119421
          ],
          [
            0.021692,
            -0.03061,
            -0.05917
          ],
          [
            0.035735,
            -0.005854,
            -0.080795
          ],
          [
            0.018344,
            0.06208,
            0.132574
          ],
          [
            0.009046,
            -0.010983,
            0.095948
          ],
          [
            -0.035924,
            0.045219,
            0.063254
          ],
          [
            -0.071747,
            0.060905,
            0.139419
          ],
          [
            -0.013129,
            -0.011627,
            0.115399
          ],
          [
            -0.036513,
            0.019801,
            0.010591
          ],
          [
            -0.040119,
            0.021461,
            0.045664
          ],
          [
            -0.073363,
            0.017797,
            0.068253
          ],
          [
            -0.015268,
            0.10214,
            0.079786
          ],
          [
            -0.018469,
            0.03936,
            0.035208
          ],
          [
            -0.030587,
            0.019544,
            0.06243
          ],
          [
            -0.030962,
            0.005807,
            0.110286
          ],
          [
            -0.028626,
            0.106684,
            0.087097
          ],
          [
            0.022663,
            0.049095,
            0.147828
          ],
          [
            -0.073702,
            0.015896,
            0.068024
          ],
          [
            -0.030056,
            0.019522,
            0.055694
          ],
          [
            -0.06874,
            0.05805,
            0.163503
          ],
          [
            0.010388,
            0.013256,
            0.049856
          ],
          [
            0.004146,
            0.004393,
            -0.000844
          ],
          [
            -5.4e-05,
            0.002106,
            -0.010248
          ],
          [
            -0.004071,
            -0.001026,
            0.000487
          ],
          [
            -0.001852,
            0.00614,
            0.001749
          ],
          [
            0.003906,
            -0.003661,
            0.001045
          ],
          [
            -0.003546,
            -0.000168,
            0.001925
          ],
          [
            -0.000707,
            0.00078,
            -0.005051
          ],
          [
            -0.000342,
            -0.003917,
            -0.001963
          ],
          [
            0.001902,
            -0.003976,
            0.005813
          ],
          [
            0.007321,
            -0.00046,
            0.002751
          ],
          [
            -0.00345,
            -0.00248,
            0.002554
          ],
          [
            0.002711,
            -0.000997,
            0.006083
          ],
          [
            0.002592,
            -0.002486,
            0.000794
          ],
          [
            0.000327,
            0.001641,
            -0.006427
          ],
          [
            0.000661,
            -0.003403,
            0.002957
          ],
          [
            -3e-06,
            0.0016,
            0.003509
          ],
          [
            -0.001092,
            0.003148,
            -0.002906
          ],
          [
            0.002227,
            -0.002733,
            -0.002566
          ],
          [
            0.003057,
            -0.000617,
            9.8e-05
          ],
          [
            0.000753,
            -0.006198,
            0.00761
          ],
          [
            0.001989,
            0.000187,
            -0.000312
          ],
          [
            0.001544,
            -0.005066,
            0.008742
          ],
          [
            0.002309,
            0.003637,
            -0.004933
          ],
          [
            -0.001904,
            -0.00295,
            -0.002937
          ],
          [
            -0.001687,
            0.000556,
            0.010466
          ],
          [
            -0.002939,
            0.00415,
            -0.010801
          ],
          [
            -0.001197,
            0.010166,
            -0.001705
          ],
          [
            -0.004542,
            -0.005441,
            0.002369
          ],
          [
            0.005075,
            -0.005001,
            0.005324
          ],
          [
            0.004236,
            -0.002357,
            -0.004415
          ],
          [
            0.000457,
            0.000107,
            0.007086
          ],
          [
            0.005014,
            0.002194,
            -0.009909
          ],
          [
            -0.004047,
            -0.003728,
            0.000822
          ],
          [
            -0.001152,
            -0.00491,
            0.002212
          ],
          [
            0.004469,
            -0.00322,
            0.000643
          ],
          [
            0.002804,
            0.003777,
            -0.004426
          ],
          [
            0.014777,
            0.016986,
            0.002019
          ],
          [
            0.008099,
            -0.005183,
            0.01151
          ],
          [
            0.005397,
            -0.028106,
            -0.010988
          ],
          [
            -0.002102,
            -0.026373,
            0.004442
          ],
          [
            0.009706,
            -0.026102,
            0.032871
          ],
          [
            -0.005446,
            0.019543,
            -0.032655
          ],
          [
            0.00089,
            -0.020518,
            -0.005877
          ],
          [
            -0.002855,
            0.012816,
            -0.018027
          ],
          [
            0.004715,
            -0.023232,
            -0.007545
          ],
          [
            -0.00205,
            -0.007603,
            -0.015957
          ],
          [
            0.012771,
            0.017073,
            -0.005196
          ],
          [
            -0.01396,
            -0.016093,
            0.000183
          ],
          [
            -0.004581,
            0.015754,
            0.004272
          ],
          [
            0.010564,
            0.008016,
            0.002788
          ],
          [
            0.014572,
            -0.003294,
            0.027233
          ],
          [
            0.016071,
            -0.009706,
            -0.004745
          ],
          [
            0.001127,
            -0.000984,
            0.004474
          ],
          [
            -0.0015,
            -0.007774,
            0.011238
          ],
          [
            -0.018921,
            -0.017141,
            0.016015
          ],
          [
            0.00959,
            0.020374,
            -0.006108
          ],
          [
            -0.001394,
            -0.002426,
            -0.001011
          ],
          [
            0.013075,
            0.00978,
            -0.008809
          ],
          [
            -0.006401,
            -0.001677,
            -0.003963
          ],
          [
            0.020296,
            -0.024163,
            0.022349
          ],
          [
            -0.006279,
            0.009524,
            -0.009261
          ],
          [
            -0.003182,
            -0.012867,
            -0.005577
          ],
          [
            -0.002467,
            -0.007986,
            -0.002187
          ],
          [
            0.022814,
            -0.016545,
            -0.000228
          ],
          [
            -0.002591,
            0.001983,
            0.004697
          ],
          [
            -0.009918,
            -0.00955,
            -0.00309
          ]
        ],
        "Lattice": [
          [
            8.440733911,
            0.0,
            0.0
          ],
          [
            8.440733911,
            14.619780548,
            0.0
          ],
          [
            0.0,
            0.0,
            21.483230591
          ]
        ],
        "NumAtoms": 102,
        "Positions": [
          [
            4.22079,
            2.43687,
            0.0
          ],
          [
            9.84794,
            12.18339,
            0.0
          ],
          [
            7.03437,
            7.31013,
            0.0
          ],
          [
            7.03437,
            2.43687,
            0.0
          ],
          [
            12.66152,
            12.18339,
            0.0
          ],
          [
            9.84795,
            7.31013,
            0.0
          ],
          [
            1.40721,
            2.43687,
            0.0
          ],
          [
            7.03437,
            12.18339,
            0.0
          ],
          [
            4.22079,
            7.31013,
            0.0
          ],
          [
            2.81385,
            0.0,
            0.0
          ],
          [
            8.44101,
            9.74652,
            0.0
          ],
          [
            5.62743,
            4.87326,
            0.0
          ],
          [
            5.62743,
            0.0,
            0.0
          ],
          [
            11.25459,
            9.74652,
            0.0
          ],
          [
            8.44101,
            4.87326,
            0.0
          ],
          [
            0.00028,
            0.0,
            0.0
          ],
          [
            5.62743,
            9.74652,
            0.0
          ],
          [
            2.81385,
            4.87326,
            0.0
          ],
          [
            7.03462,
            4.06144,
            2.2975
          ],
          [
            12.66177,
            13.80796,
            2.2975
          ],
          [
            9.8482,
            8.9347,
            2.2975
          ],
          [
            9.8482,
            4.06144,
            2.2975
          ],
          [
            15.47535,
            13.80796,
            2.2975
          ],
          [
            12.66177,
            8.9347,
            2.2975
          ],
          [
            4.22104,
            4.06144,
            2.2975
          ],
          [
            9.8482,
            13.80796,
            2.2975
          ],
          [
            7.03462,
            8.9347,
            2.2975
          ],
          [
            5.62769,
            1.62456,
            2.2975
          ],
          [
            11.25484,
            11.37109,
            2.2975
          ],
          [
            8.44127,
            6.49782,
            2.2975
          ],
          [
            8.44127,
            1.62456,
            2.2975
          ],
          [
            14.06842,
            11.37109,
            2.2975
          ],
          [
            11.25484,
            6.49782,
            2.2975
          ],
          [
            2.81411,
            1.62456,
            2.2975
          ],
          [
            8.44127,
            11.37109,
            2.2975
          ],
          [
            5.62769,
            6.49782,
            2.2975
          ],
          [
            1.37286,
            0.85307,
            4.56397
          ],
          [
            7.00269,
            10.60862,
            4.5993
          ],
          [
            4.18541,
            5.72548,
            4.56269
          ],
          [
            4.18611,
            0.84535,
            4.56432
          ],
          [
            9.81379,
            10.59965,
            4.57832
          ],
          [
            7.01219,
            5.71862,
            4.58438
          ],
          [
            7.00515,
            0.85245,
            4.56755
          ],
          [
            12.62569,
            10.59365,
            4.57227
          ],
          [
            9.80326,
            5.72573,
            4.59179
          ],
          [
            2.77759,
            3.2889,
            4.5724
          ],
          [
            8.40035,
            13.03108,
            4.59081
          ],
          [
            5.59475,
            8.15764,
            4.55844
          ],
          [
            5.59028,
            3.28319,
            4.56954
          ],
          [
            11.2193,
            13.03486,
            4.56587
          ],
          [
            8.40805,
            8.16956,
            4.56894
          ],
          [
            8.4083,
            3.30104,
            4.59411
          ],
          [
            14.04956,
            13.02207,
            4.58858
          ],
          [
            11.22204,
            8.16051,
            4.56733
          ],
          [
            5.54006,
            0.10554,
            6.86993
          ],
          [
            11.18204,
            9.82654,
            6.89862
          ],
          [
            8.35385,
            4.96006,
            6.95126
          ],
          [
            2.73851,
            0.08394,
            6.88979
          ],
          [
            8.37891,
            9.8309,
            6.9014
          ],
          [
            5.53834,
            4.952,
            6.86828
          ],
          [
            11.18958,
            4.95609,
            6.88027
          ],
          [
            8.38359,
            0.09961,
            6.88155
          ],
          [
            13.9939,
            9.81944,
            6.8782
          ],
          [
            9.78695,
            2.51375,
            6.89009
          ],
          [
            15.38528,
            12.29849,
            6.95822
          ],
          [
            12.58793,
            7.39713,
            6.88823
          ],
          [
            6.95559,
            2.51253,
            6.88387
          ],
          [
            12.56827,
            12.26301,
            6.87774
          ],
          [
            9.78508,
            7.41144,
            6.8853
          ],
          [
            6.96127,
            7.41756,
            6.87025
          ],
          [
            4.1421,
            2.51984,
            6.8941
          ],
          [
            9.78468,
            12.26217,
            6.88862
          ],
          [
            13.61903,
            10.41132,
            10.33486
          ],
          [
            13.37149,
            11.88747,
            10.21548
          ],
          [
            14.64551,
            12.72005,
            10.34631
          ],
          [
            5.85589,
            6.64887,
            10.32205
          ],
          [
            6.12561,
            5.17551,
            10.20567
          ],
          [
            7.57715,
            4.72625,
            10.38739
          ],
          [
            7.71352,
            3.21824,
            10.36513
          ],
          [
            14.40005,
            14.20842,
            10.23804
          ],
          [
            6.34203,
            9.9465,
            10.33589
          ],
          [
            12.53741,
            9.66807,
            10.41881
          ],
          [
            4.71105,
            7.10351,
            10.44387
          ],
          [
            6.94863,
            7.41444,
            10.25139
          ],
          [
            8.45749,
            5.26152,
            9.35066
          ],
          [
            7.19538,
            12.33387,
            9.3387
          ],
          [
            12.77595,
            8.6694,
            10.41172
          ],
          [
            12.61091,
            12.19454,
            10.94973
          ],
          [
            12.90955,
            12.05884,
            9.21144
          ],
          [
            15.12233,
            12.49489,
            11.31642
          ],
          [
            7.3698,
            11.37421,
            9.49246
          ],
          [
            6.69518,
            8.40841,
            10.27643
          ],
          [
            5.77672,
            4.88015,
            9.18366
          ],
          [
            5.4593,
            4.65033,
            10.90627
          ],
          [
            7.96718,
            5.12455,
            11.3408
          ],
          [
            8.37723,
            6.2426,
            9.37324
          ],
          [
            8.76945,
            2.92453,
            10.43447
          ],
          [
            7.16145,
            2.77747,
            11.20699
          ],
          [
            7.30361,
            2.80839,
            9.42374
          ],
          [
            6.90337,
            0.14325,
            10.30786
          ],
          [
            5.28461,
            -0.07824,
            11.03955
          ],
          [
            5.48557,
            -0.15752,
            9.26961
          ]
        ],
        "Stress": [
          [
            -50.03081,
            -0.31003,
            -0.24816
          ],
          [
            -0.31003,
            -49.13291,
            -0.06049
          ],
          [
            -0.24816,
            -0.06049,
            -2.54668
          ]
        ],
        "computation_code": "VASP",
        "pseudopotential_information": [
          [
            "PAW_PBE",
            "Pt",
            "04Feb2005"
          ],
          [
            "PAW_PBE",
            "C",
            "08Apr2002"
          ],
          [
            "PAW_PBE",
            "O",
            "08Apr2002"
          ],
          [
            "PAW_PBE",
            "H",
            "15Jun2001"
          ]
        ]
      }
    ],
    "EnergyStyle": "electronvolt",
    "ForcesStyle": "electronvoltperangstrom",
    "LatticeStyle": "angstrom",
    "PositionsStyle": "angstrom",
    "StressStyle": "kB"
  }
}