{
  "Dataset": {
    "AtomTypeStyle": "chemicalsymbol",
    "Data": [
      {
        "AtomTypes": [
          "Pt",
          "Pt",
          "Pt",
          "Pt",
          "Pt",
          "Pt",
          "Pt",
          "Pt",
          "Pt",
          "Pt",
          "Pt",
          "Pt",
          "Pt",
          "Pt",
          "Pt",
          "Pt",
          "Pt",
          "Pt",
          "Pt",
          "Pt",
          "Pt",
          "Pt",
          "Pt",
          "Pt",
          "Pt",
          "Pt",
          "Pt",
          "Pt",
          "Pt",
          "Pt",
          "Pt",
          "Pt",
          "Pt",
          "Pt",
          "Pt",
          "Pt",
          "Pt",
          "Pt",
          "Pt",
          "Pt",
          "Pt",
          "Pt",
          "Pt",
          "Pt",
          "Pt",
          "Pt",
          "Pt",
          "Pt",
          "Pt",
          "Pt",
          "Pt",
          "Pt",
          "Pt",
          "Pt",
          "Pt",
          "Pt",
          "Pt",
          "Pt",
          "Pt",
          "Pt",
          "Pt",
          "Pt",
          "Pt",
          "Pt",
          "Pt",
          "Pt",
          "Pt",
          "Pt",
          "Pt",
          "Pt",
          "Pt",
          "Pt",
          "C",
          "C",
          "C",
          "C",
          "C",
          "C",
          "C",
          "C",
          "O",
          "O",
          "O",
          "O",
          "O",
          "O",
          "H",
          "H",
          "H",
          "H",
          "H",
          "H",
          "H",
          "H",
          "H",
          "H",
          "H",
          "H",
          "H",
          "H",
          "H",
          "H"
        ],
        "Energy": -378.05043052,
        "Forces": [
          [
            0.01205,
            -0.041242,
            -0.044955
          ],
          [
            0.06215,
            0.001193,
            -0.042432
          ],
          [
            0.024114,
            -0.061352,
            -0.068928
          ],
          [
            0.025654,
            -0.022127,
            -0.042908
          ],
          [
            0.002963,
            0.003538,
            -0.068808
          ],
          [
            0.019985,
            -0.018705,
            -0.047259
          ],
          [
            0.034309,
            -0.024596,
            -0.05584
          ],
          [
            0.014201,
            -0.007176,
            -0.044166
          ],
          [
            0.017346,
            -0.008281,
            -0.10963
          ],
          [
            0.018999,
            0.012976,
            -0.136983
          ],
          [
            0.017526,
            -0.017486,
            -0.027424
          ],
          [
            0.001364,
            -0.016178,
            -0.035805
          ],
          [
            0.01846,
            -0.023653,
            -0.043051
          ],
          [
            0.030515,
            -0.011724,
            -0.036765
          ],
          [
            0.037704,
            -0.023573,
            -0.048061
          ],
          [
            0.030447,
            -0.023985,
            -0.072656
          ],
          [
            0.022331,
            -0.018259,
            -0.0342
          ],
          [
            0.036606,
            -0.021432,
            -0.058343
          ],
          [
            -0.004116,
            0.05302,
            0.193391
          ],
          [
            -0.010096,
            0.027148,
            0.216854
          ],
          [
            -0.018165,
            0.005572,
            0.174934
          ],
          [
            -0.035568,
            0.03845,
            0.181755
          ],
          [
            -0.021298,
            -0.02392,
            0.130457
          ],
          [
            -0.016038,
            -0.02019,
            0.167958
          ],
          [
            -0.032273,
            0.051679,
            0.211705
          ],
          [
            -0.053079,
            0.004969,
            0.106636
          ],
          [
            -0.009552,
            0.089031,
            0.193433
          ],
          [
            -0.032029,
            0.054134,
            0.165136
          ],
          [
            -0.048443,
            -0.003635,
            0.158248
          ],
          [
            -0.052464,
            -0.002324,
            0.146555
          ],
          [
            -0.042141,
            0.067125,
            0.107001
          ],
          [
            0.048328,
            5.9e-05,
            0.191302
          ],
          [
            -0.020117,
            0.034721,
            0.182386
          ],
          [
            0.000866,
            0.033189,
            0.191781
          ],
          [
            -0.082849,
            -0.025769,
            0.214054
          ],
          [
            0.042157,
            0.0076,
            0.228594
          ],
          [
            0.03951,
            -0.028241,
            -0.099394
          ],
          [
            0.032311,
            -0.096348,
            -0.187435
          ],
          [
            -0.026451,
            -0.072138,
            -0.117157
          ],
          [
            -0.025186,
            -0.051726,
            -0.131642
          ],
          [
            0.001,
            0.023033,
            -0.099369
          ],
          [
            -0.02354,
            0.00843,
            -0.036882
          ],
          [
            0.019932,
            0.041725,
            -0.069055
          ],
          [
            -0.016394,
            -0.004759,
            -0.047849
          ],
          [
            0.018926,
            -0.034425,
            0.001809
          ],
          [
            -0.018791,
            -0.002323,
            -0.120165
          ],
          [
            0.058291,
            0.067244,
            -0.043529
          ],
          [
            -0.019998,
            -0.006752,
            -0.126443
          ],
          [
            -0.001638,
            -0.027049,
            -0.118547
          ],
          [
            0.040565,
            0.029854,
            -0.083846
          ],
          [
            -0.069038,
            0.024305,
            -0.094915
          ],
          [
            0.001835,
            0.021691,
            -0.081727
          ],
          [
            -0.022249,
            0.012454,
            0.060964
          ],
          [
            0.020402,
            -0.040974,
            -0.113185
          ],
          [
            0.010047,
            0.081309,
            -0.228738
          ],
          [
            0.039192,
            0.011447,
            -0.039397
          ],
          [
            -0.063771,
            0.133905,
            -0.031438
          ],
          [
            -0.025342,
            0.03459,
            -0.043025
          ],
          [
            -0.034917,
            -0.077854,
            -0.067712
          ],
          [
            0.090494,
            0.017481,
            -0.019336
          ],
          [
            0.01561,
            -0.00847,
            -0.108543
          ],
          [
            0.007576,
            0.014071,
            -0.066343
          ],
          [
            0.025575,
            -0.115205,
            0.031438
          ],
          [
            0.028591,
            0.094304,
            -0.012587
          ],
          [
            -0.032427,
            -0.127145,
            -0.017271
          ],
          [
            0.053722,
            -0.026573,
            -0.103811
          ],
          [
            0.037658,
            0.06592,
            0.028381
          ],
          [
            -0.028523,
            -0.054846,
            -0.006309
          ],
          [
            0.041799,
            0.002883,
            -0.063691
          ],
          [
            -0.023843,
            -0.001774,
            0.041744
          ],
          [
            -0.011931,
            0.069576,
            -0.055602
          ],
          [
            0.012428,
            -0.011644,
            -0.068834
          ],
          [
            -0.484706,
            -0.397906,
            0.246061
          ],
          [
            -0.444855,
            -0.00405,
            -1.223824
          ],
          [
            -0.422516,
            0.304342,
            0.359013
          ],
          [
            -0.509095,
            -1.096215,
            -0.043522
          ],
          [
            0.71149,
            1.027879,
            -0.590775
          ],
          [
            -0.802868,
            -0.261664,
            -0.019256
          ],
          [
            0.298783,
            -0.369527,
            0.725168
          ],
          [
            0.704186,
            -0.585669,
            0.541504
          ],
          [
            0.082167,
            -0.280816,
            0.017208
          ],
          [
            0.585052,
            -0.7014,
            -0.65886
          ],
          [
            -0.318926,
            0.272264,
            0.477327
          ],
          [
            0.930822,
            0.58728,
            -0.076709
          ],
          [
            0.339915,
            -0.110266,
            -0.176441
          ],
          [
            -0.071366,
            0.187495,
            -0.073586
          ],
          [
            -0.210271,
            0.747936,
            0.05619
          ],
          [
            0.071445,
            0.19221,
            0.403324
          ],
          [
            0.474522,
            -0.000244,
            0.631811
          ],
          [
            0.062874,
            -0.008475,
            -0.114883
          ],
          [
            0.132425,
            -0.49148,
            0.027037
          ],
          [
            -0.194101,
            0.010246,
            0.099705
          ],
          [
            0.039702,
            -0.117778,
            -0.131622
          ],
          [
            -0.277582,
            -0.270337,
            0.579119
          ],
          [
            0.006838,
            0.020063,
            -0.081433
          ],
          [
            -0.13611,
            0.208754,
            0.030746
          ],
          [
            -0.514007,
            0.088331,
            -0.018605
          ],
          [
            0.301961,
            0.254732,
            -0.65665
          ],
          [
            0.019039,
            0.208,
            0.206037
          ],
          [
            0.310178,
            0.379317,
            -0.007196
          ],
          [
            -0.276558,
            0.147596,
            0.329752
          ],
          [
            -0.590501,
            0.038302,
            -0.7568
          ]
        ],
        "Lattice": [
          [
            8.440733911,
            0.0,
            0.0
          ],
          [
            8.440733911,
            14.619780548,
            0.0
          ],
          [
            0.0,
            0.0,
            21.483230591
          ]
        ],
        "NumAtoms": 102,
        "Positions": [
          [
            4.22079,
            2.43687,
            0.0
          ],
          [
            9.84794,
            12.18339,
            0.0
          ],
          [
            7.03437,
            7.31013,
            0.0
          ],
          [
            7.03437,
            2.43687,
            0.0
          ],
          [
            12.66152,
            12.18339,
            0.0
          ],
          [
            9.84795,
            7.31013,
            0.0
          ],
          [
            1.40721,
            2.43687,
            0.0
          ],
          [
            7.03437,
            12.18339,
            0.0
          ],
          [
            4.22079,
            7.31013,
            0.0
          ],
          [
            2.81385,
            0.0,
            0.0
          ],
          [
            8.44101,
            9.74652,
            0.0
          ],
          [
            5.62743,
            4.87326,
            0.0
          ],
          [
            5.62743,
            0.0,
            0.0
          ],
          [
            11.25459,
            9.74652,
            0.0
          ],
          [
            8.44101,
            4.87326,
            0.0
          ],
          [
            0.00028,
            0.0,
            0.0
          ],
          [
            5.62743,
            9.74652,
            0.0
          ],
          [
            2.81385,
            4.87326,
            0.0
          ],
          [
            7.03462,
            4.06144,
            2.2975
          ],
          [
            12.66177,
            13.80796,
            2.2975
          ],
          [
            9.8482,
            8.9347,
            2.2975
          ],
          [
            9.8482,
            4.06144,
            2.2975
          ],
          [
            15.47535,
            13.80796,
            2.2975
          ],
          [
            12.66177,
            8.9347,
            2.2975
          ],
          [
            4.22104,
            4.06144,
            2.2975
          ],
          [
            9.8482,
            13.80796,
            2.2975
          ],
          [
            7.03462,
            8.9347,
            2.2975
          ],
          [
            5.62769,
            1.62456,
            2.2975
          ],
          [
            11.25484,
            11.37109,
            2.2975
          ],
          [
            8.44127,
            6.49782,
            2.2975
          ],
          [
            8.44127,
            1.62456,
            2.2975
          ],
          [
            14.06842,
            11.37109,
            2.2975
          ],
          [
            11.25484,
            6.49782,
            2.2975
          ],
          [
            2.81411,
            1.62456,
            2.2975
          ],
          [
            8.44127,
            11.37109,
            2.2975
          ],
          [
            5.62769,
            6.49782,
            2.2975
          ],
          [
            1.37331,
            0.82919,
            4.56914
          ],
          [
            6.99424,
            10.59536,
            4.62179
          ],
          [
            4.192,
            5.73663,
            4.58989
          ],
          [
            4.18716,
            0.84242,
            4.59071
          ],
          [
            9.81355,
            10.57406,
            4.59289
          ],
          [
            7.0164,
            5.68797,
            4.60264
          ],
          [
            6.99264,
            0.81991,
            4.57742
          ],
          [
            12.61846,
            10.58641,
            4.58054
          ],
          [
            9.81113,
            5.71104,
            4.58888
          ],
          [
            2.78549,
            3.2844,
            4.59292
          ],
          [
            8.40005,
            12.99798,
            4.58448
          ],
          [
            5.59718,
            8.14809,
            4.58105
          ],
          [
            5.58244,
            3.27879,
            4.5896
          ],
          [
            11.2177,
            13.02162,
            4.57704
          ],
          [
            8.41318,
            8.14308,
            4.58139
          ],
          [
            8.4073,
            3.26362,
            4.58772
          ],
          [
            14.04344,
            13.00899,
            4.58798
          ],
          [
            11.22343,
            8.15535,
            4.59648
          ],
          [
            5.52509,
            0.05839,
            6.91512
          ],
          [
            11.17311,
            9.78834,
            6.92983
          ],
          [
            8.36405,
            4.87478,
            6.93514
          ],
          [
            2.74055,
            0.03232,
            6.91399
          ],
          [
            8.38271,
            9.80157,
            6.90569
          ],
          [
            5.52076,
            4.91261,
            6.90402
          ],
          [
            11.18808,
            4.91664,
            6.90283
          ],
          [
            8.38318,
            0.05938,
            6.87956
          ],
          [
            13.9775,
            9.8043,
            6.88054
          ],
          [
            9.78789,
            2.44329,
            6.88119
          ],
          [
            15.39172,
            12.29294,
            6.94374
          ],
          [
            12.57467,
            7.36672,
            6.93501
          ],
          [
            6.93705,
            2.45651,
            6.87816
          ],
          [
            12.57468,
            12.23075,
            6.90188
          ],
          [
            9.76803,
            7.35929,
            6.90717
          ],
          [
            6.95761,
            7.37086,
            6.86646
          ],
          [
            4.1395,
            2.46885,
            6.92844
          ],
          [
            9.79573,
            12.22541,
            6.8922
          ],
          [
            14.26142,
            10.22776,
            10.57274
          ],
          [
            13.78724,
            11.61467,
            10.32265
          ],
          [
            14.90424,
            12.65028,
            10.29601
          ],
          [
            6.43241,
            6.4284,
            10.50032
          ],
          [
            6.58291,
            4.91546,
            10.37083
          ],
          [
            8.02799,
            4.36425,
            10.4329
          ],
          [
            8.03547,
            2.84665,
            10.31184
          ],
          [
            14.39214,
            14.07088,
            10.14625
          ],
          [
            6.91652,
            9.82228,
            10.12266
          ],
          [
            13.41054,
            9.47351,
            11.25993
          ],
          [
            5.3841,
            6.93583,
            10.91168
          ],
          [
            7.44354,
            7.12603,
            10.04025
          ],
          [
            8.83412,
            4.87091,
            9.36063
          ],
          [
            7.41721,
            12.38333,
            9.24253
          ],
          [
            5.20783,
            8.4291,
            11.15473
          ],
          [
            12.93777,
            11.86037,
            10.96796
          ],
          [
            13.29497,
            11.58675,
            9.2744
          ],
          [
            15.46795,
            12.58106,
            11.25456
          ],
          [
            7.70554,
            11.45164,
            9.36076
          ],
          [
            7.29533,
            8.13716,
            10.04616
          ],
          [
            6.17906,
            4.71374,
            9.3474
          ],
          [
            5.897,
            4.4291,
            11.04966
          ],
          [
            8.50152,
            4.66113,
            11.39392
          ],
          [
            9.01562,
            5.82584,
            9.47451
          ],
          [
            9.09831,
            2.48818,
            10.30297
          ],
          [
            7.51403,
            2.39111,
            11.20587
          ],
          [
            7.54872,
            2.48491,
            9.37397
          ],
          [
            6.80718,
            0.1193,
            10.07689
          ],
          [
            13.79025,
            14.34147,
            11.01286
          ],
          [
            13.79718,
            14.19372,
            9.25294
          ]
        ],
        "Stress": [
          [
            -63.67185,
            0.06249,
            -2.05227
          ],
          [
            0.06249,
            -63.83509,
            0.37242
          ],
          [
            -2.05227,
            0.37242,
            -14.38098
          ]
        ],
        "computation_code": "VASP",
        "pseudopotential_information": [
          [
            "PAW_PBE",
            "Pt",
            "04Feb2005"
          ],
          [
            "PAW_PBE",
            "C",
            "08Apr2002"
          ],
          [
            "PAW_PBE",
            "O",
            "08Apr2002"
          ],
          [
            "PAW_PBE",
            "H",
            "15Jun2001"
          ]
        ]
      }
    ],
    "EnergyStyle": "electronvolt",
    "ForcesStyle": "electronvoltperangstrom",
    "LatticeStyle": "angstrom",
    "PositionsStyle": "angstrom",
    "StressStyle": "kB"
  }
}