{
  "Dataset": {
    "AtomTypeStyle": "chemicalsymbol",
    "Data": [
      {
        "AtomTypes": [
          "Pt",
          "Pt",
          "Pt",
          "Pt",
          "Pt",
          "Pt",
          "Pt",
          "Pt",
          "Pt",
          "Pt",
          "Pt",
          "Pt",
          "Pt",
          "Pt",
          "Pt",
          "Pt",
          "Pt",
          "Pt",
          "Pt",
          "Pt",
          "Pt",
          "Pt",
          "Pt",
          "Pt",
          "Pt",
          "Pt",
          "Pt",
          "Pt",
          "Pt",
          "Pt",
          "Pt",
          "Pt",
          "Pt",
          "Pt",
          "Pt",
          "Pt",
          "Pt",
          "Pt",
          "Pt",
          "Pt",
          "Pt",
          "Pt",
          "Pt",
          "Pt",
          "Pt",
          "Pt",
          "Pt",
          "Pt",
          "Pt",
          "Pt",
          "Pt",
          "Pt",
          "Pt",
          "Pt",
          "Pt",
          "Pt",
          "Pt",
          "Pt",
          "Pt",
          "Pt",
          "Pt",
          "Pt",
          "Pt",
          "Pt",
          "Pt",
          "Pt",
          "Pt",
          "Pt",
          "Pt",
          "Pt",
          "Pt",
          "Pt",
          "C",
          "C",
          "C",
          "C",
          "C",
          "C",
          "C",
          "C",
          "O",
          "O",
          "O",
          "O",
          "O",
          "O",
          "H",
          "H",
          "H",
          "H",
          "H",
          "H",
          "H",
          "H",
          "H",
          "H",
          "H",
          "H",
          "H",
          "H",
          "H",
          "H"
        ],
        "Energy": -378.46976308,
        "Forces": [
          [
            0.009995,
            -0.028505,
            -0.032951
          ],
          [
            0.047003,
            -0.008433,
            -0.039696
          ],
          [
            0.018645,
            -0.056082,
            -0.076283
          ],
          [
            0.023444,
            -0.031144,
            -0.037314
          ],
          [
            -0.001576,
            -0.001219,
            -0.044854
          ],
          [
            0.016855,
            -0.023102,
            -0.044971
          ],
          [
            0.024425,
            -0.039223,
            -0.046715
          ],
          [
            0.011528,
            -0.023387,
            -0.04577
          ],
          [
            0.020312,
            -0.000867,
            -0.124934
          ],
          [
            0.008966,
            0.013377,
            -0.134582
          ],
          [
            0.017091,
            -0.036978,
            -0.037845
          ],
          [
            0.000197,
            -0.008954,
            -0.033882
          ],
          [
            0.016163,
            -0.024641,
            -0.039777
          ],
          [
            0.024966,
            -0.016166,
            -0.032252
          ],
          [
            0.033131,
            -0.027865,
            -0.039263
          ],
          [
            0.026726,
            -0.046424,
            -0.08752
          ],
          [
            0.019157,
            -0.024765,
            -0.030279
          ],
          [
            0.032547,
            -0.002823,
            -0.04808
          ],
          [
            0.02699,
            0.054682,
            0.136335
          ],
          [
            0.026592,
            -0.013436,
            0.112832
          ],
          [
            -0.024523,
            0.028788,
            0.073239
          ],
          [
            -0.057865,
            0.055734,
            0.14883
          ],
          [
            -0.008251,
            -0.028374,
            0.120176
          ],
          [
            -0.023906,
            0.002294,
            0.026159
          ],
          [
            -0.029881,
            0.012692,
            0.059494
          ],
          [
            -0.062969,
            0.00888,
            0.06904
          ],
          [
            -0.007115,
            0.084245,
            0.081262
          ],
          [
            -0.012484,
            0.030908,
            0.041977
          ],
          [
            -0.022079,
            0.007133,
            0.067397
          ],
          [
            -0.022596,
            -0.01175,
            0.121388
          ],
          [
            -0.015895,
            0.099812,
            0.085113
          ],
          [
            0.033778,
            0.044476,
            0.15002
          ],
          [
            -0.067604,
            0.002636,
            0.086652
          ],
          [
            -0.015659,
            0.007436,
            0.068012
          ],
          [
            -0.058716,
            0.049959,
            0.16011
          ],
          [
            0.027379,
            0.000475,
            0.067025
          ],
          [
            7e-06,
            0.000911,
            -0.01243
          ],
          [
            -0.005079,
            -0.003302,
            -0.011994
          ],
          [
            0.000619,
            0.001348,
            -0.016403
          ],
          [
            0.00037,
            -0.003232,
            -0.013348
          ],
          [
            0.001754,
            -0.002338,
            -0.007963
          ],
          [
            -0.000152,
            -0.002466,
            -0.006556
          ],
          [
            -0.001394,
            0.000945,
            -0.009792
          ],
          [
            -0.003361,
            0.002079,
            -0.0116
          ],
          [
            0.000304,
            0.001825,
            -0.011673
          ],
          [
            0.000164,
            -0.004148,
            -0.011523
          ],
          [
            -0.000985,
            -0.005442,
            -0.007288
          ],
          [
            -0.005685,
            0.000464,
            -0.017263
          ],
          [
            -0.001486,
            -0.003166,
            -0.008244
          ],
          [
            0.000877,
            -0.000396,
            -0.012027
          ],
          [
            -0.001161,
            -0.004499,
            -0.010636
          ],
          [
            0.00058,
            -0.005423,
            -0.008898
          ],
          [
            -2.7e-05,
            -0.008332,
            -0.003296
          ],
          [
            0.001645,
            0.001217,
            -0.011316
          ],
          [
            -0.005949,
            0.005178,
            -0.024489
          ],
          [
            -0.002994,
            -0.004935,
            -0.027569
          ],
          [
            0.000895,
            0.00145,
            -0.024043
          ],
          [
            -0.00267,
            0.002039,
            -0.027251
          ],
          [
            0.005144,
            -0.003541,
            -0.021642
          ],
          [
            -0.010251,
            0.003544,
            -0.029659
          ],
          [
            -0.003301,
            0.000227,
            -0.024484
          ],
          [
            0.000294,
            0.001789,
            -0.026107
          ],
          [
            -0.01042,
            -0.007272,
            -0.020396
          ],
          [
            0.000977,
            -0.001913,
            -0.026759
          ],
          [
            -0.006223,
            0.00653,
            -0.024652
          ],
          [
            0.000478,
            0.00291,
            -0.027576
          ],
          [
            -0.001812,
            -0.001526,
            -0.027185
          ],
          [
            -0.00541,
            0.000954,
            -0.017636
          ],
          [
            -0.005513,
            0.010065,
            -0.02225
          ],
          [
            0.002614,
            0.002109,
            -0.027284
          ],
          [
            -0.00267,
            -0.000925,
            -0.033317
          ],
          [
            -0.000843,
            0.001811,
            -0.026599
          ],
          [
            -0.026399,
            0.055335,
            0.049437
          ],
          [
            -0.014857,
            -0.078432,
            0.117828
          ],
          [
            -0.070491,
            0.022105,
            0.082764
          ],
          [
            0.054501,
            -0.07652,
            0.048418
          ],
          [
            -0.012072,
            0.080903,
            0.119928
          ],
          [
            -0.057435,
            -0.0426,
            0.120172
          ],
          [
            0.02676,
            0.010605,
            0.050058
          ],
          [
            0.049404,
            -0.023274,
            0.04973
          ],
          [
            0.102562,
            -0.034627,
            -0.015622
          ],
          [
            -0.03067,
            0.108579,
            0.0782
          ],
          [
            -0.137012,
            0.004762,
            -0.010328
          ],
          [
            0.096242,
            -0.081672,
            0.08618
          ],
          [
            0.101118,
            0.186746,
            -0.096209
          ],
          [
            0.118097,
            -0.146904,
            -0.092365
          ],
          [
            0.048194,
            -0.116414,
            0.013977
          ],
          [
            0.008304,
            -0.013257,
            0.009339
          ],
          [
            -0.050205,
            0.01511,
            -0.114319
          ],
          [
            0.019521,
            -0.014555,
            0.009761
          ],
          [
            -0.046114,
            0.143069,
            -0.006592
          ],
          [
            -0.044954,
            0.11192,
            0.024902
          ],
          [
            -0.033483,
            -0.033151,
            -0.114489
          ],
          [
            0.014329,
            0.025472,
            -0.002612
          ],
          [
            -0.00093,
            0.005571,
            0.021992
          ],
          [
            -0.011295,
            -0.128822,
            0.018494
          ],
          [
            0.010146,
            0.000647,
            0.003953
          ],
          [
            -0.001534,
            -0.003754,
            0.008391
          ],
          [
            -0.03486,
            -0.021336,
            -0.064271
          ],
          [
            0.003765,
            -0.002368,
            0.012046
          ],
          [
            -0.005817,
            -0.005699,
            0.01407
          ],
          [
            -0.036604,
            0.014639,
            -0.063332
          ]
        ],
        "Lattice": [
          [
            8.440733911,
            0.0,
            0.0
          ],
          [
            8.440733911,
            14.619780548,
            0.0
          ],
          [
            0.0,
            0.0,
            21.483230591
          ]
        ],
        "NumAtoms": 102,
        "Positions": [
          [
            4.22079,
            2.43687,
            0.0
          ],
          [
            9.84794,
            12.18339,
            0.0
          ],
          [
            7.03437,
            7.31013,
            0.0
          ],
          [
            7.03437,
            2.43687,
            0.0
          ],
          [
            12.66152,
            12.18339,
            0.0
          ],
          [
            9.84795,
            7.31013,
            0.0
          ],
          [
            1.40721,
            2.43687,
            0.0
          ],
          [
            7.03437,
            12.18339,
            0.0
          ],
          [
            4.22079,
            7.31013,
            0.0
          ],
          [
            2.81385,
            0.0,
            0.0
          ],
          [
            8.44101,
            9.74652,
            0.0
          ],
          [
            5.62743,
            4.87326,
            0.0
          ],
          [
            5.62743,
            0.0,
            0.0
          ],
          [
            11.25459,
            9.74652,
            0.0
          ],
          [
            8.44101,
            4.87326,
            0.0
          ],
          [
            0.00028,
            0.0,
            0.0
          ],
          [
            5.62743,
            9.74652,
            0.0
          ],
          [
            2.81385,
            4.87326,
            0.0
          ],
          [
            7.03462,
            4.06144,
            2.2975
          ],
          [
            12.66177,
            13.80796,
            2.2975
          ],
          [
            9.8482,
            8.9347,
            2.2975
          ],
          [
            9.8482,
            4.06144,
            2.2975
          ],
          [
            15.47535,
            13.80796,
            2.2975
          ],
          [
            12.66177,
            8.9347,
            2.2975
          ],
          [
            4.22104,
            4.06144,
            2.2975
          ],
          [
            9.8482,
            13.80796,
            2.2975
          ],
          [
            7.03462,
            8.9347,
            2.2975
          ],
          [
            5.62769,
            1.62456,
            2.2975
          ],
          [
            11.25484,
            11.37109,
            2.2975
          ],
          [
            8.44127,
            6.49782,
            2.2975
          ],
          [
            8.44127,
            1.62456,
            2.2975
          ],
          [
            14.06842,
            11.37109,
            2.2975
          ],
          [
            11.25484,
            6.49782,
            2.2975
          ],
          [
            2.81411,
            1.62456,
            2.2975
          ],
          [
            8.44127,
            11.37109,
            2.2975
          ],
          [
            5.62769,
            6.49782,
            2.2975
          ],
          [
            1.38119,
            0.84238,
            4.56256
          ],
          [
            7.01029,
            10.59596,
            4.59438
          ],
          [
            4.1914,
            5.71475,
            4.56321
          ],
          [
            4.19282,
            0.83671,
            4.56568
          ],
          [
            9.82295,
            10.58646,
            4.57635
          ],
          [
            7.0184,
            5.7054,
            4.5864
          ],
          [
            7.01188,
            0.84135,
            4.56453
          ],
          [
            12.63254,
            10.5818,
            4.57051
          ],
          [
            9.80995,
            5.71269,
            4.59395
          ],
          [
            2.78588,
            3.2793,
            4.5727
          ],
          [
            8.4081,
            13.01864,
            4.58852
          ],
          [
            5.60249,
            8.14408,
            4.55913
          ],
          [
            5.59657,
            3.27248,
            4.56916
          ],
          [
            11.22815,
            13.02566,
            4.56353
          ],
          [
            8.41471,
            8.15389,
            4.56816
          ],
          [
            8.41583,
            3.28963,
            4.59173
          ],
          [
            14.0577,
            13.01147,
            4.58991
          ],
          [
            11.22865,
            8.14791,
            4.56793
          ],
          [
            5.55511,
            0.07996,
            6.86855
          ],
          [
            11.19914,
            9.79967,
            6.89979
          ],
          [
            8.3683,
            4.929,
            6.95043
          ],
          [
            2.75486,
            0.0578,
            6.89126
          ],
          [
            8.39751,
            9.80174,
            6.89157
          ],
          [
            5.55004,
            4.92701,
            6.86908
          ],
          [
            11.20379,
            4.93104,
            6.88266
          ],
          [
            8.39859,
            0.075,
            6.87469
          ],
          [
            14.00858,
            9.79431,
            6.87237
          ],
          [
            9.80309,
            2.48627,
            6.88668
          ],
          [
            15.40617,
            12.26798,
            6.95321
          ],
          [
            12.60238,
            7.37139,
            6.88891
          ],
          [
            6.96841,
            2.48609,
            6.87882
          ],
          [
            12.58595,
            12.23723,
            6.87605
          ],
          [
            9.79886,
            7.38341,
            6.88748
          ],
          [
            6.97587,
            7.38986,
            6.87204
          ],
          [
            4.1565,
            2.49482,
            6.89668
          ],
          [
            9.8062,
            12.237,
            6.88174
          ],
          [
            13.71721,
            10.30076,
            10.33557
          ],
          [
            13.47562,
            11.77919,
            10.2291
          ],
          [
            14.74974,
            12.61009,
            10.32547
          ],
          [
            5.92193,
            6.54052,
            10.34115
          ],
          [
            6.1697,
            5.06443,
            10.20943
          ],
          [
            7.61144,
            4.58628,
            10.3596
          ],
          [
            7.71818,
            3.07795,
            10.29556
          ],
          [
            14.50262,
            14.09841,
            10.22651
          ],
          [
            6.43801,
            9.83125,
            10.29062
          ],
          [
            12.64229,
            9.55991,
            10.47167
          ],
          [
            4.78839,
            7.00535,
            10.51407
          ],
          [
            7.01139,
            7.30088,
            10.23197
          ],
          [
            8.49029,
            5.1397,
            9.35202
          ],
          [
            7.26364,
            12.22291,
            9.30219
          ],
          [
            12.86832,
            8.55477,
            10.47316
          ],
          [
            12.73278,
            12.08708,
            10.98732
          ],
          [
            12.98295,
            11.95775,
            9.24116
          ],
          [
            15.24735,
            12.38832,
            11.29292
          ],
          [
            7.43942,
            11.25272,
            9.43642
          ],
          [
            6.77729,
            8.30402,
            10.24706
          ],
          [
            5.79601,
            4.78711,
            9.1896
          ],
          [
            5.50191,
            4.5376,
            10.91477
          ],
          [
            8.00998,
            4.94107,
            11.33352
          ],
          [
            8.44402,
            6.12669,
            9.40989
          ],
          [
            8.77356,
            2.76136,
            10.33323
          ],
          [
            7.17147,
            2.61856,
            11.13665
          ],
          [
            7.28284,
            2.69503,
            9.34974
          ],
          [
            7.01783,
            0.02756,
            10.23763
          ],
          [
            13.87616,
            14.44345,
            11.06695
          ],
          [
            13.97523,
            14.35228,
            9.28369
          ]
        ],
        "Stress": [
          [
            -62.01735,
            -0.24481,
            -0.89923
          ],
          [
            -0.24481,
            -61.84705,
            0.29679
          ],
          [
            -0.89923,
            0.29679,
            -12.48522
          ]
        ],
        "computation_code": "VASP",
        "pseudopotential_information": [
          [
            "PAW_PBE",
            "Pt",
            "04Feb2005"
          ],
          [
            "PAW_PBE",
            "C",
            "08Apr2002"
          ],
          [
            "PAW_PBE",
            "O",
            "08Apr2002"
          ],
          [
            "PAW_PBE",
            "H",
            "15Jun2001"
          ]
        ]
      }
    ],
    "EnergyStyle": "electronvolt",
    "ForcesStyle": "electronvoltperangstrom",
    "LatticeStyle": "angstrom",
    "PositionsStyle": "angstrom",
    "StressStyle": "kB"
  }
}