{
  "Dataset": {
    "AtomTypeStyle": "chemicalsymbol",
    "Data": [
      {
        "AtomTypes": [
          "Pt",
          "Pt",
          "Pt",
          "Pt",
          "Pt",
          "Pt",
          "Pt",
          "Pt",
          "Pt",
          "Pt",
          "Pt",
          "Pt",
          "Pt",
          "Pt",
          "Pt",
          "Pt",
          "Pt",
          "Pt",
          "Pt",
          "Pt",
          "Pt",
          "Pt",
          "Pt",
          "Pt",
          "Pt",
          "Pt",
          "Pt",
          "Pt",
          "Pt",
          "Pt",
          "Pt",
          "Pt",
          "Pt",
          "Pt",
          "Pt",
          "Pt",
          "Pt",
          "Pt",
          "Pt",
          "Pt",
          "Pt",
          "Pt",
          "Pt",
          "Pt",
          "Pt",
          "Pt",
          "Pt",
          "Pt",
          "Pt",
          "Pt",
          "Pt",
          "Pt",
          "Pt",
          "Pt",
          "Pt",
          "Pt",
          "Pt",
          "Pt",
          "Pt",
          "Pt",
          "Pt",
          "Pt",
          "Pt",
          "Pt",
          "Pt",
          "Pt",
          "Pt",
          "Pt",
          "Pt",
          "Pt",
          "Pt",
          "Pt",
          "C",
          "C",
          "C",
          "C",
          "C",
          "C",
          "C",
          "C",
          "O",
          "O",
          "O",
          "O",
          "O",
          "O",
          "H",
          "H",
          "H",
          "H",
          "H",
          "H",
          "H",
          "H",
          "H",
          "H",
          "H",
          "H",
          "H",
          "H",
          "H",
          "H"
        ],
        "Energy": -377.94398352,
        "Forces": [
          [
            0.013074,
            -0.03086,
            -0.033714
          ],
          [
            0.046798,
            -0.004177,
            -0.039022
          ],
          [
            0.02279,
            -0.050488,
            -0.064029
          ],
          [
            0.023228,
            -0.036085,
            -0.031661
          ],
          [
            0.0022,
            -0.002014,
            -0.033295
          ],
          [
            0.018798,
            -0.013373,
            -0.042259
          ],
          [
            0.026498,
            -0.035969,
            -0.040224
          ],
          [
            0.015693,
            -0.027184,
            -0.045589
          ],
          [
            0.020604,
            -0.0071,
            -0.1149
          ],
          [
            0.014453,
            0.01001,
            -0.132699
          ],
          [
            0.021519,
            -0.033079,
            -0.034834
          ],
          [
            0.004294,
            -0.00983,
            -0.027789
          ],
          [
            0.018473,
            -0.032314,
            -0.037471
          ],
          [
            0.027337,
            -0.016925,
            -0.033907
          ],
          [
            0.034435,
            -0.020676,
            -0.03119
          ],
          [
            0.028187,
            -0.041063,
            -0.08431
          ],
          [
            0.015325,
            -0.026239,
            -0.038219
          ],
          [
            0.035231,
            -0.001214,
            -0.043502
          ],
          [
            0.014925,
            0.040246,
            0.009518
          ],
          [
            0.043699,
            -0.039839,
            0.033459
          ],
          [
            -0.02428,
            0.025347,
            -0.081402
          ],
          [
            -0.067672,
            0.04182,
            -0.004935
          ],
          [
            -0.028045,
            -0.032586,
            0.000624
          ],
          [
            -0.029735,
            0.019135,
            -0.080105
          ],
          [
            -0.02437,
            0.018768,
            -0.057614
          ],
          [
            -0.069367,
            -0.004528,
            -0.07183
          ],
          [
            -0.026329,
            0.070218,
            -0.089455
          ],
          [
            -0.001575,
            0.039138,
            -0.088884
          ],
          [
            -0.016209,
            0.011435,
            -0.054703
          ],
          [
            -0.045359,
            -0.015199,
            -0.035365
          ],
          [
            -0.0316,
            0.087434,
            -0.035963
          ],
          [
            0.021735,
            0.042923,
            0.049049
          ],
          [
            -0.057649,
            -0.001744,
            -0.034207
          ],
          [
            -0.021413,
            -0.002322,
            -0.076252
          ],
          [
            -0.076898,
            0.056656,
            -0.011092
          ],
          [
            0.001353,
            0.001373,
            -0.027199
          ],
          [
            -0.003828,
            0.017209,
            0.060174
          ],
          [
            -0.021833,
            0.05123,
            0.021474
          ],
          [
            1.6e-05,
            0.022128,
            0.012249
          ],
          [
            -0.021902,
            0.027946,
            0.061507
          ],
          [
            0.027844,
            -0.023433,
            0.068025
          ],
          [
            0.017802,
            0.00698,
            0.086972
          ],
          [
            0.007107,
            0.045592,
            0.049531
          ],
          [
            0.003492,
            -0.025927,
            0.043807
          ],
          [
            0.026286,
            0.002576,
            0.076281
          ],
          [
            0.001518,
            -0.005779,
            0.056147
          ],
          [
            -0.023565,
            0.010212,
            0.079594
          ],
          [
            -0.033738,
            0.008482,
            0.041915
          ],
          [
            -0.007049,
            0.002561,
            0.052887
          ],
          [
            0.000864,
            0.007673,
            0.059727
          ],
          [
            0.008757,
            -0.008366,
            0.08356
          ],
          [
            -0.004137,
            -0.020499,
            0.037269
          ],
          [
            0.026439,
            -0.014639,
            0.08881
          ],
          [
            0.025441,
            -0.004801,
            0.048848
          ],
          [
            0.013805,
            -0.01734,
            -0.017023
          ],
          [
            -0.015241,
            -0.017879,
            0.033998
          ],
          [
            -0.02973,
            -0.080094,
            0.128528
          ],
          [
            -0.017578,
            0.010164,
            0.07921
          ],
          [
            0.026995,
            -0.032899,
            0.072057
          ],
          [
            -0.070631,
            -0.016555,
            0.055446
          ],
          [
            0.046054,
            -0.027078,
            0.077476
          ],
          [
            -0.006464,
            -0.032378,
            0.053218
          ],
          [
            -0.018051,
            -0.005681,
            0.073026
          ],
          [
            0.03867,
            -0.051431,
            0.033585
          ],
          [
            0.108435,
            -0.082561,
            0.107757
          ],
          [
            -0.015944,
            0.047795,
            0.099999
          ],
          [
            -0.028074,
            -0.080427,
            0.015996
          ],
          [
            -0.007173,
            0.008636,
            0.020939
          ],
          [
            0.020042,
            0.049367,
            0.047305
          ],
          [
            -0.005243,
            0.064369,
            0.034731
          ],
          [
            -0.014994,
            0.001489,
            0.10938
          ],
          [
            -0.01831,
            0.003376,
            0.080609
          ],
          [
            1.488026,
            -0.994829,
            -0.166802
          ],
          [
            -1.677266,
            1.003548,
            -0.648525
          ],
          [
            0.491907,
            -0.157807,
            -0.664603
          ],
          [
            0.631717,
            0.245232,
            -0.30576
          ],
          [
            -0.804239,
            -1.00118,
            -0.315874
          ],
          [
            0.838527,
            0.224238,
            0.051992
          ],
          [
            0.192066,
            -0.450568,
            0.268748
          ],
          [
            0.354245,
            0.027046,
            0.667409
          ],
          [
            -0.869728,
            0.245627,
            -0.058535
          ],
          [
            -0.665139,
            0.492409,
            0.044616
          ],
          [
            -0.578934,
            0.250691,
            0.148374
          ],
          [
            0.409044,
            -1.530428,
            -0.086298
          ],
          [
            -0.294912,
            0.183994,
            0.080081
          ],
          [
            -0.096505,
            0.966736,
            -0.158686
          ],
          [
            0.207181,
            -0.363154,
            0.008967
          ],
          [
            0.382483,
            -0.393434,
            -0.523932
          ],
          [
            0.638225,
            -0.156863,
            1.307953
          ],
          [
            0.042153,
            -0.094234,
            0.244611
          ],
          [
            0.072659,
            -0.431619,
            0.132175
          ],
          [
            -0.344707,
            1.644822,
            0.139245
          ],
          [
            0.397594,
            0.2261,
            0.801457
          ],
          [
            0.13801,
            0.522928,
            -0.54437
          ],
          [
            -0.257048,
            0.02612,
            -0.009922
          ],
          [
            0.040477,
            -0.595605,
            -0.102159
          ],
          [
            -0.587499,
            0.227072,
            0.17489
          ],
          [
            0.294643,
            0.16038,
            -0.70603
          ],
          [
            0.054565,
            0.032514,
            0.171049
          ],
          [
            -0.208314,
            -0.181104,
            0.199359
          ],
          [
            0.154494,
            -0.016834,
            -0.293146
          ],
          [
            -0.434198,
            0.061804,
            -0.3754
          ]
        ],
        "Lattice": [
          [
            8.440733911,
            0.0,
            0.0
          ],
          [
            8.440733911,
            14.619780548,
            0.0
          ],
          [
            0.0,
            0.0,
            21.483230591
          ]
        ],
        "NumAtoms": 102,
        "Positions": [
          [
            4.22079,
            2.43687,
            0.0
          ],
          [
            9.84794,
            12.18339,
            0.0
          ],
          [
            7.03437,
            7.31013,
            0.0
          ],
          [
            7.03437,
            2.43687,
            0.0
          ],
          [
            12.66152,
            12.18339,
            0.0
          ],
          [
            9.84795,
            7.31013,
            0.0
          ],
          [
            1.40721,
            2.43687,
            0.0
          ],
          [
            7.03437,
            12.18339,
            0.0
          ],
          [
            4.22079,
            7.31013,
            0.0
          ],
          [
            2.81385,
            0.0,
            0.0
          ],
          [
            8.44101,
            9.74652,
            0.0
          ],
          [
            5.62743,
            4.87326,
            0.0
          ],
          [
            5.62743,
            0.0,
            0.0
          ],
          [
            11.25459,
            9.74652,
            0.0
          ],
          [
            8.44101,
            4.87326,
            0.0
          ],
          [
            0.00028,
            0.0,
            0.0
          ],
          [
            5.62743,
            9.74652,
            0.0
          ],
          [
            2.81385,
            4.87326,
            0.0
          ],
          [
            7.03462,
            4.06144,
            2.2975
          ],
          [
            12.66177,
            13.80796,
            2.2975
          ],
          [
            9.8482,
            8.9347,
            2.2975
          ],
          [
            9.8482,
            4.06144,
            2.2975
          ],
          [
            15.47535,
            13.80796,
            2.2975
          ],
          [
            12.66177,
            8.9347,
            2.2975
          ],
          [
            4.22104,
            4.06144,
            2.2975
          ],
          [
            9.8482,
            13.80796,
            2.2975
          ],
          [
            7.03462,
            8.9347,
            2.2975
          ],
          [
            5.62769,
            1.62456,
            2.2975
          ],
          [
            11.25484,
            11.37109,
            2.2975
          ],
          [
            8.44127,
            6.49782,
            2.2975
          ],
          [
            8.44127,
            1.62456,
            2.2975
          ],
          [
            14.06842,
            11.37109,
            2.2975
          ],
          [
            11.25484,
            6.49782,
            2.2975
          ],
          [
            2.81411,
            1.62456,
            2.2975
          ],
          [
            8.44127,
            11.37109,
            2.2975
          ],
          [
            5.62769,
            6.49782,
            2.2975
          ],
          [
            1.37782,
            0.83935,
            4.54018
          ],
          [
            7.00355,
            10.58307,
            4.56637
          ],
          [
            4.19236,
            5.70978,
            4.55053
          ],
          [
            4.19486,
            0.83311,
            4.54063
          ],
          [
            9.81838,
            10.58463,
            4.54762
          ],
          [
            7.01075,
            5.704,
            4.56623
          ],
          [
            7.00667,
            0.84009,
            4.54704
          ],
          [
            12.62954,
            10.58571,
            4.55688
          ],
          [
            9.80428,
            5.71004,
            4.56529
          ],
          [
            2.78308,
            3.27841,
            4.54669
          ],
          [
            8.40081,
            13.01277,
            4.56473
          ],
          [
            5.60178,
            8.14196,
            4.54324
          ],
          [
            5.59822,
            3.27751,
            4.55181
          ],
          [
            11.23034,
            13.02128,
            4.54496
          ],
          [
            8.4082,
            8.14392,
            4.54391
          ],
          [
            8.41199,
            3.29147,
            4.56959
          ],
          [
            14.05321,
            13.00725,
            4.57826
          ],
          [
            11.22479,
            8.14634,
            4.54769
          ],
          [
            5.54518,
            0.08693,
            6.84131
          ],
          [
            11.19309,
            9.79999,
            6.86501
          ],
          [
            8.3659,
            4.95964,
            6.92287
          ],
          [
            2.74812,
            0.05822,
            6.84404
          ],
          [
            8.38869,
            9.79777,
            6.83469
          ],
          [
            5.55961,
            4.93643,
            6.8658
          ],
          [
            11.19437,
            4.93698,
            6.84351
          ],
          [
            8.3869,
            0.07824,
            6.83561
          ],
          [
            13.99747,
            9.78912,
            6.84661
          ],
          [
            9.79035,
            2.50337,
            6.84754
          ],
          [
            15.37197,
            12.25872,
            6.92391
          ],
          [
            12.60101,
            7.36233,
            6.85123
          ],
          [
            6.96895,
            2.50989,
            6.85283
          ],
          [
            12.57632,
            12.23171,
            6.87593
          ],
          [
            9.79088,
            7.38074,
            6.852
          ],
          [
            6.96682,
            7.38056,
            6.85957
          ],
          [
            4.15456,
            2.50264,
            6.84311
          ],
          [
            9.79497,
            12.23751,
            6.83353
          ],
          [
            13.92764,
            10.20212,
            10.91276
          ],
          [
            13.65925,
            11.61087,
            10.55256
          ],
          [
            14.90235,
            12.45923,
            10.37949
          ],
          [
            6.02288,
            6.34208,
            10.86752
          ],
          [
            6.2683,
            4.91426,
            10.52107
          ],
          [
            7.71439,
            4.46624,
            10.41604
          ],
          [
            7.82496,
            2.97032,
            10.22517
          ],
          [
            14.62103,
            13.91478,
            10.0707
          ],
          [
            6.64743,
            9.71442,
            10.76406
          ],
          [
            12.92761,
            9.48236,
            11.36396
          ],
          [
            4.948,
            6.80123,
            11.23028
          ],
          [
            7.11511,
            7.10832,
            10.69229
          ],
          [
            8.46812,
            5.1604,
            9.36725
          ],
          [
            7.26466,
            11.89605,
            9.28513
          ],
          [
            13.11728,
            8.49315,
            11.3788
          ],
          [
            12.95611,
            12.08288,
            11.30479
          ],
          [
            13.07756,
            11.62964,
            9.52233
          ],
          [
            15.54998,
            12.40039,
            11.2691
          ],
          [
            7.35991,
            10.93562,
            9.45243
          ],
          [
            6.93656,
            8.05982,
            10.8069
          ],
          [
            5.73509,
            4.70736,
            9.51603
          ],
          [
            5.75829,
            4.25563,
            11.28641
          ],
          [
            8.2715,
            4.72554,
            11.34767
          ],
          [
            8.35529,
            6.1422,
            9.52197
          ],
          [
            8.88793,
            2.6494,
            10.04538
          ],
          [
            7.43199,
            2.47603,
            11.16345
          ],
          [
            7.22115,
            2.62603,
            9.3498
          ],
          [
            15.56013,
            14.46134,
            9.82926
          ],
          [
            14.12292,
            14.38314,
            10.95126
          ],
          [
            13.96594,
            14.00804,
            9.20253
          ]
        ],
        "Stress": [
          [
            -59.55861,
            -0.84992,
            -0.80969
          ],
          [
            -0.84992,
            -57.93478,
            0.77996
          ],
          [
            -0.80969,
            0.77996,
            -11.75486
          ]
        ],
        "computation_code": "VASP",
        "pseudopotential_information": [
          [
            "PAW_PBE",
            "Pt",
            "04Feb2005"
          ],
          [
            "PAW_PBE",
            "C",
            "08Apr2002"
          ],
          [
            "PAW_PBE",
            "O",
            "08Apr2002"
          ],
          [
            "PAW_PBE",
            "H",
            "15Jun2001"
          ]
        ]
      }
    ],
    "EnergyStyle": "electronvolt",
    "ForcesStyle": "electronvoltperangstrom",
    "LatticeStyle": "angstrom",
    "PositionsStyle": "angstrom",
    "StressStyle": "kB"
  }
}