{
  "Dataset": {
    "AtomTypeStyle": "chemicalsymbol",
    "Data": [
      {
        "AtomTypes": [
          "Pt",
          "Pt",
          "Pt",
          "Pt",
          "Pt",
          "Pt",
          "Pt",
          "Pt",
          "Pt",
          "Pt",
          "Pt",
          "Pt",
          "Pt",
          "Pt",
          "Pt",
          "Pt",
          "Pt",
          "Pt",
          "Pt",
          "Pt",
          "Pt",
          "Pt",
          "Pt",
          "Pt",
          "Pt",
          "Pt",
          "Pt",
          "Pt",
          "Pt",
          "Pt",
          "Pt",
          "Pt",
          "Pt",
          "Pt",
          "Pt",
          "Pt",
          "Pt",
          "Pt",
          "Pt",
          "Pt",
          "Pt",
          "Pt",
          "Pt",
          "Pt",
          "Pt",
          "Pt",
          "Pt",
          "Pt",
          "Pt",
          "Pt",
          "Pt",
          "Pt",
          "Pt",
          "Pt",
          "Pt",
          "Pt",
          "Pt",
          "Pt",
          "Pt",
          "Pt",
          "Pt",
          "Pt",
          "Pt",
          "Pt",
          "Pt",
          "Pt",
          "Pt",
          "Pt",
          "Pt",
          "Pt",
          "Pt",
          "Pt",
          "C",
          "C",
          "C",
          "C",
          "C",
          "C",
          "C",
          "C",
          "O",
          "O",
          "O",
          "O",
          "O",
          "O",
          "H",
          "H",
          "H",
          "H",
          "H",
          "H",
          "H",
          "H",
          "H",
          "H",
          "H",
          "H",
          "H",
          "H",
          "H",
          "H"
        ],
        "Energy": -379.46958734,
        "Forces": [
          [
            0.008354,
            -0.02335,
            -0.062035
          ],
          [
            0.043712,
            -0.015193,
            -0.069754
          ],
          [
            0.015748,
            -0.055065,
            -0.110807
          ],
          [
            0.022199,
            -0.027005,
            -0.063709
          ],
          [
            -0.0011,
            -0.010403,
            -0.07841
          ],
          [
            0.018558,
            -0.030116,
            -0.077273
          ],
          [
            0.019589,
            -0.038712,
            -0.072538
          ],
          [
            0.009508,
            -0.023865,
            -0.076021
          ],
          [
            0.016792,
            -0.004288,
            -0.153171
          ],
          [
            0.00863,
            0.005536,
            -0.147001
          ],
          [
            0.01593,
            -0.041931,
            -0.070914
          ],
          [
            -0.003207,
            -0.006421,
            -0.072345
          ],
          [
            0.019097,
            -0.019667,
            -0.071178
          ],
          [
            0.02365,
            -0.02311,
            -0.063069
          ],
          [
            0.030431,
            -0.025574,
            -0.077822
          ],
          [
            0.02297,
            -0.049787,
            -0.111614
          ],
          [
            0.018664,
            -0.027067,
            -0.053829
          ],
          [
            0.032663,
            -0.002598,
            -0.0834
          ],
          [
            0.031738,
            0.04362,
            0.129264
          ],
          [
            -0.007273,
            0.008163,
            0.052617
          ],
          [
            -0.021512,
            0.040532,
            0.057759
          ],
          [
            -0.061558,
            0.052757,
            0.144782
          ],
          [
            0.007425,
            -0.010464,
            0.073263
          ],
          [
            -0.02553,
            0.012102,
            0.006072
          ],
          [
            -0.024564,
            0.01236,
            0.050638
          ],
          [
            -0.071207,
            0.018949,
            0.076825
          ],
          [
            -0.005337,
            0.089556,
            0.0633
          ],
          [
            -0.012225,
            0.032247,
            0.035571
          ],
          [
            -0.019353,
            0.020185,
            0.062856
          ],
          [
            -0.021276,
            -0.00856,
            0.094692
          ],
          [
            -0.015389,
            0.110043,
            0.092599
          ],
          [
            0.018548,
            0.035887,
            0.100734
          ],
          [
            -0.064413,
            0.009276,
            0.061582
          ],
          [
            -0.020385,
            0.027787,
            0.065286
          ],
          [
            -0.048484,
            0.054221,
            0.137166
          ],
          [
            0.018549,
            0.003944,
            0.026847
          ],
          [
            -0.009442,
            -0.006362,
            0.002451
          ],
          [
            -0.000972,
            0.006652,
            0.023535
          ],
          [
            -0.001106,
            -0.003104,
            0.00939
          ],
          [
            0.001525,
            -0.005948,
            0.002012
          ],
          [
            -0.012257,
            0.003342,
            -0.001319
          ],
          [
            0.002563,
            0.013045,
            -0.005472
          ],
          [
            -0.009273,
            0.001146,
            0.006956
          ],
          [
            9e-05,
            0.004343,
            -0.001992
          ],
          [
            -0.008475,
            0.001697,
            0.013085
          ],
          [
            -0.007659,
            -0.011766,
            0.00526
          ],
          [
            0.000376,
            0.004303,
            -0.004163
          ],
          [
            -0.008253,
            0.010279,
            0.002087
          ],
          [
            -0.003272,
            0.005852,
            0.005319
          ],
          [
            -0.003909,
            -0.011144,
            0.00183
          ],
          [
            -0.001002,
            0.006199,
            0.008838
          ],
          [
            -0.001585,
            0.015624,
            0.002771
          ],
          [
            -0.012033,
            -0.002424,
            0.001426
          ],
          [
            -0.002617,
            0.002374,
            -0.003284
          ],
          [
            -0.005785,
            0.002255,
            0.018683
          ],
          [
            -0.00768,
            0.008596,
            -0.013346
          ],
          [
            -0.017597,
            0.00638,
            -0.03445
          ],
          [
            -0.012777,
            0.003544,
            -0.012461
          ],
          [
            -0.003076,
            -0.008969,
            0.021641
          ],
          [
            0.004749,
            0.008977,
            -0.002102
          ],
          [
            0.006129,
            0.006413,
            -0.001731
          ],
          [
            -0.020128,
            0.010066,
            0.022407
          ],
          [
            -0.021935,
            -0.010644,
            0.018232
          ],
          [
            -0.013387,
            -0.000514,
            -0.009809
          ],
          [
            -0.012626,
            0.010374,
            -0.013839
          ],
          [
            -0.003894,
            0.001117,
            0.002207
          ],
          [
            -0.002568,
            0.002381,
            -0.007355
          ],
          [
            -0.018491,
            -0.001511,
            0.015559
          ],
          [
            0.001144,
            0.006579,
            -0.000131
          ],
          [
            -0.009696,
            0.011141,
            -0.003329
          ],
          [
            -0.00026,
            -0.003732,
            -0.010095
          ],
          [
            -0.002237,
            -0.00473,
            0.015635
          ],
          [
            0.024419,
            -0.002389,
            0.040321
          ],
          [
            -0.032097,
            -0.060722,
            -0.086463
          ],
          [
            -0.040095,
            0.046303,
            -0.016318
          ],
          [
            -0.035166,
            -0.015526,
            0.067179
          ],
          [
            -0.070921,
            0.140394,
            -0.059574
          ],
          [
            -0.066288,
            -0.055071,
            -0.119396
          ],
          [
            -0.020703,
            0.007302,
            0.079665
          ],
          [
            -0.034152,
            -0.013696,
            0.009111
          ],
          [
            0.078001,
            -0.014408,
            0.078
          ],
          [
            -0.037292,
            0.016795,
            -0.018502
          ],
          [
            -0.020715,
            -0.040211,
            0.038921
          ],
          [
            0.089583,
            -0.032076,
            0.012887
          ],
          [
            0.00847,
            0.128774,
            0.051223
          ],
          [
            0.074324,
            -0.194659,
            0.095892
          ],
          [
            0.056635,
            -0.017996,
            -0.025868
          ],
          [
            -0.045736,
            -0.019853,
            -0.036428
          ],
          [
            0.142468,
            -0.014005,
            0.031635
          ],
          [
            -0.002195,
            -0.011662,
            0.095169
          ],
          [
            0.014897,
            0.027575,
            -0.104432
          ],
          [
            -0.01931,
            0.00707,
            0.01531
          ],
          [
            0.121566,
            0.0127,
            0.011372
          ],
          [
            -0.125988,
            -0.058558,
            0.022622
          ],
          [
            0.081319,
            0.009928,
            0.034704
          ],
          [
            -0.023182,
            -0.040461,
            0.027384
          ],
          [
            0.087608,
            -0.022626,
            -0.004502
          ],
          [
            -0.024566,
            -0.051367,
            -0.010556
          ],
          [
            0.004304,
            0.025089,
            -0.037992
          ],
          [
            0.082027,
            0.036942,
            0.007305
          ],
          [
            -0.011725,
            0.037427,
            -0.014584
          ],
          [
            -0.018017,
            -0.046832,
            -0.075489
          ]
        ],
        "Lattice": [
          [
            8.440733911,
            0.0,
            0.0
          ],
          [
            8.440733911,
            14.619780548,
            0.0
          ],
          [
            0.0,
            0.0,
            21.483230591
          ]
        ],
        "NumAtoms": 102,
        "Positions": [
          [
            4.22079,
            2.43687,
            0.0
          ],
          [
            9.84794,
            12.18339,
            0.0
          ],
          [
            7.03437,
            7.31013,
            0.0
          ],
          [
            7.03437,
            2.43687,
            0.0
          ],
          [
            12.66152,
            12.18339,
            0.0
          ],
          [
            9.84795,
            7.31013,
            0.0
          ],
          [
            1.40721,
            2.43687,
            0.0
          ],
          [
            7.03437,
            12.18339,
            0.0
          ],
          [
            4.22079,
            7.31013,
            0.0
          ],
          [
            2.81385,
            0.0,
            0.0
          ],
          [
            8.44101,
            9.74652,
            0.0
          ],
          [
            5.62743,
            4.87326,
            0.0
          ],
          [
            5.62743,
            0.0,
            0.0
          ],
          [
            11.25459,
            9.74652,
            0.0
          ],
          [
            8.44101,
            4.87326,
            0.0
          ],
          [
            0.00028,
            0.0,
            0.0
          ],
          [
            5.62743,
            9.74652,
            0.0
          ],
          [
            2.81385,
            4.87326,
            0.0
          ],
          [
            7.03462,
            4.06144,
            2.2975
          ],
          [
            12.66177,
            13.80796,
            2.2975
          ],
          [
            9.8482,
            8.9347,
            2.2975
          ],
          [
            9.8482,
            4.06144,
            2.2975
          ],
          [
            15.47535,
            13.80796,
            2.2975
          ],
          [
            12.66177,
            8.9347,
            2.2975
          ],
          [
            4.22104,
            4.06144,
            2.2975
          ],
          [
            9.8482,
            13.80796,
            2.2975
          ],
          [
            7.03462,
            8.9347,
            2.2975
          ],
          [
            5.62769,
            1.62456,
            2.2975
          ],
          [
            11.25484,
            11.37109,
            2.2975
          ],
          [
            8.44127,
            6.49782,
            2.2975
          ],
          [
            8.44127,
            1.62456,
            2.2975
          ],
          [
            14.06842,
            11.37109,
            2.2975
          ],
          [
            11.25484,
            6.49782,
            2.2975
          ],
          [
            2.81411,
            1.62456,
            2.2975
          ],
          [
            8.44127,
            11.37109,
            2.2975
          ],
          [
            5.62769,
            6.49782,
            2.2975
          ],
          [
            1.38411,
            0.85054,
            4.56515
          ],
          [
            7.01128,
            10.6047,
            4.58978
          ],
          [
            4.19175,
            5.71794,
            4.56122
          ],
          [
            4.19136,
            0.84555,
            4.56679
          ],
          [
            9.82621,
            10.59465,
            4.57649
          ],
          [
            7.01646,
            5.70447,
            4.57945
          ],
          [
            7.01468,
            0.84604,
            4.56581
          ],
          [
            12.63213,
            10.5892,
            4.57046
          ],
          [
            9.81187,
            5.71574,
            4.58993
          ],
          [
            2.78775,
            3.28471,
            4.57612
          ],
          [
            8.40882,
            13.02486,
            4.58859
          ],
          [
            5.60299,
            8.14987,
            4.55491
          ],
          [
            5.59828,
            3.27157,
            4.5716
          ],
          [
            11.22572,
            13.03567,
            4.56481
          ],
          [
            8.41751,
            8.16041,
            4.56392
          ],
          [
            8.41746,
            3.28924,
            4.59744
          ],
          [
            14.05173,
            13.02296,
            4.57426
          ],
          [
            11.23042,
            8.15522,
            4.56569
          ],
          [
            5.55744,
            0.09486,
            6.86621
          ],
          [
            11.20051,
            9.81149,
            6.90124
          ],
          [
            8.36557,
            4.92753,
            6.94064
          ],
          [
            2.75884,
            0.07012,
            6.89843
          ],
          [
            8.39612,
            9.82335,
            6.88749
          ],
          [
            5.54868,
            4.93197,
            6.86705
          ],
          [
            11.20265,
            4.93903,
            6.8842
          ],
          [
            8.40383,
            0.08807,
            6.87558
          ],
          [
            14.0127,
            9.8116,
            6.86435
          ],
          [
            9.80699,
            2.49511,
            6.89882
          ],
          [
            15.39554,
            12.29616,
            6.93524
          ],
          [
            12.60295,
            7.38061,
            6.88122
          ],
          [
            6.96869,
            2.49304,
            6.89282
          ],
          [
            12.58718,
            12.25397,
            6.86954
          ],
          [
            9.80014,
            7.39472,
            6.87881
          ],
          [
            6.98002,
            7.39764,
            6.85293
          ],
          [
            4.15896,
            2.50603,
            6.9056
          ],
          [
            9.80214,
            12.25039,
            6.88577
          ],
          [
            13.52163,
            10.49254,
            10.27468
          ],
          [
            13.27602,
            11.97707,
            10.31234
          ],
          [
            14.56516,
            12.80046,
            10.37992
          ],
          [
            5.84116,
            6.71799,
            10.19814
          ],
          [
            6.12141,
            5.23639,
            10.248
          ],
          [
            7.5787,
            4.79096,
            10.37429
          ],
          [
            7.68457,
            3.27934,
            10.41927
          ],
          [
            14.31389,
            14.29231,
            10.35723
          ],
          [
            6.22726,
            10.02326,
            10.09799
          ],
          [
            12.45261,
            9.74098,
            10.43426
          ],
          [
            4.69315,
            7.17212,
            10.27483
          ],
          [
            6.92301,
            7.48929,
            10.06373
          ],
          [
            8.44298,
            5.2575,
            9.29548
          ],
          [
            15.51515,
            12.45108,
            9.32678
          ],
          [
            12.6926,
            8.75213,
            10.34009
          ],
          [
            12.64385,
            12.209,
            11.18399
          ],
          [
            12.66758,
            12.23639,
            9.41267
          ],
          [
            15.09023,
            12.54013,
            11.31407
          ],
          [
            7.2458,
            11.48756,
            9.47684
          ],
          [
            6.64963,
            8.47272,
            10.02258
          ],
          [
            5.63187,
            4.79428,
            9.34898
          ],
          [
            5.56915,
            4.84425,
            11.11304
          ],
          [
            7.99515,
            5.22632,
            11.29706
          ],
          [
            8.42201,
            6.24207,
            9.28974
          ],
          [
            8.73466,
            2.96881,
            10.41182
          ],
          [
            7.21002,
            2.90603,
            11.33746
          ],
          [
            7.18156,
            2.82092,
            9.5509
          ],
          [
            6.82403,
            0.21523,
            10.36009
          ],
          [
            5.29482,
            -0.04083,
            11.24786
          ],
          [
            5.30421,
            -0.01792,
            9.46498
          ]
        ],
        "Stress": [
          [
            -49.50694,
            -0.20598,
            -0.23311
          ],
          [
            -0.20598,
            -49.01666,
            -0.29104
          ],
          [
            -0.23311,
            -0.29104,
            -1.84646
          ]
        ],
        "computation_code": "VASP",
        "pseudopotential_information": [
          [
            "PAW_PBE",
            "Pt",
            "04Feb2005"
          ],
          [
            "PAW_PBE",
            "C",
            "08Apr2002"
          ],
          [
            "PAW_PBE",
            "O",
            "08Apr2002"
          ],
          [
            "PAW_PBE",
            "H",
            "15Jun2001"
          ]
        ]
      }
    ],
    "EnergyStyle": "electronvolt",
    "ForcesStyle": "electronvoltperangstrom",
    "LatticeStyle": "angstrom",
    "PositionsStyle": "angstrom",
    "StressStyle": "kB"
  }
}