{
  "Dataset": {
    "AtomTypeStyle": "chemicalsymbol",
    "Data": [
      {
        "AtomTypes": [
          "Pt",
          "Pt",
          "Pt",
          "Pt",
          "Pt",
          "Pt",
          "Pt",
          "Pt",
          "Pt",
          "Pt",
          "Pt",
          "Pt",
          "Pt",
          "Pt",
          "Pt",
          "Pt",
          "Pt",
          "Pt",
          "Pt",
          "Pt",
          "Pt",
          "Pt",
          "Pt",
          "Pt",
          "Pt",
          "Pt",
          "Pt",
          "Pt",
          "Pt",
          "Pt",
          "Pt",
          "Pt",
          "Pt",
          "Pt",
          "Pt",
          "Pt",
          "Pt",
          "Pt",
          "Pt",
          "Pt",
          "Pt",
          "Pt",
          "Pt",
          "Pt",
          "Pt",
          "Pt",
          "Pt",
          "Pt",
          "Pt",
          "Pt",
          "Pt",
          "Pt",
          "Pt",
          "Pt",
          "Pt",
          "Pt",
          "Pt",
          "Pt",
          "Pt",
          "Pt",
          "Pt",
          "Pt",
          "Pt",
          "Pt",
          "Pt",
          "Pt",
          "Pt",
          "Pt",
          "Pt",
          "Pt",
          "Pt",
          "Pt",
          "Pt",
          "Pt",
          "Pt",
          "Pt",
          "Pt",
          "Pt",
          "Pt",
          "Pt",
          "Pt",
          "Pt",
          "Pt",
          "Pt",
          "C",
          "C",
          "C",
          "C",
          "C",
          "C",
          "C",
          "C",
          "O",
          "O",
          "O",
          "O",
          "H",
          "H",
          "H",
          "H",
          "H",
          "H",
          "H",
          "H",
          "H",
          "H",
          "H",
          "H",
          "H",
          "H",
          "H",
          "H"
        ],
        "Energy": -405.45024732,
        "Forces": [
          [
            -0.005493,
            -0.007503,
            -0.038128
          ],
          [
            -0.004161,
            -0.004868,
            -0.033959
          ],
          [
            -0.001323,
            -0.006256,
            -0.040032
          ],
          [
            -0.00721,
            0.00143,
            -0.039839
          ],
          [
            -0.011383,
            -0.008871,
            -0.030328
          ],
          [
            -0.010709,
            -0.005535,
            -0.033162
          ],
          [
            -0.010702,
            -9.1e-05,
            -0.031221
          ],
          [
            -0.007975,
            -0.004756,
            -0.031167
          ],
          [
            -0.007648,
            -0.004501,
            -0.034594
          ],
          [
            -0.012238,
            -0.001543,
            -0.031892
          ],
          [
            -0.002403,
            -0.001805,
            -0.032402
          ],
          [
            -0.006112,
            -0.002663,
            -0.031906
          ],
          [
            -0.007308,
            -0.010118,
            -0.025647
          ],
          [
            -0.006807,
            -0.002439,
            -0.041124
          ],
          [
            -0.008667,
            -0.007116,
            -0.028229
          ],
          [
            -0.002702,
            -0.00674,
            -0.033189
          ],
          [
            3.7e-05,
            -0.003577,
            -0.032236
          ],
          [
            -0.006214,
            -0.008399,
            -0.03408
          ],
          [
            -0.004866,
            -0.007059,
            -0.033961
          ],
          [
            -0.007621,
            -0.005653,
            -0.033386
          ],
          [
            -0.01228,
            -0.007766,
            -0.028412
          ],
          [
            0.019386,
            0.011451,
            0.040965
          ],
          [
            0.009545,
            0.007538,
            0.038575
          ],
          [
            0.008416,
            0.005502,
            0.016251
          ],
          [
            0.006998,
            0.002571,
            0.027527
          ],
          [
            0.015805,
            -0.003259,
            0.026019
          ],
          [
            0.013459,
            0.006343,
            0.014347
          ],
          [
            0.012341,
            0.009336,
            0.040369
          ],
          [
            0.008096,
            -0.002669,
            0.028489
          ],
          [
            0.014575,
            0.005042,
            0.021348
          ],
          [
            0.011479,
            0.011484,
            0.028112
          ],
          [
            0.019052,
            0.007685,
            0.047133
          ],
          [
            0.004518,
            -0.000982,
            0.053792
          ],
          [
            0.01709,
            0.00196,
            0.047331
          ],
          [
            0.013385,
            0.016312,
            0.040712
          ],
          [
            0.000893,
            0.005226,
            0.035904
          ],
          [
            0.008614,
            0.011021,
            0.034711
          ],
          [
            0.003702,
            0.016036,
            0.045783
          ],
          [
            0.013135,
            -0.000301,
            0.052607
          ],
          [
            0.008564,
            0.008022,
            0.026535
          ],
          [
            0.006111,
            0.003988,
            0.015736
          ],
          [
            0.005702,
            0.010827,
            0.020732
          ],
          [
            0.000809,
            -0.003142,
            0.002408
          ],
          [
            -0.000466,
            -0.001011,
            0.002015
          ],
          [
            0.000462,
            -0.001941,
            0.0008
          ],
          [
            -0.001555,
            0.002121,
            0.000187
          ],
          [
            0.001717,
            0.003084,
            0.001131
          ],
          [
            -0.002508,
            0.002864,
            -0.00034
          ],
          [
            0.001629,
            -0.00157,
            0.00184
          ],
          [
            0.000535,
            -0.002855,
            0.000318
          ],
          [
            -0.001683,
            -0.002743,
            0.000724
          ],
          [
            -0.000911,
            0.000168,
            0.001096
          ],
          [
            0.00027,
            0.002328,
            0.002306
          ],
          [
            0.000596,
            0.00276,
            -0.002888
          ],
          [
            0.000184,
            0.002998,
            -0.001457
          ],
          [
            0.000292,
            0.000661,
            6.6e-05
          ],
          [
            4.7e-05,
            -0.002732,
            0.000465
          ],
          [
            -0.000327,
            -0.003238,
            0.001863
          ],
          [
            0.002012,
            0.000543,
            0.000647
          ],
          [
            -3.1e-05,
            0.00066,
            0.000298
          ],
          [
            0.000504,
            0.001279,
            -0.000714
          ],
          [
            0.000816,
            0.002911,
            -0.00184
          ],
          [
            0.000472,
            0.000944,
            -0.00028
          ],
          [
            -0.001922,
            0.001471,
            -0.002601
          ],
          [
            0.001972,
            -0.000285,
            0.002357
          ],
          [
            -0.00099,
            0.001001,
            0.001965
          ],
          [
            -0.000686,
            0.000265,
            -0.000819
          ],
          [
            -0.000977,
            -0.00042,
            0.000132
          ],
          [
            0.000193,
            -0.001129,
            -0.002273
          ],
          [
            -0.001644,
            0.001348,
            0.002814
          ],
          [
            -0.000644,
            0.000997,
            -0.001862
          ],
          [
            0.000253,
            -0.000653,
            0.004143
          ],
          [
            0.002094,
            -0.000473,
            0.00181
          ],
          [
            -0.001526,
            0.002529,
            -0.001403
          ],
          [
            0.000988,
            -0.001597,
            -0.001209
          ],
          [
            -0.000213,
            -0.00162,
            -0.003198
          ],
          [
            -0.001116,
            0.000208,
            0.004353
          ],
          [
            -0.001468,
            0.001859,
            -0.003224
          ],
          [
            -0.000614,
            0.001021,
            0.000744
          ],
          [
            0.003616,
            -0.001055,
            -0.003475
          ],
          [
            -0.001089,
            -0.000769,
            0.002686
          ],
          [
            0.002891,
            -0.002907,
            -0.000337
          ],
          [
            0.001019,
            -0.002147,
            -0.003292
          ],
          [
            0.001182,
            0.002557,
            -0.002124
          ],
          [
            0.010143,
            0.002704,
            0.00237
          ],
          [
            -0.011208,
            -0.003633,
            -0.01686
          ],
          [
            -0.000697,
            -0.01656,
            0.014508
          ],
          [
            0.031139,
            0.013645,
            -0.005909
          ],
          [
            -0.009366,
            0.006065,
            -0.000717
          ],
          [
            0.00381,
            -0.01138,
            -0.001188
          ],
          [
            -0.003277,
            -0.00951,
            0.004176
          ],
          [
            -0.001352,
            0.002099,
            -0.009931
          ],
          [
            -0.02167,
            0.002983,
            -0.002661
          ],
          [
            -0.007527,
            -0.010585,
            0.000184
          ],
          [
            -0.052642,
            0.012377,
            0.005581
          ],
          [
            0.021931,
            0.002634,
            -0.010455
          ],
          [
            0.002751,
            -0.000682,
            0.002396
          ],
          [
            -0.000787,
            0.001537,
            0.00759
          ],
          [
            0.007664,
            -0.004393,
            0.008771
          ],
          [
            -0.009846,
            0.004731,
            -0.00597
          ],
          [
            -0.004955,
            0.00111,
            -0.000798
          ],
          [
            -0.003162,
            -0.019369,
            -0.00608
          ],
          [
            -0.004205,
            -0.00653,
            -0.00767
          ],
          [
            -0.006455,
            -0.006021,
            0.006044
          ],
          [
            -0.001065,
            0.000297,
            0.002641
          ],
          [
            -0.001483,
            -0.00137,
            -0.001287
          ],
          [
            -0.003836,
            0.005149,
            0.00055
          ],
          [
            0.001646,
            0.003076,
            -0.005595
          ],
          [
            0.003386,
            0.000538,
            0.004078
          ],
          [
            -0.006128,
            0.002004,
            0.000364
          ],
          [
            -0.007953,
            -0.000632,
            0.006296
          ],
          [
            -0.006118,
            -0.001871,
            0.001658
          ]
        ],
        "Lattice": [
          [
            8.440733888,
            0.0,
            0.0
          ],
          [
            9.847522711,
            17.056409664,
            0.0
          ],
          [
            0.0,
            0.0,
            21.483230926
          ]
        ],
        "NumAtoms": 112,
        "Positions": [
          [
            0.00042,
            0.00024,
            0.0
          ],
          [
            1.40721,
            2.43687,
            0.0
          ],
          [
            2.814,
            4.8735,
            0.0
          ],
          [
            4.22079,
            7.31013,
            0.0
          ],
          [
            5.62758,
            9.74676,
            0.0
          ],
          [
            7.03437,
            12.18339,
            0.0
          ],
          [
            8.44116,
            14.62002,
            0.0
          ],
          [
            2.814,
            0.00024,
            0.0
          ],
          [
            4.22079,
            2.43687,
            0.0
          ],
          [
            5.62758,
            4.8735,
            0.0
          ],
          [
            7.03437,
            7.31013,
            0.0
          ],
          [
            8.44116,
            9.74676,
            0.0
          ],
          [
            9.84794,
            12.18339,
            0.0
          ],
          [
            11.25473,
            14.62002,
            0.0
          ],
          [
            5.62758,
            0.00024,
            0.0
          ],
          [
            7.03437,
            2.43687,
            0.0
          ],
          [
            8.44116,
            4.8735,
            0.0
          ],
          [
            9.84794,
            7.31013,
            0.0
          ],
          [
            11.25473,
            9.74676,
            0.0
          ],
          [
            12.66152,
            12.18339,
            0.0
          ],
          [
            14.06831,
            14.62002,
            0.0
          ],
          [
            2.81425,
            1.62481,
            2.2975
          ],
          [
            4.22104,
            4.06144,
            2.2975
          ],
          [
            5.62783,
            6.49807,
            2.2975
          ],
          [
            7.03462,
            8.9347,
            2.2975
          ],
          [
            8.44141,
            11.37133,
            2.2975
          ],
          [
            9.8482,
            13.80796,
            2.2975
          ],
          [
            11.25498,
            16.24459,
            2.2975
          ],
          [
            5.62783,
            1.62481,
            2.2975
          ],
          [
            7.03462,
            4.06144,
            2.2975
          ],
          [
            8.44141,
            6.49807,
            2.2975
          ],
          [
            9.8482,
            8.9347,
            2.2975
          ],
          [
            11.25498,
            11.37133,
            2.2975
          ],
          [
            12.66177,
            13.80796,
            2.2975
          ],
          [
            14.06856,
            16.24459,
            2.2975
          ],
          [
            8.44141,
            1.62481,
            2.2975
          ],
          [
            9.8482,
            4.06144,
            2.2975
          ],
          [
            11.25498,
            6.49807,
            2.2975
          ],
          [
            12.66177,
            8.9347,
            2.2975
          ],
          [
            14.06856,
            11.37133,
            2.2975
          ],
          [
            15.47535,
            13.80796,
            2.2975
          ],
          [
            16.88214,
            16.24459,
            2.2975
          ],
          [
            1.41761,
            0.82265,
            4.56523
          ],
          [
            2.82333,
            3.26047,
            4.56514
          ],
          [
            4.22691,
            5.69713,
            4.56343
          ],
          [
            5.63581,
            8.12732,
            4.56336
          ],
          [
            7.04554,
            10.56486,
            4.56087
          ],
          [
            8.45482,
            13.00251,
            4.55989
          ],
          [
            9.86185,
            15.44287,
            4.56129
          ],
          [
            4.22849,
            0.82114,
            4.5667
          ],
          [
            5.63537,
            3.25468,
            4.56155
          ],
          [
            7.04407,
            5.69136,
            4.56208
          ],
          [
            8.45345,
            8.13066,
            4.56238
          ],
          [
            9.85989,
            10.5673,
            4.5683
          ],
          [
            11.26615,
            13.00724,
            4.56487
          ],
          [
            12.6712,
            15.44331,
            4.56545
          ],
          [
            7.04415,
            0.81819,
            4.5636
          ],
          [
            8.45015,
            3.2573,
            4.56471
          ],
          [
            9.85766,
            5.69569,
            4.56466
          ],
          [
            11.26575,
            8.13322,
            4.56794
          ],
          [
            12.66931,
            10.56968,
            4.56471
          ],
          [
            14.07884,
            13.00361,
            4.56535
          ],
          [
            15.48398,
            15.4401,
            4.56255
          ],
          [
            0.02277,
            0.0167,
            6.87301
          ],
          [
            1.42906,
            2.44996,
            6.86897
          ],
          [
            2.83427,
            4.88935,
            6.87602
          ],
          [
            4.24093,
            7.32705,
            6.88101
          ],
          [
            5.64839,
            9.76244,
            6.86068
          ],
          [
            7.06669,
            12.19912,
            6.85988
          ],
          [
            8.46891,
            14.64305,
            6.85702
          ],
          [
            2.83271,
            0.01682,
            6.87776
          ],
          [
            4.23611,
            2.4507,
            6.87359
          ],
          [
            5.6386,
            4.88584,
            6.8575
          ],
          [
            7.05912,
            7.33083,
            6.86041
          ],
          [
            8.46718,
            9.76396,
            6.87314
          ],
          [
            9.87835,
            12.20034,
            6.87266
          ],
          [
            11.27736,
            14.63672,
            6.87513
          ],
          [
            5.64625,
            0.0166,
            6.87103
          ],
          [
            7.0502,
            2.44787,
            6.8659
          ],
          [
            8.46842,
            4.89448,
            6.86762
          ],
          [
            9.87404,
            7.33078,
            6.87444
          ],
          [
            11.27936,
            9.76345,
            6.8801
          ],
          [
            12.68309,
            12.20072,
            6.87427
          ],
          [
            14.08719,
            14.64186,
            6.86857
          ],
          [
            5.90449,
            10.48804,
            10.27813
          ],
          [
            14.19743,
            11.98099,
            10.40348
          ],
          [
            15.49579,
            12.75237,
            10.20558
          ],
          [
            6.24133,
            6.69149,
            10.20883
          ],
          [
            6.38591,
            5.19395,
            10.27858
          ],
          [
            7.80234,
            4.6326,
            10.22814
          ],
          [
            7.82048,
            3.11028,
            10.3137
          ],
          [
            15.31425,
            14.26077,
            10.32015
          ],
          [
            7.01028,
            9.93764,
            10.12304
          ],
          [
            13.20397,
            9.8268,
            10.3526
          ],
          [
            5.12554,
            7.23483,
            10.2732
          ],
          [
            7.37088,
            7.36552,
            10.06672
          ],
          [
            4.90986,
            8.80809,
            10.29209
          ],
          [
            13.75027,
            12.18647,
            11.39425
          ],
          [
            13.42947,
            12.29892,
            9.66754
          ],
          [
            7.82038,
            12.39054,
            10.91391
          ],
          [
            7.4622,
            12.50256,
            9.19598
          ],
          [
            7.20558,
            8.38838,
            10.06448
          ],
          [
            5.77902,
            4.78939,
            9.43621
          ],
          [
            5.85359,
            4.86441,
            11.18975
          ],
          [
            8.4171,
            5.07689,
            11.02938
          ],
          [
            8.2862,
            4.95779,
            9.27616
          ],
          [
            8.84435,
            2.71257,
            10.22691
          ],
          [
            7.39089,
            2.75233,
            11.26505
          ],
          [
            7.22341,
            2.66105,
            9.49283
          ],
          [
            16.25853,
            14.79342,
            10.11904
          ],
          [
            14.96541,
            14.55164,
            11.32547
          ],
          [
            14.56777,
            14.62913,
            9.589
          ]
        ],
        "Stress": [
          [
            -50.44193,
            0.63446,
            -0.17367
          ],
          [
            0.63446,
            -49.95581,
            0.01328
          ],
          [
            -0.17367,
            0.01328,
            -2.23153
          ]
        ],
        "computation_code": "VASP",
        "pseudopotential_information": [
          [
            "PAW_PBE",
            "Pt",
            "04Feb2005"
          ],
          [
            "PAW_PBE",
            "C",
            "08Apr2002"
          ],
          [
            "PAW_PBE",
            "O",
            "08Apr2002"
          ],
          [
            "PAW_PBE",
            "H",
            "15Jun2001"
          ]
        ]
      }
    ],
    "EnergyStyle": "electronvolt",
    "ForcesStyle": "electronvoltperangstrom",
    "LatticeStyle": "angstrom",
    "PositionsStyle": "angstrom",
    "StressStyle": "kB"
  }
}