{
  "Dataset": {
    "AtomTypeStyle": "chemicalsymbol",
    "Data": [
      {
        "AtomTypes": [
          "Pt",
          "Pt",
          "Pt",
          "Pt",
          "Pt",
          "Pt",
          "Pt",
          "Pt",
          "Pt",
          "Pt",
          "Pt",
          "Pt",
          "Pt",
          "Pt",
          "Pt",
          "Pt",
          "Pt",
          "Pt",
          "Pt",
          "Pt",
          "Pt",
          "Pt",
          "Pt",
          "Pt",
          "Pt",
          "Pt",
          "Pt",
          "Pt",
          "Pt",
          "Pt",
          "Pt",
          "Pt",
          "Pt",
          "Pt",
          "Pt",
          "Pt",
          "Pt",
          "Pt",
          "Pt",
          "Pt",
          "Pt",
          "Pt",
          "Pt",
          "Pt",
          "Pt",
          "Pt",
          "Pt",
          "Pt",
          "Pt",
          "Pt",
          "Pt",
          "Pt",
          "Pt",
          "Pt",
          "Pt",
          "Pt",
          "Pt",
          "Pt",
          "Pt",
          "Pt",
          "Pt",
          "Pt",
          "Pt",
          "Pt",
          "Pt",
          "Pt",
          "Pt",
          "Pt",
          "Pt",
          "Pt",
          "Pt",
          "Pt",
          "Pt",
          "Pt",
          "Pt",
          "Pt",
          "Pt",
          "Pt",
          "Pt",
          "Pt",
          "Pt",
          "Pt",
          "Pt",
          "Pt",
          "C",
          "C",
          "C",
          "C",
          "C",
          "C",
          "C",
          "C",
          "O",
          "O",
          "O",
          "O",
          "H",
          "H",
          "H",
          "H",
          "H",
          "H",
          "H",
          "H",
          "H",
          "H",
          "H",
          "H",
          "H",
          "H",
          "H",
          "H"
        ],
        "Energy": -405.44656695,
        "Forces": [
          [
            -0.004835,
            -0.006449,
            -0.035556
          ],
          [
            -0.002802,
            -0.006409,
            -0.030571
          ],
          [
            -0.000624,
            -0.006651,
            -0.040487
          ],
          [
            -0.007527,
            0.001392,
            -0.043127
          ],
          [
            -0.011692,
            -0.009164,
            -0.031672
          ],
          [
            -0.0102,
            -0.005802,
            -0.032125
          ],
          [
            -0.010533,
            0.001517,
            -0.030796
          ],
          [
            -0.007168,
            -0.00406,
            -0.02733
          ],
          [
            -0.007683,
            -0.005657,
            -0.03059
          ],
          [
            -0.012911,
            -0.002027,
            -0.033904
          ],
          [
            -0.002766,
            -0.000332,
            -0.036314
          ],
          [
            -0.005792,
            -0.002474,
            -0.031784
          ],
          [
            -0.007238,
            -0.010554,
            -0.024972
          ],
          [
            -0.006072,
            -0.001401,
            -0.038952
          ],
          [
            -0.008658,
            -0.005852,
            -0.025913
          ],
          [
            -0.002762,
            -0.008066,
            -0.030872
          ],
          [
            0.000884,
            -0.003749,
            -0.034962
          ],
          [
            -0.005505,
            -0.007492,
            -0.037198
          ],
          [
            -0.004959,
            -0.008332,
            -0.033508
          ],
          [
            -0.007537,
            -0.006505,
            -0.034024
          ],
          [
            -0.011931,
            -0.006169,
            -0.027418
          ],
          [
            0.019157,
            0.01137,
            0.043273
          ],
          [
            0.008365,
            0.004196,
            0.041025
          ],
          [
            0.006591,
            0.002099,
            0.014992
          ],
          [
            0.008641,
            0.001335,
            0.024298
          ],
          [
            0.015558,
            -0.00412,
            0.020675
          ],
          [
            0.013868,
            0.009601,
            0.009548
          ],
          [
            0.012314,
            0.012557,
            0.040447
          ],
          [
            0.00632,
            -0.003722,
            0.028302
          ],
          [
            0.014749,
            9.8e-05,
            0.021657
          ],
          [
            0.014505,
            0.006341,
            0.02727
          ],
          [
            0.02147,
            0.006476,
            0.045645
          ],
          [
            0.005695,
            0.001799,
            0.050927
          ],
          [
            0.017263,
            0.00721,
            0.046245
          ],
          [
            0.011649,
            0.019595,
            0.040357
          ],
          [
            0.001562,
            0.00293,
            0.035931
          ],
          [
            0.009248,
            0.007362,
            0.03749
          ],
          [
            0.004172,
            0.013388,
            0.049016
          ],
          [
            0.011984,
            0.00064,
            0.05229
          ],
          [
            0.008273,
            0.009386,
            0.024969
          ],
          [
            0.00514,
            0.007394,
            0.010588
          ],
          [
            0.005614,
            0.012249,
            0.017452
          ],
          [
            0.000718,
            -0.003932,
            -0.002295
          ],
          [
            0.000667,
            -0.003501,
            0.002286
          ],
          [
            0.000385,
            0.001314,
            0.004033
          ],
          [
            -0.002854,
            0.004536,
            0.000204
          ],
          [
            0.00377,
            0.002798,
            0.000241
          ],
          [
            2.3e-05,
            0.004096,
            0.001747
          ],
          [
            0.003002,
            -0.0011,
            0.000427
          ],
          [
            0.001001,
            -0.001111,
            -0.000368
          ],
          [
            -0.002616,
            -0.001857,
            0.002827
          ],
          [
            -0.000793,
            -0.000481,
            0.003613
          ],
          [
            0.000783,
            0.0082,
            0.00187
          ],
          [
            0.00108,
            -0.00187,
            0.000711
          ],
          [
            -0.000444,
            -0.000682,
            0.002494
          ],
          [
            0.000226,
            -0.000787,
            0.000283
          ],
          [
            0.00137,
            -0.002627,
            0.001494
          ],
          [
            -0.000203,
            0.000237,
            0.000693
          ],
          [
            -0.000306,
            0.003558,
            -0.001914
          ],
          [
            -0.001367,
            0.004436,
            0.001567
          ],
          [
            -0.001778,
            -0.001971,
            -0.002964
          ],
          [
            5.9e-05,
            0.000233,
            -0.000329
          ],
          [
            0.00226,
            0.003443,
            0.000769
          ],
          [
            -0.000613,
            0.003812,
            -0.003175
          ],
          [
            0.004388,
            0.00137,
            0.00245
          ],
          [
            0.003306,
            0.002552,
            -0.003422
          ],
          [
            -0.003675,
            -0.001603,
            -0.001242
          ],
          [
            -0.000519,
            -0.002573,
            0.009987
          ],
          [
            0.001849,
            -0.003463,
            0.005303
          ],
          [
            0.000607,
            -0.001211,
            0.005484
          ],
          [
            0.001168,
            0.001439,
            -0.004322
          ],
          [
            0.001483,
            0.005454,
            0.000386
          ],
          [
            0.000529,
            0.001453,
            0.000257
          ],
          [
            -0.000389,
            0.001369,
            0.006126
          ],
          [
            0.003188,
            -0.002516,
            0.004122
          ],
          [
            0.001603,
            -0.004808,
            -0.000999
          ],
          [
            0.001286,
            -0.001952,
            0.00164
          ],
          [
            -0.000168,
            0.004605,
            -0.00493
          ],
          [
            -0.001044,
            0.004799,
            -0.000177
          ],
          [
            0.004023,
            8e-05,
            -0.000401
          ],
          [
            0.000175,
            0.003081,
            0.002676
          ],
          [
            -0.000937,
            -0.006145,
            -0.001637
          ],
          [
            0.001057,
            -0.004686,
            -0.00222
          ],
          [
            0.000161,
            0.003712,
            -0.001703
          ],
          [
            -0.063759,
            -0.07134,
            0.070003
          ],
          [
            0.009286,
            0.027499,
            -0.048009
          ],
          [
            0.034081,
            -0.001335,
            0.073389
          ],
          [
            -0.007994,
            -0.093759,
            0.023317
          ],
          [
            -0.003285,
            0.00979,
            0.004244
          ],
          [
            0.014202,
            -0.001268,
            0.001481
          ],
          [
            -0.002205,
            0.010508,
            0.017728
          ],
          [
            -0.001854,
            -0.011452,
            -0.005001
          ],
          [
            -0.007434,
            0.011344,
            -0.026578
          ],
          [
            0.035356,
            0.045501,
            -0.022356
          ],
          [
            -0.032934,
            0.039227,
            -0.00617
          ],
          [
            -0.002299,
            0.025364,
            -0.015516
          ],
          [
            -0.005186,
            -0.030419,
            0.002824
          ],
          [
            0.001885,
            -0.017413,
            0.010729
          ],
          [
            -0.005979,
            -0.00265,
            -0.000835
          ],
          [
            -0.040367,
            0.023446,
            -0.043675
          ],
          [
            -0.002588,
            0.001965,
            -0.009666
          ],
          [
            -0.007277,
            0.004309,
            -0.004699
          ],
          [
            0.00183,
            -0.004804,
            -0.008096
          ],
          [
            0.011313,
            0.007972,
            -0.011116
          ],
          [
            -0.003343,
            -0.012153,
            -0.006596
          ],
          [
            -0.000177,
            -0.007957,
            0.005485
          ],
          [
            -0.002642,
            -0.005544,
            -0.001214
          ],
          [
            -0.000698,
            0.005337,
            -0.018235
          ],
          [
            -0.003762,
            -0.002357,
            0.004474
          ],
          [
            -0.008166,
            -0.002666,
            -0.001798
          ],
          [
            -0.003366,
            0.002831,
            -0.005549
          ],
          [
            -0.008927,
            0.008373,
            -0.000476
          ]
        ],
        "Lattice": [
          [
            8.440733888,
            0.0,
            0.0
          ],
          [
            9.847522711,
            17.056409664,
            0.0
          ],
          [
            0.0,
            0.0,
            21.483230926
          ]
        ],
        "NumAtoms": 112,
        "Positions": [
          [
            0.00042,
            0.00024,
            0.0
          ],
          [
            1.40721,
            2.43687,
            0.0
          ],
          [
            2.814,
            4.8735,
            0.0
          ],
          [
            4.22079,
            7.31013,
            0.0
          ],
          [
            5.62758,
            9.74676,
            0.0
          ],
          [
            7.03437,
            12.18339,
            0.0
          ],
          [
            8.44116,
            14.62002,
            0.0
          ],
          [
            2.814,
            0.00024,
            0.0
          ],
          [
            4.22079,
            2.43687,
            0.0
          ],
          [
            5.62758,
            4.8735,
            0.0
          ],
          [
            7.03437,
            7.31013,
            0.0
          ],
          [
            8.44116,
            9.74676,
            0.0
          ],
          [
            9.84794,
            12.18339,
            0.0
          ],
          [
            11.25473,
            14.62002,
            0.0
          ],
          [
            5.62758,
            0.00024,
            0.0
          ],
          [
            7.03437,
            2.43687,
            0.0
          ],
          [
            8.44116,
            4.8735,
            0.0
          ],
          [
            9.84794,
            7.31013,
            0.0
          ],
          [
            11.25473,
            9.74676,
            0.0
          ],
          [
            12.66152,
            12.18339,
            0.0
          ],
          [
            14.06831,
            14.62002,
            0.0
          ],
          [
            2.81425,
            1.62481,
            2.2975
          ],
          [
            4.22104,
            4.06144,
            2.2975
          ],
          [
            5.62783,
            6.49807,
            2.2975
          ],
          [
            7.03462,
            8.9347,
            2.2975
          ],
          [
            8.44141,
            11.37133,
            2.2975
          ],
          [
            9.8482,
            13.80796,
            2.2975
          ],
          [
            11.25498,
            16.24459,
            2.2975
          ],
          [
            5.62783,
            1.62481,
            2.2975
          ],
          [
            7.03462,
            4.06144,
            2.2975
          ],
          [
            8.44141,
            6.49807,
            2.2975
          ],
          [
            9.8482,
            8.9347,
            2.2975
          ],
          [
            11.25498,
            11.37133,
            2.2975
          ],
          [
            12.66177,
            13.80796,
            2.2975
          ],
          [
            14.06856,
            16.24459,
            2.2975
          ],
          [
            8.44141,
            1.62481,
            2.2975
          ],
          [
            9.8482,
            4.06144,
            2.2975
          ],
          [
            11.25498,
            6.49807,
            2.2975
          ],
          [
            12.66177,
            8.9347,
            2.2975
          ],
          [
            14.06856,
            11.37133,
            2.2975
          ],
          [
            15.47535,
            13.80796,
            2.2975
          ],
          [
            16.88214,
            16.24459,
            2.2975
          ],
          [
            1.4174,
            0.82265,
            4.5659
          ],
          [
            2.82321,
            3.26011,
            4.56611
          ],
          [
            4.22703,
            5.69588,
            4.56387
          ],
          [
            5.63561,
            8.12712,
            4.56234
          ],
          [
            7.04518,
            10.56455,
            4.55994
          ],
          [
            8.45426,
            13.00267,
            4.55892
          ],
          [
            9.86141,
            15.44309,
            4.56164
          ],
          [
            4.22803,
            0.82094,
            4.56724
          ],
          [
            5.63515,
            3.25369,
            4.56208
          ],
          [
            7.04405,
            5.69012,
            4.56185
          ],
          [
            8.45434,
            8.12941,
            4.56141
          ],
          [
            9.86013,
            10.56804,
            4.56699
          ],
          [
            11.26606,
            13.00882,
            4.56465
          ],
          [
            12.67084,
            15.44419,
            4.56617
          ],
          [
            7.04353,
            0.81752,
            4.56376
          ],
          [
            8.44998,
            3.256,
            4.56535
          ],
          [
            9.85831,
            5.69425,
            4.56541
          ],
          [
            11.26631,
            8.13286,
            4.56762
          ],
          [
            12.66917,
            10.57099,
            4.5642
          ],
          [
            14.07824,
            13.00468,
            4.56505
          ],
          [
            15.48311,
            15.43995,
            4.56249
          ],
          [
            0.02196,
            0.01627,
            6.87401
          ],
          [
            1.4284,
            2.44905,
            6.87049
          ],
          [
            2.83401,
            4.88808,
            6.87823
          ],
          [
            4.24125,
            7.32657,
            6.88007
          ],
          [
            5.64757,
            9.76287,
            6.85865
          ],
          [
            7.06536,
            12.19939,
            6.85767
          ],
          [
            8.46767,
            14.64304,
            6.8567
          ],
          [
            2.83197,
            0.01653,
            6.87942
          ],
          [
            4.23582,
            2.4492,
            6.87558
          ],
          [
            5.6385,
            4.88452,
            6.85852
          ],
          [
            7.0585,
            7.33094,
            6.85711
          ],
          [
            8.46685,
            9.7643,
            6.87009
          ],
          [
            9.87728,
            12.20107,
            6.87107
          ],
          [
            11.27647,
            14.63739,
            6.87634
          ],
          [
            5.64552,
            0.01561,
            6.87206
          ],
          [
            7.04957,
            2.44651,
            6.86724
          ],
          [
            8.46821,
            4.8937,
            6.868
          ],
          [
            9.87399,
            7.33027,
            6.87345
          ],
          [
            11.2793,
            9.76393,
            6.87845
          ],
          [
            12.68256,
            12.20151,
            6.8744
          ],
          [
            14.08666,
            14.64134,
            6.87018
          ],
          [
            5.93248,
            10.50092,
            10.27918
          ],
          [
            14.22717,
            11.99227,
            10.40537
          ],
          [
            15.53,
            12.7583,
            10.21811
          ],
          [
            6.26582,
            6.70509,
            10.20974
          ],
          [
            6.39815,
            5.2051,
            10.28041
          ],
          [
            7.81172,
            4.63731,
            10.22583
          ],
          [
            7.83167,
            3.11507,
            10.31565
          ],
          [
            15.34887,
            14.26732,
            10.33282
          ],
          [
            7.03671,
            9.94593,
            10.13343
          ],
          [
            13.22866,
            9.84136,
            10.35059
          ],
          [
            5.15184,
            7.25225,
            10.26684
          ],
          [
            7.40199,
            7.3699,
            10.08036
          ],
          [
            4.93656,
            8.82441,
            10.28922
          ],
          [
            13.77105,
            12.20237,
            11.39095
          ],
          [
            13.4684,
            12.31306,
            9.66186
          ],
          [
            7.84566,
            12.39461,
            10.93779
          ],
          [
            7.50621,
            12.50675,
            9.21449
          ],
          [
            7.24077,
            8.39178,
            10.07583
          ],
          [
            5.78512,
            4.8041,
            9.44091
          ],
          [
            5.86602,
            4.87965,
            11.19419
          ],
          [
            8.43106,
            5.08495,
            11.02226
          ],
          [
            8.29144,
            4.95981,
            9.27008
          ],
          [
            8.85685,
            2.72167,
            10.22588
          ],
          [
            7.40847,
            2.75913,
            11.271
          ],
          [
            7.23325,
            2.66212,
            9.49823
          ],
          [
            16.29555,
            14.80104,
            10.14633
          ],
          [
            14.9857,
            14.55497,
            11.33436
          ],
          [
            14.61215,
            14.63573,
            9.59226
          ]
        ],
        "Stress": [
          [
            -50.47361,
            0.64335,
            -0.16195
          ],
          [
            0.64335,
            -49.88225,
            0.01525
          ],
          [
            -0.16195,
            0.01525,
            -2.26051
          ]
        ],
        "computation_code": "VASP",
        "pseudopotential_information": [
          [
            "PAW_PBE",
            "Pt",
            "04Feb2005"
          ],
          [
            "PAW_PBE",
            "C",
            "08Apr2002"
          ],
          [
            "PAW_PBE",
            "O",
            "08Apr2002"
          ],
          [
            "PAW_PBE",
            "H",
            "15Jun2001"
          ]
        ]
      }
    ],
    "EnergyStyle": "electronvolt",
    "ForcesStyle": "electronvoltperangstrom",
    "LatticeStyle": "angstrom",
    "PositionsStyle": "angstrom",
    "StressStyle": "kB"
  }
}