{
  "Dataset": {
    "AtomTypeStyle": "chemicalsymbol",
    "Data": [
      {
        "AtomTypes": [
          "Pt",
          "Pt",
          "Pt",
          "Pt",
          "Pt",
          "Pt",
          "Pt",
          "Pt",
          "Pt",
          "Pt",
          "Pt",
          "Pt",
          "Pt",
          "Pt",
          "Pt",
          "Pt",
          "Pt",
          "Pt",
          "Pt",
          "Pt",
          "Pt",
          "Pt",
          "Pt",
          "Pt",
          "Pt",
          "Pt",
          "Pt",
          "Pt",
          "Pt",
          "Pt",
          "Pt",
          "Pt",
          "Pt",
          "Pt",
          "Pt",
          "Pt",
          "Pt",
          "Pt",
          "Pt",
          "Pt",
          "Pt",
          "Pt",
          "Pt",
          "Pt",
          "Pt",
          "Pt",
          "Pt",
          "Pt",
          "Pt",
          "Pt",
          "Pt",
          "Pt",
          "Pt",
          "Pt",
          "Pt",
          "Pt",
          "Pt",
          "Pt",
          "Pt",
          "Pt",
          "Pt",
          "Pt",
          "Pt",
          "Pt",
          "Pt",
          "Pt",
          "Pt",
          "Pt",
          "Pt",
          "Pt",
          "Pt",
          "Pt",
          "Pt",
          "Pt",
          "Pt",
          "Pt",
          "Pt",
          "Pt",
          "Pt",
          "Pt",
          "Pt",
          "Pt",
          "Pt",
          "Pt",
          "C",
          "C",
          "C",
          "C",
          "C",
          "C",
          "C",
          "C",
          "O",
          "O",
          "O",
          "O",
          "H",
          "H",
          "H",
          "H",
          "H",
          "H",
          "H",
          "H",
          "H",
          "H",
          "H",
          "H",
          "H",
          "H",
          "H",
          "H"
        ],
        "Energy": -405.45184879,
        "Forces": [
          [
            -0.005532,
            -0.006286,
            -0.035311
          ],
          [
            -0.004172,
            -0.004583,
            -0.030475
          ],
          [
            -0.001668,
            -0.007294,
            -0.036658
          ],
          [
            -0.007656,
            3.4e-05,
            -0.037498
          ],
          [
            -0.011395,
            -0.009845,
            -0.030586
          ],
          [
            -0.01084,
            -0.005786,
            -0.033321
          ],
          [
            -0.010663,
            0.000814,
            -0.029727
          ],
          [
            -0.007917,
            -0.003701,
            -0.029183
          ],
          [
            -0.007813,
            -0.004307,
            -0.030996
          ],
          [
            -0.012325,
            -0.002453,
            -0.029096
          ],
          [
            -0.002492,
            -0.003212,
            -0.031154
          ],
          [
            -0.006534,
            -0.003704,
            -0.031754
          ],
          [
            -0.007466,
            -0.010086,
            -0.025751
          ],
          [
            -0.007256,
            -0.001266,
            -0.040069
          ],
          [
            -0.009042,
            -0.005513,
            -0.026481
          ],
          [
            -0.00258,
            -0.006034,
            -0.029842
          ],
          [
            -0.000129,
            -0.003972,
            -0.029408
          ],
          [
            -0.00674,
            -0.009592,
            -0.031697
          ],
          [
            -0.005608,
            -0.008397,
            -0.03391
          ],
          [
            -0.008708,
            -0.005942,
            -0.03385
          ],
          [
            -0.01271,
            -0.007263,
            -0.027615
          ],
          [
            0.019868,
            0.013752,
            0.04092
          ],
          [
            0.009111,
            0.007094,
            0.039624
          ],
          [
            0.008116,
            0.004877,
            0.015034
          ],
          [
            0.007424,
            0.002449,
            0.025497
          ],
          [
            0.016094,
            -0.002164,
            0.022488
          ],
          [
            0.013924,
            0.008496,
            0.013485
          ],
          [
            0.01243,
            0.010084,
            0.039059
          ],
          [
            0.007633,
            -0.002024,
            0.026461
          ],
          [
            0.014123,
            0.003746,
            0.018778
          ],
          [
            0.012905,
            0.010622,
            0.025949
          ],
          [
            0.020486,
            0.006817,
            0.045665
          ],
          [
            0.005329,
            0.000622,
            0.05003
          ],
          [
            0.018205,
            0.004852,
            0.043754
          ],
          [
            0.013731,
            0.018859,
            0.036914
          ],
          [
            0.001917,
            0.006014,
            0.032224
          ],
          [
            0.01054,
            0.010349,
            0.033694
          ],
          [
            0.004672,
            0.015033,
            0.046722
          ],
          [
            0.013637,
            -0.001889,
            0.0518
          ],
          [
            0.010589,
            0.008487,
            0.023305
          ],
          [
            0.007731,
            0.005977,
            0.012304
          ],
          [
            0.00778,
            0.011134,
            0.018654
          ],
          [
            0.001283,
            -0.000549,
            0.000607
          ],
          [
            -0.000179,
            -0.001145,
            -0.003597
          ],
          [
            0.001476,
            -0.000221,
            -0.003839
          ],
          [
            -0.001008,
            0.000768,
            -0.00373
          ],
          [
            -0.000219,
            0.001233,
            -0.00268
          ],
          [
            0.000482,
            0.002138,
            -0.000984
          ],
          [
            0.000658,
            -0.001798,
            -0.000952
          ],
          [
            0.002021,
            -0.001533,
            -0.002783
          ],
          [
            0.000602,
            -0.000857,
            -0.002046
          ],
          [
            0.00028,
            0.000855,
            0.000153
          ],
          [
            0.002342,
            6.6e-05,
            -0.000975
          ],
          [
            0.003064,
            0.002154,
            -0.003626
          ],
          [
            -0.001606,
            0.000288,
            -0.000745
          ],
          [
            -0.000458,
            -0.002184,
            -0.000695
          ],
          [
            -0.000497,
            -0.001881,
            0.001259
          ],
          [
            -0.00177,
            -0.001274,
            -8e-05
          ],
          [
            0.000666,
            0.002919,
            -0.003067
          ],
          [
            0.000375,
            0.002127,
            -0.004272
          ],
          [
            -0.000145,
            -0.000599,
            -0.001434
          ],
          [
            -0.002435,
            0.002806,
            -0.000757
          ],
          [
            0.002661,
            -0.000433,
            -0.001079
          ],
          [
            -0.000307,
            0.003499,
            -0.000102
          ],
          [
            0.00045,
            0.000788,
            0.001428
          ],
          [
            -0.001939,
            0.001032,
            0.001416
          ],
          [
            -0.000484,
            0.001123,
            0.002866
          ],
          [
            -0.000848,
            0.0004,
            0.003692
          ],
          [
            -0.000115,
            0.000244,
            0.002696
          ],
          [
            -0.001531,
            0.001138,
            0.000877
          ],
          [
            0.000571,
            0.000471,
            0.000674
          ],
          [
            0.001413,
            -0.00068,
            7.2e-05
          ],
          [
            0.000781,
            -0.001152,
            0.000441
          ],
          [
            -0.001008,
            -0.000497,
            0.002107
          ],
          [
            -0.000222,
            -0.001852,
            0.00458
          ],
          [
            0.000543,
            -0.001637,
            0.001639
          ],
          [
            0.001009,
            0.001962,
            0.000811
          ],
          [
            0.002053,
            0.001385,
            -0.000859
          ],
          [
            -0.000857,
            0.000832,
            0.001016
          ],
          [
            0.001806,
            -0.000519,
            0.000865
          ],
          [
            0.00054,
            -0.001978,
            0.003016
          ],
          [
            0.002212,
            -0.002418,
            0.003575
          ],
          [
            -0.000591,
            -0.000867,
            0.002398
          ],
          [
            -0.000105,
            0.000455,
            0.002357
          ],
          [
            0.019469,
            -0.104383,
            0.001975
          ],
          [
            -0.041434,
            0.030566,
            0.013147
          ],
          [
            0.024736,
            -0.002253,
            -0.00102
          ],
          [
            -0.117981,
            -0.019646,
            0.01778
          ],
          [
            0.008363,
            0.012153,
            -0.004097
          ],
          [
            -0.02747,
            -0.030798,
            0.001178
          ],
          [
            -0.014679,
            0.001625,
            -0.010987
          ],
          [
            -0.021101,
            -0.0022,
            -0.085998
          ],
          [
            -0.071838,
            0.031298,
            0.003422
          ],
          [
            0.025587,
            0.073399,
            -0.003172
          ],
          [
            0.054155,
            -0.015841,
            -0.006473
          ],
          [
            0.029277,
            0.031752,
            -0.011034
          ],
          [
            0.013514,
            -0.035907,
            -0.000273
          ],
          [
            0.00596,
            -0.009691,
            -0.011631
          ],
          [
            0.004642,
            -0.007355,
            0.002032
          ],
          [
            -0.007793,
            -0.001812,
            0.001022
          ],
          [
            -0.009424,
            0.005003,
            0.003291
          ],
          [
            0.001994,
            -0.002186,
            0.002322
          ],
          [
            7.9e-05,
            -0.001633,
            -0.004541
          ],
          [
            0.000156,
            0.001118,
            0.000326
          ],
          [
            0.011012,
            0.00818,
            0.01399
          ],
          [
            0.007598,
            0.001499,
            -0.010634
          ],
          [
            -0.000208,
            -0.003863,
            0.001527
          ],
          [
            0.002718,
            0.000951,
            -0.001278
          ],
          [
            0.011701,
            0.003865,
            0.011491
          ],
          [
            -0.008005,
            -0.003442,
            0.00462
          ],
          [
            -0.019158,
            0.011139,
            0.047971
          ],
          [
            0.020169,
            -0.010948,
            0.026824
          ]
        ],
        "Lattice": [
          [
            8.440733888,
            0.0,
            0.0
          ],
          [
            9.847522711,
            17.056409664,
            0.0
          ],
          [
            0.0,
            0.0,
            21.483230926
          ]
        ],
        "NumAtoms": 112,
        "Positions": [
          [
            0.00042,
            0.00024,
            0.0
          ],
          [
            1.40721,
            2.43687,
            0.0
          ],
          [
            2.814,
            4.8735,
            0.0
          ],
          [
            4.22079,
            7.31013,
            0.0
          ],
          [
            5.62758,
            9.74676,
            0.0
          ],
          [
            7.03437,
            12.18339,
            0.0
          ],
          [
            8.44116,
            14.62002,
            0.0
          ],
          [
            2.814,
            0.00024,
            0.0
          ],
          [
            4.22079,
            2.43687,
            0.0
          ],
          [
            5.62758,
            4.8735,
            0.0
          ],
          [
            7.03437,
            7.31013,
            0.0
          ],
          [
            8.44116,
            9.74676,
            0.0
          ],
          [
            9.84794,
            12.18339,
            0.0
          ],
          [
            11.25473,
            14.62002,
            0.0
          ],
          [
            5.62758,
            0.00024,
            0.0
          ],
          [
            7.03437,
            2.43687,
            0.0
          ],
          [
            8.44116,
            4.8735,
            0.0
          ],
          [
            9.84794,
            7.31013,
            0.0
          ],
          [
            11.25473,
            9.74676,
            0.0
          ],
          [
            12.66152,
            12.18339,
            0.0
          ],
          [
            14.06831,
            14.62002,
            0.0
          ],
          [
            2.81425,
            1.62481,
            2.2975
          ],
          [
            4.22104,
            4.06144,
            2.2975
          ],
          [
            5.62783,
            6.49807,
            2.2975
          ],
          [
            7.03462,
            8.9347,
            2.2975
          ],
          [
            8.44141,
            11.37133,
            2.2975
          ],
          [
            9.8482,
            13.80796,
            2.2975
          ],
          [
            11.25498,
            16.24459,
            2.2975
          ],
          [
            5.62783,
            1.62481,
            2.2975
          ],
          [
            7.03462,
            4.06144,
            2.2975
          ],
          [
            8.44141,
            6.49807,
            2.2975
          ],
          [
            9.8482,
            8.9347,
            2.2975
          ],
          [
            11.25498,
            11.37133,
            2.2975
          ],
          [
            12.66177,
            13.80796,
            2.2975
          ],
          [
            14.06856,
            16.24459,
            2.2975
          ],
          [
            8.44141,
            1.62481,
            2.2975
          ],
          [
            9.8482,
            4.06144,
            2.2975
          ],
          [
            11.25498,
            6.49807,
            2.2975
          ],
          [
            12.66177,
            8.9347,
            2.2975
          ],
          [
            14.06856,
            11.37133,
            2.2975
          ],
          [
            15.47535,
            13.80796,
            2.2975
          ],
          [
            16.88214,
            16.24459,
            2.2975
          ],
          [
            1.41782,
            0.82266,
            4.56535
          ],
          [
            2.82383,
            3.26056,
            4.56599
          ],
          [
            4.22749,
            5.6969,
            4.56367
          ],
          [
            5.63638,
            8.12772,
            4.56322
          ],
          [
            7.04629,
            10.56562,
            4.56086
          ],
          [
            8.45514,
            13.00337,
            4.5599
          ],
          [
            9.86248,
            15.44301,
            4.56205
          ],
          [
            4.22854,
            0.82153,
            4.56714
          ],
          [
            5.63548,
            3.25425,
            4.56177
          ],
          [
            7.04467,
            5.6912,
            4.56142
          ],
          [
            8.4542,
            8.13109,
            4.5619
          ],
          [
            9.86076,
            10.56815,
            4.56762
          ],
          [
            11.26702,
            13.00846,
            4.56466
          ],
          [
            12.67154,
            15.44402,
            4.56568
          ],
          [
            7.04464,
            0.81816,
            4.5634
          ],
          [
            8.45087,
            3.25692,
            4.56451
          ],
          [
            9.85861,
            5.69563,
            4.56462
          ],
          [
            11.26639,
            8.13337,
            4.56795
          ],
          [
            12.66999,
            10.57034,
            4.56414
          ],
          [
            14.0797,
            13.0043,
            4.565
          ],
          [
            15.48452,
            15.44077,
            4.56258
          ],
          [
            0.02322,
            0.01687,
            6.8734
          ],
          [
            1.43054,
            2.45006,
            6.86988
          ],
          [
            2.836,
            4.8898,
            6.87695
          ],
          [
            4.24231,
            7.32718,
            6.88043
          ],
          [
            5.64973,
            9.7629,
            6.86005
          ],
          [
            7.06786,
            12.19977,
            6.85961
          ],
          [
            8.46961,
            14.64367,
            6.85831
          ],
          [
            2.83303,
            0.01752,
            6.87831
          ],
          [
            4.23726,
            2.45117,
            6.87563
          ],
          [
            5.6404,
            4.88604,
            6.8573
          ],
          [
            7.06086,
            7.33168,
            6.85898
          ],
          [
            8.46924,
            9.76487,
            6.87165
          ],
          [
            9.87938,
            12.20093,
            6.87176
          ],
          [
            11.27796,
            14.63691,
            6.8767
          ],
          [
            5.64657,
            0.01755,
            6.87124
          ],
          [
            7.05153,
            2.44835,
            6.86615
          ],
          [
            8.47053,
            4.89456,
            6.86644
          ],
          [
            9.87535,
            7.33131,
            6.87443
          ],
          [
            11.28091,
            9.76376,
            6.8794
          ],
          [
            12.68442,
            12.20124,
            6.87316
          ],
          [
            14.08805,
            14.64305,
            6.86797
          ],
          [
            5.89133,
            10.48382,
            10.27636
          ],
          [
            14.1849,
            11.97493,
            10.40466
          ],
          [
            15.48099,
            12.74823,
            10.20573
          ],
          [
            6.23491,
            6.68758,
            10.20267
          ],
          [
            6.37796,
            5.1896,
            10.27493
          ],
          [
            7.79556,
            4.62985,
            10.22789
          ],
          [
            7.81596,
            3.10739,
            10.31581
          ],
          [
            15.29669,
            14.25655,
            10.32058
          ],
          [
            6.99678,
            9.93284,
            10.11345
          ],
          [
            13.19118,
            9.82002,
            10.35799
          ],
          [
            5.11776,
            7.23021,
            10.27809
          ],
          [
            7.36237,
            7.35981,
            10.04622
          ],
          [
            4.89826,
            8.80302,
            10.29618
          ],
          [
            13.73963,
            12.17978,
            11.39734
          ],
          [
            13.41483,
            12.29496,
            9.67198
          ],
          [
            7.80763,
            12.38876,
            10.91268
          ],
          [
            7.44759,
            12.49913,
            9.19555
          ],
          [
            7.19548,
            8.38201,
            10.04487
          ],
          [
            5.77396,
            4.78416,
            9.43047
          ],
          [
            5.84255,
            4.86004,
            11.18438
          ],
          [
            8.40732,
            5.07567,
            11.0298
          ],
          [
            8.27991,
            4.95434,
            9.27668
          ],
          [
            8.84084,
            2.71252,
            10.23101
          ],
          [
            7.38499,
            2.75021,
            11.26661
          ],
          [
            7.22069,
            2.65625,
            9.49412
          ],
          [
            16.23882,
            14.79193,
            10.11618
          ],
          [
            14.94881,
            14.5469,
            11.32469
          ],
          [
            14.54686,
            14.62232,
            9.58937
          ]
        ],
        "Stress": [
          [
            -50.53262,
            0.65564,
            -0.18091
          ],
          [
            0.65564,
            -49.92216,
            0.01686
          ],
          [
            -0.18091,
            0.01686,
            -2.20809
          ]
        ],
        "computation_code": "VASP",
        "pseudopotential_information": [
          [
            "PAW_PBE",
            "Pt",
            "04Feb2005"
          ],
          [
            "PAW_PBE",
            "C",
            "08Apr2002"
          ],
          [
            "PAW_PBE",
            "O",
            "08Apr2002"
          ],
          [
            "PAW_PBE",
            "H",
            "15Jun2001"
          ]
        ]
      }
    ],
    "EnergyStyle": "electronvolt",
    "ForcesStyle": "electronvoltperangstrom",
    "LatticeStyle": "angstrom",
    "PositionsStyle": "angstrom",
    "StressStyle": "kB"
  }
}