{
  "Dataset": {
    "AtomTypeStyle": "chemicalsymbol",
    "Data": [
      {
        "AtomTypes": [
          "Pt",
          "Pt",
          "Pt",
          "Pt",
          "Pt",
          "Pt",
          "Pt",
          "Pt",
          "Pt",
          "Pt",
          "Pt",
          "Pt",
          "Pt",
          "Pt",
          "Pt",
          "Pt",
          "Pt",
          "Pt",
          "Pt",
          "Pt",
          "Pt",
          "Pt",
          "Pt",
          "Pt",
          "Pt",
          "Pt",
          "Pt",
          "Pt",
          "Pt",
          "Pt",
          "Pt",
          "Pt",
          "Pt",
          "Pt",
          "Pt",
          "Pt",
          "Pt",
          "Pt",
          "Pt",
          "Pt",
          "Pt",
          "Pt",
          "Pt",
          "Pt",
          "Pt",
          "Pt",
          "Pt",
          "Pt",
          "Pt",
          "Pt",
          "Pt",
          "Pt",
          "Pt",
          "Pt",
          "Pt",
          "Pt",
          "Pt",
          "Pt",
          "Pt",
          "Pt",
          "Pt",
          "Pt",
          "Pt",
          "Pt",
          "Pt",
          "Pt",
          "Pt",
          "Pt",
          "Pt",
          "Pt",
          "Pt",
          "Pt",
          "Pt",
          "Pt",
          "Pt",
          "Pt",
          "Pt",
          "Pt",
          "Pt",
          "Pt",
          "Pt",
          "Pt",
          "Pt",
          "Pt",
          "C",
          "C",
          "C",
          "C",
          "C",
          "C",
          "C",
          "C",
          "O",
          "O",
          "O",
          "O",
          "H",
          "H",
          "H",
          "H",
          "H",
          "H",
          "H",
          "H",
          "H",
          "H",
          "H",
          "H",
          "H",
          "H",
          "H",
          "H"
        ],
        "Energy": -405.44007485,
        "Forces": [
          [
            -0.007258,
            -0.004605,
            -0.038498
          ],
          [
            -0.005023,
            -0.005091,
            -0.033255
          ],
          [
            -0.002512,
            -0.007814,
            -0.038164
          ],
          [
            -0.008561,
            -0.001641,
            -0.04151
          ],
          [
            -0.013134,
            -0.010464,
            -0.032914
          ],
          [
            -0.012008,
            -0.006696,
            -0.034457
          ],
          [
            -0.013088,
            0.000824,
            -0.032477
          ],
          [
            -0.00933,
            -0.002935,
            -0.032681
          ],
          [
            -0.009026,
            -0.004214,
            -0.033982
          ],
          [
            -0.013326,
            -0.002349,
            -0.030983
          ],
          [
            -0.004486,
            -0.003215,
            -0.031682
          ],
          [
            -0.007704,
            -0.004136,
            -0.033981
          ],
          [
            -0.009563,
            -0.010796,
            -0.027773
          ],
          [
            -0.008168,
            -0.002822,
            -0.037146
          ],
          [
            -0.010285,
            -0.005052,
            -0.02959
          ],
          [
            -0.004776,
            -0.005757,
            -0.032048
          ],
          [
            -0.001788,
            -0.004833,
            -0.032201
          ],
          [
            -0.007639,
            -0.010877,
            -0.034278
          ],
          [
            -0.005686,
            -0.009883,
            -0.03597
          ],
          [
            -0.008634,
            -0.006922,
            -0.035971
          ],
          [
            -0.013228,
            -0.007192,
            -0.030479
          ],
          [
            0.020941,
            0.013003,
            0.04379
          ],
          [
            0.011392,
            0.008755,
            0.042253
          ],
          [
            0.009289,
            0.004194,
            0.017367
          ],
          [
            0.010775,
            0.001708,
            0.025102
          ],
          [
            0.01883,
            -0.002204,
            0.024891
          ],
          [
            0.017516,
            0.009055,
            0.01549
          ],
          [
            0.014794,
            0.010975,
            0.041709
          ],
          [
            0.011134,
            -0.00107,
            0.029777
          ],
          [
            0.016846,
            0.006019,
            0.021817
          ],
          [
            0.015567,
            0.010856,
            0.026505
          ],
          [
            0.02165,
            0.007974,
            0.044171
          ],
          [
            0.007212,
            0.00302,
            0.051413
          ],
          [
            0.019271,
            0.005473,
            0.049443
          ],
          [
            0.015371,
            0.016477,
            0.043821
          ],
          [
            0.00408,
            0.004946,
            0.036243
          ],
          [
            0.011441,
            0.01229,
            0.035159
          ],
          [
            0.007511,
            0.01561,
            0.048241
          ],
          [
            0.015214,
            0.000189,
            0.052599
          ],
          [
            0.011015,
            0.008659,
            0.025264
          ],
          [
            0.009693,
            0.008948,
            0.01633
          ],
          [
            0.011199,
            0.010036,
            0.02273
          ],
          [
            0.002368,
            7e-06,
            0.002499
          ],
          [
            -0.000158,
            -0.002751,
            0.001927
          ],
          [
            0.000425,
            -0.002647,
            0.000118
          ],
          [
            0.001552,
            0.000251,
            0.000217
          ],
          [
            -0.000688,
            0.002216,
            -0.001309
          ],
          [
            -0.000983,
            -0.000133,
            0.000171
          ],
          [
            0.00113,
            -0.000229,
            0.003699
          ],
          [
            -0.000599,
            1.3e-05,
            0.002146
          ],
          [
            -0.000946,
            -0.002733,
            0.002624
          ],
          [
            -0.002646,
            -0.002186,
            0.000357
          ],
          [
            -0.000923,
            0.00075,
            -0.001406
          ],
          [
            -0.000675,
            0.004495,
            0.000581
          ],
          [
            -0.000451,
            0.001791,
            0.001571
          ],
          [
            -9.6e-05,
            0.000395,
            0.002106
          ],
          [
            -0.001014,
            0.000315,
            0.001277
          ],
          [
            -1.2e-05,
            -0.002208,
            0.002852
          ],
          [
            -0.002103,
            -0.002212,
            -0.001458
          ],
          [
            0.000206,
            -0.000891,
            0.001413
          ],
          [
            0.000969,
            0.002428,
            -0.000448
          ],
          [
            -0.000413,
            0.001688,
            0.001372
          ],
          [
            -0.002409,
            -0.001207,
            0.001203
          ],
          [
            0.001142,
            0.000511,
            -0.002798
          ],
          [
            0.001411,
            -0.001069,
            -0.001426
          ],
          [
            0.003048,
            0.000775,
            -0.003169
          ],
          [
            0.001176,
            -0.001078,
            -0.000543
          ],
          [
            0.000971,
            -0.000856,
            0.000945
          ],
          [
            -0.000349,
            -0.00142,
            -0.000302
          ],
          [
            0.001116,
            -0.000708,
            0.000222
          ],
          [
            -0.000875,
            0.002267,
            -0.0038
          ],
          [
            0.00024,
            0.002034,
            -0.003089
          ],
          [
            0.000502,
            -0.000581,
            -0.001531
          ],
          [
            -0.000635,
            -0.000727,
            -0.001027
          ],
          [
            0.001039,
            0.000764,
            0.000763
          ],
          [
            -0.001549,
            -0.002333,
            -0.000647
          ],
          [
            -0.000357,
            -0.000228,
            0.001168
          ],
          [
            -0.001315,
            0.003013,
            -0.002639
          ],
          [
            -0.001491,
            0.002499,
            -0.001582
          ],
          [
            0.001118,
            -0.000757,
            -4.5e-05
          ],
          [
            -0.000723,
            -0.00025,
            0.002507
          ],
          [
            -0.000385,
            -0.001133,
            0.002752
          ],
          [
            -0.002616,
            -0.000122,
            9e-06
          ],
          [
            -0.001197,
            -0.000986,
            -0.00053
          ],
          [
            0.062039,
            -0.013266,
            0.061537
          ],
          [
            -0.002186,
            0.003196,
            -0.038213
          ],
          [
            -0.002431,
            0.000262,
            -0.000336
          ],
          [
            0.008995,
            -0.027634,
            0.01599
          ],
          [
            -0.002339,
            0.011954,
            -0.002979
          ],
          [
            0.011201,
            -0.008038,
            -0.011327
          ],
          [
            -0.000966,
            -0.007007,
            -0.005551
          ],
          [
            -0.019697,
            0.004291,
            -0.028121
          ],
          [
            -0.060465,
            0.021594,
            -0.013498
          ],
          [
            -0.015091,
            -0.020289,
            -0.019106
          ],
          [
            -0.026702,
            0.008914,
            -0.002601
          ],
          [
            0.00727,
            -0.007871,
            0.002483
          ],
          [
            -0.003521,
            -0.002742,
            0.000755
          ],
          [
            -0.002275,
            -0.008934,
            -0.00216
          ],
          [
            -0.006448,
            0.00794,
            0.006799
          ],
          [
            -0.001865,
            -0.004465,
            -0.009545
          ],
          [
            -0.008572,
            -0.00265,
            0.003294
          ],
          [
            -0.004616,
            0.012257,
            0.005365
          ],
          [
            -0.004221,
            -0.00545,
            -0.004487
          ],
          [
            -0.004797,
            -0.001093,
            0.003904
          ],
          [
            -0.003269,
            0.001812,
            0.005105
          ],
          [
            -0.006811,
            -0.001064,
            0.006565
          ],
          [
            -0.009903,
            0.005409,
            0.000776
          ],
          [
            -0.001203,
            -0.000345,
            -0.002369
          ],
          [
            0.00276,
            0.004492,
            0.002517
          ],
          [
            -0.001421,
            -0.002549,
            -0.003132
          ],
          [
            -0.00444,
            0.001135,
            0.006007
          ],
          [
            0.002655,
            -0.005067,
            0.011502
          ]
        ],
        "Lattice": [
          [
            8.440733888,
            0.0,
            0.0
          ],
          [
            9.847522711,
            17.056409664,
            0.0
          ],
          [
            0.0,
            0.0,
            21.483230926
          ]
        ],
        "NumAtoms": 112,
        "Positions": [
          [
            0.00042,
            0.00024,
            0.0
          ],
          [
            1.40721,
            2.43687,
            0.0
          ],
          [
            2.814,
            4.8735,
            0.0
          ],
          [
            4.22079,
            7.31013,
            0.0
          ],
          [
            5.62758,
            9.74676,
            0.0
          ],
          [
            7.03437,
            12.18339,
            0.0
          ],
          [
            8.44116,
            14.62002,
            0.0
          ],
          [
            2.814,
            0.00024,
            0.0
          ],
          [
            4.22079,
            2.43687,
            0.0
          ],
          [
            5.62758,
            4.8735,
            0.0
          ],
          [
            7.03437,
            7.31013,
            0.0
          ],
          [
            8.44116,
            9.74676,
            0.0
          ],
          [
            9.84794,
            12.18339,
            0.0
          ],
          [
            11.25473,
            14.62002,
            0.0
          ],
          [
            5.62758,
            0.00024,
            0.0
          ],
          [
            7.03437,
            2.43687,
            0.0
          ],
          [
            8.44116,
            4.8735,
            0.0
          ],
          [
            9.84794,
            7.31013,
            0.0
          ],
          [
            11.25473,
            9.74676,
            0.0
          ],
          [
            12.66152,
            12.18339,
            0.0
          ],
          [
            14.06831,
            14.62002,
            0.0
          ],
          [
            2.81425,
            1.62481,
            2.2975
          ],
          [
            4.22104,
            4.06144,
            2.2975
          ],
          [
            5.62783,
            6.49807,
            2.2975
          ],
          [
            7.03462,
            8.9347,
            2.2975
          ],
          [
            8.44141,
            11.37133,
            2.2975
          ],
          [
            9.8482,
            13.80796,
            2.2975
          ],
          [
            11.25498,
            16.24459,
            2.2975
          ],
          [
            5.62783,
            1.62481,
            2.2975
          ],
          [
            7.03462,
            4.06144,
            2.2975
          ],
          [
            8.44141,
            6.49807,
            2.2975
          ],
          [
            9.8482,
            8.9347,
            2.2975
          ],
          [
            11.25498,
            11.37133,
            2.2975
          ],
          [
            12.66177,
            13.80796,
            2.2975
          ],
          [
            14.06856,
            16.24459,
            2.2975
          ],
          [
            8.44141,
            1.62481,
            2.2975
          ],
          [
            9.8482,
            4.06144,
            2.2975
          ],
          [
            11.25498,
            6.49807,
            2.2975
          ],
          [
            12.66177,
            8.9347,
            2.2975
          ],
          [
            14.06856,
            11.37133,
            2.2975
          ],
          [
            15.47535,
            13.80796,
            2.2975
          ],
          [
            16.88214,
            16.24459,
            2.2975
          ],
          [
            1.41982,
            0.82233,
            4.56539
          ],
          [
            2.82578,
            3.26098,
            4.56567
          ],
          [
            4.22947,
            5.69797,
            4.56375
          ],
          [
            5.63755,
            8.12911,
            4.56294
          ],
          [
            7.04792,
            10.56552,
            4.56056
          ],
          [
            8.45779,
            13.00434,
            4.55961
          ],
          [
            9.86476,
            15.44303,
            4.56273
          ],
          [
            4.23122,
            0.82153,
            4.56682
          ],
          [
            5.63746,
            3.25506,
            4.56165
          ],
          [
            7.04651,
            5.69223,
            4.56133
          ],
          [
            8.45647,
            8.1322,
            4.56208
          ],
          [
            9.86265,
            10.56883,
            4.56753
          ],
          [
            11.26921,
            13.00852,
            4.56547
          ],
          [
            12.67425,
            15.44389,
            4.56659
          ],
          [
            7.0465,
            0.81798,
            4.56375
          ],
          [
            8.4526,
            3.25715,
            4.56416
          ],
          [
            9.86054,
            5.69653,
            4.56453
          ],
          [
            11.2682,
            8.13473,
            4.56745
          ],
          [
            12.6719,
            10.57151,
            4.56442
          ],
          [
            14.08128,
            13.00563,
            4.56488
          ],
          [
            15.48693,
            15.4409,
            4.56346
          ],
          [
            0.02744,
            0.0181,
            6.87388
          ],
          [
            1.4344,
            2.45098,
            6.86912
          ],
          [
            2.84003,
            4.89049,
            6.87705
          ],
          [
            4.24597,
            7.32871,
            6.88035
          ],
          [
            5.65313,
            9.76507,
            6.86112
          ],
          [
            7.07137,
            12.20144,
            6.85727
          ],
          [
            8.47338,
            14.64361,
            6.85967
          ],
          [
            2.83836,
            0.01757,
            6.87837
          ],
          [
            4.24145,
            2.45128,
            6.87539
          ],
          [
            5.64387,
            4.88662,
            6.85761
          ],
          [
            7.06378,
            7.33351,
            6.85699
          ],
          [
            8.47211,
            9.76753,
            6.87253
          ],
          [
            9.8831,
            12.20252,
            6.87216
          ],
          [
            11.2833,
            14.63823,
            6.87679
          ],
          [
            5.65123,
            0.01749,
            6.87231
          ],
          [
            7.05517,
            2.44891,
            6.86603
          ],
          [
            8.47432,
            4.89547,
            6.86544
          ],
          [
            9.87929,
            7.3326,
            6.87308
          ],
          [
            11.28485,
            9.76553,
            6.879
          ],
          [
            12.69068,
            12.20256,
            6.87466
          ],
          [
            14.09451,
            14.64218,
            6.87203
          ],
          [
            6.01216,
            10.52573,
            10.27645
          ],
          [
            14.3168,
            12.0177,
            10.41796
          ],
          [
            15.62654,
            12.7843,
            10.27912
          ],
          [
            6.31015,
            6.72646,
            10.19442
          ],
          [
            6.44019,
            5.22721,
            10.27409
          ],
          [
            7.85061,
            4.65176,
            10.21483
          ],
          [
            7.86047,
            3.13139,
            10.33171
          ],
          [
            15.43496,
            14.29357,
            10.3847
          ],
          [
            7.11207,
            9.96516,
            10.10964
          ],
          [
            13.30629,
            9.87424,
            10.35546
          ],
          [
            5.20058,
            7.28066,
            10.27122
          ],
          [
            7.44527,
            7.38748,
            10.03377
          ],
          [
            5.00269,
            8.85493,
            10.28927
          ],
          [
            13.83022,
            12.21727,
            11.3911
          ],
          [
            13.58244,
            12.34845,
            9.65401
          ],
          [
            7.91,
            12.42767,
            11.03192
          ],
          [
            7.64212,
            12.53424,
            9.29523
          ],
          [
            7.29079,
            8.41122,
            10.03296
          ],
          [
            5.82144,
            4.82164,
            9.44103
          ],
          [
            5.91409,
            4.91032,
            11.19336
          ],
          [
            8.48261,
            5.1083,
            10.99539
          ],
          [
            8.32312,
            4.95307,
            9.24776
          ],
          [
            8.88099,
            2.72657,
            10.23567
          ],
          [
            7.44724,
            2.79771,
            11.29879
          ],
          [
            7.2467,
            2.66782,
            9.53216
          ],
          [
            16.38689,
            14.83061,
            10.24107
          ],
          [
            15.02513,
            14.58223,
            11.3673
          ],
          [
            14.73158,
            14.65949,
            9.61054
          ]
        ],
        "Stress": [
          [
            -50.53885,
            0.64872,
            -0.18612
          ],
          [
            0.64872,
            -50.00018,
            0.0071
          ],
          [
            -0.18612,
            0.0071,
            -2.29379
          ]
        ],
        "computation_code": "VASP",
        "pseudopotential_information": [
          [
            "PAW_PBE",
            "Pt",
            "04Feb2005"
          ],
          [
            "PAW_PBE",
            "C",
            "08Apr2002"
          ],
          [
            "PAW_PBE",
            "O",
            "08Apr2002"
          ],
          [
            "PAW_PBE",
            "H",
            "15Jun2001"
          ]
        ]
      }
    ],
    "EnergyStyle": "electronvolt",
    "ForcesStyle": "electronvoltperangstrom",
    "LatticeStyle": "angstrom",
    "PositionsStyle": "angstrom",
    "StressStyle": "kB"
  }
}