{
  "Dataset": {
    "AtomTypeStyle": "chemicalsymbol",
    "Data": [
      {
        "AtomTypes": [
          "Pt",
          "Pt",
          "Pt",
          "Pt",
          "Pt",
          "Pt",
          "Pt",
          "Pt",
          "Pt",
          "Pt",
          "Pt",
          "Pt",
          "Pt",
          "Pt",
          "Pt",
          "Pt",
          "Pt",
          "Pt",
          "Pt",
          "Pt",
          "Pt",
          "Pt",
          "Pt",
          "Pt",
          "Pt",
          "Pt",
          "Pt",
          "Pt",
          "Pt",
          "Pt",
          "Pt",
          "Pt",
          "Pt",
          "Pt",
          "Pt",
          "Pt",
          "Pt",
          "Pt",
          "Pt",
          "Pt",
          "Pt",
          "Pt",
          "Pt",
          "Pt",
          "Pt",
          "Pt",
          "Pt",
          "Pt",
          "Pt",
          "Pt",
          "Pt",
          "Pt",
          "Pt",
          "Pt",
          "Pt",
          "Pt",
          "Pt",
          "Pt",
          "Pt",
          "Pt",
          "Pt",
          "Pt",
          "Pt",
          "Pt",
          "Pt",
          "Pt",
          "Pt",
          "Pt",
          "Pt",
          "Pt",
          "Pt",
          "Pt",
          "Pt",
          "Pt",
          "Pt",
          "Pt",
          "Pt",
          "Pt",
          "Pt",
          "Pt",
          "Pt",
          "Pt",
          "Pt",
          "Pt",
          "C",
          "C",
          "C",
          "C",
          "C",
          "C",
          "C",
          "C",
          "O",
          "O",
          "O",
          "O",
          "H",
          "H",
          "H",
          "H",
          "H",
          "H",
          "H",
          "H",
          "H",
          "H",
          "H",
          "H",
          "H",
          "H",
          "H",
          "H"
        ],
        "Energy": -405.4502526,
        "Forces": [
          [
            -0.005422,
            -0.006587,
            -0.036463
          ],
          [
            -0.004666,
            -0.004932,
            -0.032367
          ],
          [
            -0.001772,
            -0.007546,
            -0.039777
          ],
          [
            -0.007341,
            6.5e-05,
            -0.041955
          ],
          [
            -0.011096,
            -0.009261,
            -0.033817
          ],
          [
            -0.009958,
            -0.004949,
            -0.035593
          ],
          [
            -0.009968,
            0.001005,
            -0.031242
          ],
          [
            -0.008596,
            -0.004207,
            -0.030609
          ],
          [
            -0.007575,
            -0.004763,
            -0.033697
          ],
          [
            -0.011779,
            -0.00289,
            -0.031562
          ],
          [
            -0.001916,
            -0.003018,
            -0.033823
          ],
          [
            -0.005742,
            -0.002596,
            -0.034072
          ],
          [
            -0.007425,
            -0.009039,
            -0.026676
          ],
          [
            -0.007478,
            -0.001383,
            -0.041139
          ],
          [
            -0.007999,
            -0.006427,
            -0.027651
          ],
          [
            -0.002196,
            -0.006707,
            -0.031599
          ],
          [
            1.2e-05,
            -0.00456,
            -0.03125
          ],
          [
            -0.006618,
            -0.009299,
            -0.035035
          ],
          [
            -0.005531,
            -0.00709,
            -0.036376
          ],
          [
            -0.008191,
            -0.005038,
            -0.035896
          ],
          [
            -0.012273,
            -0.00704,
            -0.029881
          ],
          [
            0.018557,
            0.012065,
            0.040662
          ],
          [
            0.009598,
            0.006767,
            0.03848
          ],
          [
            0.008979,
            0.004124,
            0.017312
          ],
          [
            0.007615,
            0.001633,
            0.030342
          ],
          [
            0.016183,
            -0.00303,
            0.029049
          ],
          [
            0.013319,
            0.007194,
            0.016499
          ],
          [
            0.011342,
            0.010196,
            0.040962
          ],
          [
            0.008593,
            -0.001994,
            0.027986
          ],
          [
            0.015022,
            0.004345,
            0.022
          ],
          [
            0.011477,
            0.010119,
            0.030035
          ],
          [
            0.018557,
            0.006962,
            0.049754
          ],
          [
            0.003657,
            -0.000464,
            0.056721
          ],
          [
            0.016193,
            0.00287,
            0.049277
          ],
          [
            0.013254,
            0.017256,
            0.040787
          ],
          [
            0.000724,
            0.005493,
            0.036099
          ],
          [
            0.007906,
            0.010367,
            0.03546
          ],
          [
            0.002807,
            0.014855,
            0.047005
          ],
          [
            0.012658,
            -0.000989,
            0.054936
          ],
          [
            0.008566,
            0.008012,
            0.029653
          ],
          [
            0.007075,
            0.004804,
            0.017766
          ],
          [
            0.006433,
            0.011714,
            0.020961
          ],
          [
            -0.00033,
            -0.002665,
            6.2e-05
          ],
          [
            -0.002219,
            -0.00059,
            0.000402
          ],
          [
            0.000883,
            -0.000891,
            0.002344
          ],
          [
            0.000508,
            0.003121,
            0.000735
          ],
          [
            0.001853,
            0.003497,
            0.000287
          ],
          [
            -0.002075,
            0.002554,
            -0.002269
          ],
          [
            0.002401,
            -0.002942,
            -0.000388
          ],
          [
            0.001163,
            -0.002911,
            -0.00117
          ],
          [
            -0.000504,
            -0.002124,
            -0.000965
          ],
          [
            0.001024,
            0.000797,
            0.000569
          ],
          [
            -6.7e-05,
            0.002125,
            0.002006
          ],
          [
            0.001398,
            0.003307,
            -0.002638
          ],
          [
            6e-06,
            0.001103,
            -0.002762
          ],
          [
            0.000111,
            -0.001203,
            -0.002263
          ],
          [
            0.002232,
            -0.002199,
            -0.001501
          ],
          [
            -0.000142,
            -0.001543,
            0.000477
          ],
          [
            0.000183,
            0.001707,
            -0.000109
          ],
          [
            -0.00066,
            0.001435,
            0.00085
          ],
          [
            0.001489,
            0.002884,
            -0.001811
          ],
          [
            0.000391,
            0.001123,
            -0.00264
          ],
          [
            0.001139,
            -0.001874,
            -0.002862
          ],
          [
            -0.001674,
            0.000678,
            -0.002493
          ],
          [
            0.002221,
            0.001161,
            0.003082
          ],
          [
            -0.001195,
            0.002856,
            0.002382
          ],
          [
            -0.000449,
            0.001396,
            -0.000829
          ],
          [
            -3e-06,
            -0.000125,
            9.1e-05
          ],
          [
            0.001863,
            -0.002133,
            -0.001413
          ],
          [
            0.000214,
            0.000546,
            0.004277
          ],
          [
            0.000895,
            0.001599,
            -0.000344
          ],
          [
            0.001304,
            0.000603,
            0.005906
          ],
          [
            0.003224,
            0.001092,
            0.001486
          ],
          [
            -0.000613,
            0.003735,
            -0.001195
          ],
          [
            0.003104,
            -0.001628,
            -0.002211
          ],
          [
            0.000365,
            -0.003522,
            -0.004353
          ],
          [
            -0.002049,
            -0.001114,
            0.005692
          ],
          [
            -0.000613,
            0.00234,
            -0.000833
          ],
          [
            -0.000262,
            0.002205,
            0.001843
          ],
          [
            0.004178,
            -0.000522,
            -0.004594
          ],
          [
            -0.000827,
            0.000631,
            0.002734
          ],
          [
            0.000901,
            -0.003597,
            -0.000247
          ],
          [
            0.000866,
            -0.002673,
            -0.003278
          ],
          [
            0.001862,
            0.001948,
            -0.000332
          ],
          [
            0.004201,
            -0.005274,
            0.000985
          ],
          [
            -0.01157,
            -0.000551,
            0.029928
          ],
          [
            -0.008448,
            -0.004532,
            -0.028045
          ],
          [
            0.030846,
            0.036125,
            -0.004866
          ],
          [
            0.003316,
            0.004812,
            -0.000355
          ],
          [
            0.013383,
            -0.024709,
            0.002029
          ],
          [
            -0.004715,
            -0.007782,
            -0.006997
          ],
          [
            -0.013885,
            -0.010756,
            -0.01125
          ],
          [
            -0.024498,
            0.00062,
            -0.002622
          ],
          [
            -0.001671,
            -0.004818,
            -0.000992
          ],
          [
            -0.060678,
            0.007793,
            0.005661
          ],
          [
            0.017024,
            0.012738,
            -0.01319
          ],
          [
            0.003211,
            -0.003499,
            0.002694
          ],
          [
            0.008058,
            -0.006235,
            -0.015243
          ],
          [
            -0.003286,
            0.001406,
            -0.005898
          ],
          [
            0.001822,
            -0.003014,
            0.007819
          ],
          [
            -0.009009,
            0.005453,
            0.015514
          ],
          [
            -0.004561,
            -0.035141,
            -0.005684
          ],
          [
            -0.009973,
            -0.011674,
            -0.015579
          ],
          [
            -0.010621,
            -0.009358,
            0.012643
          ],
          [
            -0.003774,
            0.001922,
            0.001386
          ],
          [
            -0.002767,
            1.9e-05,
            -0.001781
          ],
          [
            -0.008844,
            0.007363,
            0.001123
          ],
          [
            0.000102,
            0.002938,
            -0.003575
          ],
          [
            0.007713,
            0.004158,
            0.011171
          ],
          [
            0.003625,
            0.00727,
            -0.001369
          ],
          [
            -0.00858,
            0.002218,
            0.009311
          ],
          [
            -0.0035,
            -0.003715,
            0.004194
          ]
        ],
        "Lattice": [
          [
            8.440733888,
            0.0,
            0.0
          ],
          [
            9.847522711,
            17.056409664,
            0.0
          ],
          [
            0.0,
            0.0,
            21.483230926
          ]
        ],
        "NumAtoms": 112,
        "Positions": [
          [
            0.00042,
            0.00024,
            0.0
          ],
          [
            1.40721,
            2.43687,
            0.0
          ],
          [
            2.814,
            4.8735,
            0.0
          ],
          [
            4.22079,
            7.31013,
            0.0
          ],
          [
            5.62758,
            9.74676,
            0.0
          ],
          [
            7.03437,
            12.18339,
            0.0
          ],
          [
            8.44116,
            14.62002,
            0.0
          ],
          [
            2.814,
            0.00024,
            0.0
          ],
          [
            4.22079,
            2.43687,
            0.0
          ],
          [
            5.62758,
            4.8735,
            0.0
          ],
          [
            7.03437,
            7.31013,
            0.0
          ],
          [
            8.44116,
            9.74676,
            0.0
          ],
          [
            9.84794,
            12.18339,
            0.0
          ],
          [
            11.25473,
            14.62002,
            0.0
          ],
          [
            5.62758,
            0.00024,
            0.0
          ],
          [
            7.03437,
            2.43687,
            0.0
          ],
          [
            8.44116,
            4.8735,
            0.0
          ],
          [
            9.84794,
            7.31013,
            0.0
          ],
          [
            11.25473,
            9.74676,
            0.0
          ],
          [
            12.66152,
            12.18339,
            0.0
          ],
          [
            14.06831,
            14.62002,
            0.0
          ],
          [
            2.81425,
            1.62481,
            2.2975
          ],
          [
            4.22104,
            4.06144,
            2.2975
          ],
          [
            5.62783,
            6.49807,
            2.2975
          ],
          [
            7.03462,
            8.9347,
            2.2975
          ],
          [
            8.44141,
            11.37133,
            2.2975
          ],
          [
            9.8482,
            13.80796,
            2.2975
          ],
          [
            11.25498,
            16.24459,
            2.2975
          ],
          [
            5.62783,
            1.62481,
            2.2975
          ],
          [
            7.03462,
            4.06144,
            2.2975
          ],
          [
            8.44141,
            6.49807,
            2.2975
          ],
          [
            9.8482,
            8.9347,
            2.2975
          ],
          [
            11.25498,
            11.37133,
            2.2975
          ],
          [
            12.66177,
            13.80796,
            2.2975
          ],
          [
            14.06856,
            16.24459,
            2.2975
          ],
          [
            8.44141,
            1.62481,
            2.2975
          ],
          [
            9.8482,
            4.06144,
            2.2975
          ],
          [
            11.25498,
            6.49807,
            2.2975
          ],
          [
            12.66177,
            8.9347,
            2.2975
          ],
          [
            14.06856,
            11.37133,
            2.2975
          ],
          [
            15.47535,
            13.80796,
            2.2975
          ],
          [
            16.88214,
            16.24459,
            2.2975
          ],
          [
            1.41757,
            0.82263,
            4.56534
          ],
          [
            2.82336,
            3.26049,
            4.56524
          ],
          [
            4.22686,
            5.69708,
            4.56339
          ],
          [
            5.63568,
            8.12724,
            4.56342
          ],
          [
            7.04552,
            10.5648,
            4.56101
          ],
          [
            8.45481,
            13.00249,
            4.56001
          ],
          [
            9.86174,
            15.44293,
            4.5614
          ],
          [
            4.2284,
            0.82118,
            4.56683
          ],
          [
            5.6353,
            3.25468,
            4.56165
          ],
          [
            7.04395,
            5.69131,
            4.56211
          ],
          [
            8.45344,
            8.13064,
            4.56244
          ],
          [
            9.85978,
            10.56724,
            4.56833
          ],
          [
            11.26607,
            13.00733,
            4.56499
          ],
          [
            12.67111,
            15.44341,
            4.56562
          ],
          [
            7.044,
            0.81817,
            4.56368
          ],
          [
            8.4501,
            3.25721,
            4.56474
          ],
          [
            9.85767,
            5.69561,
            4.56471
          ],
          [
            11.26571,
            8.13317,
            4.568
          ],
          [
            12.66917,
            10.56958,
            4.56487
          ],
          [
            14.07883,
            13.00369,
            4.56548
          ],
          [
            15.48393,
            15.44023,
            4.56271
          ],
          [
            0.02265,
            0.01666,
            6.8731
          ],
          [
            1.4289,
            2.44985,
            6.86905
          ],
          [
            2.83416,
            4.88924,
            6.87608
          ],
          [
            4.24081,
            7.32696,
            6.88096
          ],
          [
            5.64826,
            9.76237,
            6.86055
          ],
          [
            7.06654,
            12.19911,
            6.85976
          ],
          [
            8.46876,
            14.64304,
            6.85691
          ],
          [
            2.83252,
            0.01675,
            6.87783
          ],
          [
            4.23596,
            2.45062,
            6.87369
          ],
          [
            5.63851,
            4.88578,
            6.8576
          ],
          [
            7.05901,
            7.33074,
            6.86026
          ],
          [
            8.467,
            9.76389,
            6.87306
          ],
          [
            9.8782,
            12.20038,
            6.87252
          ],
          [
            11.27728,
            14.63671,
            6.87508
          ],
          [
            5.64614,
            0.01653,
            6.87104
          ],
          [
            7.05013,
            2.44778,
            6.86594
          ],
          [
            8.46829,
            4.89445,
            6.86762
          ],
          [
            9.8739,
            7.33071,
            6.87427
          ],
          [
            11.27934,
            9.76347,
            6.8799
          ],
          [
            12.68298,
            12.20067,
            6.87413
          ],
          [
            14.08705,
            14.64182,
            6.86854
          ],
          [
            5.90532,
            10.48847,
            10.27839
          ],
          [
            14.19841,
            11.98131,
            10.40274
          ],
          [
            15.49702,
            12.75231,
            10.20622
          ],
          [
            6.24248,
            6.69156,
            10.20909
          ],
          [
            6.38602,
            5.19448,
            10.27882
          ],
          [
            7.80218,
            4.63306,
            10.22812
          ],
          [
            7.8209,
            3.1104,
            10.31375
          ],
          [
            15.31571,
            14.26106,
            10.32036
          ],
          [
            7.01126,
            9.93791,
            10.12445
          ],
          [
            13.2045,
            9.82733,
            10.35233
          ],
          [
            5.12713,
            7.23569,
            10.27268
          ],
          [
            7.3724,
            7.36549,
            10.06833
          ],
          [
            4.91056,
            8.80875,
            10.29186
          ],
          [
            13.75078,
            12.1875,
            11.39425
          ],
          [
            13.43081,
            12.2992,
            9.66748
          ],
          [
            7.82118,
            12.39058,
            10.91389
          ],
          [
            7.46343,
            12.50252,
            9.19579
          ],
          [
            7.20724,
            8.38895,
            10.06594
          ],
          [
            5.77908,
            4.79043,
            9.43682
          ],
          [
            5.85398,
            4.86537,
            11.1899
          ],
          [
            8.41745,
            5.07691,
            11.0293
          ],
          [
            8.28623,
            4.95794,
            9.27614
          ],
          [
            8.8451,
            2.71308,
            10.22665
          ],
          [
            7.39164,
            2.75213,
            11.26504
          ],
          [
            7.22381,
            2.66087,
            9.49255
          ],
          [
            16.25971,
            14.79338,
            10.11952
          ],
          [
            14.96646,
            14.55165,
            11.3255
          ],
          [
            14.56926,
            14.62939,
            9.58893
          ]
        ],
        "Stress": [
          [
            -50.43648,
            0.63417,
            -0.17098
          ],
          [
            0.63417,
            -49.9675,
            0.00109
          ],
          [
            -0.17098,
            0.00109,
            -2.22121
          ]
        ],
        "computation_code": "VASP",
        "pseudopotential_information": [
          [
            "PAW_PBE",
            "Pt",
            "04Feb2005"
          ],
          [
            "PAW_PBE",
            "C",
            "08Apr2002"
          ],
          [
            "PAW_PBE",
            "O",
            "08Apr2002"
          ],
          [
            "PAW_PBE",
            "H",
            "15Jun2001"
          ]
        ]
      }
    ],
    "EnergyStyle": "electronvolt",
    "ForcesStyle": "electronvoltperangstrom",
    "LatticeStyle": "angstrom",
    "PositionsStyle": "angstrom",
    "StressStyle": "kB"
  }
}