{
  "Dataset": {
    "AtomTypeStyle": "chemicalsymbol",
    "Data": [
      {
        "AtomTypes": [
          "Pt",
          "Pt",
          "Pt",
          "Pt",
          "Pt",
          "Pt",
          "Pt",
          "Pt",
          "Pt",
          "Pt",
          "Pt",
          "Pt",
          "Pt",
          "Pt",
          "Pt",
          "Pt",
          "Pt",
          "Pt",
          "Pt",
          "Pt",
          "Pt",
          "Pt",
          "Pt",
          "Pt",
          "Pt",
          "Pt",
          "Pt",
          "Pt",
          "Pt",
          "Pt",
          "Pt",
          "Pt",
          "Pt",
          "Pt",
          "Pt",
          "Pt",
          "Pt",
          "Pt",
          "Pt",
          "Pt",
          "Pt",
          "Pt",
          "Pt",
          "Pt",
          "Pt",
          "Pt",
          "Pt",
          "Pt",
          "Pt",
          "Pt",
          "Pt",
          "Pt",
          "Pt",
          "Pt",
          "Pt",
          "Pt",
          "Pt",
          "Pt",
          "Pt",
          "Pt",
          "Pt",
          "Pt",
          "Pt",
          "Pt",
          "Pt",
          "Pt",
          "Pt",
          "Pt",
          "Pt",
          "Pt",
          "Pt",
          "Pt",
          "Pt",
          "Pt",
          "Pt",
          "Pt",
          "Pt",
          "Pt",
          "Pt",
          "Pt",
          "Pt",
          "Pt",
          "Pt",
          "Pt",
          "C",
          "C",
          "C",
          "C",
          "C",
          "C",
          "C",
          "C",
          "O",
          "O",
          "O",
          "O",
          "H",
          "H",
          "H",
          "H",
          "H",
          "H",
          "H",
          "H",
          "H",
          "H",
          "H",
          "H",
          "H",
          "H",
          "H",
          "H"
        ],
        "Energy": -405.42063548,
        "Forces": [
          [
            -0.006066,
            -0.001874,
            -0.037404
          ],
          [
            -0.003865,
            -0.002894,
            -0.032105
          ],
          [
            -0.002885,
            -0.004224,
            -0.038437
          ],
          [
            -0.009716,
            -0.000136,
            -0.040362
          ],
          [
            -0.013468,
            -0.010236,
            -0.035987
          ],
          [
            -0.011015,
            -0.007106,
            -0.03598
          ],
          [
            -0.011815,
            -0.000117,
            -0.034526
          ],
          [
            -0.007595,
            -0.001419,
            -0.032028
          ],
          [
            -0.008105,
            -0.001417,
            -0.032755
          ],
          [
            -0.011997,
            0.000774,
            -0.030568
          ],
          [
            -0.003692,
            0.000334,
            -0.030634
          ],
          [
            -0.006755,
            -0.003372,
            -0.036511
          ],
          [
            -0.009176,
            -0.012658,
            -0.028985
          ],
          [
            -0.006851,
            -0.004522,
            -0.032204
          ],
          [
            -0.00907,
            -0.005109,
            -0.030172
          ],
          [
            -0.004064,
            -0.003153,
            -0.031475
          ],
          [
            -0.001214,
            -0.001722,
            -0.032835
          ],
          [
            -0.006579,
            -0.008897,
            -0.036637
          ],
          [
            -0.004844,
            -0.009872,
            -0.039443
          ],
          [
            -0.006362,
            -0.008484,
            -0.037965
          ],
          [
            -0.010491,
            -0.007283,
            -0.031702
          ],
          [
            0.018831,
            0.008417,
            0.05055
          ],
          [
            0.010227,
            0.002714,
            0.049904
          ],
          [
            0.007591,
            -0.005291,
            0.025045
          ],
          [
            0.009983,
            -0.007711,
            0.019662
          ],
          [
            0.02009,
            -0.002015,
            0.020914
          ],
          [
            0.015543,
            0.013676,
            0.02219
          ],
          [
            0.011817,
            0.01027,
            0.050615
          ],
          [
            0.009257,
            -0.003537,
            0.040741
          ],
          [
            0.013382,
            0.002227,
            0.035621
          ],
          [
            0.012372,
            0.004434,
            0.029226
          ],
          [
            0.020201,
            0.003356,
            0.045325
          ],
          [
            0.002477,
            0.004864,
            0.055355
          ],
          [
            0.013321,
            0.009602,
            0.055145
          ],
          [
            0.010338,
            0.016812,
            0.052625
          ],
          [
            0.00151,
            0.001039,
            0.046593
          ],
          [
            0.00921,
            0.005984,
            0.038895
          ],
          [
            0.007585,
            0.009836,
            0.050943
          ],
          [
            0.013251,
            -0.005257,
            0.055508
          ],
          [
            0.006269,
            0.00957,
            0.017479
          ],
          [
            0.005781,
            0.014387,
            0.014961
          ],
          [
            0.008283,
            0.009528,
            0.029821
          ],
          [
            0.003974,
            0.001186,
            -0.00842
          ],
          [
            0.001233,
            0.00246,
            -0.004858
          ],
          [
            0.001616,
            0.001221,
            -0.005833
          ],
          [
            -0.000864,
            0.001857,
            -0.008474
          ],
          [
            0.000782,
            0.001824,
            -0.010482
          ],
          [
            0.001205,
            -0.000495,
            -0.00835
          ],
          [
            0.003318,
            -0.000406,
            -0.00747
          ],
          [
            0.000324,
            -0.001104,
            -0.007882
          ],
          [
            0.00182,
            -4.9e-05,
            -0.004476
          ],
          [
            0.000267,
            -0.002983,
            -0.01056
          ],
          [
            0.001777,
            0.002358,
            -0.009556
          ],
          [
            0.001837,
            0.003349,
            -0.009606
          ],
          [
            0.001794,
            0.000813,
            -0.009912
          ],
          [
            0.000923,
            -0.000117,
            -0.007732
          ],
          [
            -0.003154,
            0.001967,
            -0.005529
          ],
          [
            0.000659,
            0.001753,
            -0.006772
          ],
          [
            0.002775,
            0.001289,
            -0.008253
          ],
          [
            0.003802,
            0.00216,
            -0.00833
          ],
          [
            0.001721,
            0.000673,
            -0.008637
          ],
          [
            0.00269,
            -0.000379,
            -0.008941
          ],
          [
            0.001398,
            -0.00084,
            -0.007962
          ],
          [
            -0.001336,
            0.002426,
            -0.000425
          ],
          [
            0.002659,
            -0.003227,
            0.003755
          ],
          [
            0.002163,
            0.000806,
            0.001676
          ],
          [
            0.000381,
            -0.00158,
            0.002758
          ],
          [
            0.002151,
            0.001116,
            0.011824
          ],
          [
            0.002404,
            0.003209,
            0.005124
          ],
          [
            0.002227,
            0.003541,
            0.003258
          ],
          [
            0.000589,
            0.001684,
            0.005747
          ],
          [
            0.001768,
            -0.002158,
            -0.005142
          ],
          [
            0.000924,
            -0.00452,
            -0.000177
          ],
          [
            -0.000568,
            -0.001261,
            0.006207
          ],
          [
            -0.000774,
            0.000158,
            0.005137
          ],
          [
            0.00154,
            0.002429,
            0.004917
          ],
          [
            0.001283,
            0.004916,
            0.003686
          ],
          [
            -0.001988,
            0.002225,
            0.003189
          ],
          [
            0.00127,
            -0.004838,
            9.3e-05
          ],
          [
            -0.0001,
            -0.004938,
            0.007093
          ],
          [
            0.000197,
            -0.002403,
            0.005239
          ],
          [
            -0.001366,
            0.001594,
            0.013728
          ],
          [
            0.002124,
            0.009162,
            0.0039
          ],
          [
            -0.002094,
            0.000467,
            -0.002958
          ],
          [
            -0.031509,
            -0.143641,
            -0.019114
          ],
          [
            -0.015456,
            0.014851,
            -0.025561
          ],
          [
            -0.041774,
            0.081319,
            0.088426
          ],
          [
            -0.019098,
            0.010007,
            -0.007436
          ],
          [
            0.013999,
            0.00815,
            0.006522
          ],
          [
            0.020033,
            -0.054015,
            -0.008124
          ],
          [
            -0.030835,
            -0.017507,
            -0.012402
          ],
          [
            -0.060018,
            0.022975,
            -0.009625
          ],
          [
            -0.030528,
            0.03818,
            0.012522
          ],
          [
            0.024515,
            0.004495,
            0.002587
          ],
          [
            -0.018076,
            -0.01955,
            0.003281
          ],
          [
            0.034673,
            0.007581,
            0.001928
          ],
          [
            0.026896,
            0.021815,
            0.000652
          ],
          [
            0.022905,
            0.017736,
            -0.005108
          ],
          [
            0.025565,
            0.002677,
            0.042603
          ],
          [
            -0.011052,
            0.001902,
            -0.046274
          ],
          [
            0.012632,
            -0.013898,
            -0.02756
          ],
          [
            -0.00189,
            -0.0058,
            0.002823
          ],
          [
            -0.008406,
            -0.006707,
            -0.002575
          ],
          [
            -0.009592,
            -0.009851,
            0.007479
          ],
          [
            -0.006832,
            0.002277,
            -0.016868
          ],
          [
            -0.013265,
            0.001917,
            0.012504
          ],
          [
            -0.051851,
            0.018716,
            -0.002218
          ],
          [
            0.013454,
            0.010568,
            -0.014967
          ],
          [
            0.013026,
            0.017801,
            0.016391
          ],
          [
            -0.017392,
            0.002818,
            -0.004361
          ],
          [
            0.02566,
            -0.027223,
            -0.017126
          ],
          [
            0.019171,
            -0.022456,
            0.022605
          ]
        ],
        "Lattice": [
          [
            8.440733888,
            0.0,
            0.0
          ],
          [
            9.847522711,
            17.056409664,
            0.0
          ],
          [
            0.0,
            0.0,
            21.483230926
          ]
        ],
        "NumAtoms": 112,
        "Positions": [
          [
            0.00042,
            0.00024,
            0.0
          ],
          [
            1.40721,
            2.43687,
            0.0
          ],
          [
            2.814,
            4.8735,
            0.0
          ],
          [
            4.22079,
            7.31013,
            0.0
          ],
          [
            5.62758,
            9.74676,
            0.0
          ],
          [
            7.03437,
            12.18339,
            0.0
          ],
          [
            8.44116,
            14.62002,
            0.0
          ],
          [
            2.814,
            0.00024,
            0.0
          ],
          [
            4.22079,
            2.43687,
            0.0
          ],
          [
            5.62758,
            4.8735,
            0.0
          ],
          [
            7.03437,
            7.31013,
            0.0
          ],
          [
            8.44116,
            9.74676,
            0.0
          ],
          [
            9.84794,
            12.18339,
            0.0
          ],
          [
            11.25473,
            14.62002,
            0.0
          ],
          [
            5.62758,
            0.00024,
            0.0
          ],
          [
            7.03437,
            2.43687,
            0.0
          ],
          [
            8.44116,
            4.8735,
            0.0
          ],
          [
            9.84794,
            7.31013,
            0.0
          ],
          [
            11.25473,
            9.74676,
            0.0
          ],
          [
            12.66152,
            12.18339,
            0.0
          ],
          [
            14.06831,
            14.62002,
            0.0
          ],
          [
            2.81425,
            1.62481,
            2.2975
          ],
          [
            4.22104,
            4.06144,
            2.2975
          ],
          [
            5.62783,
            6.49807,
            2.2975
          ],
          [
            7.03462,
            8.9347,
            2.2975
          ],
          [
            8.44141,
            11.37133,
            2.2975
          ],
          [
            9.8482,
            13.80796,
            2.2975
          ],
          [
            11.25498,
            16.24459,
            2.2975
          ],
          [
            5.62783,
            1.62481,
            2.2975
          ],
          [
            7.03462,
            4.06144,
            2.2975
          ],
          [
            8.44141,
            6.49807,
            2.2975
          ],
          [
            9.8482,
            8.9347,
            2.2975
          ],
          [
            11.25498,
            11.37133,
            2.2975
          ],
          [
            12.66177,
            13.80796,
            2.2975
          ],
          [
            14.06856,
            16.24459,
            2.2975
          ],
          [
            8.44141,
            1.62481,
            2.2975
          ],
          [
            9.8482,
            4.06144,
            2.2975
          ],
          [
            11.25498,
            6.49807,
            2.2975
          ],
          [
            12.66177,
            8.9347,
            2.2975
          ],
          [
            14.06856,
            11.37133,
            2.2975
          ],
          [
            15.47535,
            13.80796,
            2.2975
          ],
          [
            16.88214,
            16.24459,
            2.2975
          ],
          [
            1.41805,
            0.82066,
            4.56668
          ],
          [
            2.82453,
            3.25748,
            4.56693
          ],
          [
            4.22886,
            5.69365,
            4.5653
          ],
          [
            5.63649,
            8.12473,
            4.56276
          ],
          [
            7.0459,
            10.5622,
            4.55753
          ],
          [
            8.45607,
            13.00413,
            4.55842
          ],
          [
            9.86215,
            15.44268,
            4.56453
          ],
          [
            4.22986,
            0.82048,
            4.5684
          ],
          [
            5.63661,
            3.25279,
            4.5643
          ],
          [
            7.04503,
            5.68889,
            4.56311
          ],
          [
            8.45543,
            8.12871,
            4.56191
          ],
          [
            9.86033,
            10.56702,
            4.56713
          ],
          [
            11.26581,
            13.00767,
            4.56645
          ],
          [
            12.67171,
            15.44303,
            4.56812
          ],
          [
            7.04522,
            0.81718,
            4.56588
          ],
          [
            8.45099,
            3.25418,
            4.56565
          ],
          [
            9.85982,
            5.69302,
            4.56435
          ],
          [
            11.26717,
            8.13152,
            4.56738
          ],
          [
            12.66927,
            10.56979,
            4.56288
          ],
          [
            14.07714,
            13.00537,
            4.56342
          ],
          [
            15.48427,
            15.44017,
            4.56405
          ],
          [
            0.02462,
            0.01433,
            6.87511
          ],
          [
            1.43222,
            2.44788,
            6.8705
          ],
          [
            2.83895,
            4.88598,
            6.87761
          ],
          [
            4.24346,
            7.32366,
            6.88014
          ],
          [
            5.64877,
            9.75945,
            6.85505
          ],
          [
            7.06523,
            12.19579,
            6.84669
          ],
          [
            8.46889,
            14.63774,
            6.85936
          ],
          [
            2.83557,
            0.01375,
            6.87735
          ],
          [
            4.24045,
            2.44871,
            6.87812
          ],
          [
            5.64353,
            4.88299,
            6.86283
          ],
          [
            7.06278,
            7.32924,
            6.85612
          ],
          [
            8.46852,
            9.76449,
            6.86973
          ],
          [
            9.87669,
            12.19801,
            6.87169
          ],
          [
            11.27926,
            14.63321,
            6.87643
          ],
          [
            5.64946,
            0.01484,
            6.87193
          ],
          [
            7.05478,
            2.4482,
            6.87145
          ],
          [
            8.47423,
            4.89213,
            6.86509
          ],
          [
            9.87798,
            7.32869,
            6.87196
          ],
          [
            11.28084,
            9.76087,
            6.87636
          ],
          [
            12.68527,
            12.19686,
            6.8722
          ],
          [
            14.09177,
            14.63662,
            6.8729
          ],
          [
            6.05779,
            10.55288,
            10.24878
          ],
          [
            14.39094,
            12.04586,
            10.36718
          ],
          [
            15.73786,
            12.7616,
            10.33738
          ],
          [
            6.33923,
            6.74982,
            10.18594
          ],
          [
            6.49148,
            5.25315,
            10.27408
          ],
          [
            7.91996,
            4.71697,
            10.25127
          ],
          [
            7.98191,
            3.19735,
            10.3792
          ],
          [
            15.59951,
            14.28048,
            10.40329
          ],
          [
            7.14386,
            9.97575,
            10.05054
          ],
          [
            13.34562,
            9.91318,
            10.36
          ],
          [
            5.23183,
            7.30249,
            10.29894
          ],
          [
            7.46231,
            7.41491,
            9.96595
          ],
          [
            5.02734,
            8.89239,
            10.29768
          ],
          [
            13.81489,
            12.27259,
            11.28323
          ],
          [
            13.74288,
            12.38363,
            9.52741
          ],
          [
            7.92596,
            12.39609,
            11.16951
          ],
          [
            7.8338,
            12.47518,
            9.41164
          ],
          [
            7.30433,
            8.44034,
            9.96999
          ],
          [
            5.90749,
            4.83408,
            9.42178
          ],
          [
            5.94734,
            4.92607,
            11.1781
          ],
          [
            8.51559,
            5.19628,
            11.04759
          ],
          [
            8.40714,
            5.0273,
            9.29603
          ],
          [
            9.0216,
            2.83198,
            10.32423
          ],
          [
            7.54582,
            2.85246,
            11.33286
          ],
          [
            7.41657,
            2.70547,
            9.56073
          ],
          [
            16.58436,
            14.77318,
            10.35014
          ],
          [
            15.10319,
            14.60786,
            11.334
          ],
          [
            14.99302,
            14.66279,
            9.55742
          ]
        ],
        "Stress": [
          [
            -50.63949,
            0.69345,
            -0.22194
          ],
          [
            0.69345,
            -49.95461,
            0.02987
          ],
          [
            -0.22194,
            0.02987,
            -2.22995
          ]
        ],
        "computation_code": "VASP",
        "pseudopotential_information": [
          [
            "PAW_PBE",
            "Pt",
            "04Feb2005"
          ],
          [
            "PAW_PBE",
            "C",
            "08Apr2002"
          ],
          [
            "PAW_PBE",
            "O",
            "08Apr2002"
          ],
          [
            "PAW_PBE",
            "H",
            "15Jun2001"
          ]
        ]
      }
    ],
    "EnergyStyle": "electronvolt",
    "ForcesStyle": "electronvoltperangstrom",
    "LatticeStyle": "angstrom",
    "PositionsStyle": "angstrom",
    "StressStyle": "kB"
  }
}