{
  "Dataset": {
    "AtomTypeStyle": "chemicalsymbol",
    "Data": [
      {
        "AtomTypes": [
          "Pt",
          "Pt",
          "Pt",
          "Pt",
          "Pt",
          "Pt",
          "Pt",
          "Pt",
          "Pt",
          "Pt",
          "Pt",
          "Pt",
          "Pt",
          "Pt",
          "Pt",
          "Pt",
          "Pt",
          "Pt",
          "Pt",
          "Pt",
          "Pt",
          "Pt",
          "Pt",
          "Pt",
          "Pt",
          "Pt",
          "Pt",
          "Pt",
          "Pt",
          "Pt",
          "Pt",
          "Pt",
          "Pt",
          "Pt",
          "Pt",
          "Pt",
          "Pt",
          "Pt",
          "Pt",
          "Pt",
          "Pt",
          "Pt",
          "Pt",
          "Pt",
          "Pt",
          "Pt",
          "Pt",
          "Pt",
          "Pt",
          "Pt",
          "Pt",
          "Pt",
          "Pt",
          "Pt",
          "Pt",
          "Pt",
          "Pt",
          "Pt",
          "Pt",
          "Pt",
          "Pt",
          "Pt",
          "Pt",
          "Pt",
          "Pt",
          "Pt",
          "Pt",
          "Pt",
          "Pt",
          "Pt",
          "Pt",
          "Pt",
          "Pt",
          "Pt",
          "Pt",
          "Pt",
          "Pt",
          "Pt",
          "Pt",
          "Pt",
          "Pt",
          "Pt",
          "Pt",
          "Pt",
          "C",
          "C",
          "C",
          "C",
          "C",
          "C",
          "C",
          "C",
          "O",
          "O",
          "O",
          "O",
          "H",
          "H",
          "H",
          "H",
          "H",
          "H",
          "H",
          "H",
          "H",
          "H",
          "H",
          "H",
          "H",
          "H",
          "H",
          "H"
        ],
        "Energy": -405.44204134,
        "Forces": [
          [
            -0.00614,
            -0.005172,
            -0.035933
          ],
          [
            -0.004581,
            -0.006345,
            -0.03166
          ],
          [
            -0.002177,
            -0.008545,
            -0.039492
          ],
          [
            -0.008289,
            -0.001238,
            -0.042726
          ],
          [
            -0.011833,
            -0.009307,
            -0.034587
          ],
          [
            -0.010935,
            -0.005236,
            -0.034636
          ],
          [
            -0.011835,
            0.002056,
            -0.0307
          ],
          [
            -0.00828,
            -0.003265,
            -0.030456
          ],
          [
            -0.008374,
            -0.005696,
            -0.032301
          ],
          [
            -0.012581,
            -0.003255,
            -0.032579
          ],
          [
            -0.003526,
            -0.003216,
            -0.033151
          ],
          [
            -0.007113,
            -0.003087,
            -0.035657
          ],
          [
            -0.008834,
            -0.009282,
            -0.027719
          ],
          [
            -0.007351,
            -0.001297,
            -0.036001
          ],
          [
            -0.009291,
            -0.0053,
            -0.027308
          ],
          [
            -0.003448,
            -0.007113,
            -0.030565
          ],
          [
            -0.001169,
            -0.005462,
            -0.033033
          ],
          [
            -0.007482,
            -0.010305,
            -0.03584
          ],
          [
            -0.005906,
            -0.00891,
            -0.036543
          ],
          [
            -0.007984,
            -0.005204,
            -0.035848
          ],
          [
            -0.012028,
            -0.006144,
            -0.028839
          ],
          [
            0.021301,
            0.011629,
            0.040776
          ],
          [
            0.010474,
            0.005569,
            0.040349
          ],
          [
            0.008923,
            0.004375,
            0.018395
          ],
          [
            0.010678,
            0.00277,
            0.027739
          ],
          [
            0.018102,
            -0.001275,
            0.025089
          ],
          [
            0.016404,
            0.010546,
            0.016272
          ],
          [
            0.01241,
            0.009754,
            0.03962
          ],
          [
            0.009305,
            -0.003565,
            0.02746
          ],
          [
            0.016466,
            0.003453,
            0.021746
          ],
          [
            0.014165,
            0.011042,
            0.028724
          ],
          [
            0.022525,
            0.008689,
            0.049138
          ],
          [
            0.005863,
            0.003827,
            0.052479
          ],
          [
            0.017465,
            0.006197,
            0.047479
          ],
          [
            0.013873,
            0.016832,
            0.04058
          ],
          [
            0.00316,
            0.004332,
            0.034292
          ],
          [
            0.010046,
            0.009401,
            0.034064
          ],
          [
            0.006197,
            0.016188,
            0.049875
          ],
          [
            0.013813,
            -0.00039,
            0.054955
          ],
          [
            0.009869,
            0.010372,
            0.024651
          ],
          [
            0.007576,
            0.010128,
            0.014864
          ],
          [
            0.010067,
            0.009184,
            0.021489
          ],
          [
            -0.001407,
            0.001639,
            0.003518
          ],
          [
            0.0,
            -0.000438,
            0.00053
          ],
          [
            -0.000235,
            0.003055,
            0.00154
          ],
          [
            -0.000287,
            -0.001488,
            0.001651
          ],
          [
            0.002068,
            -0.002774,
            0.004368
          ],
          [
            0.001889,
            -0.001769,
            0.004076
          ],
          [
            0.00021,
            -0.00059,
            -0.000707
          ],
          [
            -1.4e-05,
            0.000464,
            -0.001279
          ],
          [
            0.000153,
            0.001687,
            0.000501
          ],
          [
            0.001461,
            0.002008,
            0.002626
          ],
          [
            -0.001775,
            -0.001164,
            0.003424
          ],
          [
            0.00075,
            -0.00236,
            0.001084
          ],
          [
            -0.002529,
            -0.001184,
            0.001779
          ],
          [
            -0.000265,
            0.000883,
            0.002355
          ],
          [
            0.000209,
            0.000362,
            0.002261
          ],
          [
            -0.000528,
            0.001189,
            0.000439
          ],
          [
            0.001484,
            0.003871,
            0.001443
          ],
          [
            0.000165,
            -0.000408,
            0.000523
          ],
          [
            -0.001389,
            -0.001606,
            0.003623
          ],
          [
            0.00092,
            -0.003131,
            0.002338
          ],
          [
            0.000872,
            -0.000975,
            0.000937
          ],
          [
            -0.000111,
            -0.000958,
            -7.9e-05
          ],
          [
            -0.000125,
            0.001194,
            -5.6e-05
          ],
          [
            -0.002441,
            -0.001565,
            0.001489
          ],
          [
            0.000453,
            0.001371,
            -0.001449
          ],
          [
            -0.000512,
            0.001672,
            -0.005007
          ],
          [
            -0.000305,
            0.000832,
            -0.002797
          ],
          [
            -0.0009,
            0.001181,
            -0.001773
          ],
          [
            0.002319,
            -0.001212,
            0.001785
          ],
          [
            -0.001369,
            -0.002097,
            -0.000133
          ],
          [
            -0.000751,
            -0.000429,
            -0.000282
          ],
          [
            0.001803,
            0.000439,
            -0.004127
          ],
          [
            -0.001099,
            0.000296,
            -0.00607
          ],
          [
            0.000968,
            0.003123,
            -0.001869
          ],
          [
            0.000822,
            0.001402,
            -0.001602
          ],
          [
            0.001133,
            -0.002677,
            -8.7e-05
          ],
          [
            0.000528,
            -0.002617,
            0.001479
          ],
          [
            -0.002362,
            -0.000602,
            0.001335
          ],
          [
            0.001797,
            0.000377,
            -0.003805
          ],
          [
            0.002599,
            0.000373,
            -0.001848
          ],
          [
            0.000162,
            -0.000448,
            -0.000186
          ],
          [
            0.000961,
            0.00201,
            0.000944
          ],
          [
            -0.041062,
            0.063817,
            0.037885
          ],
          [
            -0.003472,
            -0.008551,
            -0.020393
          ],
          [
            -0.0056,
            0.00305,
            0.022336
          ],
          [
            0.019067,
            -0.067034,
            0.002407
          ],
          [
            -0.001389,
            0.004876,
            0.001677
          ],
          [
            -0.020004,
            0.011233,
            0.006726
          ],
          [
            0.004814,
            0.007202,
            0.007676
          ],
          [
            -0.008628,
            -0.003044,
            0.000713
          ],
          [
            0.050248,
            -0.036872,
            -0.013107
          ],
          [
            -0.025028,
            -0.025846,
            -0.010163
          ],
          [
            -0.023542,
            0.041154,
            -0.001009
          ],
          [
            -0.007275,
            0.055168,
            -0.008631
          ],
          [
            -0.009232,
            -0.00324,
            0.004866
          ],
          [
            -0.00324,
            -0.001164,
            0.01207
          ],
          [
            -0.009714,
            0.000507,
            -0.005987
          ],
          [
            -0.008395,
            0.001093,
            -0.005797
          ],
          [
            -0.004429,
            -0.006864,
            -0.020612
          ],
          [
            0.012344,
            -0.034383,
            -0.001725
          ],
          [
            -0.006416,
            -0.000358,
            -0.002414
          ],
          [
            -0.002291,
            0.001964,
            -0.00102
          ],
          [
            -0.001646,
            -0.00456,
            0.002476
          ],
          [
            -0.000122,
            -0.000977,
            -0.002866
          ],
          [
            0.012142,
            -0.005717,
            -0.003024
          ],
          [
            -0.00484,
            -0.006993,
            -0.001386
          ],
          [
            -0.006256,
            -0.008408,
            -0.005339
          ],
          [
            -0.001341,
            0.001169,
            -0.006437
          ],
          [
            -0.002407,
            -0.008879,
            -0.004953
          ],
          [
            -0.007137,
            -0.005012,
            -0.00132
          ]
        ],
        "Lattice": [
          [
            8.440733888,
            0.0,
            0.0
          ],
          [
            9.847522711,
            17.056409664,
            0.0
          ],
          [
            0.0,
            0.0,
            21.483230926
          ]
        ],
        "NumAtoms": 112,
        "Positions": [
          [
            0.00042,
            0.00024,
            0.0
          ],
          [
            1.40721,
            2.43687,
            0.0
          ],
          [
            2.814,
            4.8735,
            0.0
          ],
          [
            4.22079,
            7.31013,
            0.0
          ],
          [
            5.62758,
            9.74676,
            0.0
          ],
          [
            7.03437,
            12.18339,
            0.0
          ],
          [
            8.44116,
            14.62002,
            0.0
          ],
          [
            2.814,
            0.00024,
            0.0
          ],
          [
            4.22079,
            2.43687,
            0.0
          ],
          [
            5.62758,
            4.8735,
            0.0
          ],
          [
            7.03437,
            7.31013,
            0.0
          ],
          [
            8.44116,
            9.74676,
            0.0
          ],
          [
            9.84794,
            12.18339,
            0.0
          ],
          [
            11.25473,
            14.62002,
            0.0
          ],
          [
            5.62758,
            0.00024,
            0.0
          ],
          [
            7.03437,
            2.43687,
            0.0
          ],
          [
            8.44116,
            4.8735,
            0.0
          ],
          [
            9.84794,
            7.31013,
            0.0
          ],
          [
            11.25473,
            9.74676,
            0.0
          ],
          [
            12.66152,
            12.18339,
            0.0
          ],
          [
            14.06831,
            14.62002,
            0.0
          ],
          [
            2.81425,
            1.62481,
            2.2975
          ],
          [
            4.22104,
            4.06144,
            2.2975
          ],
          [
            5.62783,
            6.49807,
            2.2975
          ],
          [
            7.03462,
            8.9347,
            2.2975
          ],
          [
            8.44141,
            11.37133,
            2.2975
          ],
          [
            9.8482,
            13.80796,
            2.2975
          ],
          [
            11.25498,
            16.24459,
            2.2975
          ],
          [
            5.62783,
            1.62481,
            2.2975
          ],
          [
            7.03462,
            4.06144,
            2.2975
          ],
          [
            8.44141,
            6.49807,
            2.2975
          ],
          [
            9.8482,
            8.9347,
            2.2975
          ],
          [
            11.25498,
            11.37133,
            2.2975
          ],
          [
            12.66177,
            13.80796,
            2.2975
          ],
          [
            14.06856,
            16.24459,
            2.2975
          ],
          [
            8.44141,
            1.62481,
            2.2975
          ],
          [
            9.8482,
            4.06144,
            2.2975
          ],
          [
            11.25498,
            6.49807,
            2.2975
          ],
          [
            12.66177,
            8.9347,
            2.2975
          ],
          [
            14.06856,
            11.37133,
            2.2975
          ],
          [
            15.47535,
            13.80796,
            2.2975
          ],
          [
            16.88214,
            16.24459,
            2.2975
          ],
          [
            1.4191,
            0.82191,
            4.56482
          ],
          [
            2.82491,
            3.26045,
            4.5657
          ],
          [
            4.22908,
            5.69726,
            4.56341
          ],
          [
            5.63718,
            8.12906,
            4.5631
          ],
          [
            7.04668,
            10.56585,
            4.56042
          ],
          [
            8.45595,
            13.00421,
            4.55935
          ],
          [
            9.86338,
            15.44255,
            4.56294
          ],
          [
            4.23005,
            0.82104,
            4.5669
          ],
          [
            5.63671,
            3.25436,
            4.56173
          ],
          [
            7.04566,
            5.6919,
            4.56141
          ],
          [
            8.4559,
            8.13253,
            4.56215
          ],
          [
            9.86131,
            10.56903,
            4.5677
          ],
          [
            11.26776,
            13.00816,
            4.56543
          ],
          [
            12.67264,
            15.44316,
            4.56626
          ],
          [
            7.04557,
            0.8177,
            4.56335
          ],
          [
            8.45195,
            3.25678,
            4.56455
          ],
          [
            9.85954,
            5.69624,
            4.56425
          ],
          [
            11.26756,
            8.13428,
            4.56813
          ],
          [
            12.67093,
            10.57104,
            4.56426
          ],
          [
            14.07972,
            13.00535,
            4.56488
          ],
          [
            15.48536,
            15.44048,
            4.56325
          ],
          [
            0.02529,
            0.01767,
            6.87321
          ],
          [
            1.43328,
            2.45042,
            6.86923
          ],
          [
            2.83942,
            4.89096,
            6.87607
          ],
          [
            4.24457,
            7.32796,
            6.88072
          ],
          [
            5.65107,
            9.76362,
            6.86162
          ],
          [
            7.06866,
            12.19982,
            6.85776
          ],
          [
            8.47107,
            14.64242,
            6.8595
          ],
          [
            2.83557,
            0.01727,
            6.87725
          ],
          [
            4.24037,
            2.45177,
            6.87532
          ],
          [
            5.6434,
            4.88674,
            6.85789
          ],
          [
            7.06212,
            7.33304,
            6.85807
          ],
          [
            8.47009,
            9.76617,
            6.87372
          ],
          [
            9.87995,
            12.20037,
            6.87201
          ],
          [
            11.28019,
            14.6369,
            6.87702
          ],
          [
            5.64897,
            0.0174,
            6.8713
          ],
          [
            7.0538,
            2.44935,
            6.8659
          ],
          [
            8.47389,
            4.89572,
            6.86575
          ],
          [
            9.87687,
            7.33222,
            6.87451
          ],
          [
            11.28216,
            9.76415,
            6.87966
          ],
          [
            12.68715,
            12.2011,
            6.87416
          ],
          [
            14.09133,
            14.64104,
            6.87106
          ],
          [
            5.99563,
            10.51866,
            10.27576
          ],
          [
            14.298,
            12.0116,
            10.41334
          ],
          [
            15.60562,
            12.77963,
            10.26436
          ],
          [
            6.2975,
            6.72055,
            10.20232
          ],
          [
            6.43299,
            5.22132,
            10.27621
          ],
          [
            7.84542,
            4.6493,
            10.21661
          ],
          [
            7.8533,
            3.12893,
            10.32722
          ],
          [
            15.41675,
            14.28927,
            10.37228
          ],
          [
            7.0949,
            9.96113,
            10.10944
          ],
          [
            13.29077,
            9.86528,
            10.35378
          ],
          [
            5.18421,
            7.26877,
            10.26723
          ],
          [
            7.43228,
            7.38499,
            10.05864
          ],
          [
            4.98817,
            8.84601,
            10.28696
          ],
          [
            13.81832,
            12.21122,
            11.3895
          ],
          [
            13.55718,
            12.34113,
            9.65578
          ],
          [
            7.89714,
            12.4214,
            11.00876
          ],
          [
            7.61326,
            12.53054,
            9.27678
          ],
          [
            7.27422,
            8.41009,
            10.05218
          ],
          [
            5.81711,
            4.81612,
            9.44084
          ],
          [
            5.907,
            4.89822,
            11.19371
          ],
          [
            8.47449,
            5.10372,
            11.00089
          ],
          [
            8.31856,
            4.95583,
            9.25217
          ],
          [
            8.87279,
            2.72315,
            10.23354
          ],
          [
            7.43624,
            2.79301,
            11.2917
          ],
          [
            7.24171,
            2.67078,
            9.52358
          ],
          [
            16.36879,
            14.8236,
            10.21967
          ],
          [
            15.01826,
            14.5795,
            11.3596
          ],
          [
            14.70686,
            14.65779,
            9.60611
          ]
        ],
        "Stress": [
          [
            -50.44875,
            0.61602,
            -0.18419
          ],
          [
            0.61602,
            -50.01621,
            0.00646
          ],
          [
            -0.18419,
            0.00646,
            -2.25542
          ]
        ],
        "computation_code": "VASP",
        "pseudopotential_information": [
          [
            "PAW_PBE",
            "Pt",
            "04Feb2005"
          ],
          [
            "PAW_PBE",
            "C",
            "08Apr2002"
          ],
          [
            "PAW_PBE",
            "O",
            "08Apr2002"
          ],
          [
            "PAW_PBE",
            "H",
            "15Jun2001"
          ]
        ]
      }
    ],
    "EnergyStyle": "electronvolt",
    "ForcesStyle": "electronvoltperangstrom",
    "LatticeStyle": "angstrom",
    "PositionsStyle": "angstrom",
    "StressStyle": "kB"
  }
}