{
  "Dataset": {
    "AtomTypeStyle": "chemicalsymbol",
    "Data": [
      {
        "AtomTypes": [
          "Pt",
          "Pt",
          "Pt",
          "Pt",
          "Pt",
          "Pt",
          "Pt",
          "Pt",
          "Pt",
          "Pt",
          "Pt",
          "Pt",
          "Pt",
          "Pt",
          "Pt",
          "Pt",
          "Pt",
          "Pt",
          "Pt",
          "Pt",
          "Pt",
          "Pt",
          "Pt",
          "Pt",
          "Pt",
          "Pt",
          "Pt",
          "Pt",
          "Pt",
          "Pt",
          "Pt",
          "Pt",
          "Pt",
          "Pt",
          "Pt",
          "Pt",
          "Pt",
          "Pt",
          "Pt",
          "Pt",
          "Pt",
          "Pt",
          "Pt",
          "Pt",
          "Pt",
          "Pt",
          "Pt",
          "Pt",
          "Pt",
          "Pt",
          "Pt",
          "Pt",
          "Pt",
          "Pt",
          "Pt",
          "Pt",
          "Pt",
          "Pt",
          "Pt",
          "Pt",
          "Pt",
          "Pt",
          "Pt",
          "Pt",
          "Pt",
          "Pt",
          "Pt",
          "Pt",
          "Pt",
          "Pt",
          "Pt",
          "Pt",
          "Pt",
          "Pt",
          "Pt",
          "Pt",
          "Pt",
          "Pt",
          "Pt",
          "Pt",
          "Pt",
          "Pt",
          "Pt",
          "Pt",
          "C",
          "C",
          "C",
          "C",
          "C",
          "C",
          "C",
          "C",
          "O",
          "O",
          "O",
          "O",
          "H",
          "H",
          "H",
          "H",
          "H",
          "H",
          "H",
          "H",
          "H",
          "H",
          "H",
          "H",
          "H",
          "H",
          "H",
          "H"
        ],
        "Energy": -405.42682649,
        "Forces": [
          [
            -0.007942,
            -0.004153,
            -0.035864
          ],
          [
            -0.005336,
            -0.004267,
            -0.031517
          ],
          [
            -0.003818,
            -0.004691,
            -0.039404
          ],
          [
            -0.010178,
            0.000501,
            -0.041909
          ],
          [
            -0.014427,
            -0.010286,
            -0.034821
          ],
          [
            -0.012196,
            -0.007495,
            -0.033224
          ],
          [
            -0.012819,
            -0.001257,
            -0.032038
          ],
          [
            -0.009528,
            -0.003467,
            -0.030171
          ],
          [
            -0.009116,
            -0.003482,
            -0.033113
          ],
          [
            -0.012438,
            -0.000267,
            -0.032258
          ],
          [
            -0.004144,
            0.000478,
            -0.031894
          ],
          [
            -0.00811,
            -0.00261,
            -0.035385
          ],
          [
            -0.01063,
            -0.011836,
            -0.026678
          ],
          [
            -0.008977,
            -0.004971,
            -0.02989
          ],
          [
            -0.009662,
            -0.007478,
            -0.029551
          ],
          [
            -0.004695,
            -0.005521,
            -0.031809
          ],
          [
            -0.001771,
            -0.002442,
            -0.033983
          ],
          [
            -0.007539,
            -0.00797,
            -0.037167
          ],
          [
            -0.005743,
            -0.009409,
            -0.038569
          ],
          [
            -0.007909,
            -0.0087,
            -0.035203
          ],
          [
            -0.011801,
            -0.008662,
            -0.029757
          ],
          [
            0.021514,
            0.007932,
            0.047661
          ],
          [
            0.012233,
            0.001244,
            0.051168
          ],
          [
            0.007848,
            -0.004231,
            0.022037
          ],
          [
            0.01149,
            -0.003974,
            0.016973
          ],
          [
            0.022008,
            0.003215,
            0.016414
          ],
          [
            0.018614,
            0.016561,
            0.020034
          ],
          [
            0.01491,
            0.009845,
            0.047761
          ],
          [
            0.012718,
            -0.001843,
            0.042486
          ],
          [
            0.013528,
            0.001477,
            0.034479
          ],
          [
            0.013219,
            0.004975,
            0.025449
          ],
          [
            0.022587,
            0.004747,
            0.038717
          ],
          [
            0.005826,
            0.008808,
            0.049051
          ],
          [
            0.015857,
            0.01159,
            0.055343
          ],
          [
            0.013062,
            0.017242,
            0.052873
          ],
          [
            0.002369,
            0.001066,
            0.045374
          ],
          [
            0.010463,
            0.003993,
            0.036042
          ],
          [
            0.009759,
            0.008752,
            0.047341
          ],
          [
            0.015784,
            -0.002572,
            0.050641
          ],
          [
            0.009132,
            0.015159,
            0.016669
          ],
          [
            0.00829,
            0.017302,
            0.016177
          ],
          [
            0.011864,
            0.012404,
            0.031258
          ],
          [
            0.001029,
            -0.00053,
            -0.000915
          ],
          [
            0.003147,
            0.00656,
            2.7e-05
          ],
          [
            0.00117,
            0.003608,
            0.001392
          ],
          [
            -0.000605,
            0.003388,
            0.00737
          ],
          [
            -0.001943,
            -0.001704,
            0.009039
          ],
          [
            0.000578,
            -0.001928,
            0.004885
          ],
          [
            -0.001901,
            -0.001699,
            -0.001359
          ],
          [
            -0.000129,
            -0.001736,
            -0.003805
          ],
          [
            -0.000119,
            -0.001732,
            -0.004611
          ],
          [
            0.001835,
            0.000357,
            0.003273
          ],
          [
            -0.000951,
            0.001485,
            0.006763
          ],
          [
            0.002457,
            0.004479,
            0.010231
          ],
          [
            0.00155,
            -0.00034,
            0.000273
          ],
          [
            0.001146,
            -9.4e-05,
            -0.003728
          ],
          [
            -0.001563,
            -0.004785,
            -0.005886
          ],
          [
            0.0041,
            -0.000243,
            0.000699
          ],
          [
            0.002696,
            0.005508,
            0.004956
          ],
          [
            0.000172,
            0.004786,
            0.00977
          ],
          [
            0.000677,
            -0.000859,
            0.011318
          ],
          [
            0.002394,
            -0.005844,
            -0.000573
          ],
          [
            -7e-06,
            -0.00403,
            0.001403
          ],
          [
            0.000443,
            0.000342,
            -0.005583
          ],
          [
            0.001845,
            -0.003461,
            0.000691
          ],
          [
            0.005302,
            0.00242,
            -0.002159
          ],
          [
            -0.002474,
            0.001741,
            -0.004082
          ],
          [
            -0.004817,
            0.007003,
            -0.002993
          ],
          [
            0.004203,
            0.005953,
            -0.00346
          ],
          [
            -0.000168,
            0.002816,
            -0.00576
          ],
          [
            0.00179,
            -8.2e-05,
            0.002787
          ],
          [
            -0.000291,
            -0.002457,
            -0.006808
          ],
          [
            0.000938,
            -0.004326,
            -0.00692
          ],
          [
            -0.002041,
            -0.003366,
            -0.00283
          ],
          [
            -0.002051,
            -0.000845,
            -0.008727
          ],
          [
            -0.000718,
            0.001345,
            -0.006791
          ],
          [
            -0.001131,
            0.003502,
            -0.004129
          ],
          [
            -0.001858,
            -0.004592,
            0.000164
          ],
          [
            -0.001059,
            -0.008402,
            -0.006342
          ],
          [
            0.000237,
            -0.005634,
            -0.000297
          ],
          [
            -0.002773,
            -0.00191,
            -0.003064
          ],
          [
            -0.000134,
            0.001969,
            -0.00162
          ],
          [
            -0.002112,
            0.005642,
            -0.00721
          ],
          [
            -0.002352,
            -0.000812,
            -0.01306
          ],
          [
            -0.117079,
            0.04422,
            0.034378
          ],
          [
            -0.004348,
            -0.011518,
            -0.018064
          ],
          [
            -0.025047,
            -0.032775,
            0.042853
          ],
          [
            0.092055,
            -0.009961,
            0.003941
          ],
          [
            -0.031222,
            -0.062045,
            0.008741
          ],
          [
            -0.049841,
            0.06619,
            -0.004355
          ],
          [
            -0.051421,
            0.018181,
            -0.003436
          ],
          [
            -0.051319,
            0.00728,
            -0.028759
          ],
          [
            -0.006671,
            -0.013126,
            -0.017432
          ],
          [
            0.106412,
            0.048734,
            -0.02284
          ],
          [
            -0.032254,
            -0.006105,
            -0.003697
          ],
          [
            -0.051318,
            -0.021737,
            0.010351
          ],
          [
            0.003307,
            -0.04388,
            -0.000176
          ],
          [
            0.014089,
            0.000767,
            0.004762
          ],
          [
            -0.002022,
            0.015164,
            0.005535
          ],
          [
            0.003524,
            0.002169,
            0.005996
          ],
          [
            0.007921,
            -0.000795,
            -0.049636
          ],
          [
            0.00962,
            -0.013365,
            0.003396
          ],
          [
            0.019866,
            0.005103,
            0.030574
          ],
          [
            0.020044,
            0.004734,
            -0.038497
          ],
          [
            0.01736,
            -0.001797,
            -0.004403
          ],
          [
            0.005295,
            -4.1e-05,
            -0.003045
          ],
          [
            0.05038,
            -0.031437,
            -0.007781
          ],
          [
            -0.016862,
            -0.005091,
            0.039002
          ],
          [
            -0.024113,
            -0.006351,
            -0.034135
          ],
          [
            -0.000649,
            0.015396,
            -0.005234
          ],
          [
            0.005049,
            0.006221,
            0.032826
          ],
          [
            0.008434,
            -0.001334,
            -0.002938
          ]
        ],
        "Lattice": [
          [
            8.440733888,
            0.0,
            0.0
          ],
          [
            9.847522711,
            17.056409664,
            0.0
          ],
          [
            0.0,
            0.0,
            21.483230926
          ]
        ],
        "NumAtoms": 112,
        "Positions": [
          [
            0.00042,
            0.00024,
            0.0
          ],
          [
            1.40721,
            2.43687,
            0.0
          ],
          [
            2.814,
            4.8735,
            0.0
          ],
          [
            4.22079,
            7.31013,
            0.0
          ],
          [
            5.62758,
            9.74676,
            0.0
          ],
          [
            7.03437,
            12.18339,
            0.0
          ],
          [
            8.44116,
            14.62002,
            0.0
          ],
          [
            2.814,
            0.00024,
            0.0
          ],
          [
            4.22079,
            2.43687,
            0.0
          ],
          [
            5.62758,
            4.8735,
            0.0
          ],
          [
            7.03437,
            7.31013,
            0.0
          ],
          [
            8.44116,
            9.74676,
            0.0
          ],
          [
            9.84794,
            12.18339,
            0.0
          ],
          [
            11.25473,
            14.62002,
            0.0
          ],
          [
            5.62758,
            0.00024,
            0.0
          ],
          [
            7.03437,
            2.43687,
            0.0
          ],
          [
            8.44116,
            4.8735,
            0.0
          ],
          [
            9.84794,
            7.31013,
            0.0
          ],
          [
            11.25473,
            9.74676,
            0.0
          ],
          [
            12.66152,
            12.18339,
            0.0
          ],
          [
            14.06831,
            14.62002,
            0.0
          ],
          [
            2.81425,
            1.62481,
            2.2975
          ],
          [
            4.22104,
            4.06144,
            2.2975
          ],
          [
            5.62783,
            6.49807,
            2.2975
          ],
          [
            7.03462,
            8.9347,
            2.2975
          ],
          [
            8.44141,
            11.37133,
            2.2975
          ],
          [
            9.8482,
            13.80796,
            2.2975
          ],
          [
            11.25498,
            16.24459,
            2.2975
          ],
          [
            5.62783,
            1.62481,
            2.2975
          ],
          [
            7.03462,
            4.06144,
            2.2975
          ],
          [
            8.44141,
            6.49807,
            2.2975
          ],
          [
            9.8482,
            8.9347,
            2.2975
          ],
          [
            11.25498,
            11.37133,
            2.2975
          ],
          [
            12.66177,
            13.80796,
            2.2975
          ],
          [
            14.06856,
            16.24459,
            2.2975
          ],
          [
            8.44141,
            1.62481,
            2.2975
          ],
          [
            9.8482,
            4.06144,
            2.2975
          ],
          [
            11.25498,
            6.49807,
            2.2975
          ],
          [
            12.66177,
            8.9347,
            2.2975
          ],
          [
            14.06856,
            11.37133,
            2.2975
          ],
          [
            15.47535,
            13.80796,
            2.2975
          ],
          [
            16.88214,
            16.24459,
            2.2975
          ],
          [
            1.41989,
            0.82153,
            4.56627
          ],
          [
            2.82573,
            3.25789,
            4.56702
          ],
          [
            4.23022,
            5.6945,
            4.5652
          ],
          [
            5.63836,
            8.12645,
            4.56214
          ],
          [
            7.04806,
            10.56443,
            4.55719
          ],
          [
            8.45816,
            13.00551,
            4.55835
          ],
          [
            9.86491,
            15.44384,
            4.56451
          ],
          [
            4.23191,
            0.82188,
            4.56853
          ],
          [
            5.638,
            3.2544,
            4.56515
          ],
          [
            7.04615,
            5.69039,
            4.56259
          ],
          [
            8.45731,
            8.13028,
            4.56103
          ],
          [
            9.86268,
            10.56797,
            4.56582
          ],
          [
            11.26836,
            13.00853,
            4.56642
          ],
          [
            12.67425,
            15.44394,
            4.56859
          ],
          [
            7.04692,
            0.81933,
            4.56652
          ],
          [
            8.45193,
            3.25571,
            4.56565
          ],
          [
            9.86089,
            5.69349,
            4.56368
          ],
          [
            11.26929,
            8.13213,
            4.56635
          ],
          [
            12.67198,
            10.57116,
            4.56232
          ],
          [
            14.07967,
            13.00753,
            4.56412
          ],
          [
            15.48674,
            15.44196,
            4.56439
          ],
          [
            0.02819,
            0.017,
            6.87591
          ],
          [
            1.43525,
            2.45032,
            6.87116
          ],
          [
            2.84161,
            4.88857,
            6.87813
          ],
          [
            4.24784,
            7.32609,
            6.88084
          ],
          [
            5.65436,
            9.76162,
            6.85806
          ],
          [
            7.07031,
            12.19806,
            6.8503
          ],
          [
            8.47367,
            14.64028,
            6.86097
          ],
          [
            2.8393,
            0.01646,
            6.87806
          ],
          [
            4.24364,
            2.4514,
            6.87929
          ],
          [
            5.64621,
            4.88598,
            6.86394
          ],
          [
            7.06692,
            7.33277,
            6.85744
          ],
          [
            8.47361,
            9.76735,
            6.87116
          ],
          [
            9.88205,
            12.19997,
            6.87271
          ],
          [
            11.28421,
            14.63548,
            6.87799
          ],
          [
            5.65298,
            0.01809,
            6.87329
          ],
          [
            7.05789,
            2.45139,
            6.87295
          ],
          [
            8.47703,
            4.89534,
            6.86651
          ],
          [
            9.88206,
            7.33107,
            6.87249
          ],
          [
            11.28571,
            9.76307,
            6.87745
          ],
          [
            12.69104,
            12.19935,
            6.87441
          ],
          [
            14.09663,
            14.63947,
            6.87549
          ],
          [
            6.06127,
            10.54463,
            10.26257
          ],
          [
            14.38899,
            12.04003,
            10.38265
          ],
          [
            15.72666,
            12.7719,
            10.33468
          ],
          [
            6.33705,
            6.74944,
            10.18452
          ],
          [
            6.48246,
            5.25207,
            10.2732
          ],
          [
            7.90675,
            4.70111,
            10.24206
          ],
          [
            7.96054,
            3.18395,
            10.37229
          ],
          [
            15.57205,
            14.28669,
            10.40641
          ],
          [
            7.149,
            9.97162,
            10.071
          ],
          [
            13.3459,
            9.90786,
            10.37038
          ],
          [
            5.23181,
            7.30425,
            10.29865
          ],
          [
            7.46515,
            7.41122,
            9.96763
          ],
          [
            5.02998,
            8.88957,
            10.3056
          ],
          [
            13.82491,
            12.26476,
            11.30643
          ],
          [
            13.72685,
            12.37272,
            9.55432
          ],
          [
            7.93355,
            12.40833,
            11.15132
          ],
          [
            7.81229,
            12.49095,
            9.40089
          ],
          [
            7.30892,
            8.43702,
            9.97733
          ],
          [
            5.88673,
            4.83582,
            9.42554
          ],
          [
            5.94065,
            4.93041,
            11.18301
          ],
          [
            8.50864,
            5.18066,
            11.03274
          ],
          [
            8.38806,
            5.00875,
            9.28319
          ],
          [
            8.99573,
            2.81781,
            10.30766
          ],
          [
            7.53505,
            2.84293,
            11.32986
          ],
          [
            7.38683,
            2.69241,
            9.5624
          ],
          [
            16.54899,
            14.79164,
            10.33972
          ],
          [
            15.08568,
            14.60172,
            11.34427
          ],
          [
            14.94716,
            14.66164,
            9.57206
          ]
        ],
        "Stress": [
          [
            -50.73989,
            0.60559,
            -0.20813
          ],
          [
            0.60559,
            -49.96975,
            0.01934
          ],
          [
            -0.20813,
            0.01934,
            -2.35311
          ]
        ],
        "computation_code": "VASP",
        "pseudopotential_information": [
          [
            "PAW_PBE",
            "Pt",
            "04Feb2005"
          ],
          [
            "PAW_PBE",
            "C",
            "08Apr2002"
          ],
          [
            "PAW_PBE",
            "O",
            "08Apr2002"
          ],
          [
            "PAW_PBE",
            "H",
            "15Jun2001"
          ]
        ]
      }
    ],
    "EnergyStyle": "electronvolt",
    "ForcesStyle": "electronvoltperangstrom",
    "LatticeStyle": "angstrom",
    "PositionsStyle": "angstrom",
    "StressStyle": "kB"
  }
}