{
  "Dataset": {
    "AtomTypeStyle": "chemicalsymbol",
    "Data": [
      {
        "AtomTypes": [
          "Pt",
          "Pt",
          "Pt",
          "Pt",
          "Pt",
          "Pt",
          "Pt",
          "Pt",
          "Pt",
          "Pt",
          "Pt",
          "Pt",
          "Pt",
          "Pt",
          "Pt",
          "Pt",
          "Pt",
          "Pt",
          "Pt",
          "Pt",
          "Pt",
          "Pt",
          "Pt",
          "Pt",
          "Pt",
          "Pt",
          "Pt",
          "Pt",
          "Pt",
          "Pt",
          "Pt",
          "Pt",
          "Pt",
          "Pt",
          "Pt",
          "Pt",
          "Pt",
          "Pt",
          "Pt",
          "Pt",
          "Pt",
          "Pt",
          "Pt",
          "Pt",
          "Pt",
          "Pt",
          "Pt",
          "Pt",
          "Pt",
          "Pt",
          "Pt",
          "Pt",
          "Pt",
          "Pt",
          "Pt",
          "Pt",
          "Pt",
          "Pt",
          "Pt",
          "Pt",
          "Pt",
          "Pt",
          "Pt",
          "Pt",
          "Pt",
          "Pt",
          "Pt",
          "Pt",
          "Pt",
          "Pt",
          "Pt",
          "Pt",
          "Pt",
          "Pt",
          "Pt",
          "Pt",
          "Pt",
          "Pt",
          "Pt",
          "Pt",
          "Pt",
          "Pt",
          "Pt",
          "Pt",
          "C",
          "C",
          "C",
          "C",
          "C",
          "C",
          "C",
          "C",
          "O",
          "O",
          "O",
          "O",
          "H",
          "H",
          "H",
          "H",
          "H",
          "H",
          "H",
          "H",
          "H",
          "H",
          "H",
          "H",
          "H",
          "H",
          "H",
          "H"
        ],
        "Energy": -405.31300731,
        "Forces": [
          [
            0.000576,
            -0.000472,
            -0.033647
          ],
          [
            0.001036,
            0.000775,
            -0.032875
          ],
          [
            0.001585,
            0.000863,
            -0.036277
          ],
          [
            -0.003514,
            0.002573,
            -0.033977
          ],
          [
            -0.007536,
            -0.004886,
            -0.033138
          ],
          [
            -0.004154,
            -0.001636,
            -0.035146
          ],
          [
            -0.003844,
            0.002546,
            -0.030761
          ],
          [
            -0.003105,
            0.00183,
            -0.029511
          ],
          [
            -0.002215,
            0.002617,
            -0.034433
          ],
          [
            -0.006188,
            0.004323,
            -0.027907
          ],
          [
            0.001946,
            0.001191,
            -0.024593
          ],
          [
            -0.000499,
            8.6e-05,
            -0.036342
          ],
          [
            -0.00262,
            -0.005078,
            -0.029052
          ],
          [
            -0.001496,
            -0.000196,
            -0.026787
          ],
          [
            -0.002383,
            -0.004575,
            -0.029934
          ],
          [
            0.001537,
            0.000207,
            -0.034296
          ],
          [
            0.003883,
            0.001083,
            -0.031375
          ],
          [
            -0.00231,
            -0.005878,
            -0.034049
          ],
          [
            0.001403,
            -0.002821,
            -0.036029
          ],
          [
            -0.000486,
            -0.001129,
            -0.037109
          ],
          [
            -0.004796,
            -0.003317,
            -0.027297
          ],
          [
            0.006123,
            -0.000265,
            0.087146
          ],
          [
            -0.000349,
            -0.001341,
            0.091614
          ],
          [
            -0.002585,
            -0.009639,
            0.071797
          ],
          [
            -0.001191,
            -0.00785,
            0.065941
          ],
          [
            0.005811,
            -0.009371,
            0.065216
          ],
          [
            -0.000435,
            0.002878,
            0.064166
          ],
          [
            -0.003085,
            -0.000853,
            0.089899
          ],
          [
            -0.002657,
            -0.005591,
            0.081241
          ],
          [
            0.00346,
            0.001457,
            0.080901
          ],
          [
            0.001279,
            0.003286,
            0.076445
          ],
          [
            0.007045,
            -0.004691,
            0.086861
          ],
          [
            -0.007846,
            -0.007933,
            0.093186
          ],
          [
            0.00239,
            -0.004804,
            0.089065
          ],
          [
            -2.5e-05,
            0.006576,
            0.088923
          ],
          [
            -0.007828,
            -0.001769,
            0.090588
          ],
          [
            -0.001086,
            0.000915,
            0.079519
          ],
          [
            -0.001039,
            0.000174,
            0.087896
          ],
          [
            0.003642,
            -0.013278,
            0.089877
          ],
          [
            -0.004892,
            8.3e-05,
            0.059545
          ],
          [
            -0.005987,
            0.005258,
            0.056447
          ],
          [
            -0.003757,
            0.001926,
            0.071393
          ],
          [
            0.002422,
            0.003537,
            -0.016216
          ],
          [
            0.002589,
            0.006045,
            -0.016167
          ],
          [
            -0.000904,
            0.001115,
            -0.01933
          ],
          [
            -0.005294,
            -0.007318,
            -0.028295
          ],
          [
            0.00349,
            -0.008234,
            -0.032184
          ],
          [
            0.010808,
            0.005706,
            -0.030364
          ],
          [
            0.008734,
            0.008285,
            -0.016904
          ],
          [
            -0.001577,
            0.002331,
            -0.013027
          ],
          [
            -0.002032,
            -0.007721,
            -0.019841
          ],
          [
            0.004395,
            -0.005652,
            -0.03198
          ],
          [
            0.008854,
            -0.002285,
            -0.022515
          ],
          [
            0.004266,
            0.006121,
            -0.013685
          ],
          [
            0.002651,
            0.009777,
            -0.017337
          ],
          [
            -0.001326,
            0.007955,
            -0.017081
          ],
          [
            0.00267,
            -0.002569,
            -0.013983
          ],
          [
            0.003417,
            -0.003721,
            -0.022926
          ],
          [
            0.008035,
            0.004202,
            -0.022566
          ],
          [
            0.004799,
            0.007174,
            -0.013575
          ],
          [
            -0.003044,
            0.00652,
            -0.021497
          ],
          [
            -0.001421,
            0.005279,
            -0.028825
          ],
          [
            -0.000397,
            0.002439,
            -0.02261
          ],
          [
            0.004973,
            0.003288,
            -0.026049
          ],
          [
            0.004319,
            0.002207,
            -0.030755
          ],
          [
            0.005581,
            0.002001,
            -0.03159
          ],
          [
            0.004919,
            -0.003276,
            -0.02448
          ],
          [
            0.005216,
            0.005492,
            -0.041824
          ],
          [
            0.006232,
            0.008268,
            -0.052726
          ],
          [
            0.004388,
            0.003975,
            -0.035165
          ],
          [
            0.00204,
            -0.001787,
            -0.020899
          ],
          [
            0.002914,
            2.5e-05,
            -0.026738
          ],
          [
            0.008937,
            0.002441,
            -0.041736
          ],
          [
            0.001126,
            -0.000767,
            -0.041434
          ],
          [
            0.003006,
            0.003205,
            -0.026359
          ],
          [
            0.010185,
            0.007006,
            -0.032607
          ],
          [
            0.008771,
            0.002757,
            -0.026298
          ],
          [
            0.003317,
            0.003093,
            -0.026418
          ],
          [
            0.004136,
            0.004689,
            -0.032213
          ],
          [
            0.005312,
            0.00121,
            -0.040582
          ],
          [
            0.007955,
            0.003644,
            -0.026323
          ],
          [
            0.004732,
            0.002102,
            -0.020899
          ],
          [
            0.006861,
            0.004415,
            -0.034287
          ],
          [
            0.004036,
            0.004296,
            -0.035847
          ],
          [
            0.350778,
            -0.102068,
            -0.080315
          ],
          [
            -0.183775,
            -0.077445,
            0.02494
          ],
          [
            0.058246,
            0.042599,
            0.089138
          ],
          [
            -0.132898,
            -0.034463,
            0.012263
          ],
          [
            0.088229,
            0.03061,
            -0.012862
          ],
          [
            -0.021145,
            -0.105017,
            0.005008
          ],
          [
            0.022523,
            -0.030612,
            -0.004191
          ],
          [
            0.025826,
            -0.178734,
            -0.088699
          ],
          [
            -0.18396,
            0.262818,
            0.076409
          ],
          [
            -0.116728,
            0.033475,
            0.022502
          ],
          [
            0.101293,
            -0.036813,
            0.004753
          ],
          [
            0.032026,
            0.023976,
            -0.011193
          ],
          [
            0.015097,
            0.213672,
            0.005079
          ],
          [
            0.07614,
            0.121703,
            0.074408
          ],
          [
            0.019334,
            0.148426,
            -0.040459
          ],
          [
            0.07092,
            -0.104269,
            0.03492
          ],
          [
            0.117691,
            -0.147518,
            -0.120818
          ],
          [
            -0.01887,
            0.063472,
            -0.000228
          ],
          [
            -0.04726,
            0.027092,
            0.031728
          ],
          [
            -0.0438,
            0.009272,
            -0.010635
          ],
          [
            -0.008637,
            -0.02377,
            -0.040301
          ],
          [
            -0.025767,
            -0.025776,
            0.037065
          ],
          [
            -0.023558,
            0.002051,
            -0.002447
          ],
          [
            0.032317,
            -0.059126,
            0.015512
          ],
          [
            0.023695,
            -0.070009,
            0.001577
          ],
          [
            -0.174615,
            0.078332,
            -0.000447
          ],
          [
            -0.09696,
            -0.044022,
            0.326769
          ],
          [
            -0.07004,
            -0.058399,
            -0.22647
          ]
        ],
        "Lattice": [
          [
            8.440733888,
            0.0,
            0.0
          ],
          [
            9.847522711,
            17.056409664,
            0.0
          ],
          [
            0.0,
            0.0,
            21.483230926
          ]
        ],
        "NumAtoms": 112,
        "Positions": [
          [
            0.00042,
            0.00024,
            0.0
          ],
          [
            1.40721,
            2.43687,
            0.0
          ],
          [
            2.814,
            4.8735,
            0.0
          ],
          [
            4.22079,
            7.31013,
            0.0
          ],
          [
            5.62758,
            9.74676,
            0.0
          ],
          [
            7.03437,
            12.18339,
            0.0
          ],
          [
            8.44116,
            14.62002,
            0.0
          ],
          [
            2.814,
            0.00024,
            0.0
          ],
          [
            4.22079,
            2.43687,
            0.0
          ],
          [
            5.62758,
            4.8735,
            0.0
          ],
          [
            7.03437,
            7.31013,
            0.0
          ],
          [
            8.44116,
            9.74676,
            0.0
          ],
          [
            9.84794,
            12.18339,
            0.0
          ],
          [
            11.25473,
            14.62002,
            0.0
          ],
          [
            5.62758,
            0.00024,
            0.0
          ],
          [
            7.03437,
            2.43687,
            0.0
          ],
          [
            8.44116,
            4.8735,
            0.0
          ],
          [
            9.84794,
            7.31013,
            0.0
          ],
          [
            11.25473,
            9.74676,
            0.0
          ],
          [
            12.66152,
            12.18339,
            0.0
          ],
          [
            14.06831,
            14.62002,
            0.0
          ],
          [
            2.81425,
            1.62481,
            2.2975
          ],
          [
            4.22104,
            4.06144,
            2.2975
          ],
          [
            5.62783,
            6.49807,
            2.2975
          ],
          [
            7.03462,
            8.9347,
            2.2975
          ],
          [
            8.44141,
            11.37133,
            2.2975
          ],
          [
            9.8482,
            13.80796,
            2.2975
          ],
          [
            11.25498,
            16.24459,
            2.2975
          ],
          [
            5.62783,
            1.62481,
            2.2975
          ],
          [
            7.03462,
            4.06144,
            2.2975
          ],
          [
            8.44141,
            6.49807,
            2.2975
          ],
          [
            9.8482,
            8.9347,
            2.2975
          ],
          [
            11.25498,
            11.37133,
            2.2975
          ],
          [
            12.66177,
            13.80796,
            2.2975
          ],
          [
            14.06856,
            16.24459,
            2.2975
          ],
          [
            8.44141,
            1.62481,
            2.2975
          ],
          [
            9.8482,
            4.06144,
            2.2975
          ],
          [
            11.25498,
            6.49807,
            2.2975
          ],
          [
            12.66177,
            8.9347,
            2.2975
          ],
          [
            14.06856,
            11.37133,
            2.2975
          ],
          [
            15.47535,
            13.80796,
            2.2975
          ],
          [
            16.88214,
            16.24459,
            2.2975
          ],
          [
            1.40748,
            0.8129,
            4.57341
          ],
          [
            2.81469,
            3.24987,
            4.57329
          ],
          [
            4.22004,
            5.68711,
            4.57266
          ],
          [
            5.62619,
            8.11973,
            4.57025
          ],
          [
            7.03514,
            10.55719,
            4.56652
          ],
          [
            8.44483,
            12.9973,
            4.56657
          ],
          [
            9.85038,
            15.43478,
            4.57139
          ],
          [
            4.22039,
            0.81313,
            4.57425
          ],
          [
            5.62774,
            3.24814,
            4.57182
          ],
          [
            7.03486,
            5.68429,
            4.57095
          ],
          [
            8.44412,
            8.12429,
            4.57022
          ],
          [
            9.84857,
            10.55982,
            4.57477
          ],
          [
            11.25445,
            12.99826,
            4.57211
          ],
          [
            12.66092,
            15.43419,
            4.57331
          ],
          [
            7.03476,
            0.81184,
            4.57257
          ],
          [
            8.44113,
            3.24896,
            4.57311
          ],
          [
            9.84962,
            5.68696,
            4.57074
          ],
          [
            11.25641,
            8.12385,
            4.57378
          ],
          [
            12.65893,
            10.56136,
            4.57033
          ],
          [
            14.06643,
            12.99733,
            4.57044
          ],
          [
            15.47452,
            15.4332,
            4.57062
          ],
          [
            0.00169,
            0.00079,
            6.88776
          ],
          [
            1.41098,
            2.43371,
            6.88325
          ],
          [
            2.81676,
            4.87279,
            6.88828
          ],
          [
            4.21909,
            7.31048,
            6.89197
          ],
          [
            5.62354,
            9.74524,
            6.8691
          ],
          [
            7.04283,
            12.18362,
            6.86051
          ],
          [
            8.44656,
            14.62481,
            6.87333
          ],
          [
            2.81413,
            -4e-05,
            6.88688
          ],
          [
            4.21933,
            2.43483,
            6.88836
          ],
          [
            5.62224,
            4.86827,
            6.87775
          ],
          [
            7.03867,
            7.3154,
            6.8688
          ],
          [
            8.44421,
            9.74989,
            6.8857
          ],
          [
            9.85218,
            12.18369,
            6.88613
          ],
          [
            11.25636,
            14.61966,
            6.88713
          ],
          [
            5.62792,
            0.00215,
            6.88461
          ],
          [
            7.03427,
            2.43388,
            6.88553
          ],
          [
            8.45169,
            4.87777,
            6.87692
          ],
          [
            9.85275,
            7.31346,
            6.88552
          ],
          [
            11.25552,
            9.74634,
            6.88953
          ],
          [
            12.66028,
            12.18415,
            6.88416
          ],
          [
            14.06814,
            14.62347,
            6.88305
          ],
          [
            6.05679,
            10.51092,
            10.21237
          ],
          [
            14.35895,
            12.01433,
            10.30451
          ],
          [
            15.69733,
            12.75179,
            10.33626
          ],
          [
            6.35106,
            6.76717,
            10.167
          ],
          [
            6.5271,
            5.27992,
            10.26636
          ],
          [
            7.97185,
            4.79404,
            10.27847
          ],
          [
            8.0277,
            3.27687,
            10.39075
          ],
          [
            15.71022,
            14.28359,
            10.38444
          ],
          [
            7.15954,
            9.95874,
            9.98286
          ],
          [
            13.38036,
            9.83687,
            10.36182
          ],
          [
            5.22114,
            7.29508,
            10.22899
          ],
          [
            7.46807,
            7.44241,
            10.0002
          ],
          [
            5.06892,
            8.79492,
            10.27602
          ],
          [
            13.70163,
            12.22295,
            11.16632
          ],
          [
            13.7489,
            12.29103,
            9.41709
          ],
          [
            7.83822,
            12.37721,
            11.19333
          ],
          [
            7.82544,
            12.45027,
            9.44125
          ],
          [
            7.31168,
            8.47686,
            9.96982
          ],
          [
            5.98618,
            4.83555,
            9.39758
          ],
          [
            5.9779,
            4.93483,
            11.16038
          ],
          [
            8.52817,
            5.27545,
            11.10246
          ],
          [
            8.47881,
            5.12732,
            9.34239
          ],
          [
            9.06161,
            2.89615,
            10.36786
          ],
          [
            7.54666,
            2.93574,
            11.32249
          ],
          [
            7.47926,
            2.81376,
            9.54641
          ],
          [
            16.76687,
            14.61385,
            10.3736
          ],
          [
            15.22992,
            14.7085,
            11.27076
          ],
          [
            15.2108,
            14.74839,
            9.52031
          ]
        ],
        "Stress": [
          [
            -51.86552,
            0.18386,
            -0.15323
          ],
          [
            0.18386,
            -51.14807,
            -0.04544
          ],
          [
            -0.15323,
            -0.04544,
            -3.39821
          ]
        ],
        "computation_code": "VASP",
        "pseudopotential_information": [
          [
            "PAW_PBE",
            "Pt",
            "04Feb2005"
          ],
          [
            "PAW_PBE",
            "C",
            "08Apr2002"
          ],
          [
            "PAW_PBE",
            "O",
            "08Apr2002"
          ],
          [
            "PAW_PBE",
            "H",
            "15Jun2001"
          ]
        ]
      }
    ],
    "EnergyStyle": "electronvolt",
    "ForcesStyle": "electronvoltperangstrom",
    "LatticeStyle": "angstrom",
    "PositionsStyle": "angstrom",
    "StressStyle": "kB"
  }
}