{
  "Dataset": {
    "AtomTypeStyle": "chemicalsymbol",
    "Data": [
      {
        "AtomTypes": [
          "Pt",
          "Pt",
          "Pt",
          "Pt",
          "Pt",
          "Pt",
          "Pt",
          "Pt",
          "Pt",
          "Pt",
          "Pt",
          "Pt",
          "Pt",
          "Pt",
          "Pt",
          "Pt",
          "Pt",
          "Pt",
          "Pt",
          "Pt",
          "Pt",
          "Pt",
          "Pt",
          "Pt",
          "Pt",
          "Pt",
          "Pt",
          "Pt",
          "Pt",
          "Pt",
          "Pt",
          "Pt",
          "Pt",
          "Pt",
          "Pt",
          "Pt",
          "Pt",
          "Pt",
          "Pt",
          "Pt",
          "Pt",
          "Pt",
          "Pt",
          "Pt",
          "Pt",
          "Pt",
          "Pt",
          "Pt",
          "Pt",
          "Pt",
          "Pt",
          "Pt",
          "Pt",
          "Pt",
          "Pt",
          "Pt",
          "Pt",
          "Pt",
          "Pt",
          "Pt",
          "Pt",
          "Pt",
          "Pt",
          "Pt",
          "Pt",
          "Pt",
          "Pt",
          "Pt",
          "Pt",
          "Pt",
          "Pt",
          "Pt",
          "Pt",
          "Pt",
          "Pt",
          "Pt",
          "Pt",
          "Pt",
          "Pt",
          "Pt",
          "Pt",
          "Pt",
          "Pt",
          "Pt",
          "C",
          "C",
          "C",
          "C",
          "C",
          "C",
          "C",
          "C",
          "O",
          "O",
          "O",
          "O",
          "H",
          "H",
          "H",
          "H",
          "H",
          "H",
          "H",
          "H",
          "H",
          "H",
          "H",
          "H",
          "H",
          "H",
          "H",
          "H"
        ],
        "Energy": -405.45021709,
        "Forces": [
          [
            -0.005434,
            -0.006947,
            -0.036264
          ],
          [
            -0.004451,
            -0.005143,
            -0.032202
          ],
          [
            -0.001506,
            -0.007254,
            -0.039409
          ],
          [
            -0.007219,
            0.000505,
            -0.040955
          ],
          [
            -0.011282,
            -0.009132,
            -0.032708
          ],
          [
            -0.010331,
            -0.005115,
            -0.034888
          ],
          [
            -0.010279,
            0.00073,
            -0.030723
          ],
          [
            -0.008397,
            -0.004467,
            -0.029938
          ],
          [
            -0.007651,
            -0.004841,
            -0.032947
          ],
          [
            -0.012054,
            -0.002508,
            -0.030935
          ],
          [
            -0.002316,
            -0.002608,
            -0.033139
          ],
          [
            -0.005991,
            -0.00257,
            -0.033364
          ],
          [
            -0.007369,
            -0.009301,
            -0.026022
          ],
          [
            -0.007211,
            -0.00162,
            -0.040355
          ],
          [
            -0.008324,
            -0.006699,
            -0.026973
          ],
          [
            -0.002467,
            -0.006858,
            -0.031109
          ],
          [
            -7.5e-05,
            -0.004361,
            -0.031127
          ],
          [
            -0.006426,
            -0.009059,
            -0.034534
          ],
          [
            -0.005198,
            -0.00701,
            -0.035409
          ],
          [
            -0.007992,
            -0.005189,
            -0.034817
          ],
          [
            -0.012361,
            -0.007209,
            -0.028849
          ],
          [
            0.018906,
            0.011694,
            0.039757
          ],
          [
            0.009582,
            0.006762,
            0.037477
          ],
          [
            0.008622,
            0.004419,
            0.016245
          ],
          [
            0.007153,
            0.001879,
            0.029147
          ],
          [
            0.015928,
            -0.003029,
            0.028098
          ],
          [
            0.013398,
            0.007202,
            0.015668
          ],
          [
            0.011784,
            0.0101,
            0.040215
          ],
          [
            0.00824,
            -0.002289,
            0.027268
          ],
          [
            0.014653,
            0.004349,
            0.020755
          ],
          [
            0.011338,
            0.010408,
            0.0287
          ],
          [
            0.018774,
            0.007156,
            0.048638
          ],
          [
            0.004043,
            -0.000576,
            0.055921
          ],
          [
            0.016549,
            0.002804,
            0.048513
          ],
          [
            0.013199,
            0.017103,
            0.040295
          ],
          [
            0.000767,
            0.005254,
            0.034911
          ],
          [
            0.008281,
            0.010257,
            0.034032
          ],
          [
            0.003301,
            0.015028,
            0.045789
          ],
          [
            0.012914,
            -0.000876,
            0.05387
          ],
          [
            0.00847,
            0.008055,
            0.0286
          ],
          [
            0.006592,
            0.004759,
            0.016884
          ],
          [
            0.006057,
            0.011611,
            0.020311
          ],
          [
            8.3e-05,
            -0.003401,
            -0.000119
          ],
          [
            -0.001604,
            -0.000611,
            0.00026
          ],
          [
            0.000694,
            -0.000983,
            0.00124
          ],
          [
            -0.000263,
            0.003423,
            0.000251
          ],
          [
            0.00173,
            0.003661,
            0.000259
          ],
          [
            -0.002759,
            0.00214,
            -0.002189
          ],
          [
            0.002283,
            -0.003175,
            -0.000453
          ],
          [
            0.001026,
            -0.003429,
            -0.001585
          ],
          [
            -0.001179,
            -0.002273,
            -0.001144
          ],
          [
            6.3e-05,
            0.001176,
            0.000268
          ],
          [
            -0.000123,
            0.002831,
            0.001998
          ],
          [
            0.001244,
            0.003215,
            -0.003306
          ],
          [
            9.9e-05,
            0.001393,
            -0.003081
          ],
          [
            0.000142,
            -0.001106,
            -0.002408
          ],
          [
            0.001331,
            -0.00283,
            -0.001823
          ],
          [
            -0.000379,
            -0.002185,
            0.000264
          ],
          [
            0.000831,
            0.00201,
            -0.000222
          ],
          [
            -0.000284,
            0.001852,
            0.000459
          ],
          [
            0.001175,
            0.002375,
            -0.001844
          ],
          [
            0.000862,
            0.001538,
            -0.00321
          ],
          [
            0.000587,
            -0.001291,
            -0.002668
          ],
          [
            -0.002083,
            0.000548,
            -0.001575
          ],
          [
            0.002241,
            0.00049,
            0.004302
          ],
          [
            -0.001069,
            0.002524,
            0.003308
          ],
          [
            -0.000638,
            0.001422,
            -0.000928
          ],
          [
            -0.00056,
            -0.000102,
            -0.00033
          ],
          [
            0.001231,
            -0.002069,
            -0.001997
          ],
          [
            -0.000682,
            0.000226,
            0.004329
          ],
          [
            -0.000128,
            0.00109,
            0.000233
          ],
          [
            0.000866,
            -7.9e-05,
            0.007049
          ],
          [
            0.002557,
            0.000622,
            0.002174
          ],
          [
            -0.001248,
            0.00397,
            -0.000768
          ],
          [
            0.002258,
            -0.00153,
            -0.002531
          ],
          [
            9.5e-05,
            -0.003155,
            -0.004328
          ],
          [
            -0.001918,
            -0.001149,
            0.005493
          ],
          [
            -0.001087,
            0.001963,
            -6.2e-05
          ],
          [
            -0.00069,
            0.00177,
            0.003003
          ],
          [
            0.00397,
            -0.000626,
            -0.003083
          ],
          [
            -0.000881,
            0.000835,
            0.00357
          ],
          [
            0.001625,
            -0.00349,
            -0.000369
          ],
          [
            0.000733,
            -0.002708,
            -0.003692
          ],
          [
            0.001522,
            0.00182,
            -0.000349
          ],
          [
            0.021111,
            -0.00727,
            -0.000626
          ],
          [
            -0.014231,
            -0.000377,
            0.018866
          ],
          [
            -0.004173,
            -0.010206,
            -0.018761
          ],
          [
            0.066166,
            0.022021,
            -0.007645
          ],
          [
            -0.002244,
            0.006861,
            -0.000148
          ],
          [
            0.013148,
            -0.022637,
            0.001226
          ],
          [
            -0.005444,
            -0.009715,
            -0.004581
          ],
          [
            -0.010669,
            -0.007655,
            -0.014324
          ],
          [
            -0.034853,
            0.007335,
            -0.000468
          ],
          [
            -0.00507,
            -0.01041,
            -0.000797
          ],
          [
            -0.090395,
            0.022781,
            0.007754
          ],
          [
            0.019628,
            0.010837,
            -0.011766
          ],
          [
            0.002966,
            0.000287,
            0.002775
          ],
          [
            0.006509,
            -0.004337,
            -0.01091
          ],
          [
            0.000555,
            -0.000167,
            -0.001435
          ],
          [
            -0.001187,
            -0.000935,
            0.004407
          ],
          [
            -0.008479,
            0.005074,
            0.012973
          ],
          [
            -0.004654,
            -0.03409,
            -0.005595
          ],
          [
            -0.008993,
            -0.0113,
            -0.014282
          ],
          [
            -0.010077,
            -0.009578,
            0.012142
          ],
          [
            -0.003292,
            0.00201,
            0.001921
          ],
          [
            -0.002783,
            -0.0001,
            -0.001447
          ],
          [
            -0.007886,
            0.007428,
            0.001058
          ],
          [
            0.000936,
            0.003397,
            -0.004737
          ],
          [
            0.007655,
            0.003992,
            0.010651
          ],
          [
            0.001773,
            0.006271,
            -0.00075
          ],
          [
            -0.009003,
            0.002153,
            0.01081
          ],
          [
            -0.002902,
            -0.00379,
            0.004868
          ]
        ],
        "Lattice": [
          [
            8.440733888,
            0.0,
            0.0
          ],
          [
            9.847522711,
            17.056409664,
            0.0
          ],
          [
            0.0,
            0.0,
            21.483230926
          ]
        ],
        "NumAtoms": 112,
        "Positions": [
          [
            0.00042,
            0.00024,
            0.0
          ],
          [
            1.40721,
            2.43687,
            0.0
          ],
          [
            2.814,
            4.8735,
            0.0
          ],
          [
            4.22079,
            7.31013,
            0.0
          ],
          [
            5.62758,
            9.74676,
            0.0
          ],
          [
            7.03437,
            12.18339,
            0.0
          ],
          [
            8.44116,
            14.62002,
            0.0
          ],
          [
            2.814,
            0.00024,
            0.0
          ],
          [
            4.22079,
            2.43687,
            0.0
          ],
          [
            5.62758,
            4.8735,
            0.0
          ],
          [
            7.03437,
            7.31013,
            0.0
          ],
          [
            8.44116,
            9.74676,
            0.0
          ],
          [
            9.84794,
            12.18339,
            0.0
          ],
          [
            11.25473,
            14.62002,
            0.0
          ],
          [
            5.62758,
            0.00024,
            0.0
          ],
          [
            7.03437,
            2.43687,
            0.0
          ],
          [
            8.44116,
            4.8735,
            0.0
          ],
          [
            9.84794,
            7.31013,
            0.0
          ],
          [
            11.25473,
            9.74676,
            0.0
          ],
          [
            12.66152,
            12.18339,
            0.0
          ],
          [
            14.06831,
            14.62002,
            0.0
          ],
          [
            2.81425,
            1.62481,
            2.2975
          ],
          [
            4.22104,
            4.06144,
            2.2975
          ],
          [
            5.62783,
            6.49807,
            2.2975
          ],
          [
            7.03462,
            8.9347,
            2.2975
          ],
          [
            8.44141,
            11.37133,
            2.2975
          ],
          [
            9.8482,
            13.80796,
            2.2975
          ],
          [
            11.25498,
            16.24459,
            2.2975
          ],
          [
            5.62783,
            1.62481,
            2.2975
          ],
          [
            7.03462,
            4.06144,
            2.2975
          ],
          [
            8.44141,
            6.49807,
            2.2975
          ],
          [
            9.8482,
            8.9347,
            2.2975
          ],
          [
            11.25498,
            11.37133,
            2.2975
          ],
          [
            12.66177,
            13.80796,
            2.2975
          ],
          [
            14.06856,
            16.24459,
            2.2975
          ],
          [
            8.44141,
            1.62481,
            2.2975
          ],
          [
            9.8482,
            4.06144,
            2.2975
          ],
          [
            11.25498,
            6.49807,
            2.2975
          ],
          [
            12.66177,
            8.9347,
            2.2975
          ],
          [
            14.06856,
            11.37133,
            2.2975
          ],
          [
            15.47535,
            13.80796,
            2.2975
          ],
          [
            16.88214,
            16.24459,
            2.2975
          ],
          [
            1.41758,
            0.82265,
            4.5653
          ],
          [
            2.82335,
            3.26049,
            4.5652
          ],
          [
            4.22687,
            5.6971,
            4.5634
          ],
          [
            5.63573,
            8.12726,
            4.56339
          ],
          [
            7.04552,
            10.56481,
            4.56096
          ],
          [
            8.45482,
            13.00249,
            4.55998
          ],
          [
            9.86177,
            15.44292,
            4.56136
          ],
          [
            4.22843,
            0.82118,
            4.56679
          ],
          [
            5.63533,
            3.25469,
            4.56162
          ],
          [
            7.04399,
            5.69132,
            4.5621
          ],
          [
            8.45345,
            8.13063,
            4.56241
          ],
          [
            9.85981,
            10.56725,
            4.56834
          ],
          [
            11.2661,
            13.00729,
            4.56496
          ],
          [
            12.67114,
            15.44338,
            4.56557
          ],
          [
            7.04405,
            0.81819,
            4.56366
          ],
          [
            8.45012,
            3.25725,
            4.56473
          ],
          [
            9.85767,
            5.69563,
            4.56469
          ],
          [
            11.26573,
            8.13318,
            4.56798
          ],
          [
            12.66921,
            10.5696,
            4.56482
          ],
          [
            14.07883,
            13.00366,
            4.56545
          ],
          [
            15.48395,
            15.44019,
            4.56267
          ],
          [
            0.0227,
            0.01667,
            6.87308
          ],
          [
            1.42895,
            2.44989,
            6.86901
          ],
          [
            2.83421,
            4.88927,
            6.87605
          ],
          [
            4.24085,
            7.32698,
            6.88098
          ],
          [
            5.64831,
            9.76239,
            6.8606
          ],
          [
            7.06659,
            12.19912,
            6.85981
          ],
          [
            8.46881,
            14.64304,
            6.85693
          ],
          [
            2.83258,
            0.01677,
            6.8778
          ],
          [
            4.23601,
            2.45065,
            6.87362
          ],
          [
            5.63853,
            4.8858,
            6.85756
          ],
          [
            7.05906,
            7.33075,
            6.86031
          ],
          [
            8.46705,
            9.76392,
            6.8731
          ],
          [
            9.87825,
            12.20038,
            6.87259
          ],
          [
            11.27731,
            14.63671,
            6.87508
          ],
          [
            5.64618,
            0.01654,
            6.87104
          ],
          [
            7.05015,
            2.44781,
            6.86591
          ],
          [
            8.46832,
            4.89446,
            6.86763
          ],
          [
            9.87395,
            7.33073,
            6.87431
          ],
          [
            11.27934,
            9.76347,
            6.87997
          ],
          [
            12.68301,
            12.2007,
            6.8742
          ],
          [
            14.08709,
            14.64183,
            6.86856
          ],
          [
            5.90495,
            10.48836,
            10.27831
          ],
          [
            14.19814,
            11.98121,
            10.40292
          ],
          [
            15.49662,
            12.75238,
            10.20608
          ],
          [
            6.24182,
            6.69145,
            10.20903
          ],
          [
            6.38599,
            5.19427,
            10.27874
          ],
          [
            7.80218,
            4.633,
            10.22812
          ],
          [
            7.82078,
            3.1104,
            10.31375
          ],
          [
            15.31526,
            14.26099,
            10.32035
          ],
          [
            7.01107,
            9.93779,
            10.12397
          ],
          [
            13.20434,
            9.82719,
            10.35243
          ],
          [
            5.12697,
            7.2353,
            10.27282
          ],
          [
            7.3718,
            7.36545,
            10.06782
          ],
          [
            4.91031,
            8.80853,
            10.29192
          ],
          [
            13.75058,
            12.18717,
            11.3943
          ],
          [
            13.43035,
            12.29911,
            9.6675
          ],
          [
            7.82091,
            12.39057,
            10.91388
          ],
          [
            7.46304,
            12.50251,
            9.1958
          ],
          [
            7.20669,
            8.38889,
            10.06547
          ],
          [
            5.7791,
            4.79013,
            9.43667
          ],
          [
            5.85389,
            4.86508,
            11.1898
          ],
          [
            8.41734,
            5.07689,
            11.02932
          ],
          [
            8.28623,
            4.95789,
            9.27615
          ],
          [
            8.84488,
            2.71287,
            10.22674
          ],
          [
            7.39138,
            2.75218,
            11.26507
          ],
          [
            7.22364,
            2.66091,
            9.4926
          ],
          [
            16.2593,
            14.79336,
            10.11936
          ],
          [
            14.96614,
            14.55164,
            11.32544
          ],
          [
            14.56876,
            14.62932,
            9.58893
          ]
        ],
        "Stress": [
          [
            -50.42294,
            0.63178,
            -0.17161
          ],
          [
            0.63178,
            -49.9629,
            0.0025
          ],
          [
            -0.17161,
            0.0025,
            -2.22541
          ]
        ],
        "computation_code": "VASP",
        "pseudopotential_information": [
          [
            "PAW_PBE",
            "Pt",
            "04Feb2005"
          ],
          [
            "PAW_PBE",
            "C",
            "08Apr2002"
          ],
          [
            "PAW_PBE",
            "O",
            "08Apr2002"
          ],
          [
            "PAW_PBE",
            "H",
            "15Jun2001"
          ]
        ]
      }
    ],
    "EnergyStyle": "electronvolt",
    "ForcesStyle": "electronvoltperangstrom",
    "LatticeStyle": "angstrom",
    "PositionsStyle": "angstrom",
    "StressStyle": "kB"
  }
}