{
  "Dataset": {
    "AtomTypeStyle": "chemicalsymbol",
    "Data": [
      {
        "AtomTypes": [
          "Pt",
          "Pt",
          "Pt",
          "Pt",
          "Pt",
          "Pt",
          "Pt",
          "Pt",
          "Pt",
          "Pt",
          "Pt",
          "Pt",
          "Pt",
          "Pt",
          "Pt",
          "Pt",
          "Pt",
          "Pt",
          "Pt",
          "Pt",
          "Pt",
          "Pt",
          "Pt",
          "Pt",
          "Pt",
          "Pt",
          "Pt",
          "Pt",
          "Pt",
          "Pt",
          "Pt",
          "Pt",
          "Pt",
          "Pt",
          "Pt",
          "Pt",
          "Pt",
          "Pt",
          "Pt",
          "Pt",
          "Pt",
          "Pt",
          "Pt",
          "Pt",
          "Pt",
          "Pt",
          "Pt",
          "Pt",
          "Pt",
          "Pt",
          "Pt",
          "Pt",
          "Pt",
          "Pt",
          "Pt",
          "Pt",
          "Pt",
          "Pt",
          "Pt",
          "Pt",
          "Pt",
          "Pt",
          "Pt",
          "Pt",
          "Pt",
          "Pt",
          "Pt",
          "Pt",
          "Pt",
          "Pt",
          "Pt",
          "Pt",
          "Pt",
          "Pt",
          "Pt",
          "Pt",
          "Pt",
          "Pt",
          "Pt",
          "Pt",
          "Pt",
          "Pt",
          "Pt",
          "Pt",
          "C",
          "C",
          "C",
          "C",
          "C",
          "C",
          "C",
          "C",
          "O",
          "O",
          "O",
          "O",
          "H",
          "H",
          "H",
          "H",
          "H",
          "H",
          "H",
          "H",
          "H",
          "H",
          "H",
          "H",
          "H",
          "H",
          "H",
          "H"
        ],
        "Energy": -405.45366665,
        "Forces": [
          [
            -0.00582,
            -0.006607,
            -0.036437
          ],
          [
            -0.004407,
            -0.004609,
            -0.033054
          ],
          [
            -0.001738,
            -0.007818,
            -0.040087
          ],
          [
            -0.008455,
            -0.000509,
            -0.042302
          ],
          [
            -0.011916,
            -0.010022,
            -0.034455
          ],
          [
            -0.011103,
            -0.005322,
            -0.034526
          ],
          [
            -0.010617,
            0.000686,
            -0.030545
          ],
          [
            -0.008062,
            -0.004111,
            -0.030879
          ],
          [
            -0.008047,
            -0.004408,
            -0.03427
          ],
          [
            -0.012404,
            -0.002811,
            -0.032514
          ],
          [
            -0.002561,
            -0.003792,
            -0.035344
          ],
          [
            -0.006919,
            -0.004043,
            -0.034931
          ],
          [
            -0.007896,
            -0.009679,
            -0.027188
          ],
          [
            -0.00759,
            -0.001262,
            -0.041602
          ],
          [
            -0.009055,
            -0.005737,
            -0.027856
          ],
          [
            -0.002612,
            -0.006398,
            -0.032688
          ],
          [
            -0.000319,
            -0.004667,
            -0.032155
          ],
          [
            -0.006944,
            -0.010103,
            -0.036353
          ],
          [
            -0.005822,
            -0.00856,
            -0.038075
          ],
          [
            -0.009048,
            -0.005877,
            -0.035131
          ],
          [
            -0.012596,
            -0.007077,
            -0.028845
          ],
          [
            0.019401,
            0.012425,
            0.045491
          ],
          [
            0.008712,
            0.006204,
            0.042997
          ],
          [
            0.009907,
            0.004562,
            0.018038
          ],
          [
            0.009333,
            0.003799,
            0.028225
          ],
          [
            0.016591,
            0.00044,
            0.023668
          ],
          [
            0.013493,
            0.008492,
            0.015538
          ],
          [
            0.01235,
            0.009179,
            0.042491
          ],
          [
            0.009318,
            -0.003745,
            0.029698
          ],
          [
            0.015265,
            0.004587,
            0.02424
          ],
          [
            0.012008,
            0.01152,
            0.030595
          ],
          [
            0.020451,
            0.008422,
            0.047771
          ],
          [
            0.007431,
            0.00218,
            0.050914
          ],
          [
            0.017797,
            0.004342,
            0.045528
          ],
          [
            0.013873,
            0.016631,
            0.039572
          ],
          [
            0.002024,
            0.005101,
            0.038426
          ],
          [
            0.009302,
            0.00952,
            0.039408
          ],
          [
            0.005744,
            0.015263,
            0.049109
          ],
          [
            0.015567,
            0.000157,
            0.052773
          ],
          [
            0.011438,
            0.010803,
            0.025947
          ],
          [
            0.007589,
            0.005325,
            0.014588
          ],
          [
            0.009258,
            0.01001,
            0.021122
          ],
          [
            0.000288,
            0.001562,
            -0.000159
          ],
          [
            0.001362,
            -0.000396,
            -0.001669
          ],
          [
            -3.9e-05,
            8e-05,
            -0.001832
          ],
          [
            0.000232,
            -0.001297,
            0.000814
          ],
          [
            -0.000952,
            -0.00185,
            0.000655
          ],
          [
            0.001094,
            -0.000515,
            -0.000716
          ],
          [
            -0.000453,
            0.001976,
            0.000492
          ],
          [
            -0.000636,
            0.001407,
            0.001621
          ],
          [
            0.00029,
            0.000583,
            -0.000873
          ],
          [
            0.000267,
            -0.001068,
            -0.002952
          ],
          [
            -0.001138,
            -0.001733,
            -0.001075
          ],
          [
            -0.001349,
            -0.003436,
            0.0009
          ],
          [
            0.001234,
            0.000553,
            -0.000431
          ],
          [
            0.000951,
            0.002393,
            0.000732
          ],
          [
            -0.00046,
            0.002098,
            0.000444
          ],
          [
            0.001904,
            0.001408,
            -0.001959
          ],
          [
            -0.000483,
            -0.001371,
            -0.000688
          ],
          [
            -0.000154,
            -0.002039,
            0.000674
          ],
          [
            -0.000785,
            -0.00068,
            3.5e-05
          ],
          [
            0.001234,
            -0.00102,
            -0.000281
          ],
          [
            -0.002072,
            0.000871,
            0.001799
          ],
          [
            0.001005,
            -0.002223,
            -0.001653
          ],
          [
            -0.001391,
            -0.001714,
            -0.002354
          ],
          [
            0.000983,
            -0.001966,
            -0.00083
          ],
          [
            0.002099,
            -0.001559,
            0.000642
          ],
          [
            0.000733,
            -0.00065,
            0.00047
          ],
          [
            0.000416,
            0.00149,
            0.002179
          ],
          [
            0.002212,
            -0.000165,
            -0.000787
          ],
          [
            -0.000837,
            -1.8e-05,
            -0.002553
          ],
          [
            0.000302,
            -0.001045,
            -0.002337
          ],
          [
            0.000322,
            -0.000773,
            -0.000352
          ],
          [
            0.000731,
            -0.001819,
            0.000138
          ],
          [
            0.000234,
            0.001126,
            0.001667
          ],
          [
            -0.000457,
            0.004007,
            0.003599
          ],
          [
            -0.000513,
            -0.000255,
            -0.000284
          ],
          [
            -0.000141,
            7.9e-05,
            -0.002187
          ],
          [
            0.001671,
            -0.00162,
            -0.001864
          ],
          [
            -0.003401,
            -0.001016,
            -9.8e-05
          ],
          [
            -0.001372,
            0.000367,
            -3.4e-05
          ],
          [
            -0.001676,
            0.003316,
            -1.2e-05
          ],
          [
            -0.000298,
            0.001521,
            0.002107
          ],
          [
            0.000458,
            0.000958,
            0.000272
          ],
          [
            -0.040492,
            0.020263,
            0.010189
          ],
          [
            -0.002636,
            -0.007722,
            0.004488
          ],
          [
            -0.007638,
            0.008318,
            -0.004275
          ],
          [
            -0.044231,
            0.013198,
            0.007659
          ],
          [
            0.002848,
            -0.002806,
            0.000383
          ],
          [
            -0.008749,
            0.011269,
            -0.002424
          ],
          [
            -0.004664,
            0.009021,
            -0.001609
          ],
          [
            -0.001295,
            -0.001576,
            -0.01151
          ],
          [
            0.038396,
            -0.014801,
            -0.007438
          ],
          [
            0.001327,
            -0.000822,
            -0.000359
          ],
          [
            0.046523,
            -0.033699,
            -0.004415
          ],
          [
            -0.005688,
            -0.009354,
            0.003321
          ],
          [
            -0.012039,
            -0.004975,
            -0.000903
          ],
          [
            -0.005824,
            -0.003234,
            -0.005396
          ],
          [
            -0.010329,
            0.002912,
            -0.00061
          ],
          [
            0.000667,
            -0.002848,
            0.000452
          ],
          [
            -0.001507,
            -0.000884,
            0.001377
          ],
          [
            -0.012138,
            0.011328,
            0.001644
          ],
          [
            -0.000787,
            -0.001659,
            0.001122
          ],
          [
            -0.000572,
            -0.001572,
            -0.007086
          ],
          [
            -0.003107,
            -0.001393,
            -3.6e-05
          ],
          [
            -0.002523,
            -0.000611,
            0.001436
          ],
          [
            0.014734,
            -0.006839,
            0.001173
          ],
          [
            -0.008565,
            -0.003108,
            0.008003
          ],
          [
            -0.008544,
            -0.001789,
            -0.004023
          ],
          [
            -0.007202,
            -0.004867,
            0.002338
          ],
          [
            -0.006824,
            0.002078,
            0.005967
          ],
          [
            -0.003479,
            -0.001886,
            0.002369
          ]
        ],
        "Lattice": [
          [
            8.440733888,
            0.0,
            0.0
          ],
          [
            9.847522711,
            17.056409664,
            0.0
          ],
          [
            0.0,
            0.0,
            21.483230926
          ]
        ],
        "NumAtoms": 112,
        "Positions": [
          [
            0.00042,
            0.00024,
            0.0
          ],
          [
            1.40721,
            2.43687,
            0.0
          ],
          [
            2.814,
            4.8735,
            0.0
          ],
          [
            4.22079,
            7.31013,
            0.0
          ],
          [
            5.62758,
            9.74676,
            0.0
          ],
          [
            7.03437,
            12.18339,
            0.0
          ],
          [
            8.44116,
            14.62002,
            0.0
          ],
          [
            2.814,
            0.00024,
            0.0
          ],
          [
            4.22079,
            2.43687,
            0.0
          ],
          [
            5.62758,
            4.8735,
            0.0
          ],
          [
            7.03437,
            7.31013,
            0.0
          ],
          [
            8.44116,
            9.74676,
            0.0
          ],
          [
            9.84794,
            12.18339,
            0.0
          ],
          [
            11.25473,
            14.62002,
            0.0
          ],
          [
            5.62758,
            0.00024,
            0.0
          ],
          [
            7.03437,
            2.43687,
            0.0
          ],
          [
            8.44116,
            4.8735,
            0.0
          ],
          [
            9.84794,
            7.31013,
            0.0
          ],
          [
            11.25473,
            9.74676,
            0.0
          ],
          [
            12.66152,
            12.18339,
            0.0
          ],
          [
            14.06831,
            14.62002,
            0.0
          ],
          [
            2.81425,
            1.62481,
            2.2975
          ],
          [
            4.22104,
            4.06144,
            2.2975
          ],
          [
            5.62783,
            6.49807,
            2.2975
          ],
          [
            7.03462,
            8.9347,
            2.2975
          ],
          [
            8.44141,
            11.37133,
            2.2975
          ],
          [
            9.8482,
            13.80796,
            2.2975
          ],
          [
            11.25498,
            16.24459,
            2.2975
          ],
          [
            5.62783,
            1.62481,
            2.2975
          ],
          [
            7.03462,
            4.06144,
            2.2975
          ],
          [
            8.44141,
            6.49807,
            2.2975
          ],
          [
            9.8482,
            8.9347,
            2.2975
          ],
          [
            11.25498,
            11.37133,
            2.2975
          ],
          [
            12.66177,
            13.80796,
            2.2975
          ],
          [
            14.06856,
            16.24459,
            2.2975
          ],
          [
            8.44141,
            1.62481,
            2.2975
          ],
          [
            9.8482,
            4.06144,
            2.2975
          ],
          [
            11.25498,
            6.49807,
            2.2975
          ],
          [
            12.66177,
            8.9347,
            2.2975
          ],
          [
            14.06856,
            11.37133,
            2.2975
          ],
          [
            15.47535,
            13.80796,
            2.2975
          ],
          [
            16.88214,
            16.24459,
            2.2975
          ],
          [
            1.41813,
            0.82227,
            4.56582
          ],
          [
            2.8238,
            3.26032,
            4.56627
          ],
          [
            4.2281,
            5.69693,
            4.56368
          ],
          [
            5.63713,
            8.12833,
            4.56287
          ],
          [
            7.04685,
            10.56655,
            4.56055
          ],
          [
            8.45512,
            13.004,
            4.56008
          ],
          [
            9.86281,
            15.44275,
            4.56223
          ],
          [
            4.2291,
            0.82084,
            4.56709
          ],
          [
            5.63575,
            3.2538,
            4.56169
          ],
          [
            7.04526,
            5.69155,
            4.562
          ],
          [
            8.45518,
            8.13172,
            4.56202
          ],
          [
            9.86172,
            10.56913,
            4.56711
          ],
          [
            11.26688,
            13.00879,
            4.5647
          ],
          [
            12.67168,
            15.44371,
            4.56575
          ],
          [
            7.04492,
            0.81748,
            4.56388
          ],
          [
            8.45077,
            3.25648,
            4.56514
          ],
          [
            9.85921,
            5.69621,
            4.56455
          ],
          [
            11.26716,
            8.13428,
            4.56749
          ],
          [
            12.67065,
            10.57088,
            4.56413
          ],
          [
            14.0796,
            13.00506,
            4.56522
          ],
          [
            15.48515,
            15.44074,
            4.56255
          ],
          [
            0.02374,
            0.01803,
            6.87362
          ],
          [
            1.43139,
            2.45056,
            6.87066
          ],
          [
            2.83659,
            4.89023,
            6.87726
          ],
          [
            4.24278,
            7.32772,
            6.87995
          ],
          [
            5.65036,
            9.7632,
            6.85984
          ],
          [
            7.06827,
            12.19986,
            6.85961
          ],
          [
            8.4696,
            14.6443,
            6.85848
          ],
          [
            2.83379,
            0.01797,
            6.87862
          ],
          [
            4.23791,
            2.45121,
            6.87568
          ],
          [
            5.64109,
            4.88594,
            6.85677
          ],
          [
            7.06164,
            7.33215,
            6.85885
          ],
          [
            8.47008,
            9.7647,
            6.87109
          ],
          [
            9.87987,
            12.20044,
            6.87114
          ],
          [
            11.27845,
            14.63769,
            6.87657
          ],
          [
            5.64726,
            0.01781,
            6.87164
          ],
          [
            7.05168,
            2.44877,
            6.86663
          ],
          [
            8.47205,
            4.89465,
            6.86646
          ],
          [
            9.8766,
            7.33103,
            6.87452
          ],
          [
            11.28204,
            9.76323,
            6.87969
          ],
          [
            12.68467,
            12.20121,
            6.87287
          ],
          [
            14.08839,
            14.64353,
            6.86803
          ],
          [
            5.87962,
            10.47839,
            10.27644
          ],
          [
            14.1728,
            11.97079,
            10.40629
          ],
          [
            15.46895,
            12.74427,
            10.2057
          ],
          [
            6.2259,
            6.68469,
            10.19905
          ],
          [
            6.37057,
            5.18699,
            10.27149
          ],
          [
            7.78865,
            4.62652,
            10.22786
          ],
          [
            7.81169,
            3.10461,
            10.31741
          ],
          [
            15.28131,
            14.25242,
            10.3193
          ],
          [
            6.98298,
            9.92877,
            10.10878
          ],
          [
            13.1803,
            9.81605,
            10.36086
          ],
          [
            5.11043,
            7.22918,
            10.28056
          ],
          [
            7.35422,
            7.35673,
            10.03409
          ],
          [
            4.89081,
            8.79817,
            10.29905
          ],
          [
            13.73021,
            12.17437,
            11.39984
          ],
          [
            13.40306,
            12.28963,
            9.67364
          ],
          [
            7.79578,
            12.3862,
            10.91268
          ],
          [
            7.43369,
            12.49568,
            9.19475
          ],
          [
            7.18831,
            8.37811,
            10.0351
          ],
          [
            5.7692,
            4.78131,
            9.42481
          ],
          [
            5.83294,
            4.85731,
            11.17976
          ],
          [
            8.39943,
            5.07445,
            11.03038
          ],
          [
            8.27537,
            4.9502,
            9.27687
          ],
          [
            8.83747,
            2.71274,
            10.23487
          ],
          [
            7.38135,
            2.7472,
            11.26792
          ],
          [
            7.22084,
            2.65038,
            9.49538
          ],
          [
            16.22188,
            14.79052,
            10.115
          ],
          [
            14.9333,
            14.54189,
            11.32531
          ],
          [
            14.53057,
            14.61609,
            9.58994
          ]
        ],
        "Stress": [
          [
            -50.46618,
            0.65539,
            -0.17715
          ],
          [
            0.65539,
            -49.91597,
            0.00805
          ],
          [
            -0.17715,
            0.00805,
            -2.20757
          ]
        ],
        "computation_code": "VASP",
        "pseudopotential_information": [
          [
            "PAW_PBE",
            "Pt",
            "04Feb2005"
          ],
          [
            "PAW_PBE",
            "C",
            "08Apr2002"
          ],
          [
            "PAW_PBE",
            "O",
            "08Apr2002"
          ],
          [
            "PAW_PBE",
            "H",
            "15Jun2001"
          ]
        ]
      }
    ],
    "EnergyStyle": "electronvolt",
    "ForcesStyle": "electronvoltperangstrom",
    "LatticeStyle": "angstrom",
    "PositionsStyle": "angstrom",
    "StressStyle": "kB"
  }
}