{
  "Dataset": {
    "AtomTypeStyle": "chemicalsymbol",
    "Data": [
      {
        "AtomTypes": [
          "Pt",
          "Pt",
          "Pt",
          "Pt",
          "Pt",
          "Pt",
          "Pt",
          "Pt",
          "Pt",
          "Pt",
          "Pt",
          "Pt",
          "Pt",
          "Pt",
          "Pt",
          "Pt",
          "Pt",
          "Pt",
          "Pt",
          "Pt",
          "Pt",
          "Pt",
          "Pt",
          "Pt",
          "Pt",
          "Pt",
          "Pt",
          "Pt",
          "Pt",
          "Pt",
          "Pt",
          "Pt",
          "Pt",
          "Pt",
          "Pt",
          "Pt",
          "Pt",
          "Pt",
          "Pt",
          "Pt",
          "Pt",
          "Pt",
          "Pt",
          "Pt",
          "Pt",
          "Pt",
          "Pt",
          "Pt",
          "Pt",
          "Pt",
          "Pt",
          "Pt",
          "Pt",
          "Pt",
          "Pt",
          "Pt",
          "Pt",
          "Pt",
          "Pt",
          "Pt",
          "Pt",
          "Pt",
          "Pt",
          "Pt",
          "Pt",
          "Pt",
          "Pt",
          "Pt",
          "Pt",
          "Pt",
          "Pt",
          "Pt",
          "Pt",
          "Pt",
          "Pt",
          "Pt",
          "Pt",
          "Pt",
          "Pt",
          "Pt",
          "Pt",
          "Pt",
          "Pt",
          "Pt",
          "C",
          "C",
          "C",
          "C",
          "C",
          "C",
          "C",
          "C",
          "O",
          "O",
          "O",
          "O",
          "H",
          "H",
          "H",
          "H",
          "H",
          "H",
          "H",
          "H",
          "H",
          "H",
          "H",
          "H",
          "H",
          "H",
          "H",
          "H"
        ],
        "Energy": -405.45452304,
        "Forces": [
          [
            -0.005685,
            -0.007038,
            -0.03654
          ],
          [
            -0.004847,
            -0.005219,
            -0.033893
          ],
          [
            -0.002076,
            -0.00703,
            -0.041037
          ],
          [
            -0.007868,
            0.000778,
            -0.040272
          ],
          [
            -0.011738,
            -0.009934,
            -0.031929
          ],
          [
            -0.011033,
            -0.005764,
            -0.034848
          ],
          [
            -0.010178,
            0.000673,
            -0.030761
          ],
          [
            -0.008712,
            -0.004494,
            -0.031553
          ],
          [
            -0.008052,
            -0.004661,
            -0.035106
          ],
          [
            -0.012325,
            -0.001858,
            -0.032773
          ],
          [
            -0.002861,
            -0.002796,
            -0.033898
          ],
          [
            -0.007074,
            -0.003892,
            -0.033162
          ],
          [
            -0.007525,
            -0.009852,
            -0.026584
          ],
          [
            -0.00798,
            -0.001144,
            -0.04165
          ],
          [
            -0.008703,
            -0.006355,
            -0.028658
          ],
          [
            -0.002334,
            -0.006645,
            -0.032975
          ],
          [
            -0.000465,
            -0.003743,
            -0.033142
          ],
          [
            -0.007055,
            -0.009199,
            -0.035094
          ],
          [
            -0.00571,
            -0.00809,
            -0.035912
          ],
          [
            -0.009251,
            -0.006052,
            -0.03503
          ],
          [
            -0.012927,
            -0.007368,
            -0.02994
          ],
          [
            0.01924,
            0.012444,
            0.041686
          ],
          [
            0.009637,
            0.007181,
            0.038665
          ],
          [
            0.009526,
            0.006231,
            0.015837
          ],
          [
            0.00836,
            0.003124,
            0.028598
          ],
          [
            0.016204,
            -0.001095,
            0.024445
          ],
          [
            0.013568,
            0.00879,
            0.01512
          ],
          [
            0.012269,
            0.009847,
            0.040146
          ],
          [
            0.009474,
            -0.003434,
            0.026477
          ],
          [
            0.015556,
            0.004649,
            0.019848
          ],
          [
            0.012855,
            0.011968,
            0.028634
          ],
          [
            0.020237,
            0.007454,
            0.048313
          ],
          [
            0.00635,
            0.000725,
            0.051683
          ],
          [
            0.017948,
            0.004252,
            0.04434
          ],
          [
            0.014254,
            0.016938,
            0.037849
          ],
          [
            0.002033,
            0.005263,
            0.034944
          ],
          [
            0.009836,
            0.011047,
            0.035539
          ],
          [
            0.005193,
            0.016181,
            0.047855
          ],
          [
            0.014867,
            -0.001277,
            0.053127
          ],
          [
            0.01129,
            0.008609,
            0.026182
          ],
          [
            0.008236,
            0.005188,
            0.014648
          ],
          [
            0.008391,
            0.01089,
            0.019795
          ],
          [
            0.001405,
            7.4e-05,
            0.000755
          ],
          [
            -0.000511,
            -0.001367,
            0.002785
          ],
          [
            0.000561,
            0.001567,
            0.002548
          ],
          [
            0.00076,
            -0.000635,
            0.001653
          ],
          [
            -0.001578,
            -0.001025,
            -0.000826
          ],
          [
            -0.001529,
            0.001734,
            -0.000844
          ],
          [
            0.001436,
            -0.002357,
            0.001365
          ],
          [
            0.000276,
            -0.001003,
            0.001586
          ],
          [
            -0.000648,
            -0.000643,
            0.002623
          ],
          [
            0.000675,
            0.001337,
            0.003939
          ],
          [
            0.000593,
            0.001431,
            0.002378
          ],
          [
            0.001905,
            -0.001626,
            -0.000252
          ],
          [
            0.000175,
            0.000411,
            -0.000685
          ],
          [
            0.001089,
            0.000299,
            -0.000581
          ],
          [
            0.000252,
            -5.8e-05,
            0.000923
          ],
          [
            -0.000539,
            -0.000881,
            0.002616
          ],
          [
            -0.001187,
            0.001584,
            0.000731
          ],
          [
            0.000354,
            0.000133,
            0.000365
          ],
          [
            0.000689,
            -0.000357,
            0.00044
          ],
          [
            -0.000763,
            0.000436,
            -0.000799
          ],
          [
            -0.001048,
            0.000601,
            -8e-06
          ],
          [
            -0.000599,
            0.001844,
            -0.000383
          ],
          [
            0.000999,
            0.001212,
            0.000697
          ],
          [
            0.000237,
            0.001244,
            0.000111
          ],
          [
            -0.000447,
            0.000161,
            -0.003018
          ],
          [
            9e-05,
            -0.002304,
            -5.2e-05
          ],
          [
            -0.00047,
            -0.001749,
            0.001913
          ],
          [
            -0.000316,
            0.001682,
            0.002415
          ],
          [
            0.001373,
            0.00088,
            0.001365
          ],
          [
            0.00054,
            0.000326,
            5.5e-05
          ],
          [
            0.000356,
            0.001005,
            -0.001851
          ],
          [
            -0.001798,
            0.000528,
            -0.004071
          ],
          [
            0.000363,
            -0.004013,
            -0.001709
          ],
          [
            0.000772,
            -0.002834,
            0.002423
          ],
          [
            -0.001608,
            0.001501,
            0.002364
          ],
          [
            0.000246,
            0.001408,
            0.000582
          ],
          [
            -0.001387,
            0.00106,
            -0.000205
          ],
          [
            0.001406,
            -2e-05,
            -0.003126
          ],
          [
            -0.000355,
            -0.000556,
            -0.000894
          ],
          [
            0.001198,
            -0.003389,
            0.001088
          ],
          [
            5.6e-05,
            -0.002029,
            0.001634
          ],
          [
            0.000854,
            0.001551,
            0.001245
          ],
          [
            -0.053878,
            0.027707,
            0.013797
          ],
          [
            0.005376,
            -0.010283,
            0.002341
          ],
          [
            -0.031834,
            0.011066,
            -0.019489
          ],
          [
            0.005764,
            0.006649,
            0.001555
          ],
          [
            -0.001047,
            0.012815,
            0.00081
          ],
          [
            -0.001239,
            -0.00426,
            -0.000375
          ],
          [
            -0.009685,
            0.002517,
            -0.001754
          ],
          [
            0.013161,
            -0.007031,
            -0.004577
          ],
          [
            0.028002,
            -0.029954,
            -0.007487
          ],
          [
            -0.001851,
            -0.010054,
            -0.005363
          ],
          [
            -0.021183,
            0.004818,
            -0.001505
          ],
          [
            -0.005523,
            0.006866,
            -0.000774
          ],
          [
            0.001634,
            0.003551,
            0.001876
          ],
          [
            -4.6e-05,
            -0.001068,
            0.003353
          ],
          [
            -0.004665,
            -4.6e-05,
            -0.009053
          ],
          [
            0.010995,
            -0.008311,
            0.01793
          ],
          [
            -0.00687,
            -0.000112,
            0.000135
          ],
          [
            0.004201,
            -0.020327,
            0.00374
          ],
          [
            -0.004418,
            -0.006902,
            -0.008838
          ],
          [
            -0.005828,
            -0.005913,
            0.006121
          ],
          [
            0.001494,
            0.000443,
            0.000504
          ],
          [
            0.002392,
            -0.000945,
            0.001482
          ],
          [
            0.004755,
            -0.002412,
            -0.000334
          ],
          [
            -0.001155,
            -0.001345,
            0.003165
          ],
          [
            0.002403,
            -0.001373,
            -0.000902
          ],
          [
            -0.009215,
            -0.000319,
            0.000608
          ],
          [
            -0.007497,
            0.001057,
            0.009763
          ],
          [
            -0.009044,
            0.000707,
            -0.006998
          ]
        ],
        "Lattice": [
          [
            8.440733888,
            0.0,
            0.0
          ],
          [
            9.847522711,
            17.056409664,
            0.0
          ],
          [
            0.0,
            0.0,
            21.483230926
          ]
        ],
        "NumAtoms": 112,
        "Positions": [
          [
            0.00042,
            0.00024,
            0.0
          ],
          [
            1.40721,
            2.43687,
            0.0
          ],
          [
            2.814,
            4.8735,
            0.0
          ],
          [
            4.22079,
            7.31013,
            0.0
          ],
          [
            5.62758,
            9.74676,
            0.0
          ],
          [
            7.03437,
            12.18339,
            0.0
          ],
          [
            8.44116,
            14.62002,
            0.0
          ],
          [
            2.814,
            0.00024,
            0.0
          ],
          [
            4.22079,
            2.43687,
            0.0
          ],
          [
            5.62758,
            4.8735,
            0.0
          ],
          [
            7.03437,
            7.31013,
            0.0
          ],
          [
            8.44116,
            9.74676,
            0.0
          ],
          [
            9.84794,
            12.18339,
            0.0
          ],
          [
            11.25473,
            14.62002,
            0.0
          ],
          [
            5.62758,
            0.00024,
            0.0
          ],
          [
            7.03437,
            2.43687,
            0.0
          ],
          [
            8.44116,
            4.8735,
            0.0
          ],
          [
            9.84794,
            7.31013,
            0.0
          ],
          [
            11.25473,
            9.74676,
            0.0
          ],
          [
            12.66152,
            12.18339,
            0.0
          ],
          [
            14.06831,
            14.62002,
            0.0
          ],
          [
            2.81425,
            1.62481,
            2.2975
          ],
          [
            4.22104,
            4.06144,
            2.2975
          ],
          [
            5.62783,
            6.49807,
            2.2975
          ],
          [
            7.03462,
            8.9347,
            2.2975
          ],
          [
            8.44141,
            11.37133,
            2.2975
          ],
          [
            9.8482,
            13.80796,
            2.2975
          ],
          [
            11.25498,
            16.24459,
            2.2975
          ],
          [
            5.62783,
            1.62481,
            2.2975
          ],
          [
            7.03462,
            4.06144,
            2.2975
          ],
          [
            8.44141,
            6.49807,
            2.2975
          ],
          [
            9.8482,
            8.9347,
            2.2975
          ],
          [
            11.25498,
            11.37133,
            2.2975
          ],
          [
            12.66177,
            13.80796,
            2.2975
          ],
          [
            14.06856,
            16.24459,
            2.2975
          ],
          [
            8.44141,
            1.62481,
            2.2975
          ],
          [
            9.8482,
            4.06144,
            2.2975
          ],
          [
            11.25498,
            6.49807,
            2.2975
          ],
          [
            12.66177,
            8.9347,
            2.2975
          ],
          [
            14.06856,
            11.37133,
            2.2975
          ],
          [
            15.47535,
            13.80796,
            2.2975
          ],
          [
            16.88214,
            16.24459,
            2.2975
          ],
          [
            1.41803,
            0.82256,
            4.56531
          ],
          [
            2.82408,
            3.2606,
            4.56562
          ],
          [
            4.22804,
            5.69701,
            4.56331
          ],
          [
            5.63697,
            8.1281,
            4.56302
          ],
          [
            7.04684,
            10.56618,
            4.5608
          ],
          [
            8.45543,
            13.00347,
            4.56006
          ],
          [
            9.86259,
            15.44303,
            4.56177
          ],
          [
            4.22918,
            0.82112,
            4.56668
          ],
          [
            5.63608,
            3.25411,
            4.56127
          ],
          [
            7.04513,
            5.6916,
            4.56136
          ],
          [
            8.4547,
            8.13144,
            4.56197
          ],
          [
            9.86119,
            10.56871,
            4.56739
          ],
          [
            11.26695,
            13.0084,
            4.56447
          ],
          [
            12.67167,
            15.44361,
            4.56538
          ],
          [
            7.04503,
            0.81789,
            4.56343
          ],
          [
            8.45116,
            3.25711,
            4.56451
          ],
          [
            9.85911,
            5.6962,
            4.56458
          ],
          [
            11.2669,
            8.13394,
            4.56772
          ],
          [
            12.67031,
            10.57037,
            4.56408
          ],
          [
            14.0798,
            13.00431,
            4.56501
          ],
          [
            15.48514,
            15.44043,
            4.56249
          ],
          [
            0.02397,
            0.01689,
            6.87316
          ],
          [
            1.43113,
            2.45001,
            6.86973
          ],
          [
            2.83641,
            4.88995,
            6.87663
          ],
          [
            4.24299,
            7.32775,
            6.88025
          ],
          [
            5.6504,
            9.76347,
            6.85969
          ],
          [
            7.06836,
            12.20024,
            6.86
          ],
          [
            8.47004,
            14.64363,
            6.85826
          ],
          [
            2.83368,
            0.0175,
            6.87747
          ],
          [
            4.23804,
            2.45099,
            6.87498
          ],
          [
            5.64113,
            4.88571,
            6.85643
          ],
          [
            7.06196,
            7.33206,
            6.85941
          ],
          [
            8.47005,
            9.76552,
            6.87174
          ],
          [
            9.87973,
            12.20128,
            6.87159
          ],
          [
            11.27856,
            14.63706,
            6.87602
          ],
          [
            5.64753,
            0.0172,
            6.87078
          ],
          [
            7.05236,
            2.44803,
            6.8659
          ],
          [
            8.47133,
            4.8946,
            6.86666
          ],
          [
            9.87632,
            7.33146,
            6.87445
          ],
          [
            11.28161,
            9.76426,
            6.87947
          ],
          [
            12.68455,
            12.2015,
            6.87277
          ],
          [
            14.08843,
            14.643,
            6.86741
          ],
          [
            5.87048,
            10.47389,
            10.2756
          ],
          [
            14.16092,
            11.96614,
            10.40608
          ],
          [
            15.45631,
            12.74163,
            10.20519
          ],
          [
            6.2172,
            6.67919,
            10.199
          ],
          [
            6.36563,
            5.18202,
            10.26903
          ],
          [
            7.78423,
            4.62508,
            10.22784
          ],
          [
            7.80796,
            3.10316,
            10.31884
          ],
          [
            15.26678,
            14.24957,
            10.31871
          ],
          [
            6.97508,
            9.92714,
            10.10652
          ],
          [
            13.17216,
            9.80987,
            10.36217
          ],
          [
            5.10101,
            7.21979,
            10.28104
          ],
          [
            7.34306,
            7.35569,
            10.03494
          ],
          [
            4.88004,
            8.79162,
            10.29923
          ],
          [
            13.71777,
            12.16805,
            11.39957
          ],
          [
            13.38925,
            12.28472,
            9.67535
          ],
          [
            7.78399,
            12.3845,
            10.91065
          ],
          [
            7.42148,
            12.49364,
            9.19407
          ],
          [
            7.17365,
            8.37807,
            10.03503
          ],
          [
            5.767,
            4.77708,
            9.42042
          ],
          [
            5.82619,
            4.84949,
            11.17461
          ],
          [
            8.39253,
            5.07428,
            11.03136
          ],
          [
            8.27136,
            4.94891,
            9.27725
          ],
          [
            8.83388,
            2.71028,
            10.23932
          ],
          [
            7.37433,
            2.74716,
            11.2687
          ],
          [
            7.21739,
            2.64874,
            9.49632
          ],
          [
            16.20737,
            14.78769,
            10.11481
          ],
          [
            14.91851,
            14.53903,
            11.32453
          ],
          [
            14.51598,
            14.61266,
            9.58968
          ]
        ],
        "Stress": [
          [
            -50.40627,
            0.6141,
            -0.17029
          ],
          [
            0.6141,
            -49.91773,
            0.01135
          ],
          [
            -0.17029,
            0.01135,
            -2.14287
          ]
        ],
        "computation_code": "VASP",
        "pseudopotential_information": [
          [
            "PAW_PBE",
            "Pt",
            "04Feb2005"
          ],
          [
            "PAW_PBE",
            "C",
            "08Apr2002"
          ],
          [
            "PAW_PBE",
            "O",
            "08Apr2002"
          ],
          [
            "PAW_PBE",
            "H",
            "15Jun2001"
          ]
        ]
      }
    ],
    "EnergyStyle": "electronvolt",
    "ForcesStyle": "electronvoltperangstrom",
    "LatticeStyle": "angstrom",
    "PositionsStyle": "angstrom",
    "StressStyle": "kB"
  }
}