{
  "Dataset": {
    "AtomTypeStyle": "chemicalsymbol",
    "Data": [
      {
        "AtomTypes": [
          "Pt",
          "Pt",
          "Pt",
          "Pt",
          "Pt",
          "Pt",
          "Pt",
          "Pt",
          "Pt",
          "Pt",
          "Pt",
          "Pt",
          "Pt",
          "Pt",
          "Pt",
          "Pt",
          "Pt",
          "Pt",
          "Pt",
          "Pt",
          "Pt",
          "Pt",
          "Pt",
          "Pt",
          "Pt",
          "Pt",
          "Pt",
          "Pt",
          "Pt",
          "Pt",
          "Pt",
          "Pt",
          "Pt",
          "Pt",
          "Pt",
          "Pt",
          "Pt",
          "Pt",
          "Pt",
          "Pt",
          "Pt",
          "Pt",
          "Pt",
          "Pt",
          "Pt",
          "Pt",
          "Pt",
          "Pt",
          "Pt",
          "Pt",
          "Pt",
          "Pt",
          "Pt",
          "Pt",
          "Pt",
          "Pt",
          "Pt",
          "Pt",
          "Pt",
          "Pt",
          "Pt",
          "Pt",
          "Pt",
          "Pt",
          "Pt",
          "Pt",
          "Pt",
          "Pt",
          "Pt",
          "Pt",
          "Pt",
          "Pt",
          "C",
          "C",
          "C",
          "C",
          "C",
          "C",
          "C",
          "C",
          "O",
          "O",
          "O",
          "O",
          "H",
          "H",
          "H",
          "H",
          "H",
          "H",
          "H",
          "H",
          "H",
          "H",
          "H",
          "H",
          "H",
          "H",
          "H",
          "H"
        ],
        "Energy": -368.16405502,
        "Forces": [
          [
            0.012555,
            -0.018418,
            -0.049641
          ],
          [
            0.018164,
            -0.016357,
            -0.045801
          ],
          [
            0.01218,
            -0.015542,
            -0.041639
          ],
          [
            0.0125,
            -0.011733,
            -0.039771
          ],
          [
            0.015474,
            -0.017388,
            -0.05804
          ],
          [
            0.013687,
            -0.017889,
            -0.048369
          ],
          [
            0.017858,
            -0.015812,
            -0.042509
          ],
          [
            0.007128,
            -0.011719,
            -0.045192
          ],
          [
            0.011743,
            -0.017639,
            -0.054138
          ],
          [
            0.020601,
            -0.016453,
            -0.047225
          ],
          [
            0.014757,
            -0.011405,
            -0.047556
          ],
          [
            0.01058,
            -0.012701,
            -0.047563
          ],
          [
            0.011234,
            -0.015253,
            -0.053516
          ],
          [
            0.017845,
            -0.016988,
            -0.04394
          ],
          [
            0.019448,
            -0.010325,
            -0.046776
          ],
          [
            0.012525,
            -0.01214,
            -0.042896
          ],
          [
            0.013318,
            -0.009344,
            -0.04839
          ],
          [
            0.01475,
            -0.018195,
            -0.056636
          ],
          [
            -0.012962,
            0.000621,
            0.001922
          ],
          [
            -0.025755,
            0.01686,
            0.055027
          ],
          [
            -0.003721,
            0.01612,
            0.05115
          ],
          [
            -0.014416,
            0.019202,
            0.032463
          ],
          [
            -0.014449,
            0.005856,
            0.011211
          ],
          [
            -0.024055,
            0.010541,
            0.070846
          ],
          [
            -0.013516,
            0.018176,
            0.058763
          ],
          [
            -0.007137,
            0.010078,
            0.019973
          ],
          [
            -0.01261,
            0.012346,
            0.015649
          ],
          [
            -0.015528,
            0.012552,
            0.037514
          ],
          [
            -0.013959,
            0.017489,
            0.070004
          ],
          [
            0.00036,
            0.012379,
            0.011259
          ],
          [
            -0.010258,
            0.012528,
            0.002133
          ],
          [
            -0.014352,
            0.001445,
            0.049074
          ],
          [
            -0.017489,
            0.031226,
            0.058656
          ],
          [
            -0.007161,
            0.021027,
            0.049412
          ],
          [
            -0.007521,
            -0.006044,
            0.007326
          ],
          [
            -0.015165,
            0.019558,
            0.029978
          ],
          [
            0.012608,
            -0.008469,
            -0.013322
          ],
          [
            -0.010529,
            0.001764,
            -0.001223
          ],
          [
            0.001775,
            -0.008989,
            -0.003015
          ],
          [
            -0.009758,
            0.007623,
            -0.010368
          ],
          [
            0.016625,
            0.006139,
            -0.015788
          ],
          [
            -0.011373,
            -0.000952,
            0.004605
          ],
          [
            -0.005803,
            -0.006815,
            -0.01086
          ],
          [
            -0.005458,
            0.019087,
            -0.011585
          ],
          [
            -0.00246,
            -0.008244,
            -0.016318
          ],
          [
            0.013943,
            0.004339,
            -0.001538
          ],
          [
            0.008004,
            0.003951,
            -0.000693
          ],
          [
            -0.015196,
            -0.006737,
            -0.019797
          ],
          [
            -0.00953,
            0.009872,
            -0.01589
          ],
          [
            -0.001328,
            -0.011765,
            -0.011247
          ],
          [
            0.009432,
            -0.003471,
            -0.005205
          ],
          [
            -0.000551,
            0.010521,
            0.00479
          ],
          [
            -0.002899,
            -0.010342,
            -0.015464
          ],
          [
            0.02107,
            0.000607,
            -0.016751
          ],
          [
            -0.001032,
            -0.011375,
            -0.001617
          ],
          [
            0.003453,
            0.000798,
            -0.018561
          ],
          [
            0.001922,
            0.009578,
            0.021826
          ],
          [
            -0.011746,
            0.001523,
            -0.005886
          ],
          [
            0.00396,
            0.021808,
            0.022283
          ],
          [
            -0.006381,
            -0.008639,
            0.004761
          ],
          [
            0.012121,
            -0.002583,
            -0.013896
          ],
          [
            0.001176,
            0.00902,
            0.028204
          ],
          [
            -0.003848,
            -0.006196,
            0.003873
          ],
          [
            -0.005819,
            -0.002176,
            0.001892
          ],
          [
            -0.010777,
            -0.001818,
            0.005158
          ],
          [
            0.00891,
            0.011591,
            0.004897
          ],
          [
            -0.005533,
            0.012489,
            0.022654
          ],
          [
            -0.001746,
            -0.007112,
            0.006762
          ],
          [
            -0.00885,
            -0.005099,
            -0.013024
          ],
          [
            -0.003809,
            -0.002879,
            0.011087
          ],
          [
            -0.008971,
            0.002643,
            -0.018924
          ],
          [
            -0.003224,
            -0.000598,
            -0.005417
          ],
          [
            -0.11485,
            -0.012005,
            0.042697
          ],
          [
            0.013192,
            0.036991,
            0.017324
          ],
          [
            -0.023644,
            -0.09499,
            0.044461
          ],
          [
            0.099052,
            -0.046668,
            0.098222
          ],
          [
            0.036373,
            0.027574,
            0.001798
          ],
          [
            0.032131,
            0.07456,
            0.073544
          ],
          [
            -0.050118,
            -0.149195,
            0.062784
          ],
          [
            0.013758,
            0.128195,
            0.034961
          ],
          [
            0.012918,
            -0.031508,
            -0.023618
          ],
          [
            0.039381,
            -0.044394,
            -0.023313
          ],
          [
            -0.124367,
            0.058286,
            -0.037825
          ],
          [
            0.083278,
            0.025643,
            -0.03295
          ],
          [
            0.037921,
            0.079899,
            0.041633
          ],
          [
            -0.002877,
            -0.021092,
            0.054613
          ],
          [
            -0.012211,
            -0.004938,
            -0.03482
          ],
          [
            0.021079,
            0.003212,
            0.023085
          ],
          [
            0.026709,
            -0.00847,
            -0.044303
          ],
          [
            -0.018238,
            -0.030216,
            0.024147
          ],
          [
            -0.056158,
            -0.022518,
            -0.038751
          ],
          [
            -0.002831,
            -0.012725,
            0.035048
          ],
          [
            -0.002405,
            -0.00419,
            -0.004999
          ],
          [
            0.006519,
            0.027447,
            -0.028811
          ],
          [
            0.016936,
            0.021839,
            0.007995
          ],
          [
            -0.008846,
            0.039671,
            -0.00511
          ],
          [
            0.008893,
            0.015339,
            0.008109
          ],
          [
            -0.008668,
            -0.018663,
            0.024441
          ],
          [
            -0.014468,
            -0.011825,
            -0.003939
          ],
          [
            -0.003489,
            -0.011012,
            0.014413
          ]
        ],
        "Lattice": [
          [
            8.440733911,
            0.0,
            0.0
          ],
          [
            8.440733911,
            14.619780548,
            0.0
          ],
          [
            0.0,
            0.0,
            21.483230591
          ]
        ],
        "NumAtoms": 100,
        "Positions": [
          [
            4.22079,
            2.43687,
            0.0
          ],
          [
            9.84794,
            12.18339,
            0.0
          ],
          [
            7.03437,
            7.31013,
            0.0
          ],
          [
            7.03437,
            2.43687,
            0.0
          ],
          [
            12.66152,
            12.18339,
            0.0
          ],
          [
            9.84795,
            7.31013,
            0.0
          ],
          [
            1.40721,
            2.43687,
            0.0
          ],
          [
            7.03437,
            12.18339,
            0.0
          ],
          [
            4.22079,
            7.31013,
            0.0
          ],
          [
            2.81385,
            0.0,
            0.0
          ],
          [
            8.44101,
            9.74652,
            0.0
          ],
          [
            5.62743,
            4.87326,
            0.0
          ],
          [
            5.62743,
            0.0,
            0.0
          ],
          [
            11.25459,
            9.74652,
            0.0
          ],
          [
            8.44101,
            4.87326,
            0.0
          ],
          [
            0.00028,
            0.0,
            0.0
          ],
          [
            5.62743,
            9.74652,
            0.0
          ],
          [
            2.81385,
            4.87326,
            0.0
          ],
          [
            7.03462,
            4.06144,
            2.2975
          ],
          [
            12.66177,
            13.80796,
            2.2975
          ],
          [
            9.8482,
            8.9347,
            2.2975
          ],
          [
            9.8482,
            4.06144,
            2.2975
          ],
          [
            15.47535,
            13.80796,
            2.2975
          ],
          [
            12.66177,
            8.9347,
            2.2975
          ],
          [
            4.22104,
            4.06144,
            2.2975
          ],
          [
            9.8482,
            13.80796,
            2.2975
          ],
          [
            7.03462,
            8.9347,
            2.2975
          ],
          [
            5.62769,
            1.62456,
            2.2975
          ],
          [
            11.25484,
            11.37109,
            2.2975
          ],
          [
            8.44127,
            6.49782,
            2.2975
          ],
          [
            8.44127,
            1.62456,
            2.2975
          ],
          [
            14.06842,
            11.37109,
            2.2975
          ],
          [
            11.25484,
            6.49782,
            2.2975
          ],
          [
            2.81411,
            1.62456,
            2.2975
          ],
          [
            8.44127,
            11.37109,
            2.2975
          ],
          [
            5.62769,
            6.49782,
            2.2975
          ],
          [
            1.39147,
            0.82702,
            4.56402
          ],
          [
            7.01625,
            10.56709,
            4.56392
          ],
          [
            4.20008,
            5.70747,
            4.56567
          ],
          [
            4.20301,
            0.8332,
            4.56862
          ],
          [
            9.83016,
            10.57036,
            4.5671
          ],
          [
            7.01724,
            5.69458,
            4.5576
          ],
          [
            7.01398,
            0.82205,
            4.56137
          ],
          [
            12.64087,
            10.57659,
            4.56943
          ],
          [
            9.83437,
            5.70191,
            4.56526
          ],
          [
            2.79775,
            3.26897,
            4.5678
          ],
          [
            8.4242,
            13.00491,
            4.55821
          ],
          [
            5.60509,
            8.13913,
            4.56444
          ],
          [
            5.60611,
            3.26268,
            4.56421
          ],
          [
            11.23737,
            13.01461,
            4.56647
          ],
          [
            8.4265,
            8.13371,
            4.56038
          ],
          [
            8.42524,
            3.25684,
            4.56004
          ],
          [
            14.04494,
            13.01352,
            4.56181
          ],
          [
            11.23547,
            8.14133,
            4.57274
          ],
          [
            5.5876,
            0.03648,
            6.88107
          ],
          [
            11.22537,
            9.77471,
            6.88917
          ],
          [
            8.41759,
            4.90743,
            6.8538
          ],
          [
            2.78639,
            0.03444,
            6.87682
          ],
          [
            8.41159,
            9.76995,
            6.8679
          ],
          [
            5.58573,
            4.90785,
            6.86203
          ],
          [
            11.22259,
            4.90593,
            6.88469
          ],
          [
            8.40756,
            0.03707,
            6.85655
          ],
          [
            14.02686,
            9.77905,
            6.873
          ],
          [
            1.3815,
            2.46728,
            6.86961
          ],
          [
            15.43086,
            12.22321,
            6.84676
          ],
          [
            12.62519,
            7.34308,
            6.88525
          ],
          [
            6.99406,
            2.46522,
            6.85586
          ],
          [
            12.62719,
            12.21733,
            6.88101
          ],
          [
            9.81989,
            7.34236,
            6.88111
          ],
          [
            6.9994,
            7.34542,
            6.84747
          ],
          [
            4.18378,
            2.46894,
            6.88745
          ],
          [
            9.82379,
            12.20918,
            6.8627
          ],
          [
            7.38759,
            10.53669,
            10.11651
          ],
          [
            7.59025,
            12.024,
            10.17137
          ],
          [
            9.04536,
            12.47382,
            10.17254
          ],
          [
            6.79002,
            6.77245,
            10.17169
          ],
          [
            6.57183,
            5.28248,
            10.21894
          ],
          [
            7.82709,
            4.41871,
            10.17426
          ],
          [
            7.52723,
            2.92921,
            10.17603
          ],
          [
            9.18712,
            13.98653,
            10.20477
          ],
          [
            8.32701,
            9.74301,
            9.91462
          ],
          [
            6.1322,
            10.15641,
            10.27175
          ],
          [
            5.83779,
            7.56988,
            10.20132
          ],
          [
            8.05391,
            7.1525,
            10.10279
          ],
          [
            6.0237,
            9.12526,
            10.20787
          ],
          [
            15.46606,
            12.42852,
            11.02937
          ],
          [
            15.50381,
            12.44193,
            9.27852
          ],
          [
            9.58108,
            12.00851,
            11.01746
          ],
          [
            9.54076,
            12.06879,
            9.26173
          ],
          [
            8.14491,
            8.1776,
            10.02108
          ],
          [
            5.91518,
            5.0483,
            9.35075
          ],
          [
            5.95074,
            5.06935,
            11.10687
          ],
          [
            8.49655,
            4.68139,
            11.01197
          ],
          [
            8.40321,
            4.67317,
            9.25505
          ],
          [
            8.44614,
            2.33336,
            10.06122
          ],
          [
            7.02466,
            2.60334,
            11.10429
          ],
          [
            6.85437,
            2.65414,
            9.33341
          ],
          [
            10.23841,
            14.29993,
            10.09218
          ],
          [
            8.7964,
            14.41761,
            11.14274
          ],
          [
            8.62264,
            14.45403,
            9.36851
          ]
        ],
        "Stress": [
          [
            -51.45203,
            -0.61845,
            -0.48285
          ],
          [
            -0.61845,
            -51.04855,
            0.50023
          ],
          [
            -0.48285,
            0.50023,
            -0.57716
          ]
        ],
        "computation_code": "VASP",
        "pseudopotential_information": [
          [
            "PAW_PBE",
            "Pt",
            "04Feb2005"
          ],
          [
            "PAW_PBE",
            "C",
            "08Apr2002"
          ],
          [
            "PAW_PBE",
            "O",
            "08Apr2002"
          ],
          [
            "PAW_PBE",
            "H",
            "15Jun2001"
          ]
        ]
      }
    ],
    "EnergyStyle": "electronvolt",
    "ForcesStyle": "electronvoltperangstrom",
    "LatticeStyle": "angstrom",
    "PositionsStyle": "angstrom",
    "StressStyle": "kB"
  }
}