{
  "Dataset": {
    "AtomTypeStyle": "chemicalsymbol",
    "Data": [
      {
        "AtomTypes": [
          "Pt",
          "Pt",
          "Pt",
          "Pt",
          "Pt",
          "Pt",
          "Pt",
          "Pt",
          "Pt",
          "Pt",
          "Pt",
          "Pt",
          "Pt",
          "Pt",
          "Pt",
          "Pt",
          "Pt",
          "Pt",
          "Pt",
          "Pt",
          "Pt",
          "Pt",
          "Pt",
          "Pt",
          "Pt",
          "Pt",
          "Pt",
          "Pt",
          "Pt",
          "Pt",
          "Pt",
          "Pt",
          "Pt",
          "Pt",
          "Pt",
          "Pt",
          "Pt",
          "Pt",
          "Pt",
          "Pt",
          "Pt",
          "Pt",
          "Pt",
          "Pt",
          "Pt",
          "Pt",
          "Pt",
          "Pt",
          "Pt",
          "Pt",
          "Pt",
          "Pt",
          "Pt",
          "Pt",
          "Pt",
          "Pt",
          "Pt",
          "Pt",
          "Pt",
          "Pt",
          "Pt",
          "Pt",
          "Pt",
          "Pt",
          "Pt",
          "Pt",
          "Pt",
          "Pt",
          "Pt",
          "Pt",
          "Pt",
          "Pt",
          "C",
          "C",
          "C",
          "C",
          "C",
          "C",
          "C",
          "C",
          "O",
          "O",
          "O",
          "O",
          "H",
          "H",
          "H",
          "H",
          "H",
          "H",
          "H",
          "H",
          "H",
          "H",
          "H",
          "H",
          "H",
          "H",
          "H",
          "H"
        ],
        "Energy": -368.18329414,
        "Forces": [
          [
            0.01426,
            -0.017948,
            -0.050152
          ],
          [
            0.018133,
            -0.01706,
            -0.044377
          ],
          [
            0.01442,
            -0.017881,
            -0.042014
          ],
          [
            0.013786,
            -0.014822,
            -0.040167
          ],
          [
            0.016744,
            -0.015425,
            -0.057162
          ],
          [
            0.014158,
            -0.017374,
            -0.048953
          ],
          [
            0.018606,
            -0.015061,
            -0.040442
          ],
          [
            0.009569,
            -0.016395,
            -0.044367
          ],
          [
            0.01304,
            -0.01829,
            -0.054674
          ],
          [
            0.022158,
            -0.016373,
            -0.045029
          ],
          [
            0.015546,
            -0.014042,
            -0.048256
          ],
          [
            0.011901,
            -0.012774,
            -0.046688
          ],
          [
            0.013258,
            -0.016381,
            -0.052986
          ],
          [
            0.019937,
            -0.017256,
            -0.042811
          ],
          [
            0.019583,
            -0.014016,
            -0.047022
          ],
          [
            0.013507,
            -0.0146,
            -0.044754
          ],
          [
            0.013465,
            -0.011026,
            -0.047235
          ],
          [
            0.01755,
            -0.0155,
            -0.05466
          ],
          [
            -0.006777,
            0.007636,
            0.023531
          ],
          [
            -0.028422,
            0.016195,
            0.053329
          ],
          [
            -0.01151,
            0.012712,
            0.045194
          ],
          [
            -0.024297,
            0.012648,
            0.038353
          ],
          [
            -0.010659,
            0.013799,
            0.01958
          ],
          [
            -0.025946,
            0.016713,
            0.056433
          ],
          [
            -0.015546,
            0.018868,
            0.050778
          ],
          [
            -0.013574,
            0.010308,
            0.023009
          ],
          [
            -0.008092,
            0.016241,
            0.023052
          ],
          [
            -0.011315,
            0.013105,
            0.038747
          ],
          [
            -0.017208,
            0.018595,
            0.056893
          ],
          [
            -0.009315,
            0.015466,
            0.018045
          ],
          [
            -0.015188,
            0.019987,
            0.023307
          ],
          [
            -0.010226,
            0.001475,
            0.049843
          ],
          [
            -0.017343,
            0.024311,
            0.052534
          ],
          [
            -0.012259,
            0.02051,
            0.042786
          ],
          [
            -0.014005,
            0.002449,
            0.019801
          ],
          [
            -0.015279,
            0.012058,
            0.036399
          ],
          [
            0.003442,
            0.001709,
            -0.003368
          ],
          [
            -0.004481,
            0.003643,
            0.007619
          ],
          [
            -0.002706,
            -7.8e-05,
            -0.006193
          ],
          [
            -0.007242,
            -0.000609,
            -0.005123
          ],
          [
            0.005126,
            0.003933,
            0.002649
          ],
          [
            -0.005924,
            0.000736,
            0.006417
          ],
          [
            -0.004392,
            0.002027,
            0.003156
          ],
          [
            -0.00012,
            0.001005,
            -0.004714
          ],
          [
            0.006807,
            -0.000806,
            -0.000899
          ],
          [
            -0.001061,
            0.000335,
            -0.004681
          ],
          [
            0.003849,
            -0.000316,
            0.009205
          ],
          [
            -0.000843,
            -0.001229,
            0.004286
          ],
          [
            -0.001573,
            -0.001175,
            -0.001038
          ],
          [
            0.001949,
            0.001718,
            -0.002177
          ],
          [
            0.004272,
            0.002538,
            0.008477
          ],
          [
            -8.3e-05,
            0.002217,
            0.002025
          ],
          [
            -0.007191,
            -0.000311,
            -0.000234
          ],
          [
            0.002454,
            -0.000232,
            -0.00577
          ],
          [
            0.004425,
            0.00379,
            0.001512
          ],
          [
            0.000322,
            0.003513,
            0.007174
          ],
          [
            -0.00638,
            -0.003774,
            -0.004445
          ],
          [
            -0.001973,
            0.000221,
            0.005093
          ],
          [
            -0.006181,
            -0.005402,
            -0.01082
          ],
          [
            0.007614,
            0.003527,
            0.000418
          ],
          [
            0.000451,
            -0.001538,
            0.002806
          ],
          [
            -0.00665,
            -0.004678,
            -0.002076
          ],
          [
            0.009147,
            0.00354,
            0.002239
          ],
          [
            -0.010719,
            0.000666,
            0.000189
          ],
          [
            0.004033,
            -0.00363,
            0.000484
          ],
          [
            0.003148,
            0.004402,
            -0.002769
          ],
          [
            0.004284,
            -0.005766,
            -0.002972
          ],
          [
            -0.000983,
            0.003649,
            -0.003897
          ],
          [
            -0.008732,
            0.000358,
            0.007029
          ],
          [
            0.008092,
            -0.006259,
            0.003816
          ],
          [
            -0.000816,
            0.00527,
            0.011773
          ],
          [
            -0.007088,
            0.00025,
            0.006818
          ],
          [
            0.003466,
            -0.001379,
            0.000565
          ],
          [
            0.029179,
            -0.007268,
            0.022917
          ],
          [
            -0.018517,
            -0.017045,
            0.002818
          ],
          [
            -0.035408,
            -0.010944,
            -0.003512
          ],
          [
            0.037701,
            0.018892,
            0.025342
          ],
          [
            -0.042968,
            0.01907,
            -0.001595
          ],
          [
            0.0145,
            -0.001368,
            -0.008334
          ],
          [
            -0.002804,
            -0.006162,
            -0.015507
          ],
          [
            -0.021006,
            0.027037,
            -0.003364
          ],
          [
            -0.008423,
            -0.009965,
            0.0047
          ],
          [
            0.016133,
            -0.013671,
            -0.004523
          ],
          [
            0.014033,
            0.00964,
            -0.00258
          ],
          [
            0.005668,
            0.01074,
            0.004446
          ],
          [
            0.00862,
            -0.001881,
            -0.001176
          ],
          [
            -0.001793,
            0.008879,
            -0.001573
          ],
          [
            -0.00361,
            0.003202,
            -0.007801
          ],
          [
            0.001529,
            0.004757,
            0.017627
          ],
          [
            -0.00043,
            0.00107,
            0.001511
          ],
          [
            -0.01094,
            -0.010199,
            -0.005998
          ],
          [
            0.003984,
            0.002711,
            0.006658
          ],
          [
            0.00705,
            -0.000855,
            0.002338
          ],
          [
            0.007755,
            -0.009266,
            0.015425
          ],
          [
            0.004906,
            -0.011937,
            0.010763
          ],
          [
            -0.008586,
            -0.000384,
            0.017501
          ],
          [
            0.003741,
            0.002474,
            0.018428
          ],
          [
            0.002792,
            0.013838,
            0.015047
          ],
          [
            -0.00783,
            2.6e-05,
            0.015342
          ],
          [
            0.00432,
            -0.00411,
            0.022662
          ]
        ],
        "Lattice": [
          [
            8.440733911,
            0.0,
            0.0
          ],
          [
            8.440733911,
            14.619780548,
            0.0
          ],
          [
            0.0,
            0.0,
            21.483230591
          ]
        ],
        "NumAtoms": 100,
        "Positions": [
          [
            4.22079,
            2.43687,
            0.0
          ],
          [
            9.84794,
            12.18339,
            0.0
          ],
          [
            7.03437,
            7.31013,
            0.0
          ],
          [
            7.03437,
            2.43687,
            0.0
          ],
          [
            12.66152,
            12.18339,
            0.0
          ],
          [
            9.84795,
            7.31013,
            0.0
          ],
          [
            1.40721,
            2.43687,
            0.0
          ],
          [
            7.03437,
            12.18339,
            0.0
          ],
          [
            4.22079,
            7.31013,
            0.0
          ],
          [
            2.81385,
            0.0,
            0.0
          ],
          [
            8.44101,
            9.74652,
            0.0
          ],
          [
            5.62743,
            4.87326,
            0.0
          ],
          [
            5.62743,
            0.0,
            0.0
          ],
          [
            11.25459,
            9.74652,
            0.0
          ],
          [
            8.44101,
            4.87326,
            0.0
          ],
          [
            0.00028,
            0.0,
            0.0
          ],
          [
            5.62743,
            9.74652,
            0.0
          ],
          [
            2.81385,
            4.87326,
            0.0
          ],
          [
            7.03462,
            4.06144,
            2.2975
          ],
          [
            12.66177,
            13.80796,
            2.2975
          ],
          [
            9.8482,
            8.9347,
            2.2975
          ],
          [
            9.8482,
            4.06144,
            2.2975
          ],
          [
            15.47535,
            13.80796,
            2.2975
          ],
          [
            12.66177,
            8.9347,
            2.2975
          ],
          [
            4.22104,
            4.06144,
            2.2975
          ],
          [
            9.8482,
            13.80796,
            2.2975
          ],
          [
            7.03462,
            8.9347,
            2.2975
          ],
          [
            5.62769,
            1.62456,
            2.2975
          ],
          [
            11.25484,
            11.37109,
            2.2975
          ],
          [
            8.44127,
            6.49782,
            2.2975
          ],
          [
            8.44127,
            1.62456,
            2.2975
          ],
          [
            14.06842,
            11.37109,
            2.2975
          ],
          [
            11.25484,
            6.49782,
            2.2975
          ],
          [
            2.81411,
            1.62456,
            2.2975
          ],
          [
            8.44127,
            11.37109,
            2.2975
          ],
          [
            5.62769,
            6.49782,
            2.2975
          ],
          [
            1.38821,
            0.82749,
            4.56449
          ],
          [
            7.01458,
            10.56976,
            4.56611
          ],
          [
            4.19947,
            5.70627,
            4.56682
          ],
          [
            4.20109,
            0.83293,
            4.56715
          ],
          [
            9.82683,
            10.57203,
            4.56548
          ],
          [
            7.01514,
            5.69771,
            4.56168
          ],
          [
            7.01275,
            0.82551,
            4.56445
          ],
          [
            12.63935,
            10.57981,
            4.56816
          ],
          [
            9.82917,
            5.70125,
            4.56384
          ],
          [
            2.79538,
            3.26863,
            4.56655
          ],
          [
            8.42125,
            13.00931,
            4.56128
          ],
          [
            5.60254,
            8.14047,
            4.56226
          ],
          [
            5.60565,
            3.26551,
            4.56395
          ],
          [
            11.23457,
            13.01351,
            4.56628
          ],
          [
            8.42358,
            8.1374,
            4.56211
          ],
          [
            8.42146,
            3.26076,
            4.56497
          ],
          [
            14.04423,
            13.01411,
            4.56124
          ],
          [
            11.23577,
            8.14052,
            4.56945
          ],
          [
            5.5819,
            0.03692,
            6.88057
          ],
          [
            11.21809,
            9.77829,
            6.88086
          ],
          [
            8.41156,
            4.91448,
            6.86476
          ],
          [
            2.7779,
            0.0373,
            6.87517
          ],
          [
            8.40566,
            9.78069,
            6.87734
          ],
          [
            5.58043,
            4.90935,
            6.86823
          ],
          [
            11.21808,
            4.91004,
            6.8796
          ],
          [
            8.4019,
            0.0441,
            6.86764
          ],
          [
            14.02073,
            9.781,
            6.87368
          ],
          [
            1.37441,
            2.47155,
            6.871
          ],
          [
            15.42354,
            12.22786,
            6.85311
          ],
          [
            12.62191,
            7.34701,
            6.88533
          ],
          [
            6.98672,
            2.47201,
            6.86655
          ],
          [
            12.62124,
            12.21899,
            6.88237
          ],
          [
            9.81389,
            7.34664,
            6.87492
          ],
          [
            6.9922,
            7.35092,
            6.85249
          ],
          [
            4.17855,
            2.47102,
            6.88021
          ],
          [
            9.81634,
            12.2151,
            6.86422
          ],
          [
            7.38378,
            10.53414,
            10.14694
          ],
          [
            7.58687,
            12.02171,
            10.21971
          ],
          [
            9.04306,
            12.47175,
            10.21444
          ],
          [
            6.80176,
            6.77666,
            10.20994
          ],
          [
            6.57968,
            5.28768,
            10.26774
          ],
          [
            7.8348,
            4.42283,
            10.21509
          ],
          [
            7.52393,
            2.932,
            10.23588
          ],
          [
            9.18003,
            13.98863,
            10.2625
          ],
          [
            8.32032,
            9.74145,
            9.91988
          ],
          [
            6.13321,
            10.15275,
            10.31625
          ],
          [
            5.84544,
            7.57335,
            10.22459
          ],
          [
            8.06554,
            7.15566,
            10.13398
          ],
          [
            6.02846,
            9.12302,
            10.24969
          ],
          [
            15.47501,
            12.40459,
            11.09707
          ],
          [
            15.48948,
            12.44966,
            9.33882
          ],
          [
            9.58686,
            12.00114,
            11.0524
          ],
          [
            9.53275,
            12.08133,
            9.29221
          ],
          [
            8.1508,
            8.18015,
            10.04484
          ],
          [
            5.90676,
            5.04867,
            9.41259
          ],
          [
            5.97489,
            5.08028,
            11.16962
          ],
          [
            8.51357,
            4.69107,
            11.04244
          ],
          [
            8.39586,
            4.67027,
            9.28323
          ],
          [
            8.44415,
            2.33322,
            10.15692
          ],
          [
            6.99316,
            2.63435,
            11.15622
          ],
          [
            6.87452,
            2.64975,
            9.3781
          ],
          [
            10.23461,
            14.29886,
            10.18653
          ],
          [
            8.75756,
            14.40999,
            11.19006
          ],
          [
            8.64106,
            14.45764,
            9.41081
          ]
        ],
        "Stress": [
          [
            -51.90383,
            -0.53113,
            -0.46389
          ],
          [
            -0.53113,
            -51.31665,
            0.4919
          ],
          [
            -0.46389,
            0.4919,
            -1.36851
          ]
        ],
        "computation_code": "VASP",
        "pseudopotential_information": [
          [
            "PAW_PBE",
            "Pt",
            "04Feb2005"
          ],
          [
            "PAW_PBE",
            "C",
            "08Apr2002"
          ],
          [
            "PAW_PBE",
            "O",
            "08Apr2002"
          ],
          [
            "PAW_PBE",
            "H",
            "15Jun2001"
          ]
        ]
      }
    ],
    "EnergyStyle": "electronvolt",
    "ForcesStyle": "electronvoltperangstrom",
    "LatticeStyle": "angstrom",
    "PositionsStyle": "angstrom",
    "StressStyle": "kB"
  }
}