{
  "Dataset": {
    "AtomTypeStyle": "chemicalsymbol",
    "Data": [
      {
        "AtomTypes": [
          "Pt",
          "Pt",
          "Pt",
          "Pt",
          "Pt",
          "Pt",
          "Pt",
          "Pt",
          "Pt",
          "Pt",
          "Pt",
          "Pt",
          "Pt",
          "Pt",
          "Pt",
          "Pt",
          "Pt",
          "Pt",
          "Pt",
          "Pt",
          "Pt",
          "Pt",
          "Pt",
          "Pt",
          "Pt",
          "Pt",
          "Pt",
          "Pt",
          "Pt",
          "Pt",
          "Pt",
          "Pt",
          "Pt",
          "Pt",
          "Pt",
          "Pt",
          "Pt",
          "Pt",
          "Pt",
          "Pt",
          "Pt",
          "Pt",
          "Pt",
          "Pt",
          "Pt",
          "Pt",
          "Pt",
          "Pt",
          "Pt",
          "Pt",
          "Pt",
          "Pt",
          "Pt",
          "Pt",
          "Pt",
          "Pt",
          "Pt",
          "Pt",
          "Pt",
          "Pt",
          "Pt",
          "Pt",
          "Pt",
          "Pt",
          "Pt",
          "Pt",
          "Pt",
          "Pt",
          "Pt",
          "Pt",
          "Pt",
          "Pt",
          "C",
          "C",
          "C",
          "C",
          "C",
          "C",
          "C",
          "C",
          "O",
          "O",
          "O",
          "O",
          "H",
          "H",
          "H",
          "H",
          "H",
          "H",
          "H",
          "H",
          "H",
          "H",
          "H",
          "H",
          "H",
          "H",
          "H",
          "H"
        ],
        "Energy": -368.11084493,
        "Forces": [
          [
            0.015917,
            -0.020313,
            -0.04832
          ],
          [
            0.012561,
            -0.016094,
            -0.041895
          ],
          [
            0.009036,
            -0.013368,
            -0.040743
          ],
          [
            0.013826,
            -0.009181,
            -0.039771
          ],
          [
            0.010601,
            -0.022829,
            -0.051148
          ],
          [
            0.009718,
            -0.017193,
            -0.053695
          ],
          [
            0.018706,
            -0.015326,
            -0.03842
          ],
          [
            0.002251,
            -0.00892,
            -0.041458
          ],
          [
            0.009185,
            -0.018627,
            -0.055644
          ],
          [
            0.01912,
            -0.016366,
            -0.045687
          ],
          [
            0.009932,
            -0.013515,
            -0.046025
          ],
          [
            0.013093,
            -0.013863,
            -0.045534
          ],
          [
            0.012902,
            -0.015018,
            -0.058978
          ],
          [
            0.009683,
            -0.022286,
            -0.047231
          ],
          [
            0.019909,
            -0.001661,
            -0.046683
          ],
          [
            0.009651,
            -0.008735,
            -0.041778
          ],
          [
            0.00742,
            -0.013039,
            -0.044622
          ],
          [
            0.013563,
            -0.016402,
            -0.053614
          ],
          [
            -0.032756,
            -0.004786,
            -0.013411
          ],
          [
            -0.035241,
            0.030096,
            0.010409
          ],
          [
            0.011402,
            0.024989,
            -0.026908
          ],
          [
            -0.000462,
            0.017189,
            0.010229
          ],
          [
            -0.010709,
            -0.000405,
            -0.029716
          ],
          [
            -0.001879,
            0.017132,
            -0.001563
          ],
          [
            -0.015714,
            0.02685,
            0.040185
          ],
          [
            0.013401,
            0.013547,
            0.000909
          ],
          [
            -0.00849,
            -0.00032,
            -0.031713
          ],
          [
            -0.029076,
            0.029468,
            0.000269
          ],
          [
            0.006531,
            0.045134,
            0.010676
          ],
          [
            0.004154,
            -0.00848,
            -0.017504
          ],
          [
            -0.002514,
            0.009904,
            -0.016094
          ],
          [
            -0.012346,
            0.01701,
            -0.00667
          ],
          [
            -0.004386,
            0.023489,
            -0.008693
          ],
          [
            -0.006404,
            0.035826,
            0.026028
          ],
          [
            0.010278,
            -0.003505,
            -0.045879
          ],
          [
            -0.013563,
            0.017981,
            -0.005165
          ],
          [
            -0.065235,
            0.000218,
            -0.024229
          ],
          [
            0.032108,
            -0.010979,
            0.070833
          ],
          [
            0.026912,
            -0.037045,
            -0.019168
          ],
          [
            0.011002,
            0.002273,
            -0.044837
          ],
          [
            -0.083545,
            -0.018967,
            0.038626
          ],
          [
            0.039592,
            -0.007872,
            0.051918
          ],
          [
            0.06474,
            0.011805,
            0.036796
          ],
          [
            0.015249,
            0.012364,
            0.003779
          ],
          [
            -0.098523,
            -0.036644,
            -0.009768
          ],
          [
            -0.042437,
            -0.006618,
            -0.073392
          ],
          [
            -0.024522,
            0.002049,
            0.054332
          ],
          [
            0.047178,
            -0.007844,
            0.005006
          ],
          [
            0.088215,
            0.000927,
            -0.023664
          ],
          [
            -0.043312,
            -0.003347,
            -0.0253
          ],
          [
            -0.048222,
            -0.002375,
            0.041168
          ],
          [
            -0.018548,
            -0.021736,
            0.04788
          ],
          [
            0.068401,
            -0.030567,
            0.002363
          ],
          [
            -0.024265,
            0.009343,
            0.003781
          ],
          [
            0.05309,
            -0.022002,
            0.069295
          ],
          [
            -0.055707,
            0.001166,
            0.03906
          ],
          [
            -0.004545,
            0.070821,
            -0.01594
          ],
          [
            -0.021788,
            -0.062562,
            0.035983
          ],
          [
            -0.004063,
            0.06144,
            0.057608
          ],
          [
            0.027936,
            0.004116,
            -0.039073
          ],
          [
            -0.01072,
            0.004433,
            0.060096
          ],
          [
            -0.014024,
            0.028588,
            -0.007334
          ],
          [
            0.034964,
            -0.01576,
            0.00101
          ],
          [
            -0.061887,
            0.004518,
            0.032456
          ],
          [
            -0.009032,
            0.049465,
            -0.045404
          ],
          [
            0.037918,
            -0.035091,
            0.088334
          ],
          [
            -0.00096,
            0.059335,
            -0.013962
          ],
          [
            0.012706,
            -0.032961,
            0.06124
          ],
          [
            -0.057819,
            -0.016806,
            0.039444
          ],
          [
            -0.012238,
            0.03631,
            -0.066921
          ],
          [
            0.053042,
            -0.018233,
            0.057491
          ],
          [
            -0.00345,
            -0.007487,
            -0.064687
          ],
          [
            0.02235,
            -0.062178,
            0.018254
          ],
          [
            -0.052957,
            -0.011755,
            0.01781
          ],
          [
            0.057125,
            -0.110889,
            -0.175709
          ],
          [
            0.077909,
            -0.01364,
            0.077147
          ],
          [
            0.003576,
            0.015803,
            -0.082823
          ],
          [
            -0.029653,
            0.251614,
            -0.107731
          ],
          [
            -0.174631,
            -0.087178,
            -0.015078
          ],
          [
            -0.147586,
            0.146793,
            0.003552
          ],
          [
            -0.163851,
            0.071009,
            0.037754
          ],
          [
            0.187574,
            -0.062241,
            -0.042878
          ],
          [
            0.114537,
            -0.043229,
            -0.020561
          ],
          [
            -0.15373,
            0.070633,
            -0.028684
          ],
          [
            0.069618,
            0.072495,
            0.044608
          ],
          [
            0.004253,
            -0.025731,
            0.060216
          ],
          [
            -0.058365,
            0.003669,
            -0.022821
          ],
          [
            0.038332,
            -0.028304,
            0.091816
          ],
          [
            -0.03956,
            0.023261,
            0.100255
          ],
          [
            -0.034877,
            -0.011165,
            0.052604
          ],
          [
            -0.016892,
            -0.006136,
            0.088652
          ],
          [
            0.018837,
            -0.008691,
            0.001293
          ],
          [
            0.093655,
            -0.000879,
            0.109087
          ],
          [
            -0.024725,
            -0.013878,
            0.051266
          ],
          [
            0.129848,
            -0.054729,
            0.021516
          ],
          [
            -0.049896,
            -0.028542,
            0.089315
          ],
          [
            0.019756,
            -0.015208,
            0.02537
          ],
          [
            0.079637,
            -0.028063,
            0.045008
          ],
          [
            -0.006708,
            -0.003015,
            -0.007742
          ],
          [
            0.038912,
            -0.032483,
            0.08954
          ]
        ],
        "Lattice": [
          [
            8.440733911,
            0.0,
            0.0
          ],
          [
            8.440733911,
            14.619780548,
            0.0
          ],
          [
            0.0,
            0.0,
            21.483230591
          ]
        ],
        "NumAtoms": 100,
        "Positions": [
          [
            4.22079,
            2.43687,
            0.0
          ],
          [
            9.84794,
            12.18339,
            0.0
          ],
          [
            7.03437,
            7.31013,
            0.0
          ],
          [
            7.03437,
            2.43687,
            0.0
          ],
          [
            12.66152,
            12.18339,
            0.0
          ],
          [
            9.84795,
            7.31013,
            0.0
          ],
          [
            1.40721,
            2.43687,
            0.0
          ],
          [
            7.03437,
            12.18339,
            0.0
          ],
          [
            4.22079,
            7.31013,
            0.0
          ],
          [
            2.81385,
            0.0,
            0.0
          ],
          [
            8.44101,
            9.74652,
            0.0
          ],
          [
            5.62743,
            4.87326,
            0.0
          ],
          [
            5.62743,
            0.0,
            0.0
          ],
          [
            11.25459,
            9.74652,
            0.0
          ],
          [
            8.44101,
            4.87326,
            0.0
          ],
          [
            0.00028,
            0.0,
            0.0
          ],
          [
            5.62743,
            9.74652,
            0.0
          ],
          [
            2.81385,
            4.87326,
            0.0
          ],
          [
            7.03462,
            4.06144,
            2.2975
          ],
          [
            12.66177,
            13.80796,
            2.2975
          ],
          [
            9.8482,
            8.9347,
            2.2975
          ],
          [
            9.8482,
            4.06144,
            2.2975
          ],
          [
            15.47535,
            13.80796,
            2.2975
          ],
          [
            12.66177,
            8.9347,
            2.2975
          ],
          [
            4.22104,
            4.06144,
            2.2975
          ],
          [
            9.8482,
            13.80796,
            2.2975
          ],
          [
            7.03462,
            8.9347,
            2.2975
          ],
          [
            5.62769,
            1.62456,
            2.2975
          ],
          [
            11.25484,
            11.37109,
            2.2975
          ],
          [
            8.44127,
            6.49782,
            2.2975
          ],
          [
            8.44127,
            1.62456,
            2.2975
          ],
          [
            14.06842,
            11.37109,
            2.2975
          ],
          [
            11.25484,
            6.49782,
            2.2975
          ],
          [
            2.81411,
            1.62456,
            2.2975
          ],
          [
            8.44127,
            11.37109,
            2.2975
          ],
          [
            5.62769,
            6.49782,
            2.2975
          ],
          [
            1.39601,
            0.82611,
            4.56064
          ],
          [
            7.01965,
            10.56663,
            4.5502
          ],
          [
            4.20596,
            5.71062,
            4.5633
          ],
          [
            4.19878,
            0.83601,
            4.56474
          ],
          [
            9.84779,
            10.57559,
            4.55577
          ],
          [
            7.0167,
            5.69069,
            4.55324
          ],
          [
            7.00889,
            0.81856,
            4.55138
          ],
          [
            12.64875,
            10.58046,
            4.56103
          ],
          [
            9.84642,
            5.70083,
            4.55886
          ],
          [
            2.80225,
            3.27164,
            4.56807
          ],
          [
            8.43033,
            13.00249,
            4.55096
          ],
          [
            5.61236,
            8.13871,
            4.55866
          ],
          [
            5.59845,
            3.26337,
            4.56428
          ],
          [
            11.24244,
            13.01739,
            4.567
          ],
          [
            8.43899,
            8.12904,
            4.54751
          ],
          [
            8.42549,
            3.25643,
            4.55196
          ],
          [
            14.04205,
            13.0145,
            4.55502
          ],
          [
            11.2486,
            8.14343,
            4.55931
          ],
          [
            5.57953,
            0.03234,
            6.86174
          ],
          [
            11.24469,
            9.7756,
            6.87064
          ],
          [
            8.4266,
            4.8891,
            6.84695
          ],
          [
            2.78553,
            0.04042,
            6.87164
          ],
          [
            8.42426,
            9.75445,
            6.84139
          ],
          [
            5.58999,
            4.90095,
            6.86595
          ],
          [
            11.23354,
            4.90517,
            6.87189
          ],
          [
            8.40715,
            0.02565,
            6.84952
          ],
          [
            14.03472,
            9.77564,
            6.86256
          ],
          [
            1.38697,
            2.46119,
            6.85909
          ],
          [
            15.43368,
            12.20878,
            6.83762
          ],
          [
            12.63666,
            7.34795,
            6.86636
          ],
          [
            6.99347,
            2.44777,
            6.84938
          ],
          [
            12.62801,
            12.2201,
            6.87029
          ],
          [
            9.84005,
            7.33801,
            6.85944
          ],
          [
            7.0155,
            7.33028,
            6.84425
          ],
          [
            4.1781,
            2.46989,
            6.87922
          ],
          [
            9.82784,
            12.2042,
            6.86366
          ],
          [
            7.37636,
            10.53812,
            10.07141
          ],
          [
            7.59947,
            12.02413,
            10.11724
          ],
          [
            9.05466,
            12.46937,
            10.12723
          ],
          [
            6.78632,
            6.76807,
            10.12605
          ],
          [
            6.56625,
            5.27661,
            10.1664
          ],
          [
            7.82524,
            4.41354,
            10.12979
          ],
          [
            7.53274,
            2.92737,
            10.1113
          ],
          [
            9.19268,
            13.98303,
            10.14209
          ],
          [
            8.31064,
            9.73567,
            9.86639
          ],
          [
            6.11244,
            10.17338,
            10.22453
          ],
          [
            5.83298,
            7.56821,
            10.14634
          ],
          [
            8.05917,
            7.13739,
            10.05969
          ],
          [
            5.99789,
            9.14573,
            10.15735
          ],
          [
            15.45689,
            12.4531,
            10.95049
          ],
          [
            15.54234,
            12.43064,
            9.20037
          ],
          [
            9.5954,
            12.00908,
            10.96815
          ],
          [
            9.55192,
            12.06177,
            9.20917
          ],
          [
            8.15091,
            8.15941,
            9.96841
          ],
          [
            5.93232,
            5.05115,
            9.27066
          ],
          [
            5.92188,
            5.05422,
            11.03626
          ],
          [
            8.48502,
            4.67835,
            10.96825
          ],
          [
            8.40494,
            4.6855,
            9.21234
          ],
          [
            8.44371,
            2.33723,
            9.95419
          ],
          [
            7.05348,
            2.5869,
            11.04207
          ],
          [
            6.83421,
            2.67503,
            9.28076
          ],
          [
            10.23216,
            14.3083,
            9.98802
          ],
          [
            8.82398,
            14.42125,
            11.0858
          ],
          [
            8.59564,
            14.43597,
            9.31506
          ]
        ],
        "Stress": [
          [
            -50.59351,
            -0.48903,
            -0.37006
          ],
          [
            -0.48903,
            -49.91862,
            0.45819
          ],
          [
            -0.37006,
            0.45819,
            1.28334
          ]
        ],
        "computation_code": "VASP",
        "pseudopotential_information": [
          [
            "PAW_PBE",
            "Pt",
            "04Feb2005"
          ],
          [
            "PAW_PBE",
            "C",
            "08Apr2002"
          ],
          [
            "PAW_PBE",
            "O",
            "08Apr2002"
          ],
          [
            "PAW_PBE",
            "H",
            "15Jun2001"
          ]
        ]
      }
    ],
    "EnergyStyle": "electronvolt",
    "ForcesStyle": "electronvoltperangstrom",
    "LatticeStyle": "angstrom",
    "PositionsStyle": "angstrom",
    "StressStyle": "kB"
  }
}