{
  "Dataset": {
    "AtomTypeStyle": "chemicalsymbol",
    "Data": [
      {
        "AtomTypes": [
          "Pt",
          "Pt",
          "Pt",
          "Pt",
          "Pt",
          "Pt",
          "Pt",
          "Pt",
          "Pt",
          "Pt",
          "Pt",
          "Pt",
          "Pt",
          "Pt",
          "Pt",
          "Pt",
          "Pt",
          "Pt",
          "Pt",
          "Pt",
          "Pt",
          "Pt",
          "Pt",
          "Pt",
          "Pt",
          "Pt",
          "Pt",
          "Pt",
          "Pt",
          "Pt",
          "Pt",
          "Pt",
          "Pt",
          "Pt",
          "Pt",
          "Pt",
          "Pt",
          "Pt",
          "Pt",
          "Pt",
          "Pt",
          "Pt",
          "Pt",
          "Pt",
          "Pt",
          "Pt",
          "Pt",
          "Pt",
          "Pt",
          "Pt",
          "Pt",
          "Pt",
          "Pt",
          "Pt",
          "Pt",
          "Pt",
          "Pt",
          "Pt",
          "Pt",
          "Pt",
          "Pt",
          "Pt",
          "Pt",
          "Pt",
          "Pt",
          "Pt",
          "Pt",
          "Pt",
          "Pt",
          "Pt",
          "Pt",
          "Pt",
          "C",
          "C",
          "C",
          "C",
          "C",
          "C",
          "C",
          "C",
          "O",
          "O",
          "O",
          "O",
          "H",
          "H",
          "H",
          "H",
          "H",
          "H",
          "H",
          "H",
          "H",
          "H",
          "H",
          "H",
          "H",
          "H",
          "H",
          "H"
        ],
        "Energy": -368.18170837,
        "Forces": [
          [
            0.013415,
            -0.018526,
            -0.050832
          ],
          [
            0.018415,
            -0.016709,
            -0.044245
          ],
          [
            0.014359,
            -0.017544,
            -0.041027
          ],
          [
            0.013356,
            -0.015078,
            -0.039838
          ],
          [
            0.016377,
            -0.015595,
            -0.057381
          ],
          [
            0.014573,
            -0.017137,
            -0.049458
          ],
          [
            0.018457,
            -0.015046,
            -0.040528
          ],
          [
            0.009549,
            -0.016007,
            -0.043775
          ],
          [
            0.012585,
            -0.018432,
            -0.055603
          ],
          [
            0.02241,
            -0.016773,
            -0.045895
          ],
          [
            0.015902,
            -0.013764,
            -0.047986
          ],
          [
            0.011244,
            -0.012791,
            -0.046339
          ],
          [
            0.012521,
            -0.015952,
            -0.053418
          ],
          [
            0.020415,
            -0.017708,
            -0.043627
          ],
          [
            0.019146,
            -0.013913,
            -0.046723
          ],
          [
            0.013339,
            -0.014363,
            -0.044455
          ],
          [
            0.012919,
            -0.010757,
            -0.047184
          ],
          [
            0.017532,
            -0.015839,
            -0.054841
          ],
          [
            -0.00553,
            0.009601,
            0.025451
          ],
          [
            -0.029162,
            0.017672,
            0.051867
          ],
          [
            -0.013275,
            0.012162,
            0.043273
          ],
          [
            -0.023979,
            0.01262,
            0.037272
          ],
          [
            -0.008061,
            0.012503,
            0.021161
          ],
          [
            -0.025782,
            0.018711,
            0.055399
          ],
          [
            -0.014478,
            0.021139,
            0.052936
          ],
          [
            -0.015242,
            0.008273,
            0.025345
          ],
          [
            -0.006185,
            0.014396,
            0.022756
          ],
          [
            -0.008851,
            0.012143,
            0.037579
          ],
          [
            -0.016928,
            0.02134,
            0.058921
          ],
          [
            -0.012175,
            0.015295,
            0.020562
          ],
          [
            -0.016551,
            0.019432,
            0.022234
          ],
          [
            -0.009067,
            0.000642,
            0.049695
          ],
          [
            -0.016705,
            0.02549,
            0.04981
          ],
          [
            -0.010388,
            0.022747,
            0.041252
          ],
          [
            -0.015353,
            0.002784,
            0.020691
          ],
          [
            -0.013005,
            0.010671,
            0.038468
          ],
          [
            -0.000469,
            -0.001898,
            -0.000472
          ],
          [
            -0.003174,
            0.010417,
            -0.000124
          ],
          [
            0.001549,
            -0.009167,
            -0.006618
          ],
          [
            -0.007653,
            -0.000302,
            -0.00432
          ],
          [
            0.005047,
            0.006025,
            0.003026
          ],
          [
            -0.004072,
            0.000797,
            -0.005111
          ],
          [
            -0.004407,
            0.003059,
            -0.00764
          ],
          [
            -0.003056,
            -0.001564,
            -0.003908
          ],
          [
            0.003062,
            -0.002286,
            5e-06
          ],
          [
            0.000621,
            -0.001868,
            -0.002665
          ],
          [
            0.004514,
            0.00487,
            -0.00329
          ],
          [
            0.000335,
            -0.003252,
            0.004034
          ],
          [
            -0.003606,
            0.003826,
            0.000119
          ],
          [
            -0.003391,
            -0.00666,
            -0.005407
          ],
          [
            0.001161,
            -0.000905,
            -0.00379
          ],
          [
            -0.002337,
            0.003921,
            -0.003203
          ],
          [
            -0.001739,
            -0.002808,
            -0.00034
          ],
          [
            0.002622,
            0.002042,
            -0.003349
          ],
          [
            -0.000565,
            0.004024,
            0.01014
          ],
          [
            0.002322,
            0.002661,
            0.007766
          ],
          [
            -0.004065,
            0.00058,
            -0.004217
          ],
          [
            -0.000562,
            0.000356,
            0.005
          ],
          [
            -0.002752,
            -0.005702,
            -0.001479
          ],
          [
            0.004539,
            0.004295,
            -0.000525
          ],
          [
            0.001323,
            -0.006207,
            0.002645
          ],
          [
            -0.005401,
            -0.006836,
            -0.000156
          ],
          [
            0.006437,
            0.006776,
            0.006434
          ],
          [
            -0.004506,
            0.002069,
            0.004082
          ],
          [
            0.00241,
            0.00189,
            0.008675
          ],
          [
            0.002879,
            -0.001339,
            -0.003364
          ],
          [
            0.001992,
            -0.000507,
            0.003527
          ],
          [
            -0.00281,
            -0.001093,
            -0.008235
          ],
          [
            -0.00424,
            0.002229,
            0.014791
          ],
          [
            0.007816,
            -0.004023,
            0.008476
          ],
          [
            -0.003354,
            0.004806,
            0.008773
          ],
          [
            -0.004228,
            0.000441,
            0.004922
          ],
          [
            0.01932,
            -0.058985,
            -0.007102
          ],
          [
            -0.022583,
            0.02199,
            -0.005134
          ],
          [
            0.013738,
            0.018519,
            -0.000468
          ],
          [
            -0.015414,
            0.066098,
            -0.03035
          ],
          [
            -0.023442,
            0.002124,
            -0.007333
          ],
          [
            0.019378,
            -0.020687,
            0.005428
          ],
          [
            -0.007534,
            -0.002154,
            0.017095
          ],
          [
            -0.003576,
            -0.005581,
            0.017954
          ],
          [
            -0.040581,
            0.038971,
            0.005283
          ],
          [
            0.006097,
            0.036843,
            0.013306
          ],
          [
            0.002056,
            -0.042316,
            0.011037
          ],
          [
            0.018791,
            -0.012679,
            0.013991
          ],
          [
            0.001082,
            -0.011956,
            -0.009168
          ],
          [
            0.00604,
            0.000591,
            0.007519
          ],
          [
            0.0064,
            0.00248,
            0.014739
          ],
          [
            0.006407,
            -0.00717,
            0.010198
          ],
          [
            0.00767,
            -0.006337,
            0.002066
          ],
          [
            -0.002149,
            -0.00298,
            -0.005538
          ],
          [
            0.004585,
            0.000768,
            0.019724
          ],
          [
            0.001288,
            0.001726,
            0.012199
          ],
          [
            0.008402,
            0.001873,
            0.004222
          ],
          [
            0.005112,
            0.002347,
            0.009717
          ],
          [
            0.008829,
            -0.003806,
            0.002968
          ],
          [
            -0.00964,
            0.001876,
            0.016337
          ],
          [
            0.004183,
            -0.002285,
            0.008947
          ],
          [
            -0.006111,
            0.006254,
            0.012222
          ],
          [
            -0.005699,
            -0.007863,
            -0.00365
          ],
          [
            -0.000689,
            -0.002014,
            0.018071
          ]
        ],
        "Lattice": [
          [
            8.440733911,
            0.0,
            0.0
          ],
          [
            8.440733911,
            14.619780548,
            0.0
          ],
          [
            0.0,
            0.0,
            21.483230591
          ]
        ],
        "NumAtoms": 100,
        "Positions": [
          [
            4.22079,
            2.43687,
            0.0
          ],
          [
            9.84794,
            12.18339,
            0.0
          ],
          [
            7.03437,
            7.31013,
            0.0
          ],
          [
            7.03437,
            2.43687,
            0.0
          ],
          [
            12.66152,
            12.18339,
            0.0
          ],
          [
            9.84795,
            7.31013,
            0.0
          ],
          [
            1.40721,
            2.43687,
            0.0
          ],
          [
            7.03437,
            12.18339,
            0.0
          ],
          [
            4.22079,
            7.31013,
            0.0
          ],
          [
            2.81385,
            0.0,
            0.0
          ],
          [
            8.44101,
            9.74652,
            0.0
          ],
          [
            5.62743,
            4.87326,
            0.0
          ],
          [
            5.62743,
            0.0,
            0.0
          ],
          [
            11.25459,
            9.74652,
            0.0
          ],
          [
            8.44101,
            4.87326,
            0.0
          ],
          [
            0.00028,
            0.0,
            0.0
          ],
          [
            5.62743,
            9.74652,
            0.0
          ],
          [
            2.81385,
            4.87326,
            0.0
          ],
          [
            7.03462,
            4.06144,
            2.2975
          ],
          [
            12.66177,
            13.80796,
            2.2975
          ],
          [
            9.8482,
            8.9347,
            2.2975
          ],
          [
            9.8482,
            4.06144,
            2.2975
          ],
          [
            15.47535,
            13.80796,
            2.2975
          ],
          [
            12.66177,
            8.9347,
            2.2975
          ],
          [
            4.22104,
            4.06144,
            2.2975
          ],
          [
            9.8482,
            13.80796,
            2.2975
          ],
          [
            7.03462,
            8.9347,
            2.2975
          ],
          [
            5.62769,
            1.62456,
            2.2975
          ],
          [
            11.25484,
            11.37109,
            2.2975
          ],
          [
            8.44127,
            6.49782,
            2.2975
          ],
          [
            8.44127,
            1.62456,
            2.2975
          ],
          [
            14.06842,
            11.37109,
            2.2975
          ],
          [
            11.25484,
            6.49782,
            2.2975
          ],
          [
            2.81411,
            1.62456,
            2.2975
          ],
          [
            8.44127,
            11.37109,
            2.2975
          ],
          [
            5.62769,
            6.49782,
            2.2975
          ],
          [
            1.38931,
            0.82778,
            4.56373
          ],
          [
            7.01427,
            10.56824,
            4.56613
          ],
          [
            4.19936,
            5.70783,
            4.56706
          ],
          [
            4.20164,
            0.83378,
            4.56694
          ],
          [
            9.82719,
            10.57204,
            4.56504
          ],
          [
            7.01492,
            5.69702,
            4.56274
          ],
          [
            7.01351,
            0.82445,
            4.56464
          ],
          [
            12.63946,
            10.58091,
            4.56825
          ],
          [
            9.82953,
            5.70131,
            4.5633
          ],
          [
            2.79602,
            3.26971,
            4.56659
          ],
          [
            8.4217,
            13.00802,
            4.56205
          ],
          [
            5.60218,
            8.14057,
            4.56195
          ],
          [
            5.60606,
            3.26529,
            4.56356
          ],
          [
            11.23522,
            13.01484,
            4.56677
          ],
          [
            8.42381,
            8.13692,
            4.56256
          ],
          [
            8.42226,
            3.26014,
            4.56478
          ],
          [
            14.04386,
            13.01396,
            4.56075
          ],
          [
            11.2358,
            8.14127,
            4.56905
          ],
          [
            5.58328,
            0.03623,
            6.87882
          ],
          [
            11.21806,
            9.77867,
            6.88077
          ],
          [
            8.41187,
            4.9131,
            6.86419
          ],
          [
            2.7787,
            0.0374,
            6.8753
          ],
          [
            8.40586,
            9.78006,
            6.87566
          ],
          [
            5.58039,
            4.90871,
            6.86857
          ],
          [
            11.21829,
            4.91084,
            6.87976
          ],
          [
            8.4032,
            0.04359,
            6.86678
          ],
          [
            14.02063,
            9.78019,
            6.87312
          ],
          [
            1.37501,
            2.47091,
            6.87022
          ],
          [
            15.42404,
            12.22632,
            6.85143
          ],
          [
            12.62152,
            7.34801,
            6.88576
          ],
          [
            6.98765,
            2.47085,
            6.86465
          ],
          [
            12.62201,
            12.2196,
            6.88358
          ],
          [
            9.81329,
            7.3459,
            6.87357
          ],
          [
            6.99176,
            7.34995,
            6.85147
          ],
          [
            4.17951,
            2.47122,
            6.88049
          ],
          [
            9.81708,
            12.21463,
            6.86443
          ],
          [
            7.38423,
            10.53435,
            10.14492
          ],
          [
            7.58744,
            12.02077,
            10.21662
          ],
          [
            9.04177,
            12.47137,
            10.21114
          ],
          [
            6.80092,
            6.77519,
            10.20887
          ],
          [
            6.57933,
            5.28749,
            10.2647
          ],
          [
            7.83257,
            4.42365,
            10.21135
          ],
          [
            7.52451,
            2.93213,
            10.22983
          ],
          [
            9.18069,
            13.9887,
            10.2568
          ],
          [
            8.32207,
            9.74176,
            9.92024
          ],
          [
            6.13353,
            10.15114,
            10.31098
          ],
          [
            5.84589,
            7.57368,
            10.22292
          ],
          [
            8.06442,
            7.15577,
            10.13046
          ],
          [
            6.03055,
            9.1218,
            10.24882
          ],
          [
            15.4736,
            12.40536,
            11.09166
          ],
          [
            15.49035,
            12.44721,
            9.33358
          ],
          [
            9.58608,
            12.00253,
            11.0488
          ],
          [
            9.53195,
            12.0809,
            9.28993
          ],
          [
            8.14947,
            8.18069,
            10.04431
          ],
          [
            5.90724,
            5.04936,
            9.4068
          ],
          [
            5.97237,
            5.07814,
            11.16444
          ],
          [
            8.51145,
            4.69034,
            11.03914
          ],
          [
            8.39543,
            4.67066,
            9.2806
          ],
          [
            8.44457,
            2.3334,
            10.14953
          ],
          [
            6.99564,
            2.63218,
            11.15072
          ],
          [
            6.8728,
            2.65085,
            9.37385
          ],
          [
            10.23577,
            14.29787,
            10.17864
          ],
          [
            8.76161,
            14.41196,
            11.18587
          ],
          [
            8.64062,
            14.45773,
            9.40616
          ]
        ],
        "Stress": [
          [
            -51.79483,
            -0.55669,
            -0.4728
          ],
          [
            -0.55669,
            -51.23236,
            0.48574
          ],
          [
            -0.4728,
            0.48574,
            -1.26399
          ]
        ],
        "computation_code": "VASP",
        "pseudopotential_information": [
          [
            "PAW_PBE",
            "Pt",
            "04Feb2005"
          ],
          [
            "PAW_PBE",
            "C",
            "08Apr2002"
          ],
          [
            "PAW_PBE",
            "O",
            "08Apr2002"
          ],
          [
            "PAW_PBE",
            "H",
            "15Jun2001"
          ]
        ]
      }
    ],
    "EnergyStyle": "electronvolt",
    "ForcesStyle": "electronvoltperangstrom",
    "LatticeStyle": "angstrom",
    "PositionsStyle": "angstrom",
    "StressStyle": "kB"
  }
}