{
  "Dataset": {
    "AtomTypeStyle": "chemicalsymbol",
    "Data": [
      {
        "AtomTypes": [
          "Pt",
          "Pt",
          "Pt",
          "Pt",
          "Pt",
          "Pt",
          "Pt",
          "Pt",
          "Pt",
          "Pt",
          "Pt",
          "Pt",
          "Pt",
          "Pt",
          "Pt",
          "Pt",
          "Pt",
          "Pt",
          "Pt",
          "Pt",
          "Pt",
          "Pt",
          "Pt",
          "Pt",
          "Pt",
          "Pt",
          "Pt",
          "Pt",
          "Pt",
          "Pt",
          "Pt",
          "Pt",
          "Pt",
          "Pt",
          "Pt",
          "Pt",
          "Pt",
          "Pt",
          "Pt",
          "Pt",
          "Pt",
          "Pt",
          "Pt",
          "Pt",
          "Pt",
          "Pt",
          "Pt",
          "Pt",
          "Pt",
          "Pt",
          "Pt",
          "Pt",
          "Pt",
          "Pt",
          "Pt",
          "Pt",
          "Pt",
          "Pt",
          "Pt",
          "Pt",
          "Pt",
          "Pt",
          "Pt",
          "Pt",
          "Pt",
          "Pt",
          "Pt",
          "Pt",
          "Pt",
          "Pt",
          "Pt",
          "Pt",
          "C",
          "C",
          "C",
          "C",
          "C",
          "C",
          "C",
          "C",
          "O",
          "O",
          "O",
          "O",
          "H",
          "H",
          "H",
          "H",
          "H",
          "H",
          "H",
          "H",
          "H",
          "H",
          "H",
          "H",
          "H",
          "H",
          "H",
          "H"
        ],
        "Energy": -368.18437747,
        "Forces": [
          [
            0.014808,
            -0.017556,
            -0.049606
          ],
          [
            0.018028,
            -0.017285,
            -0.044305
          ],
          [
            0.014311,
            -0.018248,
            -0.042613
          ],
          [
            0.014097,
            -0.014829,
            -0.040396
          ],
          [
            0.01683,
            -0.015399,
            -0.057112
          ],
          [
            0.013903,
            -0.017699,
            -0.048921
          ],
          [
            0.018789,
            -0.015269,
            -0.040419
          ],
          [
            0.00943,
            -0.016515,
            -0.044553
          ],
          [
            0.013239,
            -0.018064,
            -0.054252
          ],
          [
            0.022011,
            -0.016064,
            -0.044743
          ],
          [
            0.015348,
            -0.014433,
            -0.048257
          ],
          [
            0.012327,
            -0.012885,
            -0.04709
          ],
          [
            0.013623,
            -0.016503,
            -0.053041
          ],
          [
            0.019274,
            -0.0168,
            -0.042684
          ],
          [
            0.019768,
            -0.014017,
            -0.047214
          ],
          [
            0.013596,
            -0.014938,
            -0.044762
          ],
          [
            0.013676,
            -0.011227,
            -0.047231
          ],
          [
            0.017515,
            -0.015271,
            -0.054744
          ],
          [
            -0.007393,
            0.007303,
            0.023283
          ],
          [
            -0.027644,
            0.014787,
            0.049945
          ],
          [
            -0.011843,
            0.014044,
            0.047555
          ],
          [
            -0.025825,
            0.012851,
            0.03722
          ],
          [
            -0.011417,
            0.013938,
            0.022802
          ],
          [
            -0.024371,
            0.015307,
            0.054915
          ],
          [
            -0.015624,
            0.016983,
            0.046365
          ],
          [
            -0.013884,
            0.010788,
            0.021792
          ],
          [
            -0.009,
            0.017829,
            0.028774
          ],
          [
            -0.012557,
            0.013542,
            0.03868
          ],
          [
            -0.018321,
            0.016748,
            0.053135
          ],
          [
            -0.008573,
            0.016379,
            0.021487
          ],
          [
            -0.015311,
            0.020662,
            0.025201
          ],
          [
            -0.009446,
            0.001822,
            0.049434
          ],
          [
            -0.018574,
            0.023713,
            0.050235
          ],
          [
            -0.014133,
            0.019508,
            0.039292
          ],
          [
            -0.013869,
            0.002293,
            0.023604
          ],
          [
            -0.0153,
            0.013777,
            0.034906
          ],
          [
            0.000814,
            0.003847,
            0.000735
          ],
          [
            -0.000908,
            -0.003595,
            0.002774
          ],
          [
            -0.003306,
            0.006371,
            0.000836
          ],
          [
            -0.00131,
            0.0013,
            0.004813
          ],
          [
            0.000233,
            -0.000963,
            0.001924
          ],
          [
            -0.001445,
            0.002405,
            0.006057
          ],
          [
            -0.00219,
            -0.002309,
            0.004952
          ],
          [
            0.002887,
            -0.001566,
            0.000632
          ],
          [
            0.002718,
            0.003262,
            0.00214
          ],
          [
            -0.000779,
            -0.000418,
            0.002644
          ],
          [
            -0.002237,
            -0.001472,
            0.008629
          ],
          [
            0.001975,
            0.002885,
            0.003714
          ],
          [
            -0.001076,
            -0.005978,
            0.003145
          ],
          [
            0.002779,
            0.008181,
            0.005146
          ],
          [
            0.003779,
            0.002391,
            0.006103
          ],
          [
            0.001388,
            -0.000999,
            0.00134
          ],
          [
            -0.003128,
            0.005015,
            0.001792
          ],
          [
            -0.001804,
            -0.000571,
            0.002609
          ],
          [
            0.000871,
            0.002366,
            -0.007052
          ],
          [
            0.001506,
            0.001033,
            0.000897
          ],
          [
            -0.001881,
            -0.005398,
            -0.001066
          ],
          [
            -0.001396,
            0.002175,
            0.000892
          ],
          [
            -0.001255,
            -0.002875,
            -0.007105
          ],
          [
            0.002517,
            -0.000189,
            0.003691
          ],
          [
            0.000833,
            0.003905,
            -0.00027
          ],
          [
            -0.003082,
            0.000299,
            -0.002882
          ],
          [
            0.001913,
            -0.000804,
            -0.001308
          ],
          [
            -0.006424,
            -0.001934,
            -0.003442
          ],
          [
            0.001865,
            -0.003761,
            -0.001016
          ],
          [
            -0.002445,
            0.00638,
            -0.004189
          ],
          [
            0.000612,
            -0.005689,
            -0.004023
          ],
          [
            -0.000727,
            0.005825,
            0.000673
          ],
          [
            -0.001647,
            -0.002527,
            -0.002151
          ],
          [
            0.003896,
            -0.004488,
            0.002212
          ],
          [
            0.000144,
            0.002415,
            0.003653
          ],
          [
            -0.003378,
            -0.000501,
            0.00682
          ],
          [
            -0.009172,
            -0.054321,
            -0.001922
          ],
          [
            -0.015448,
            0.015176,
            0.009596
          ],
          [
            0.018787,
            0.010493,
            -0.009128
          ],
          [
            0.051196,
            0.000911,
            0.037228
          ],
          [
            -0.031404,
            -0.044993,
            0.004197
          ],
          [
            0.025697,
            -0.009473,
            0.005108
          ],
          [
            -0.034263,
            0.014926,
            -0.00713
          ],
          [
            -0.020456,
            -0.005007,
            0.006108
          ],
          [
            -0.047982,
            0.046813,
            -0.000294
          ],
          [
            0.039262,
            -0.011891,
            -0.004062
          ],
          [
            0.031793,
            0.010963,
            -0.023641
          ],
          [
            -0.087753,
            -0.015161,
            -0.013872
          ],
          [
            0.002804,
            0.025735,
            0.012314
          ],
          [
            0.006895,
            0.000317,
            0.002127
          ],
          [
            0.007503,
            -0.000412,
            0.010265
          ],
          [
            0.002901,
            -0.006822,
            0.008403
          ],
          [
            -0.002607,
            0.001095,
            0.012335
          ],
          [
            0.007872,
            0.020175,
            0.003149
          ],
          [
            0.009139,
            0.000437,
            0.018303
          ],
          [
            0.018288,
            0.019125,
            -0.012791
          ],
          [
            -0.006488,
            0.001541,
            -0.002423
          ],
          [
            -0.001987,
            -0.008183,
            0.014093
          ],
          [
            0.004874,
            -0.003831,
            0.016685
          ],
          [
            0.012343,
            0.002473,
            -0.00671
          ],
          [
            0.013327,
            0.003411,
            0.030496
          ],
          [
            0.009556,
            0.006632,
            0.013154
          ],
          [
            -0.001367,
            -0.004136,
            0.012128
          ],
          [
            -0.001112,
            0.000718,
            0.005283
          ]
        ],
        "Lattice": [
          [
            8.440733911,
            0.0,
            0.0
          ],
          [
            8.440733911,
            14.619780548,
            0.0
          ],
          [
            0.0,
            0.0,
            21.483230591
          ]
        ],
        "NumAtoms": 100,
        "Positions": [
          [
            4.22079,
            2.43687,
            0.0
          ],
          [
            9.84794,
            12.18339,
            0.0
          ],
          [
            7.03437,
            7.31013,
            0.0
          ],
          [
            7.03437,
            2.43687,
            0.0
          ],
          [
            12.66152,
            12.18339,
            0.0
          ],
          [
            9.84795,
            7.31013,
            0.0
          ],
          [
            1.40721,
            2.43687,
            0.0
          ],
          [
            7.03437,
            12.18339,
            0.0
          ],
          [
            4.22079,
            7.31013,
            0.0
          ],
          [
            2.81385,
            0.0,
            0.0
          ],
          [
            8.44101,
            9.74652,
            0.0
          ],
          [
            5.62743,
            4.87326,
            0.0
          ],
          [
            5.62743,
            0.0,
            0.0
          ],
          [
            11.25459,
            9.74652,
            0.0
          ],
          [
            8.44101,
            4.87326,
            0.0
          ],
          [
            0.00028,
            0.0,
            0.0
          ],
          [
            5.62743,
            9.74652,
            0.0
          ],
          [
            2.81385,
            4.87326,
            0.0
          ],
          [
            7.03462,
            4.06144,
            2.2975
          ],
          [
            12.66177,
            13.80796,
            2.2975
          ],
          [
            9.8482,
            8.9347,
            2.2975
          ],
          [
            9.8482,
            4.06144,
            2.2975
          ],
          [
            15.47535,
            13.80796,
            2.2975
          ],
          [
            12.66177,
            8.9347,
            2.2975
          ],
          [
            4.22104,
            4.06144,
            2.2975
          ],
          [
            9.8482,
            13.80796,
            2.2975
          ],
          [
            7.03462,
            8.9347,
            2.2975
          ],
          [
            5.62769,
            1.62456,
            2.2975
          ],
          [
            11.25484,
            11.37109,
            2.2975
          ],
          [
            8.44127,
            6.49782,
            2.2975
          ],
          [
            8.44127,
            1.62456,
            2.2975
          ],
          [
            14.06842,
            11.37109,
            2.2975
          ],
          [
            11.25484,
            6.49782,
            2.2975
          ],
          [
            2.81411,
            1.62456,
            2.2975
          ],
          [
            8.44127,
            11.37109,
            2.2975
          ],
          [
            5.62769,
            6.49782,
            2.2975
          ],
          [
            1.38782,
            0.8274,
            4.56465
          ],
          [
            7.01436,
            10.57113,
            4.56669
          ],
          [
            4.19937,
            5.70518,
            4.56608
          ],
          [
            4.20009,
            0.83236,
            4.56674
          ],
          [
            9.8271,
            10.57243,
            4.56598
          ],
          [
            7.01474,
            5.69815,
            4.56148
          ],
          [
            7.01193,
            0.82637,
            4.56446
          ],
          [
            12.63922,
            10.57921,
            4.56766
          ],
          [
            9.82952,
            5.70109,
            4.56406
          ],
          [
            2.79493,
            3.26801,
            4.5661
          ],
          [
            8.42138,
            13.01013,
            4.56146
          ],
          [
            5.60266,
            8.14021,
            4.56282
          ],
          [
            5.60524,
            3.26565,
            4.56406
          ],
          [
            11.23429,
            13.01272,
            4.56572
          ],
          [
            8.42376,
            8.13784,
            4.56243
          ],
          [
            8.42094,
            3.26136,
            4.56521
          ],
          [
            14.04386,
            13.0141,
            4.56149
          ],
          [
            11.23601,
            8.14008,
            4.56916
          ],
          [
            5.58144,
            0.03767,
            6.88191
          ],
          [
            11.21817,
            9.77837,
            6.88159
          ],
          [
            8.41083,
            4.91507,
            6.86471
          ],
          [
            2.77728,
            0.03724,
            6.87557
          ],
          [
            8.40503,
            9.78057,
            6.87747
          ],
          [
            5.58112,
            4.91007,
            6.86807
          ],
          [
            11.21799,
            4.90933,
            6.87976
          ],
          [
            8.40052,
            0.04396,
            6.86798
          ],
          [
            14.02159,
            9.78186,
            6.87427
          ],
          [
            1.37319,
            2.47205,
            6.87156
          ],
          [
            15.42358,
            12.22854,
            6.85429
          ],
          [
            12.62246,
            7.34671,
            6.88485
          ],
          [
            6.98652,
            2.47228,
            6.86751
          ],
          [
            12.62065,
            12.21884,
            6.88122
          ],
          [
            9.81346,
            7.34714,
            6.87649
          ],
          [
            6.99318,
            7.35099,
            6.8535
          ],
          [
            4.17788,
            2.47137,
            6.88107
          ],
          [
            9.81532,
            12.21541,
            6.86466
          ],
          [
            7.38315,
            10.53539,
            10.14857
          ],
          [
            7.58777,
            12.02161,
            10.22246
          ],
          [
            9.04271,
            12.47092,
            10.21689
          ],
          [
            6.80146,
            6.77716,
            10.20948
          ],
          [
            6.58122,
            5.28959,
            10.2706
          ],
          [
            7.83413,
            4.42369,
            10.21771
          ],
          [
            7.52469,
            2.93169,
            10.24016
          ],
          [
            9.1799,
            13.98807,
            10.26601
          ],
          [
            8.3191,
            9.74223,
            9.91904
          ],
          [
            6.13162,
            10.15375,
            10.32002
          ],
          [
            5.84444,
            7.57226,
            10.22561
          ],
          [
            8.06793,
            7.15609,
            10.13614
          ],
          [
            6.02773,
            9.12407,
            10.25035
          ],
          [
            15.47659,
            12.40401,
            11.10037
          ],
          [
            15.48917,
            12.45159,
            9.34241
          ],
          [
            9.58706,
            12.00064,
            11.05387
          ],
          [
            9.53348,
            12.0818,
            9.29484
          ],
          [
            8.1513,
            8.17947,
            10.0452
          ],
          [
            5.9061,
            5.04761,
            9.4163
          ],
          [
            5.97658,
            5.08152,
            11.17359
          ],
          [
            8.51511,
            4.69123,
            11.04412
          ],
          [
            8.39669,
            4.66941,
            9.2861
          ],
          [
            8.44448,
            2.33215,
            10.16202
          ],
          [
            6.99106,
            2.63575,
            11.16061
          ],
          [
            6.87547,
            2.64908,
            9.38155
          ],
          [
            10.23375,
            14.30052,
            10.19244
          ],
          [
            8.75468,
            14.40852,
            11.19308
          ],
          [
            8.64137,
            14.45747,
            9.41509
          ]
        ],
        "Stress": [
          [
            -52.06181,
            -0.54777,
            -0.44424
          ],
          [
            -0.54777,
            -51.33729,
            0.49269
          ],
          [
            -0.44424,
            0.49269,
            -1.49642
          ]
        ],
        "computation_code": "VASP",
        "pseudopotential_information": [
          [
            "PAW_PBE",
            "Pt",
            "04Feb2005"
          ],
          [
            "PAW_PBE",
            "C",
            "08Apr2002"
          ],
          [
            "PAW_PBE",
            "O",
            "08Apr2002"
          ],
          [
            "PAW_PBE",
            "H",
            "15Jun2001"
          ]
        ]
      }
    ],
    "EnergyStyle": "electronvolt",
    "ForcesStyle": "electronvoltperangstrom",
    "LatticeStyle": "angstrom",
    "PositionsStyle": "angstrom",
    "StressStyle": "kB"
  }
}