{
  "Dataset": {
    "AtomTypeStyle": "chemicalsymbol",
    "Data": [
      {
        "AtomTypes": [
          "Pt",
          "Pt",
          "Pt",
          "Pt",
          "Pt",
          "Pt",
          "Pt",
          "Pt",
          "Pt",
          "Pt",
          "Pt",
          "Pt",
          "Pt",
          "Pt",
          "Pt",
          "Pt",
          "Pt",
          "Pt",
          "Pt",
          "Pt",
          "Pt",
          "Pt",
          "Pt",
          "Pt",
          "Pt",
          "Pt",
          "Pt",
          "Pt",
          "Pt",
          "Pt",
          "Pt",
          "Pt",
          "Pt",
          "Pt",
          "Pt",
          "Pt",
          "Pt",
          "Pt",
          "Pt",
          "Pt",
          "Pt",
          "Pt",
          "Pt",
          "Pt",
          "Pt",
          "Pt",
          "Pt",
          "Pt",
          "Pt",
          "Pt",
          "Pt",
          "Pt",
          "Pt",
          "Pt",
          "Pt",
          "Pt",
          "Pt",
          "Pt",
          "Pt",
          "Pt",
          "Pt",
          "Pt",
          "Pt",
          "Pt",
          "Pt",
          "Pt",
          "Pt",
          "Pt",
          "Pt",
          "Pt",
          "Pt",
          "Pt",
          "C",
          "C",
          "C",
          "C",
          "C",
          "C",
          "C",
          "C",
          "O",
          "O",
          "O",
          "O",
          "H",
          "H",
          "H",
          "H",
          "H",
          "H",
          "H",
          "H",
          "H",
          "H",
          "H",
          "H",
          "H",
          "H",
          "H",
          "H"
        ],
        "Energy": -367.76128798,
        "Forces": [
          [
            0.006938,
            -0.047671,
            -0.079858
          ],
          [
            0.004859,
            0.014537,
            -0.044703
          ],
          [
            0.023217,
            -0.022797,
            -0.033337
          ],
          [
            0.014424,
            -0.059405,
            -0.059792
          ],
          [
            0.009967,
            0.013954,
            -0.022521
          ],
          [
            0.011404,
            -0.036122,
            -0.04415
          ],
          [
            0.023396,
            -0.033939,
            -0.051343
          ],
          [
            0.022068,
            0.026994,
            -0.06138
          ],
          [
            -0.004565,
            -0.053115,
            -0.014988
          ],
          [
            0.020531,
            -0.007623,
            -0.084652
          ],
          [
            0.014804,
            0.005101,
            -0.057834
          ],
          [
            0.008411,
            -0.063564,
            -0.046953
          ],
          [
            0.005043,
            0.008654,
            -0.054391
          ],
          [
            0.005552,
            0.012665,
            -0.043781
          ],
          [
            0.013837,
            -0.04796,
            -0.030089
          ],
          [
            0.025624,
            0.003563,
            -0.05912
          ],
          [
            0.014688,
            -0.003297,
            -0.014615
          ],
          [
            0.022996,
            -0.075604,
            -0.057363
          ],
          [
            -0.01299,
            0.129366,
            -0.074376
          ],
          [
            0.016028,
            -0.097327,
            -0.016068
          ],
          [
            0.051715,
            0.014601,
            0.114929
          ],
          [
            -0.048334,
            0.09046,
            -0.041878
          ],
          [
            -0.01188,
            -0.110618,
            -0.049286
          ],
          [
            0.018356,
            0.005293,
            0.321689
          ],
          [
            -0.036679,
            0.175613,
            0.002706
          ],
          [
            -0.044541,
            -0.071979,
            -0.027808
          ],
          [
            -0.073419,
            -0.039597,
            0.096007
          ],
          [
            0.054329,
            0.000461,
            -0.160508
          ],
          [
            0.046842,
            -0.087377,
            0.20528
          ],
          [
            -0.059512,
            0.075889,
            -0.018861
          ],
          [
            -0.075795,
            0.045522,
            -0.070052
          ],
          [
            -0.055143,
            -0.080096,
            0.064706
          ],
          [
            0.079224,
            0.171435,
            0.132615
          ],
          [
            -0.033892,
            0.078471,
            -0.139145
          ],
          [
            0.020167,
            -0.030911,
            0.007288
          ],
          [
            -0.054059,
            0.082421,
            0.186569
          ],
          [
            0.046405,
            0.054893,
            0.1444
          ],
          [
            0.03553,
            -0.071191,
            0.112502
          ],
          [
            0.049054,
            -0.001919,
            -0.127597
          ],
          [
            -0.018266,
            -0.022665,
            0.152758
          ],
          [
            -0.034297,
            -0.072742,
            -0.040762
          ],
          [
            -0.091597,
            -0.045991,
            0.001729
          ],
          [
            -0.02926,
            0.207602,
            0.035722
          ],
          [
            -0.110768,
            -0.015598,
            -0.143742
          ],
          [
            -0.03001,
            -0.077711,
            0.162189
          ],
          [
            0.081759,
            -0.032976,
            0.105005
          ],
          [
            0.07073,
            0.013096,
            -0.036823
          ],
          [
            -0.047855,
            -0.017852,
            -0.086756
          ],
          [
            -0.026669,
            0.153689,
            0.154542
          ],
          [
            0.07642,
            -0.068251,
            0.032606
          ],
          [
            0.006628,
            0.065323,
            0.156589
          ],
          [
            0.077563,
            0.025422,
            -0.005807
          ],
          [
            -0.071413,
            0.163632,
            -0.020283
          ],
          [
            0.0224,
            -0.18693,
            -0.159417
          ],
          [
            -0.014877,
            -0.03777,
            0.12484
          ],
          [
            0.000386,
            -0.097071,
            -0.142399
          ],
          [
            0.117213,
            0.068798,
            0.137594
          ],
          [
            0.002467,
            0.067897,
            0.136453
          ],
          [
            0.007909,
            -0.142543,
            0.112611
          ],
          [
            -0.143368,
            0.118269,
            0.1346
          ],
          [
            0.078387,
            0.140884,
            -0.121616
          ],
          [
            0.010664,
            -0.155456,
            0.047763
          ],
          [
            -0.046292,
            -0.032839,
            -0.139199
          ],
          [
            0.125123,
            0.119741,
            0.07537
          ],
          [
            0.000859,
            -0.130483,
            0.051925
          ],
          [
            -0.096139,
            -0.038359,
            -0.0881
          ],
          [
            -0.155836,
            -0.094343,
            0.048026
          ],
          [
            -0.014564,
            -0.017815,
            -0.000525
          ],
          [
            0.091414,
            0.079578,
            0.108224
          ],
          [
            0.050899,
            -0.079444,
            -0.347718
          ],
          [
            -0.036706,
            0.220555,
            0.214457
          ],
          [
            0.032528,
            -0.013642,
            -0.058039
          ],
          [
            0.181091,
            -0.342173,
            0.250344
          ],
          [
            0.352326,
            0.205071,
            0.664431
          ],
          [
            0.558429,
            -0.44647,
            0.148172
          ],
          [
            -1.027925,
            0.45452,
            0.642712
          ],
          [
            0.130271,
            0.20097,
            0.964052
          ],
          [
            0.289521,
            0.201359,
            -0.540773
          ],
          [
            0.028092,
            -0.349139,
            -0.348443
          ],
          [
            0.558041,
            -0.327501,
            0.007776
          ],
          [
            -0.196539,
            -0.187455,
            0.114901
          ],
          [
            0.011572,
            -0.045088,
            -0.373455
          ],
          [
            0.635101,
            -0.514327,
            -0.641014
          ],
          [
            0.07906,
            0.010295,
            -0.225094
          ],
          [
            -0.149459,
            0.115511,
            0.194292
          ],
          [
            -0.147438,
            -0.053651,
            -0.62161
          ],
          [
            -0.140015,
            0.041737,
            -0.132635
          ],
          [
            -0.609239,
            0.537813,
            0.140058
          ],
          [
            -0.072356,
            0.074256,
            -0.118617
          ],
          [
            -0.051157,
            0.000501,
            0.075656
          ],
          [
            -0.284255,
            -0.174831,
            -0.697141
          ],
          [
            0.309895,
            0.207509,
            -0.315523
          ],
          [
            -0.075261,
            -0.043923,
            -0.220262
          ],
          [
            -0.168084,
            -0.188184,
            0.473936
          ],
          [
            -0.16329,
            0.004836,
            -0.025295
          ],
          [
            0.133498,
            0.015787,
            -0.091195
          ],
          [
            0.153451,
            0.083019,
            0.466137
          ],
          [
            0.012053,
            0.145589,
            -0.034749
          ],
          [
            -0.071515,
            0.067584,
            -0.175318
          ],
          [
            -0.322759,
            0.275888,
            -0.035126
          ]
        ],
        "Lattice": [
          [
            8.440733911,
            0.0,
            0.0
          ],
          [
            8.440733911,
            14.619780548,
            0.0
          ],
          [
            0.0,
            0.0,
            21.483230591
          ]
        ],
        "NumAtoms": 100,
        "Positions": [
          [
            4.22079,
            2.43687,
            0.0
          ],
          [
            9.84794,
            12.18339,
            0.0
          ],
          [
            7.03437,
            7.31013,
            0.0
          ],
          [
            7.03437,
            2.43687,
            0.0
          ],
          [
            12.66152,
            12.18339,
            0.0
          ],
          [
            9.84795,
            7.31013,
            0.0
          ],
          [
            1.40721,
            2.43687,
            0.0
          ],
          [
            7.03437,
            12.18339,
            0.0
          ],
          [
            4.22079,
            7.31013,
            0.0
          ],
          [
            2.81385,
            0.0,
            0.0
          ],
          [
            8.44101,
            9.74652,
            0.0
          ],
          [
            5.62743,
            4.87326,
            0.0
          ],
          [
            5.62743,
            0.0,
            0.0
          ],
          [
            11.25459,
            9.74652,
            0.0
          ],
          [
            8.44101,
            4.87326,
            0.0
          ],
          [
            0.00028,
            0.0,
            0.0
          ],
          [
            5.62743,
            9.74652,
            0.0
          ],
          [
            2.81385,
            4.87326,
            0.0
          ],
          [
            7.03462,
            4.06144,
            2.2975
          ],
          [
            12.66177,
            13.80796,
            2.2975
          ],
          [
            9.8482,
            8.9347,
            2.2975
          ],
          [
            9.8482,
            4.06144,
            2.2975
          ],
          [
            15.47535,
            13.80796,
            2.2975
          ],
          [
            12.66177,
            8.9347,
            2.2975
          ],
          [
            4.22104,
            4.06144,
            2.2975
          ],
          [
            9.8482,
            13.80796,
            2.2975
          ],
          [
            7.03462,
            8.9347,
            2.2975
          ],
          [
            5.62769,
            1.62456,
            2.2975
          ],
          [
            11.25484,
            11.37109,
            2.2975
          ],
          [
            8.44127,
            6.49782,
            2.2975
          ],
          [
            8.44127,
            1.62456,
            2.2975
          ],
          [
            14.06842,
            11.37109,
            2.2975
          ],
          [
            11.25484,
            6.49782,
            2.2975
          ],
          [
            2.81411,
            1.62456,
            2.2975
          ],
          [
            8.44127,
            11.37109,
            2.2975
          ],
          [
            5.62769,
            6.49782,
            2.2975
          ],
          [
            1.38246,
            0.82373,
            4.52998
          ],
          [
            7.01322,
            10.57639,
            4.56419
          ],
          [
            4.19101,
            5.74152,
            4.59379
          ],
          [
            4.20243,
            0.81727,
            4.51972
          ],
          [
            9.84318,
            10.59087,
            4.58571
          ],
          [
            7.01935,
            5.74294,
            4.56856
          ],
          [
            7.01778,
            0.79196,
            4.54595
          ],
          [
            12.66085,
            10.57846,
            4.61864
          ],
          [
            9.84269,
            5.74281,
            4.54263
          ],
          [
            2.78242,
            3.29239,
            4.53987
          ],
          [
            8.42256,
            12.99592,
            4.57268
          ],
          [
            5.62045,
            8.15694,
            4.61865
          ],
          [
            5.61432,
            3.25999,
            4.52322
          ],
          [
            11.23334,
            13.00633,
            4.5616
          ],
          [
            8.41699,
            8.15339,
            4.5654
          ],
          [
            8.41023,
            3.27562,
            4.54349
          ],
          [
            14.04879,
            12.97602,
            4.5676
          ],
          [
            11.24657,
            8.20022,
            4.61394
          ],
          [
            5.59507,
            0.05546,
            6.83428
          ],
          [
            11.2209,
            9.82818,
            6.9561
          ],
          [
            8.39882,
            4.92567,
            6.82821
          ],
          [
            2.77613,
            0.03377,
            6.82911
          ],
          [
            8.4074,
            9.84262,
            6.86594
          ],
          [
            5.60328,
            4.90159,
            6.82705
          ],
          [
            11.20408,
            4.89409,
            6.87957
          ],
          [
            8.40889,
            0.08139,
            6.85706
          ],
          [
            14.04148,
            9.82814,
            6.95231
          ],
          [
            9.80265,
            2.46325,
            6.83096
          ],
          [
            15.44104,
            12.27287,
            6.88043
          ],
          [
            12.63582,
            7.37743,
            6.92765
          ],
          [
            7.01725,
            2.49752,
            6.8405
          ],
          [
            12.62667,
            12.24653,
            6.90926
          ],
          [
            9.79854,
            7.35652,
            6.8542
          ],
          [
            6.98695,
            7.39481,
            6.96818
          ],
          [
            4.18765,
            2.44544,
            6.78902
          ],
          [
            9.81645,
            12.25154,
            6.90235
          ],
          [
            6.78439,
            10.56243,
            10.87095
          ],
          [
            7.08407,
            11.98818,
            11.16939
          ],
          [
            8.11774,
            12.62975,
            10.26413
          ],
          [
            6.39795,
            6.8651,
            10.72456
          ],
          [
            6.18922,
            5.38664,
            10.61287
          ],
          [
            7.46782,
            4.60433,
            10.93781
          ],
          [
            7.2197,
            3.11315,
            10.80206
          ],
          [
            8.56564,
            13.97097,
            10.82293
          ],
          [
            7.40117,
            9.93541,
            9.97013
          ],
          [
            5.92429,
            10.01067,
            11.68898
          ],
          [
            5.72714,
            7.54304,
            11.5595
          ],
          [
            7.27466,
            7.39753,
            9.90078
          ],
          [
            5.85909,
            8.94392,
            11.55684
          ],
          [
            7.43977,
            12.00273,
            12.24594
          ],
          [
            14.58523,
            12.5648,
            11.21013
          ],
          [
            9.00027,
            11.92761,
            10.12762
          ],
          [
            7.69011,
            12.74438,
            9.24623
          ],
          [
            7.32018,
            8.46241,
            9.94517
          ],
          [
            5.91732,
            5.17014,
            9.58181
          ],
          [
            5.35165,
            5.08467,
            11.2884
          ],
          [
            7.84155,
            4.86338,
            11.95358
          ],
          [
            8.23968,
            4.92974,
            10.18617
          ],
          [
            8.14612,
            2.54005,
            11.00326
          ],
          [
            6.42715,
            2.76549,
            11.49752
          ],
          [
            6.8871,
            2.86279,
            9.75431
          ],
          [
            9.2906,
            14.45152,
            10.14597
          ],
          [
            9.0688,
            13.82272,
            11.80425
          ],
          [
            7.72553,
            0.02754,
            10.98649
          ]
        ],
        "Stress": [
          [
            -60.07257,
            -0.00761,
            -0.16142
          ],
          [
            -0.00761,
            -57.25357,
            0.31015
          ],
          [
            -0.16142,
            0.31015,
            -11.10995
          ]
        ],
        "computation_code": "VASP",
        "pseudopotential_information": [
          [
            "PAW_PBE",
            "Pt",
            "04Feb2005"
          ],
          [
            "PAW_PBE",
            "C",
            "08Apr2002"
          ],
          [
            "PAW_PBE",
            "O",
            "08Apr2002"
          ],
          [
            "PAW_PBE",
            "H",
            "15Jun2001"
          ]
        ]
      }
    ],
    "EnergyStyle": "electronvolt",
    "ForcesStyle": "electronvoltperangstrom",
    "LatticeStyle": "angstrom",
    "PositionsStyle": "angstrom",
    "StressStyle": "kB"
  }
}