{
  "Dataset": {
    "AtomTypeStyle": "chemicalsymbol",
    "Data": [
      {
        "AtomTypes": [
          "Pt",
          "Pt",
          "Pt",
          "Pt",
          "Pt",
          "Pt",
          "Pt",
          "Pt",
          "Pt",
          "Pt",
          "Pt",
          "Pt",
          "Pt",
          "Pt",
          "Pt",
          "Pt",
          "Pt",
          "Pt",
          "Pt",
          "Pt",
          "Pt",
          "Pt",
          "Pt",
          "Pt",
          "Pt",
          "Pt",
          "Pt",
          "Pt",
          "Pt",
          "Pt",
          "Pt",
          "Pt",
          "Pt",
          "Pt",
          "Pt",
          "Pt",
          "Pt",
          "Pt",
          "Pt",
          "Pt",
          "Pt",
          "Pt",
          "Pt",
          "Pt",
          "Pt",
          "Pt",
          "Pt",
          "Pt",
          "Pt",
          "Pt",
          "Pt",
          "Pt",
          "Pt",
          "Pt",
          "Pt",
          "Pt",
          "Pt",
          "Pt",
          "Pt",
          "Pt",
          "Pt",
          "Pt",
          "Pt",
          "Pt",
          "Pt",
          "Pt",
          "Pt",
          "Pt",
          "Pt",
          "Pt",
          "Pt",
          "Pt",
          "C",
          "C",
          "C",
          "C",
          "C",
          "C",
          "C",
          "C",
          "O",
          "O",
          "O",
          "O",
          "H",
          "H",
          "H",
          "H",
          "H",
          "H",
          "H",
          "H",
          "H",
          "H",
          "H",
          "H",
          "H",
          "H",
          "H",
          "H"
        ],
        "Energy": -367.65369857,
        "Forces": [
          [
            0.019214,
            -0.015913,
            -0.046918
          ],
          [
            0.024974,
            -0.014153,
            -0.050225
          ],
          [
            0.018435,
            -0.026636,
            -0.060058
          ],
          [
            0.020633,
            -0.025219,
            -0.056374
          ],
          [
            0.011602,
            -0.020217,
            -0.05892
          ],
          [
            0.025843,
            -0.017458,
            -0.050669
          ],
          [
            0.012662,
            -0.007219,
            -0.039735
          ],
          [
            0.011603,
            -0.022355,
            -0.035889
          ],
          [
            0.001244,
            -0.010538,
            -0.050071
          ],
          [
            0.025214,
            -0.019644,
            -0.039886
          ],
          [
            0.013574,
            -0.009241,
            -0.044405
          ],
          [
            0.009181,
            -0.020691,
            -0.056425
          ],
          [
            0.01389,
            -0.017561,
            -0.046356
          ],
          [
            0.022067,
            -0.007586,
            -0.09656
          ],
          [
            0.017472,
            -0.016238,
            -0.044779
          ],
          [
            0.023935,
            -0.01336,
            -0.028153
          ],
          [
            0.007662,
            -0.01591,
            -0.035114
          ],
          [
            0.019729,
            -0.017903,
            -0.055461
          ],
          [
            -0.014169,
            0.014999,
            0.042611
          ],
          [
            -0.031647,
            0.02766,
            0.051641
          ],
          [
            0.009189,
            0.012666,
            0.010775
          ],
          [
            -0.017956,
            0.003981,
            0.045368
          ],
          [
            -0.012529,
            0.026639,
            0.018358
          ],
          [
            0.001419,
            -0.011481,
            0.161314
          ],
          [
            -0.019575,
            0.019179,
            0.053105
          ],
          [
            -0.013294,
            0.005228,
            0.032612
          ],
          [
            -0.023309,
            0.00774,
            0.011191
          ],
          [
            -0.013381,
            0.019477,
            0.047716
          ],
          [
            -0.009945,
            -0.010181,
            0.08943
          ],
          [
            -0.025592,
            0.029168,
            0.00046
          ],
          [
            -0.035061,
            0.032206,
            0.048979
          ],
          [
            0.01052,
            -0.009857,
            0.060392
          ],
          [
            -0.018922,
            0.030836,
            0.050317
          ],
          [
            -0.012383,
            0.031846,
            0.046243
          ],
          [
            -0.027243,
            0.001196,
            0.019449
          ],
          [
            0.00227,
            0.045746,
            0.052341
          ],
          [
            -0.001352,
            0.001995,
            0.020332
          ],
          [
            -0.039796,
            0.039019,
            -0.059389
          ],
          [
            0.003586,
            -0.00253,
            0.020276
          ],
          [
            0.014425,
            0.002754,
            -0.005449
          ],
          [
            0.082793,
            0.052329,
            -0.084354
          ],
          [
            -0.009831,
            -0.020141,
            -0.016327
          ],
          [
            0.004762,
            0.00121,
            0.003977
          ],
          [
            -0.028377,
            0.006497,
            -0.032105
          ],
          [
            0.003771,
            -0.017091,
            -0.029847
          ],
          [
            0.002467,
            -0.016098,
            -0.002069
          ],
          [
            0.003627,
            0.001255,
            -0.038284
          ],
          [
            0.013419,
            -0.051625,
            0.007838
          ],
          [
            -0.002684,
            -0.028883,
            -0.005731
          ],
          [
            -0.005192,
            0.017349,
            -0.008709
          ],
          [
            0.000239,
            -0.039926,
            -0.044219
          ],
          [
            -9.2e-05,
            -0.038703,
            -0.041527
          ],
          [
            -0.00145,
            0.018284,
            -0.011528
          ],
          [
            0.061111,
            0.02357,
            -0.118118
          ],
          [
            -0.016285,
            0.058819,
            0.012927
          ],
          [
            -0.023543,
            0.014454,
            0.014717
          ],
          [
            0.023165,
            -0.074797,
            -0.046616
          ],
          [
            0.006504,
            0.031514,
            0.00422
          ],
          [
            0.023579,
            0.019071,
            -0.077798
          ],
          [
            -0.017615,
            -0.077172,
            -0.036338
          ],
          [
            0.013245,
            -0.0519,
            0.001381
          ],
          [
            -0.002815,
            0.080129,
            -0.034727
          ],
          [
            0.000312,
            0.072563,
            -0.09264
          ],
          [
            0.017819,
            -0.020098,
            0.01995
          ],
          [
            -0.027906,
            -0.026726,
            -0.072328
          ],
          [
            -0.040511,
            -0.010762,
            0.012921
          ],
          [
            -0.013364,
            -0.02007,
            0.007024
          ],
          [
            -0.010211,
            0.013561,
            -0.008336
          ],
          [
            0.048681,
            0.024495,
            -0.039316
          ],
          [
            -0.04139,
            -0.036407,
            0.025108
          ],
          [
            0.004041,
            -0.004193,
            0.015347
          ],
          [
            0.033386,
            0.002837,
            -0.040024
          ],
          [
            0.244452,
            -0.264782,
            0.10484
          ],
          [
            0.313875,
            0.100078,
            0.268594
          ],
          [
            -0.216719,
            -0.06485,
            0.212989
          ],
          [
            0.142588,
            0.30251,
            0.211286
          ],
          [
            -0.279273,
            -0.522576,
            0.194606
          ],
          [
            -0.409419,
            -0.057376,
            0.490215
          ],
          [
            0.424319,
            0.628241,
            0.334286
          ],
          [
            0.25212,
            -0.627746,
            0.171601
          ],
          [
            -0.347482,
            0.701133,
            -0.033323
          ],
          [
            0.292258,
            0.079346,
            0.391604
          ],
          [
            -0.399941,
            -0.301015,
            -0.093441
          ],
          [
            -0.161362,
            -0.636278,
            0.394779
          ],
          [
            -0.096184,
            0.158223,
            0.035413
          ],
          [
            -0.030178,
            -0.000702,
            0.062169
          ],
          [
            -0.081785,
            0.067359,
            -0.190543
          ],
          [
            -0.009349,
            -0.014609,
            0.016857
          ],
          [
            0.0484,
            0.02129,
            -0.106219
          ],
          [
            0.184667,
            0.33103,
            0.105345
          ],
          [
            0.155218,
            0.12412,
            0.13216
          ],
          [
            0.263383,
            0.047119,
            -0.415013
          ],
          [
            -0.024573,
            -0.069343,
            -0.053878
          ],
          [
            0.326003,
            0.087731,
            -0.471154
          ],
          [
            0.024801,
            -0.08722,
            0.01238
          ],
          [
            -0.084351,
            -0.049436,
            0.18735
          ],
          [
            -0.366769,
            -0.286337,
            -0.559244
          ],
          [
            0.030224,
            0.051208,
            -0.055738
          ],
          [
            -0.102489,
            0.056298,
            0.173474
          ],
          [
            -0.204295,
            0.317658,
            -0.455849
          ]
        ],
        "Lattice": [
          [
            8.440733911,
            0.0,
            0.0
          ],
          [
            8.440733911,
            14.619780548,
            0.0
          ],
          [
            0.0,
            0.0,
            21.483230591
          ]
        ],
        "NumAtoms": 100,
        "Positions": [
          [
            4.22079,
            2.43687,
            0.0
          ],
          [
            9.84794,
            12.18339,
            0.0
          ],
          [
            7.03437,
            7.31013,
            0.0
          ],
          [
            7.03437,
            2.43687,
            0.0
          ],
          [
            12.66152,
            12.18339,
            0.0
          ],
          [
            9.84795,
            7.31013,
            0.0
          ],
          [
            1.40721,
            2.43687,
            0.0
          ],
          [
            7.03437,
            12.18339,
            0.0
          ],
          [
            4.22079,
            7.31013,
            0.0
          ],
          [
            2.81385,
            0.0,
            0.0
          ],
          [
            8.44101,
            9.74652,
            0.0
          ],
          [
            5.62743,
            4.87326,
            0.0
          ],
          [
            5.62743,
            0.0,
            0.0
          ],
          [
            11.25459,
            9.74652,
            0.0
          ],
          [
            8.44101,
            4.87326,
            0.0
          ],
          [
            0.00028,
            0.0,
            0.0
          ],
          [
            5.62743,
            9.74652,
            0.0
          ],
          [
            2.81385,
            4.87326,
            0.0
          ],
          [
            7.03462,
            4.06144,
            2.2975
          ],
          [
            12.66177,
            13.80796,
            2.2975
          ],
          [
            9.8482,
            8.9347,
            2.2975
          ],
          [
            9.8482,
            4.06144,
            2.2975
          ],
          [
            15.47535,
            13.80796,
            2.2975
          ],
          [
            12.66177,
            8.9347,
            2.2975
          ],
          [
            4.22104,
            4.06144,
            2.2975
          ],
          [
            9.8482,
            13.80796,
            2.2975
          ],
          [
            7.03462,
            8.9347,
            2.2975
          ],
          [
            5.62769,
            1.62456,
            2.2975
          ],
          [
            11.25484,
            11.37109,
            2.2975
          ],
          [
            8.44127,
            6.49782,
            2.2975
          ],
          [
            8.44127,
            1.62456,
            2.2975
          ],
          [
            14.06842,
            11.37109,
            2.2975
          ],
          [
            11.25484,
            6.49782,
            2.2975
          ],
          [
            2.81411,
            1.62456,
            2.2975
          ],
          [
            8.44127,
            11.37109,
            2.2975
          ],
          [
            5.62769,
            6.49782,
            2.2975
          ],
          [
            1.3849,
            0.82954,
            4.56607
          ],
          [
            7.01259,
            10.57294,
            4.57082
          ],
          [
            4.1974,
            5.70676,
            4.56671
          ],
          [
            4.19569,
            0.83429,
            4.56974
          ],
          [
            9.82719,
            10.57689,
            4.56394
          ],
          [
            7.01179,
            5.69756,
            4.56028
          ],
          [
            7.00892,
            0.82736,
            4.56963
          ],
          [
            12.64373,
            10.5815,
            4.56847
          ],
          [
            9.82924,
            5.69867,
            4.56188
          ],
          [
            2.79248,
            3.26974,
            4.57068
          ],
          [
            8.42223,
            13.01387,
            4.56393
          ],
          [
            5.61008,
            8.14135,
            4.57321
          ],
          [
            5.60535,
            3.26829,
            4.56728
          ],
          [
            11.23328,
            13.01379,
            4.56738
          ],
          [
            8.42378,
            8.13707,
            4.55468
          ],
          [
            8.41826,
            3.2596,
            4.56716
          ],
          [
            14.04007,
            13.01636,
            4.55941
          ],
          [
            11.2359,
            8.14527,
            4.57121
          ],
          [
            5.58074,
            0.04041,
            6.88099
          ],
          [
            11.22079,
            9.78353,
            6.88049
          ],
          [
            8.41317,
            4.9009,
            6.85845
          ],
          [
            2.76941,
            0.03967,
            6.87894
          ],
          [
            8.4216,
            9.79349,
            6.83322
          ],
          [
            5.57346,
            4.9048,
            6.88021
          ],
          [
            11.21456,
            4.91224,
            6.88935
          ],
          [
            8.39941,
            0.04324,
            6.88059
          ],
          [
            14.00158,
            9.78845,
            6.87538
          ],
          [
            9.80511,
            2.47282,
            6.87927
          ],
          [
            15.42174,
            12.24966,
            6.84629
          ],
          [
            12.61222,
            7.34133,
            6.88899
          ],
          [
            6.98965,
            2.4776,
            6.88022
          ],
          [
            12.61734,
            12.2275,
            6.88491
          ],
          [
            9.83237,
            7.33249,
            6.85128
          ],
          [
            6.9766,
            7.34291,
            6.83701
          ],
          [
            4.17681,
            2.47673,
            6.88105
          ],
          [
            9.81163,
            12.22718,
            6.87572
          ],
          [
            7.36178,
            10.40421,
            9.7912
          ],
          [
            7.50732,
            11.86782,
            10.03807
          ],
          [
            8.93459,
            12.40296,
            10.18222
          ],
          [
            6.86804,
            6.89812,
            10.27572
          ],
          [
            6.57301,
            5.45136,
            10.42206
          ],
          [
            7.86219,
            4.59666,
            10.47932
          ],
          [
            7.57627,
            3.098,
            10.62844
          ],
          [
            8.96466,
            13.88933,
            10.55672
          ],
          [
            8.32086,
            9.60246,
            9.67143
          ],
          [
            6.08665,
            9.97891,
            9.74003
          ],
          [
            6.59946,
            7.7613,
            11.1235
          ],
          [
            7.53831,
            7.27406,
            9.15493
          ],
          [
            6.09309,
            9.03419,
            10.11164
          ],
          [
            15.35249,
            12.08712,
            10.94641
          ],
          [
            15.39448,
            12.40262,
            9.2342
          ],
          [
            9.4705,
            11.80461,
            10.94176
          ],
          [
            9.48959,
            12.23022,
            9.23346
          ],
          [
            7.89687,
            8.23908,
            9.31788
          ],
          [
            5.95302,
            5.11138,
            9.54957
          ],
          [
            5.95925,
            5.32268,
            11.34897
          ],
          [
            8.49326,
            4.96321,
            11.31506
          ],
          [
            8.42572,
            4.76592,
            9.55963
          ],
          [
            8.52412,
            2.53921,
            10.67284
          ],
          [
            6.99756,
            2.8841,
            11.53651
          ],
          [
            7.0126,
            2.73866,
            9.77388
          ],
          [
            9.99422,
            14.20864,
            10.78588
          ],
          [
            8.34727,
            14.07781,
            11.44612
          ],
          [
            8.58692,
            14.51359,
            9.74838
          ]
        ],
        "Stress": [
          [
            -58.6163,
            -0.05428,
            -1.16419
          ],
          [
            -0.05428,
            -57.41413,
            0.42409
          ],
          [
            -1.16419,
            0.42409,
            -6.49753
          ]
        ],
        "computation_code": "VASP",
        "pseudopotential_information": [
          [
            "PAW_PBE",
            "Pt",
            "04Feb2005"
          ],
          [
            "PAW_PBE",
            "C",
            "08Apr2002"
          ],
          [
            "PAW_PBE",
            "O",
            "08Apr2002"
          ],
          [
            "PAW_PBE",
            "H",
            "15Jun2001"
          ]
        ]
      }
    ],
    "EnergyStyle": "electronvolt",
    "ForcesStyle": "electronvoltperangstrom",
    "LatticeStyle": "angstrom",
    "PositionsStyle": "angstrom",
    "StressStyle": "kB"
  }
}