{
  "Dataset": {
    "AtomTypeStyle": "chemicalsymbol",
    "Data": [
      {
        "AtomTypes": [
          "Pt",
          "Pt",
          "Pt",
          "Pt",
          "Pt",
          "Pt",
          "Pt",
          "Pt",
          "Pt",
          "Pt",
          "Pt",
          "Pt",
          "Pt",
          "Pt",
          "Pt",
          "Pt",
          "Pt",
          "Pt",
          "Pt",
          "Pt",
          "Pt",
          "Pt",
          "Pt",
          "Pt",
          "Pt",
          "Pt",
          "Pt",
          "Pt",
          "Pt",
          "Pt",
          "Pt",
          "Pt",
          "Pt",
          "Pt",
          "Pt",
          "Pt",
          "Pt",
          "Pt",
          "Pt",
          "Pt",
          "Pt",
          "Pt",
          "Pt",
          "Pt",
          "Pt",
          "Pt",
          "Pt",
          "Pt",
          "Pt",
          "Pt",
          "Pt",
          "Pt",
          "Pt",
          "Pt",
          "Pt",
          "Pt",
          "Pt",
          "Pt",
          "Pt",
          "Pt",
          "Pt",
          "Pt",
          "Pt",
          "Pt",
          "Pt",
          "Pt",
          "Pt",
          "Pt",
          "Pt",
          "Pt",
          "Pt",
          "Pt",
          "C",
          "C",
          "C",
          "C",
          "C",
          "C",
          "C",
          "C",
          "O",
          "O",
          "O",
          "O",
          "H",
          "H",
          "H",
          "H",
          "H",
          "H",
          "H",
          "H",
          "H",
          "H",
          "H",
          "H",
          "H",
          "H",
          "H",
          "H"
        ],
        "Energy": -367.60694575,
        "Forces": [
          [
            0.020307,
            -0.013879,
            -0.049598
          ],
          [
            0.027575,
            -0.015317,
            -0.046358
          ],
          [
            0.018114,
            -0.02842,
            -0.062961
          ],
          [
            0.019487,
            -0.022973,
            -0.056829
          ],
          [
            0.006774,
            -0.022884,
            -0.053734
          ],
          [
            0.02703,
            -0.017106,
            -0.053939
          ],
          [
            0.013578,
            -0.002576,
            -0.039545
          ],
          [
            0.012345,
            -0.023338,
            -0.03537
          ],
          [
            -0.000242,
            -0.012395,
            -0.05188
          ],
          [
            0.024224,
            -0.016804,
            -0.042643
          ],
          [
            0.015995,
            -0.012409,
            -0.043358
          ],
          [
            0.007176,
            -0.022447,
            -0.055758
          ],
          [
            0.014608,
            -0.015498,
            -0.045719
          ],
          [
            0.019185,
            -0.008713,
            -0.104105
          ],
          [
            0.018249,
            -0.014469,
            -0.040865
          ],
          [
            0.024669,
            -0.011402,
            -0.023712
          ],
          [
            0.003613,
            -0.021461,
            -0.027513
          ],
          [
            0.020971,
            -0.017114,
            -0.055901
          ],
          [
            -0.015816,
            0.019887,
            0.028097
          ],
          [
            -0.032422,
            0.029205,
            0.04281
          ],
          [
            0.004661,
            0.011721,
            -0.028784
          ],
          [
            -0.016772,
            0.000449,
            0.026892
          ],
          [
            -0.014694,
            0.02791,
            0.011123
          ],
          [
            0.026915,
            -0.023219,
            0.160301
          ],
          [
            -0.019617,
            0.021737,
            0.043845
          ],
          [
            -0.013211,
            0.007995,
            0.025644
          ],
          [
            -0.038704,
            0.009255,
            -0.006671
          ],
          [
            -0.010603,
            0.021465,
            0.045218
          ],
          [
            -0.003624,
            -0.01252,
            0.076398
          ],
          [
            -0.030964,
            0.02805,
            -0.023341
          ],
          [
            -0.036382,
            0.030219,
            0.044441
          ],
          [
            0.015221,
            -0.005834,
            0.036146
          ],
          [
            -0.012258,
            0.023572,
            0.030151
          ],
          [
            -0.015289,
            0.030571,
            0.039739
          ],
          [
            -0.038233,
            0.002889,
            -0.013945
          ],
          [
            -0.000386,
            0.056172,
            0.047745
          ],
          [
            0.007694,
            0.006777,
            0.031379
          ],
          [
            -0.043522,
            0.019044,
            -0.067056
          ],
          [
            0.004125,
            0.011189,
            0.032052
          ],
          [
            0.022265,
            0.005049,
            0.026267
          ],
          [
            0.118746,
            0.048481,
            -0.08762
          ],
          [
            0.004268,
            -0.029858,
            0.005474
          ],
          [
            -0.012415,
            -0.010655,
            0.017916
          ],
          [
            -0.062523,
            0.018665,
            -0.02256
          ],
          [
            0.002761,
            -0.000497,
            -0.02238
          ],
          [
            0.013658,
            -0.04248,
            0.030464
          ],
          [
            0.003,
            0.027542,
            -0.037977
          ],
          [
            -0.054902,
            -0.034163,
            -0.066164
          ],
          [
            -0.012113,
            -0.053533,
            0.01325
          ],
          [
            0.009983,
            0.031974,
            0.016501
          ],
          [
            0.025048,
            -0.067681,
            -0.001346
          ],
          [
            0.001893,
            -0.056848,
            -0.032986
          ],
          [
            -0.006774,
            0.05309,
            -0.00747
          ],
          [
            0.073773,
            0.023581,
            -0.08206
          ],
          [
            -0.033305,
            0.080533,
            -0.013993
          ],
          [
            -0.016352,
            0.019602,
            -0.004108
          ],
          [
            -0.00639,
            0.0074,
            0.013933
          ],
          [
            0.02074,
            0.042024,
            -0.008537
          ],
          [
            -0.083957,
            -0.051678,
            0.099272
          ],
          [
            -0.00685,
            -0.057547,
            -0.059325
          ],
          [
            0.023656,
            -0.076497,
            -0.010613
          ],
          [
            -0.001597,
            0.093337,
            -0.043506
          ],
          [
            0.085874,
            0.030382,
            -0.061718
          ],
          [
            0.047569,
            -0.029331,
            0.000613
          ],
          [
            -0.045937,
            -0.081627,
            -0.066509
          ],
          [
            0.012539,
            0.015782,
            -0.01852
          ],
          [
            -0.033136,
            -0.038682,
            0.003138
          ],
          [
            -0.020155,
            0.003206,
            -0.02021
          ],
          [
            -0.09877,
            0.05161,
            0.0229
          ],
          [
            0.031039,
            0.004722,
            0.157448
          ],
          [
            -0.009763,
            -0.015742,
            -0.005035
          ],
          [
            0.056421,
            0.000882,
            -0.06959
          ],
          [
            0.353535,
            -0.624477,
            -0.117133
          ],
          [
            0.399443,
            0.126519,
            0.682511
          ],
          [
            -0.461505,
            -0.264441,
            0.443442
          ],
          [
            -0.120329,
            0.355731,
            0.224304
          ],
          [
            0.682179,
            0.263192,
            -0.155456
          ],
          [
            0.124467,
            0.271343,
            -0.465739
          ],
          [
            -0.382315,
            -0.660351,
            -0.398539
          ],
          [
            -0.176545,
            0.609082,
            -0.284627
          ],
          [
            -0.397381,
            0.730311,
            0.094726
          ],
          [
            0.069545,
            0.374376,
            0.110898
          ],
          [
            -0.356196,
            -0.56869,
            -0.362858
          ],
          [
            -0.133327,
            -0.605967,
            0.626946
          ],
          [
            0.04502,
            -0.207859,
            0.057675
          ],
          [
            -0.031403,
            0.096827,
            -0.001731
          ],
          [
            -0.258879,
            0.199176,
            -0.363862
          ],
          [
            0.101778,
            -0.108212,
            0.167242
          ],
          [
            0.272007,
            -0.050987,
            -0.492705
          ],
          [
            0.33625,
            0.536822,
            -0.174562
          ],
          [
            -0.259591,
            -0.148167,
            -0.473446
          ],
          [
            -0.438512,
            -0.18005,
            0.588138
          ],
          [
            0.199275,
            0.110538,
            0.244085
          ],
          [
            -0.143218,
            -0.106742,
            0.161112
          ],
          [
            0.149039,
            -0.018891,
            -0.003916
          ],
          [
            -0.040014,
            0.07041,
            0.034021
          ],
          [
            0.193461,
            0.247086,
            0.304633
          ],
          [
            0.191975,
            0.0123,
            -0.001016
          ],
          [
            -0.031498,
            -0.07539,
            0.006768
          ],
          [
            0.060208,
            -0.309741,
            0.194234
          ]
        ],
        "Lattice": [
          [
            8.440733911,
            0.0,
            0.0
          ],
          [
            8.440733911,
            14.619780548,
            0.0
          ],
          [
            0.0,
            0.0,
            21.483230591
          ]
        ],
        "NumAtoms": 100,
        "Positions": [
          [
            4.22079,
            2.43687,
            0.0
          ],
          [
            9.84794,
            12.18339,
            0.0
          ],
          [
            7.03437,
            7.31013,
            0.0
          ],
          [
            7.03437,
            2.43687,
            0.0
          ],
          [
            12.66152,
            12.18339,
            0.0
          ],
          [
            9.84795,
            7.31013,
            0.0
          ],
          [
            1.40721,
            2.43687,
            0.0
          ],
          [
            7.03437,
            12.18339,
            0.0
          ],
          [
            4.22079,
            7.31013,
            0.0
          ],
          [
            2.81385,
            0.0,
            0.0
          ],
          [
            8.44101,
            9.74652,
            0.0
          ],
          [
            5.62743,
            4.87326,
            0.0
          ],
          [
            5.62743,
            0.0,
            0.0
          ],
          [
            11.25459,
            9.74652,
            0.0
          ],
          [
            8.44101,
            4.87326,
            0.0
          ],
          [
            0.00028,
            0.0,
            0.0
          ],
          [
            5.62743,
            9.74652,
            0.0
          ],
          [
            2.81385,
            4.87326,
            0.0
          ],
          [
            7.03462,
            4.06144,
            2.2975
          ],
          [
            12.66177,
            13.80796,
            2.2975
          ],
          [
            9.8482,
            8.9347,
            2.2975
          ],
          [
            9.8482,
            4.06144,
            2.2975
          ],
          [
            15.47535,
            13.80796,
            2.2975
          ],
          [
            12.66177,
            8.9347,
            2.2975
          ],
          [
            4.22104,
            4.06144,
            2.2975
          ],
          [
            9.8482,
            13.80796,
            2.2975
          ],
          [
            7.03462,
            8.9347,
            2.2975
          ],
          [
            5.62769,
            1.62456,
            2.2975
          ],
          [
            11.25484,
            11.37109,
            2.2975
          ],
          [
            8.44127,
            6.49782,
            2.2975
          ],
          [
            8.44127,
            1.62456,
            2.2975
          ],
          [
            14.06842,
            11.37109,
            2.2975
          ],
          [
            11.25484,
            6.49782,
            2.2975
          ],
          [
            2.81411,
            1.62456,
            2.2975
          ],
          [
            8.44127,
            11.37109,
            2.2975
          ],
          [
            5.62769,
            6.49782,
            2.2975
          ],
          [
            1.38415,
            0.82952,
            4.56632
          ],
          [
            7.01065,
            10.57589,
            4.5681
          ],
          [
            4.19745,
            5.70581,
            4.56669
          ],
          [
            4.19493,
            0.83479,
            4.56759
          ],
          [
            9.82974,
            10.58047,
            4.55798
          ],
          [
            7.01062,
            5.69558,
            4.55803
          ],
          [
            7.00988,
            0.82839,
            4.57019
          ],
          [
            12.64591,
            10.58217,
            4.56549
          ],
          [
            9.82996,
            5.6949,
            4.5582
          ],
          [
            2.79181,
            3.2707,
            4.56921
          ],
          [
            8.42317,
            13.01372,
            4.56221
          ],
          [
            5.61511,
            8.13924,
            4.57847
          ],
          [
            5.60615,
            3.26913,
            4.56622
          ],
          [
            11.23273,
            13.01449,
            4.56558
          ],
          [
            8.42258,
            8.13587,
            4.54847
          ],
          [
            8.41782,
            3.2576,
            4.56467
          ],
          [
            14.03922,
            13.01622,
            4.55723
          ],
          [
            11.23897,
            8.14764,
            4.56346
          ],
          [
            5.58126,
            0.04282,
            6.88306
          ],
          [
            11.22097,
            9.78462,
            6.88158
          ],
          [
            8.41693,
            4.89074,
            6.85109
          ],
          [
            2.76797,
            0.04068,
            6.88045
          ],
          [
            8.43362,
            9.79923,
            6.80715
          ],
          [
            5.57151,
            4.89902,
            6.88254
          ],
          [
            11.2147,
            4.91063,
            6.8927
          ],
          [
            8.39988,
            0.04619,
            6.88353
          ],
          [
            13.99252,
            9.79441,
            6.87027
          ],
          [
            9.80353,
            2.47198,
            6.88346
          ],
          [
            15.42143,
            12.25787,
            6.83687
          ],
          [
            12.60683,
            7.33719,
            6.89283
          ],
          [
            6.99171,
            2.47927,
            6.88512
          ],
          [
            12.61688,
            12.2308,
            6.88588
          ],
          [
            9.84673,
            7.32759,
            6.83733
          ],
          [
            6.96795,
            7.33741,
            6.82745
          ],
          [
            4.17843,
            2.4776,
            6.88282
          ],
          [
            9.81273,
            12.23084,
            6.87581
          ],
          [
            7.34117,
            10.41255,
            9.86839
          ],
          [
            7.4881,
            11.8827,
            9.96155
          ],
          [
            8.9064,
            12.42169,
            10.14409
          ],
          [
            6.8617,
            6.89341,
            10.32655
          ],
          [
            6.55105,
            5.44356,
            10.45644
          ],
          [
            7.85039,
            4.62233,
            10.52777
          ],
          [
            7.60682,
            3.14698,
            10.71517
          ],
          [
            8.91876,
            13.85528,
            10.63064
          ],
          [
            8.29125,
            9.59846,
            9.76219
          ],
          [
            6.06494,
            9.99848,
            9.90368
          ],
          [
            6.68421,
            7.73526,
            11.22189
          ],
          [
            7.43519,
            7.30315,
            9.16056
          ],
          [
            6.0562,
            9.07854,
            10.2967
          ],
          [
            15.27198,
            12.19773,
            10.79561
          ],
          [
            15.45384,
            12.32224,
            9.06216
          ],
          [
            9.44728,
            11.76917,
            10.8441
          ],
          [
            9.45627,
            12.33984,
            9.19746
          ],
          [
            7.81562,
            8.23932,
            9.3909
          ],
          [
            5.94897,
            5.11451,
            9.60442
          ],
          [
            5.97423,
            5.33302,
            11.36249
          ],
          [
            8.46245,
            5.0108,
            11.35091
          ],
          [
            8.4391,
            4.80686,
            9.59312
          ],
          [
            8.55251,
            2.58839,
            10.77314
          ],
          [
            7.03829,
            2.92488,
            11.63539
          ],
          [
            7.03245,
            2.70498,
            9.85502
          ],
          [
            9.93953,
            14.19524,
            10.85061
          ],
          [
            8.32265,
            13.99196,
            11.5512
          ],
          [
            8.51115,
            14.56605,
            9.86443
          ]
        ],
        "Stress": [
          [
            -57.59779,
            0.17938,
            -1.10653
          ],
          [
            0.17938,
            -56.0284,
            0.34912
          ],
          [
            -1.10653,
            0.34912,
            -6.32656
          ]
        ],
        "computation_code": "VASP",
        "pseudopotential_information": [
          [
            "PAW_PBE",
            "Pt",
            "04Feb2005"
          ],
          [
            "PAW_PBE",
            "C",
            "08Apr2002"
          ],
          [
            "PAW_PBE",
            "O",
            "08Apr2002"
          ],
          [
            "PAW_PBE",
            "H",
            "15Jun2001"
          ]
        ]
      }
    ],
    "EnergyStyle": "electronvolt",
    "ForcesStyle": "electronvoltperangstrom",
    "LatticeStyle": "angstrom",
    "PositionsStyle": "angstrom",
    "StressStyle": "kB"
  }
}