{
  "Dataset": {
    "AtomTypeStyle": "chemicalsymbol",
    "Data": [
      {
        "AtomTypes": [
          "Pt",
          "Pt",
          "Pt",
          "Pt",
          "Pt",
          "Pt",
          "Pt",
          "Pt",
          "Pt",
          "Pt",
          "Pt",
          "Pt",
          "Pt",
          "Pt",
          "Pt",
          "Pt",
          "Pt",
          "Pt",
          "Pt",
          "Pt",
          "Pt",
          "Pt",
          "Pt",
          "Pt",
          "Pt",
          "Pt",
          "Pt",
          "Pt",
          "Pt",
          "Pt",
          "Pt",
          "Pt",
          "Pt",
          "Pt",
          "Pt",
          "Pt",
          "Pt",
          "Pt",
          "Pt",
          "Pt",
          "Pt",
          "Pt",
          "Pt",
          "Pt",
          "Pt",
          "Pt",
          "Pt",
          "Pt",
          "Pt",
          "Pt",
          "Pt",
          "Pt",
          "Pt",
          "Pt",
          "Pt",
          "Pt",
          "Pt",
          "Pt",
          "Pt",
          "Pt",
          "Pt",
          "Pt",
          "Pt",
          "Pt",
          "Pt",
          "Pt",
          "Pt",
          "Pt",
          "Pt",
          "Pt",
          "Pt",
          "Pt",
          "C",
          "C",
          "C",
          "C",
          "C",
          "C",
          "C",
          "C",
          "O",
          "O",
          "O",
          "O",
          "H",
          "H",
          "H",
          "H",
          "H",
          "H",
          "H",
          "H",
          "H",
          "H",
          "H",
          "H",
          "H",
          "H",
          "H",
          "H"
        ],
        "Energy": -367.66892937,
        "Forces": [
          [
            0.016827,
            -0.0172,
            -0.046095
          ],
          [
            0.021178,
            -0.014765,
            -0.051534
          ],
          [
            0.01836,
            -0.025226,
            -0.051557
          ],
          [
            0.020699,
            -0.023128,
            -0.051083
          ],
          [
            0.015971,
            -0.018136,
            -0.065026
          ],
          [
            0.022614,
            -0.019787,
            -0.047757
          ],
          [
            0.014613,
            -0.010463,
            -0.039673
          ],
          [
            0.010344,
            -0.020436,
            -0.037204
          ],
          [
            0.004776,
            -0.011379,
            -0.049903
          ],
          [
            0.025984,
            -0.020562,
            -0.037581
          ],
          [
            0.012494,
            -0.007534,
            -0.046431
          ],
          [
            0.012397,
            -0.018316,
            -0.055358
          ],
          [
            0.014995,
            -0.019179,
            -0.048244
          ],
          [
            0.024918,
            -0.010497,
            -0.078499
          ],
          [
            0.017967,
            -0.016436,
            -0.049372
          ],
          [
            0.020687,
            -0.014828,
            -0.032518
          ],
          [
            0.008654,
            -0.011191,
            -0.039981
          ],
          [
            0.01823,
            -0.018211,
            -0.05472
          ],
          [
            -0.013724,
            0.010503,
            0.052647
          ],
          [
            -0.032309,
            0.026188,
            0.055653
          ],
          [
            0.005537,
            0.014783,
            0.037061
          ],
          [
            -0.018215,
            0.007301,
            0.059004
          ],
          [
            -0.010904,
            0.0243,
            0.023806
          ],
          [
            -0.012835,
            -0.002439,
            0.148701
          ],
          [
            -0.019781,
            0.016659,
            0.06309
          ],
          [
            -0.011965,
            0.005688,
            0.036809
          ],
          [
            -0.009455,
            0.011822,
            0.021506
          ],
          [
            -0.016801,
            0.016145,
            0.0505
          ],
          [
            -0.014517,
            -9.4e-05,
            0.092431
          ],
          [
            -0.019446,
            0.028736,
            0.016661
          ],
          [
            -0.031256,
            0.029566,
            0.051664
          ],
          [
            0.00604,
            -0.010029,
            0.076615
          ],
          [
            -0.021921,
            0.034608,
            0.062758
          ],
          [
            -0.010312,
            0.030842,
            0.053868
          ],
          [
            -0.019181,
            -0.000934,
            0.040218
          ],
          [
            -0.001974,
            0.03237,
            0.05181
          ],
          [
            -0.006473,
            -0.004013,
            0.004291
          ],
          [
            -0.023821,
            0.038928,
            -0.047891
          ],
          [
            0.004874,
            -0.01415,
            0.003621
          ],
          [
            0.002188,
            0.000126,
            -0.033254
          ],
          [
            0.034511,
            0.040778,
            -0.06532
          ],
          [
            -0.010999,
            -0.019698,
            -0.025476
          ],
          [
            0.019715,
            0.011685,
            -0.009144
          ],
          [
            0.004725,
            -0.000144,
            -0.038539
          ],
          [
            4.4e-05,
            -0.036911,
            -0.034824
          ],
          [
            -0.006189,
            0.007158,
            -0.031991
          ],
          [
            0.004546,
            -0.017256,
            -0.027153
          ],
          [
            0.042826,
            -0.037656,
            0.036707
          ],
          [
            0.00371,
            -0.004991,
            -0.021558
          ],
          [
            -0.013075,
            0.010579,
            -0.023577
          ],
          [
            -0.020806,
            -0.008271,
            -0.047462
          ],
          [
            -0.000821,
            -0.017325,
            -0.041211
          ],
          [
            -0.001988,
            -0.008061,
            -0.016144
          ],
          [
            0.040343,
            0.018783,
            -0.118637
          ],
          [
            -0.0041,
            0.031107,
            0.032156
          ],
          [
            -0.016013,
            0.005769,
            0.023599
          ],
          [
            0.034762,
            -0.096139,
            -0.051253
          ],
          [
            -0.00166,
            0.016826,
            0.015839
          ],
          [
            0.087431,
            0.032728,
            -0.162239
          ],
          [
            -0.010345,
            -0.059076,
            0.001756
          ],
          [
            0.004725,
            -0.026515,
            0.007838
          ],
          [
            -0.003553,
            0.055193,
            0.002882
          ],
          [
            -0.053815,
            0.067817,
            -0.10155
          ],
          [
            -0.002322,
            -0.011248,
            0.030195
          ],
          [
            -0.016577,
            0.02621,
            -0.062712
          ],
          [
            -0.049598,
            -0.022466,
            0.03312
          ],
          [
            -0.001394,
            -0.002471,
            0.024761
          ],
          [
            -0.002663,
            0.019528,
            0.001091
          ],
          [
            0.123107,
            -0.001785,
            -0.084349
          ],
          [
            -0.070267,
            -0.048812,
            -0.075029
          ],
          [
            0.012531,
            -0.001006,
            0.031834
          ],
          [
            0.016018,
            0.005223,
            0.004345
          ],
          [
            0.624978,
            -0.18687,
            0.085125
          ],
          [
            -0.594363,
            0.324108,
            -0.64816
          ],
          [
            0.595785,
            0.186822,
            -0.805905
          ],
          [
            -0.293051,
            0.322293,
            0.117577
          ],
          [
            -0.260246,
            -0.293494,
            -1.074853
          ],
          [
            0.58268,
            -0.142695,
            -0.864348
          ],
          [
            -0.401935,
            -0.243616,
            -0.397725
          ],
          [
            -0.382555,
            0.27972,
            -0.490007
          ],
          [
            -0.14618,
            0.136595,
            0.277674
          ],
          [
            -0.506571,
            0.632991,
            0.132646
          ],
          [
            -0.233846,
            -0.058868,
            -0.132904
          ],
          [
            0.351151,
            -0.242072,
            -0.058638
          ],
          [
            0.062683,
            -0.555285,
            0.189542
          ],
          [
            -0.06294,
            0.056013,
            0.051381
          ],
          [
            0.382776,
            -0.324659,
            0.505221
          ],
          [
            0.040241,
            -0.008501,
            0.005012
          ],
          [
            -0.379833,
            0.090134,
            0.779714
          ],
          [
            -0.075678,
            0.179135,
            0.225729
          ],
          [
            0.399498,
            0.163616,
            0.688307
          ],
          [
            -0.237668,
            -0.03072,
            0.317866
          ],
          [
            0.027479,
            0.051787,
            0.007783
          ],
          [
            -0.459851,
            -0.122047,
            0.789983
          ],
          [
            -0.114882,
            0.023361,
            -0.025153
          ],
          [
            0.107134,
            -0.025626,
            -0.211817
          ],
          [
            0.413857,
            0.234819,
            0.614934
          ],
          [
            -0.06232,
            0.015289,
            -0.004082
          ],
          [
            0.169363,
            -0.019393,
            -0.181331
          ],
          [
            0.291394,
            -0.355217,
            0.716818
          ]
        ],
        "Lattice": [
          [
            8.440733911,
            0.0,
            0.0
          ],
          [
            8.440733911,
            14.619780548,
            0.0
          ],
          [
            0.0,
            0.0,
            21.483230591
          ]
        ],
        "NumAtoms": 100,
        "Positions": [
          [
            4.22079,
            2.43687,
            0.0
          ],
          [
            9.84794,
            12.18339,
            0.0
          ],
          [
            7.03437,
            7.31013,
            0.0
          ],
          [
            7.03437,
            2.43687,
            0.0
          ],
          [
            12.66152,
            12.18339,
            0.0
          ],
          [
            9.84795,
            7.31013,
            0.0
          ],
          [
            1.40721,
            2.43687,
            0.0
          ],
          [
            7.03437,
            12.18339,
            0.0
          ],
          [
            4.22079,
            7.31013,
            0.0
          ],
          [
            2.81385,
            0.0,
            0.0
          ],
          [
            8.44101,
            9.74652,
            0.0
          ],
          [
            5.62743,
            4.87326,
            0.0
          ],
          [
            5.62743,
            0.0,
            0.0
          ],
          [
            11.25459,
            9.74652,
            0.0
          ],
          [
            8.44101,
            4.87326,
            0.0
          ],
          [
            0.00028,
            0.0,
            0.0
          ],
          [
            5.62743,
            9.74652,
            0.0
          ],
          [
            2.81385,
            4.87326,
            0.0
          ],
          [
            7.03462,
            4.06144,
            2.2975
          ],
          [
            12.66177,
            13.80796,
            2.2975
          ],
          [
            9.8482,
            8.9347,
            2.2975
          ],
          [
            9.8482,
            4.06144,
            2.2975
          ],
          [
            15.47535,
            13.80796,
            2.2975
          ],
          [
            12.66177,
            8.9347,
            2.2975
          ],
          [
            4.22104,
            4.06144,
            2.2975
          ],
          [
            9.8482,
            13.80796,
            2.2975
          ],
          [
            7.03462,
            8.9347,
            2.2975
          ],
          [
            5.62769,
            1.62456,
            2.2975
          ],
          [
            11.25484,
            11.37109,
            2.2975
          ],
          [
            8.44127,
            6.49782,
            2.2975
          ],
          [
            8.44127,
            1.62456,
            2.2975
          ],
          [
            14.06842,
            11.37109,
            2.2975
          ],
          [
            11.25484,
            6.49782,
            2.2975
          ],
          [
            2.81411,
            1.62456,
            2.2975
          ],
          [
            8.44127,
            11.37109,
            2.2975
          ],
          [
            5.62769,
            6.49782,
            2.2975
          ],
          [
            1.38551,
            0.8296,
            4.56626
          ],
          [
            7.01342,
            10.57122,
            4.57191
          ],
          [
            4.19744,
            5.70753,
            4.56712
          ],
          [
            4.19661,
            0.83392,
            4.57145
          ],
          [
            9.82674,
            10.57491,
            4.56727
          ],
          [
            7.01262,
            5.6988,
            4.56187
          ],
          [
            7.00821,
            0.82651,
            4.56925
          ],
          [
            12.64132,
            10.58108,
            4.57034
          ],
          [
            9.82869,
            5.7015,
            4.56438
          ],
          [
            2.7931,
            3.26859,
            4.5719
          ],
          [
            8.42151,
            13.01404,
            4.56462
          ],
          [
            5.60603,
            8.14216,
            4.56882
          ],
          [
            5.60461,
            3.26697,
            4.56808
          ],
          [
            11.23365,
            13.01354,
            4.56874
          ],
          [
            8.4248,
            8.13726,
            4.55911
          ],
          [
            8.41864,
            3.2605,
            4.56844
          ],
          [
            14.04074,
            13.01687,
            4.561
          ],
          [
            11.23452,
            8.14375,
            4.57544
          ],
          [
            5.57995,
            0.03956,
            6.87946
          ],
          [
            11.2202,
            9.7829,
            6.87985
          ],
          [
            8.41043,
            4.90812,
            6.86397
          ],
          [
            2.77077,
            0.03945,
            6.87774
          ],
          [
            8.41186,
            9.78892,
            6.85353
          ],
          [
            5.57476,
            4.90818,
            6.87746
          ],
          [
            11.21474,
            4.91256,
            6.88655
          ],
          [
            8.39895,
            0.04236,
            6.87751
          ],
          [
            14.00931,
            9.78479,
            6.87781
          ],
          [
            9.80685,
            2.47312,
            6.87611
          ],
          [
            15.42139,
            12.24217,
            6.85297
          ],
          [
            12.61604,
            7.34464,
            6.88597
          ],
          [
            6.98761,
            2.47579,
            6.87632
          ],
          [
            12.61751,
            12.22499,
            6.88392
          ],
          [
            9.82107,
            7.33713,
            6.8623
          ],
          [
            6.98315,
            7.34687,
            6.84588
          ],
          [
            4.17551,
            2.47589,
            6.87985
          ],
          [
            9.81141,
            12.22412,
            6.87494
          ],
          [
            7.38104,
            10.435,
            9.78196
          ],
          [
            7.53285,
            11.86987,
            10.14051
          ],
          [
            8.95116,
            12.37005,
            10.24822
          ],
          [
            6.8828,
            6.87948,
            10.28354
          ],
          [
            6.6055,
            5.42749,
            10.39224
          ],
          [
            7.86554,
            4.57075,
            10.43378
          ],
          [
            7.55189,
            3.08457,
            10.54922
          ],
          [
            9.00173,
            13.87887,
            10.48153
          ],
          [
            8.35423,
            9.67267,
            9.58062
          ],
          [
            6.12896,
            10.00391,
            9.68594
          ],
          [
            6.42905,
            7.74611,
            11.04186
          ],
          [
            7.65321,
            7.22788,
            9.23992
          ],
          [
            6.06896,
            9.07718,
            10.05602
          ],
          [
            6.96408,
            12.02625,
            11.07701
          ],
          [
            15.38177,
            12.45563,
            9.34916
          ],
          [
            9.49316,
            11.81484,
            11.03359
          ],
          [
            9.50151,
            12.14205,
            9.26029
          ],
          [
            7.98193,
            8.20912,
            9.32038
          ],
          [
            6.00986,
            5.15107,
            9.44408
          ],
          [
            5.9584,
            5.25118,
            11.25057
          ],
          [
            8.51354,
            4.88694,
            11.27217
          ],
          [
            8.46702,
            4.75301,
            9.47161
          ],
          [
            8.48188,
            2.48608,
            10.58406
          ],
          [
            6.96235,
            2.87381,
            11.4694
          ],
          [
            6.94501,
            2.72705,
            9.6547
          ],
          [
            10.03791,
            14.23021,
            10.63
          ],
          [
            8.38705,
            14.17689,
            11.361
          ],
          [
            8.58533,
            14.42294,
            9.56644
          ]
        ],
        "Stress": [
          [
            -58.68883,
            -0.01507,
            -1.52412
          ],
          [
            -0.01507,
            -57.00852,
            0.70669
          ],
          [
            -1.52412,
            0.70669,
            -9.66347
          ]
        ],
        "computation_code": "VASP",
        "pseudopotential_information": [
          [
            "PAW_PBE",
            "Pt",
            "04Feb2005"
          ],
          [
            "PAW_PBE",
            "C",
            "08Apr2002"
          ],
          [
            "PAW_PBE",
            "O",
            "08Apr2002"
          ],
          [
            "PAW_PBE",
            "H",
            "15Jun2001"
          ]
        ]
      }
    ],
    "EnergyStyle": "electronvolt",
    "ForcesStyle": "electronvoltperangstrom",
    "LatticeStyle": "angstrom",
    "PositionsStyle": "angstrom",
    "StressStyle": "kB"
  }
}