{
  "Dataset": {
    "AtomTypeStyle": "chemicalsymbol",
    "Data": [
      {
        "AtomTypes": [
          "Pt",
          "Pt",
          "Pt",
          "Pt",
          "Pt",
          "Pt",
          "Pt",
          "Pt",
          "Pt",
          "Pt",
          "Pt",
          "Pt",
          "Pt",
          "Pt",
          "Pt",
          "Pt",
          "Pt",
          "Pt",
          "Pt",
          "Pt",
          "Pt",
          "Pt",
          "Pt",
          "Pt",
          "Pt",
          "Pt",
          "Pt",
          "Pt",
          "Pt",
          "Pt",
          "Pt",
          "Pt",
          "Pt",
          "Pt",
          "Pt",
          "Pt",
          "Pt",
          "Pt",
          "Pt",
          "Pt",
          "Pt",
          "Pt",
          "Pt",
          "Pt",
          "Pt",
          "Pt",
          "Pt",
          "Pt",
          "Pt",
          "Pt",
          "Pt",
          "Pt",
          "Pt",
          "Pt",
          "Pt",
          "Pt",
          "Pt",
          "Pt",
          "Pt",
          "Pt",
          "Pt",
          "Pt",
          "Pt",
          "Pt",
          "Pt",
          "Pt",
          "Pt",
          "Pt",
          "Pt",
          "Pt",
          "Pt",
          "Pt",
          "C",
          "C",
          "C",
          "C",
          "C",
          "C",
          "C",
          "C",
          "O",
          "O",
          "O",
          "O",
          "H",
          "H",
          "H",
          "H",
          "H",
          "H",
          "H",
          "H",
          "H",
          "H",
          "H",
          "H",
          "H",
          "H",
          "H",
          "H"
        ],
        "Energy": -368.27616394,
        "Forces": [
          [
            0.015912,
            -0.018259,
            -0.047507
          ],
          [
            0.018805,
            -0.018989,
            -0.043044
          ],
          [
            0.0172,
            -0.019338,
            -0.041187
          ],
          [
            0.015319,
            -0.014147,
            -0.039807
          ],
          [
            0.017497,
            -0.01663,
            -0.060082
          ],
          [
            0.013816,
            -0.020548,
            -0.04773
          ],
          [
            0.020685,
            -0.014069,
            -0.040561
          ],
          [
            0.010139,
            -0.018445,
            -0.0415
          ],
          [
            0.014572,
            -0.018806,
            -0.052316
          ],
          [
            0.024882,
            -0.017737,
            -0.042854
          ],
          [
            0.015512,
            -0.014401,
            -0.04706
          ],
          [
            0.015276,
            -0.015242,
            -0.047334
          ],
          [
            0.013553,
            -0.016557,
            -0.051504
          ],
          [
            0.021168,
            -0.016654,
            -0.043163
          ],
          [
            0.020134,
            -0.014847,
            -0.049406
          ],
          [
            0.016382,
            -0.014748,
            -0.042622
          ],
          [
            0.013171,
            -0.010578,
            -0.047575
          ],
          [
            0.017238,
            -0.01796,
            -0.05392
          ],
          [
            -0.011765,
            0.006981,
            0.034821
          ],
          [
            -0.028957,
            0.01829,
            0.054473
          ],
          [
            -0.011925,
            0.018205,
            0.054032
          ],
          [
            -0.02157,
            0.014315,
            0.049328
          ],
          [
            -0.012426,
            0.013243,
            0.032086
          ],
          [
            -0.025711,
            0.01551,
            0.067995
          ],
          [
            -0.018509,
            0.018006,
            0.058618
          ],
          [
            -0.01447,
            0.010988,
            0.034699
          ],
          [
            -0.006496,
            0.018578,
            0.036419
          ],
          [
            -0.01628,
            0.012067,
            0.047461
          ],
          [
            -0.020834,
            0.017824,
            0.06742
          ],
          [
            -0.009258,
            0.023161,
            0.032801
          ],
          [
            -0.016943,
            0.021637,
            0.035681
          ],
          [
            -0.006472,
            0.00045,
            0.061918
          ],
          [
            -0.022027,
            0.025724,
            0.057294
          ],
          [
            -0.014077,
            0.022341,
            0.050461
          ],
          [
            -0.013743,
            0.002504,
            0.039841
          ],
          [
            -0.014654,
            0.014539,
            0.042116
          ],
          [
            -0.001004,
            -0.000779,
            -0.002821
          ],
          [
            0.002611,
            0.001415,
            -0.001683
          ],
          [
            -0.001039,
            -0.002913,
            -0.004201
          ],
          [
            -0.003407,
            0.000625,
            -0.005296
          ],
          [
            -0.006143,
            -0.000282,
            -0.000489
          ],
          [
            -0.00129,
            -0.003103,
            -0.000881
          ],
          [
            0.003075,
            0.001055,
            -0.0019
          ],
          [
            0.006236,
            0.001778,
            -0.006572
          ],
          [
            0.002195,
            -0.00604,
            -0.00491
          ],
          [
            -0.002397,
            0.004224,
            -0.004428
          ],
          [
            0.000206,
            -0.001755,
            0.001925
          ],
          [
            0.004219,
            0.003106,
            0.007425
          ],
          [
            0.00163,
            0.006269,
            -0.002218
          ],
          [
            0.000237,
            0.001582,
            -0.003631
          ],
          [
            -0.001779,
            0.003534,
            -0.006295
          ],
          [
            -0.001319,
            0.001464,
            -0.001657
          ],
          [
            -0.000629,
            -0.003801,
            -0.002238
          ],
          [
            -0.000407,
            0.000356,
            -0.004947
          ],
          [
            0.003799,
            -0.00409,
            0.005615
          ],
          [
            0.002145,
            0.002053,
            0.003021
          ],
          [
            -0.003086,
            -0.006473,
            -0.016283
          ],
          [
            -0.004454,
            -0.003147,
            0.003213
          ],
          [
            0.012241,
            0.008827,
            -0.006655
          ],
          [
            0.004701,
            -0.001204,
            0.004
          ],
          [
            -0.001878,
            0.002477,
            0.005436
          ],
          [
            -0.000284,
            -0.005237,
            0.003561
          ],
          [
            -0.013533,
            -0.000601,
            0.004065
          ],
          [
            -0.006555,
            0.001304,
            0.007456
          ],
          [
            0.006152,
            0.015884,
            -0.012589
          ],
          [
            -0.000178,
            -0.004104,
            0.006477
          ],
          [
            0.006888,
            0.006722,
            0.005108
          ],
          [
            0.000808,
            0.00334,
            0.003398
          ],
          [
            0.008819,
            -0.010883,
            -0.010756
          ],
          [
            -0.011129,
            -0.008431,
            -0.016341
          ],
          [
            0.003232,
            0.00246,
            0.003185
          ],
          [
            -0.004424,
            0.008257,
            -0.005555
          ],
          [
            0.242693,
            -0.439836,
            -0.132116
          ],
          [
            0.307594,
            -0.049621,
            0.057905
          ],
          [
            -0.329978,
            0.275565,
            0.224517
          ],
          [
            -0.234568,
            0.423425,
            0.047603
          ],
          [
            0.411967,
            -0.015663,
            0.114912
          ],
          [
            -0.383218,
            -0.19796,
            0.268923
          ],
          [
            0.181842,
            0.328378,
            0.050028
          ],
          [
            0.059073,
            -0.400592,
            0.05859
          ],
          [
            -0.227756,
            0.364932,
            0.249959
          ],
          [
            0.023213,
            0.315369,
            0.24764
          ],
          [
            0.408288,
            -0.353616,
            -0.25934
          ],
          [
            -0.213497,
            -0.376892,
            0.206946
          ],
          [
            0.055335,
            -0.144267,
            0.03993
          ],
          [
            -0.064104,
            0.017139,
            0.127704
          ],
          [
            -0.202315,
            0.207813,
            -0.271134
          ],
          [
            0.074033,
            -0.124827,
            0.156151
          ],
          [
            0.205991,
            -0.151292,
            -0.358936
          ],
          [
            -0.055266,
            0.213056,
            0.005221
          ],
          [
            -0.227187,
            -0.068907,
            -0.290045
          ],
          [
            -0.097066,
            -0.019158,
            0.163781
          ],
          [
            0.124138,
            0.062154,
            0.159759
          ],
          [
            0.225719,
            0.098679,
            -0.372729
          ],
          [
            0.134809,
            -0.091784,
            -0.000909
          ],
          [
            -0.109253,
            -0.027214,
            0.183086
          ],
          [
            -0.204308,
            -0.083406,
            -0.256945
          ],
          [
            0.168132,
            0.067011,
            0.004935
          ],
          [
            -0.101734,
            0.056484,
            0.184852
          ],
          [
            -0.177657,
            0.123183,
            -0.254886
          ]
        ],
        "Lattice": [
          [
            8.440733911,
            0.0,
            0.0
          ],
          [
            8.440733911,
            14.619780548,
            0.0
          ],
          [
            0.0,
            0.0,
            21.483230591
          ]
        ],
        "NumAtoms": 100,
        "Positions": [
          [
            4.22079,
            2.43687,
            0.0
          ],
          [
            9.84794,
            12.18339,
            0.0
          ],
          [
            7.03437,
            7.31013,
            0.0
          ],
          [
            7.03437,
            2.43687,
            0.0
          ],
          [
            12.66152,
            12.18339,
            0.0
          ],
          [
            9.84795,
            7.31013,
            0.0
          ],
          [
            1.40721,
            2.43687,
            0.0
          ],
          [
            7.03437,
            12.18339,
            0.0
          ],
          [
            4.22079,
            7.31013,
            0.0
          ],
          [
            2.81385,
            0.0,
            0.0
          ],
          [
            8.44101,
            9.74652,
            0.0
          ],
          [
            5.62743,
            4.87326,
            0.0
          ],
          [
            5.62743,
            0.0,
            0.0
          ],
          [
            11.25459,
            9.74652,
            0.0
          ],
          [
            8.44101,
            4.87326,
            0.0
          ],
          [
            0.00028,
            0.0,
            0.0
          ],
          [
            5.62743,
            9.74652,
            0.0
          ],
          [
            2.81385,
            4.87326,
            0.0
          ],
          [
            7.03462,
            4.06144,
            2.2975
          ],
          [
            12.66177,
            13.80796,
            2.2975
          ],
          [
            9.8482,
            8.9347,
            2.2975
          ],
          [
            9.8482,
            4.06144,
            2.2975
          ],
          [
            15.47535,
            13.80796,
            2.2975
          ],
          [
            12.66177,
            8.9347,
            2.2975
          ],
          [
            4.22104,
            4.06144,
            2.2975
          ],
          [
            9.8482,
            13.80796,
            2.2975
          ],
          [
            7.03462,
            8.9347,
            2.2975
          ],
          [
            5.62769,
            1.62456,
            2.2975
          ],
          [
            11.25484,
            11.37109,
            2.2975
          ],
          [
            8.44127,
            6.49782,
            2.2975
          ],
          [
            8.44127,
            1.62456,
            2.2975
          ],
          [
            14.06842,
            11.37109,
            2.2975
          ],
          [
            11.25484,
            6.49782,
            2.2975
          ],
          [
            2.81411,
            1.62456,
            2.2975
          ],
          [
            8.44127,
            11.37109,
            2.2975
          ],
          [
            5.62769,
            6.49782,
            2.2975
          ],
          [
            1.38605,
            0.82876,
            4.56589
          ],
          [
            7.01375,
            10.57168,
            4.5684
          ],
          [
            4.19798,
            5.7066,
            4.5671
          ],
          [
            4.19806,
            0.83293,
            4.56913
          ],
          [
            9.82685,
            10.57439,
            4.56831
          ],
          [
            7.01317,
            5.69867,
            4.56263
          ],
          [
            7.01003,
            0.82638,
            4.56597
          ],
          [
            12.63833,
            10.58036,
            4.56871
          ],
          [
            9.82784,
            5.70251,
            4.56545
          ],
          [
            2.79319,
            3.2685,
            4.56865
          ],
          [
            8.42022,
            13.01118,
            4.56399
          ],
          [
            5.60214,
            8.14091,
            4.56356
          ],
          [
            5.60363,
            3.26507,
            4.56609
          ],
          [
            11.23298,
            13.01454,
            4.56782
          ],
          [
            8.4236,
            8.13894,
            4.56404
          ],
          [
            8.41921,
            3.26182,
            4.56641
          ],
          [
            14.04215,
            13.01536,
            4.56283
          ],
          [
            11.23481,
            8.14175,
            4.57093
          ],
          [
            5.57865,
            0.03946,
            6.88147
          ],
          [
            11.2166,
            9.78195,
            6.88211
          ],
          [
            8.40669,
            4.91401,
            6.86749
          ],
          [
            2.77276,
            0.03943,
            6.87794
          ],
          [
            8.40186,
            9.78253,
            6.87873
          ],
          [
            5.57856,
            4.9107,
            6.87086
          ],
          [
            11.21487,
            4.91138,
            6.8813
          ],
          [
            8.39732,
            0.0443,
            6.87078
          ],
          [
            14.01973,
            9.78344,
            6.8748
          ],
          [
            9.80907,
            2.47318,
            6.87333
          ],
          [
            15.42151,
            12.22942,
            6.85794
          ],
          [
            12.61972,
            7.349,
            6.88397
          ],
          [
            6.98411,
            2.4727,
            6.87026
          ],
          [
            12.61782,
            12.22177,
            6.88225
          ],
          [
            9.81034,
            7.3469,
            6.87675
          ],
          [
            6.99122,
            7.35055,
            6.85499
          ],
          [
            4.17459,
            2.47404,
            6.88238
          ],
          [
            9.81125,
            12.21844,
            6.87055
          ],
          [
            7.37621,
            10.51977,
            10.09329
          ],
          [
            7.5849,
            11.99382,
            10.27259
          ],
          [
            9.03738,
            12.46622,
            10.27777
          ],
          [
            6.82238,
            6.79921,
            10.22983
          ],
          [
            6.59434,
            5.31718,
            10.30868
          ],
          [
            7.84407,
            4.43971,
            10.27338
          ],
          [
            7.52604,
            2.94572,
            10.32548
          ],
          [
            9.1595,
            13.99069,
            10.33068
          ],
          [
            8.31689,
            9.7325,
            9.80709
          ],
          [
            6.12516,
            10.12466,
            10.20927
          ],
          [
            5.86902,
            7.60235,
            10.3755
          ],
          [
            8.06863,
            7.18061,
            9.98269
          ],
          [
            6.02419,
            9.08535,
            10.19768
          ],
          [
            15.47502,
            12.32109,
            11.16946
          ],
          [
            15.48879,
            12.46215,
            9.42677
          ],
          [
            9.58403,
            12.01323,
            11.11708
          ],
          [
            9.5306,
            12.0927,
            9.36887
          ],
          [
            8.15634,
            8.20526,
            9.89705
          ],
          [
            5.93732,
            5.06969,
            9.4559
          ],
          [
            5.98144,
            5.12431,
            11.20211
          ],
          [
            8.51726,
            4.7144,
            11.0979
          ],
          [
            8.40507,
            4.65615,
            9.35264
          ],
          [
            8.447,
            2.34951,
            10.27907
          ],
          [
            6.98399,
            2.66938,
            11.24036
          ],
          [
            6.90187,
            2.64561,
            9.46949
          ],
          [
            10.21282,
            14.29804,
            10.28072
          ],
          [
            8.72172,
            14.40842,
            11.24711
          ],
          [
            8.64718,
            14.45699,
            9.47534
          ]
        ],
        "Stress": [
          [
            -59.32105,
            -0.41632,
            -0.36366
          ],
          [
            -0.41632,
            -58.74018,
            0.32059
          ],
          [
            -0.36366,
            0.32059,
            -7.81267
          ]
        ],
        "computation_code": "VASP",
        "pseudopotential_information": [
          [
            "PAW_PBE",
            "Pt",
            "04Feb2005"
          ],
          [
            "PAW_PBE",
            "C",
            "08Apr2002"
          ],
          [
            "PAW_PBE",
            "O",
            "08Apr2002"
          ],
          [
            "PAW_PBE",
            "H",
            "15Jun2001"
          ]
        ]
      }
    ],
    "EnergyStyle": "electronvolt",
    "ForcesStyle": "electronvoltperangstrom",
    "LatticeStyle": "angstrom",
    "PositionsStyle": "angstrom",
    "StressStyle": "kB"
  }
}