{
  "Dataset": {
    "AtomTypeStyle": "chemicalsymbol",
    "Data": [
      {
        "AtomTypes": [
          "Pt",
          "Pt",
          "Pt",
          "Pt",
          "Pt",
          "Pt",
          "Pt",
          "Pt",
          "Pt",
          "Pt",
          "Pt",
          "Pt",
          "Pt",
          "Pt",
          "Pt",
          "Pt",
          "Pt",
          "Pt",
          "Pt",
          "Pt",
          "Pt",
          "Pt",
          "Pt",
          "Pt",
          "Pt",
          "Pt",
          "Pt",
          "Pt",
          "Pt",
          "Pt",
          "Pt",
          "Pt",
          "Pt",
          "Pt",
          "Pt",
          "Pt",
          "Pt",
          "Pt",
          "Pt",
          "Pt",
          "Pt",
          "Pt",
          "Pt",
          "Pt",
          "Pt",
          "Pt",
          "Pt",
          "Pt",
          "Pt",
          "Pt",
          "Pt",
          "Pt",
          "Pt",
          "Pt",
          "Pt",
          "Pt",
          "Pt",
          "Pt",
          "Pt",
          "Pt",
          "Pt",
          "Pt",
          "Pt",
          "Pt",
          "Pt",
          "Pt",
          "Pt",
          "Pt",
          "Pt",
          "Pt",
          "Pt",
          "Pt",
          "C",
          "C",
          "C",
          "C",
          "C",
          "C",
          "C",
          "C",
          "O",
          "O",
          "O",
          "O",
          "H",
          "H",
          "H",
          "H",
          "H",
          "H",
          "H",
          "H",
          "H",
          "H",
          "H",
          "H",
          "H",
          "H",
          "H",
          "H"
        ],
        "Energy": -368.07343426,
        "Forces": [
          [
            0.016977,
            -0.005773,
            -0.059786
          ],
          [
            0.016807,
            -0.040027,
            -0.031975
          ],
          [
            0.019479,
            -0.015089,
            -0.050693
          ],
          [
            0.010587,
            0.002292,
            -0.040863
          ],
          [
            0.004555,
            -0.048322,
            -0.036978
          ],
          [
            0.015053,
            -0.014991,
            -0.065254
          ],
          [
            0.026975,
            0.018662,
            -0.036241
          ],
          [
            0.016065,
            -0.035523,
            -0.032397
          ],
          [
            0.00365,
            -0.032486,
            -0.061929
          ],
          [
            0.025958,
            -0.019782,
            -0.027269
          ],
          [
            0.018515,
            -0.02831,
            -0.052176
          ],
          [
            0.012727,
            -0.004485,
            -0.056479
          ],
          [
            0.014734,
            -0.00884,
            -0.036414
          ],
          [
            0.017773,
            -0.03818,
            -0.082351
          ],
          [
            0.01675,
            0.012828,
            -0.051935
          ],
          [
            0.014969,
            0.003428,
            -0.014273
          ],
          [
            -0.002834,
            -0.042566,
            -0.036434
          ],
          [
            0.020471,
            -0.008261,
            -0.057128
          ],
          [
            -0.02449,
            9.8e-05,
            0.011418
          ],
          [
            -0.046237,
            0.050827,
            -0.007518
          ],
          [
            -0.025131,
            -0.002354,
            -0.097765
          ],
          [
            -0.001445,
            -0.032679,
            0.01346
          ],
          [
            -0.008783,
            0.0292,
            -0.02977
          ],
          [
            0.063353,
            0.030313,
            0.012145
          ],
          [
            -0.019609,
            0.034668,
            0.08817
          ],
          [
            -0.00864,
            0.03204,
            0.013337
          ],
          [
            -0.01793,
            -0.020496,
            -0.014934
          ],
          [
            -0.000849,
            0.012199,
            0.040497
          ],
          [
            0.035035,
            0.079246,
            -0.043207
          ],
          [
            -0.047353,
            -0.005065,
            -0.025979
          ],
          [
            -0.031777,
            -0.029884,
            0.02361
          ],
          [
            -0.025614,
            0.039944,
            -0.051297
          ],
          [
            0.022803,
            0.002488,
            0.010409
          ],
          [
            -0.019557,
            0.02839,
            0.049931
          ],
          [
            -0.030878,
            0.033547,
            -0.093551
          ],
          [
            -0.006368,
            -0.002311,
            0.079307
          ],
          [
            -0.01334,
            -4.4e-05,
            -0.024656
          ],
          [
            0.08886,
            -0.009728,
            0.064633
          ],
          [
            0.008261,
            -0.035528,
            -0.018318
          ],
          [
            -0.009517,
            0.032162,
            -0.012961
          ],
          [
            -0.196065,
            -0.081063,
            0.198694
          ],
          [
            -0.00193,
            0.062819,
            0.010833
          ],
          [
            0.021938,
            0.006636,
            -0.041487
          ],
          [
            0.070938,
            0.018099,
            0.054407
          ],
          [
            -7.5e-05,
            -0.000425,
            0.066886
          ],
          [
            -0.004697,
            0.033772,
            -0.03894
          ],
          [
            -0.028913,
            -0.045593,
            0.057998
          ],
          [
            0.085582,
            0.001388,
            0.051454
          ],
          [
            0.01348,
            0.041102,
            0.005367
          ],
          [
            -0.032114,
            -0.01222,
            -0.014344
          ],
          [
            -0.055674,
            0.083547,
            0.030957
          ],
          [
            0.009923,
            0.068024,
            0.085633
          ],
          [
            0.06709,
            -0.066964,
            0.07813
          ],
          [
            -0.122329,
            -0.057633,
            0.15074
          ],
          [
            0.043002,
            -0.12881,
            0.042367
          ],
          [
            -0.005098,
            -0.0243,
            -0.056246
          ],
          [
            -0.032312,
            0.060078,
            0.098773
          ],
          [
            -0.003632,
            -0.038508,
            0.059995
          ],
          [
            -0.111515,
            0.05063,
            0.266105
          ],
          [
            0.040932,
            0.110623,
            0.026961
          ],
          [
            -0.013856,
            0.1225,
            -0.043306
          ],
          [
            -0.019645,
            -0.127599,
            0.027867
          ],
          [
            0.0739,
            -0.075478,
            0.045927
          ],
          [
            -0.04996,
            0.065772,
            -0.012712
          ],
          [
            0.071627,
            -0.060568,
            0.135028
          ],
          [
            0.032066,
            0.03046,
            -0.061361
          ],
          [
            0.021122,
            0.043087,
            -0.033376
          ],
          [
            0.057993,
            -0.034509,
            0.002473
          ],
          [
            -0.018296,
            0.014225,
            0.172634
          ],
          [
            0.057863,
            0.048918,
            -0.080756
          ],
          [
            0.011211,
            0.026998,
            0.064582
          ],
          [
            -0.112625,
            -0.068624,
            0.003136
          ],
          [
            0.413565,
            0.186347,
            -0.243148
          ],
          [
            0.376772,
            -0.346062,
            0.407797
          ],
          [
            -0.035311,
            0.007766,
            -0.151545
          ],
          [
            0.089878,
            0.486333,
            -0.010396
          ],
          [
            -0.127452,
            -0.649373,
            -0.267092
          ],
          [
            0.212938,
            0.128334,
            0.126324
          ],
          [
            -0.090485,
            -0.058652,
            0.069902
          ],
          [
            0.000383,
            0.162649,
            0.271941
          ],
          [
            -0.212575,
            0.256112,
            0.126759
          ],
          [
            -0.226579,
            0.534469,
            0.020488
          ],
          [
            0.139203,
            0.06771,
            -0.09755
          ],
          [
            -0.235356,
            -0.52903,
            -0.043719
          ],
          [
            -0.074236,
            -0.662101,
            -0.05215
          ],
          [
            -0.009759,
            -0.107306,
            -0.095092
          ],
          [
            -0.203479,
            0.104529,
            -0.331261
          ],
          [
            0.035775,
            0.013131,
            -0.021659
          ],
          [
            -0.020821,
            -0.025282,
            0.137168
          ],
          [
            0.051455,
            0.600716,
            0.01112
          ],
          [
            0.245426,
            0.157863,
            0.322035
          ],
          [
            0.035236,
            -0.050844,
            -0.104126
          ],
          [
            -0.255237,
            -0.178947,
            -0.454138
          ],
          [
            -0.117719,
            -0.03622,
            0.262029
          ],
          [
            -0.205805,
            0.036516,
            0.001787
          ],
          [
            0.159506,
            0.026327,
            -0.309309
          ],
          [
            0.11511,
            0.072694,
            0.161993
          ],
          [
            -0.267227,
            -0.102196,
            -0.018511
          ],
          [
            0.195666,
            -0.098543,
            -0.372875
          ],
          [
            0.007954,
            -0.001632,
            0.037052
          ]
        ],
        "Lattice": [
          [
            8.440733911,
            0.0,
            0.0
          ],
          [
            8.440733911,
            14.619780548,
            0.0
          ],
          [
            0.0,
            0.0,
            21.483230591
          ]
        ],
        "NumAtoms": 100,
        "Positions": [
          [
            4.22079,
            2.43687,
            0.0
          ],
          [
            9.84794,
            12.18339,
            0.0
          ],
          [
            7.03437,
            7.31013,
            0.0
          ],
          [
            7.03437,
            2.43687,
            0.0
          ],
          [
            12.66152,
            12.18339,
            0.0
          ],
          [
            9.84795,
            7.31013,
            0.0
          ],
          [
            1.40721,
            2.43687,
            0.0
          ],
          [
            7.03437,
            12.18339,
            0.0
          ],
          [
            4.22079,
            7.31013,
            0.0
          ],
          [
            2.81385,
            0.0,
            0.0
          ],
          [
            8.44101,
            9.74652,
            0.0
          ],
          [
            5.62743,
            4.87326,
            0.0
          ],
          [
            5.62743,
            0.0,
            0.0
          ],
          [
            11.25459,
            9.74652,
            0.0
          ],
          [
            8.44101,
            4.87326,
            0.0
          ],
          [
            0.00028,
            0.0,
            0.0
          ],
          [
            5.62743,
            9.74652,
            0.0
          ],
          [
            2.81385,
            4.87326,
            0.0
          ],
          [
            7.03462,
            4.06144,
            2.2975
          ],
          [
            12.66177,
            13.80796,
            2.2975
          ],
          [
            9.8482,
            8.9347,
            2.2975
          ],
          [
            9.8482,
            4.06144,
            2.2975
          ],
          [
            15.47535,
            13.80796,
            2.2975
          ],
          [
            12.66177,
            8.9347,
            2.2975
          ],
          [
            4.22104,
            4.06144,
            2.2975
          ],
          [
            9.8482,
            13.80796,
            2.2975
          ],
          [
            7.03462,
            8.9347,
            2.2975
          ],
          [
            5.62769,
            1.62456,
            2.2975
          ],
          [
            11.25484,
            11.37109,
            2.2975
          ],
          [
            8.44127,
            6.49782,
            2.2975
          ],
          [
            8.44127,
            1.62456,
            2.2975
          ],
          [
            14.06842,
            11.37109,
            2.2975
          ],
          [
            11.25484,
            6.49782,
            2.2975
          ],
          [
            2.81411,
            1.62456,
            2.2975
          ],
          [
            8.44127,
            11.37109,
            2.2975
          ],
          [
            5.62769,
            6.49782,
            2.2975
          ],
          [
            1.38831,
            0.83191,
            4.57314
          ],
          [
            7.00423,
            10.5803,
            4.53806
          ],
          [
            4.19963,
            5.70263,
            4.57695
          ],
          [
            4.19666,
            0.8414,
            4.57103
          ],
          [
            9.85547,
            10.59767,
            4.53108
          ],
          [
            7.01089,
            5.6751,
            4.56375
          ],
          [
            7.00664,
            0.82562,
            4.57602
          ],
          [
            12.63843,
            10.60124,
            4.55751
          ],
          [
            9.83783,
            5.67997,
            4.54571
          ],
          [
            2.79515,
            3.25899,
            4.57597
          ],
          [
            8.4269,
            13.02636,
            4.5558
          ],
          [
            5.60666,
            8.13223,
            4.56691
          ],
          [
            5.60406,
            3.25367,
            4.5689
          ],
          [
            11.23866,
            13.04114,
            4.56905
          ],
          [
            8.42603,
            8.11591,
            4.54329
          ],
          [
            8.41819,
            3.23223,
            4.55836
          ],
          [
            14.03109,
            13.03986,
            4.55014
          ],
          [
            11.26192,
            8.15561,
            4.54203
          ],
          [
            5.5753,
            0.07026,
            6.88634
          ],
          [
            11.22033,
            9.79133,
            6.86789
          ],
          [
            8.41598,
            4.88431,
            6.84058
          ],
          [
            2.77194,
            0.05657,
            6.88862
          ],
          [
            8.42312,
            9.79105,
            6.78272
          ],
          [
            5.57717,
            4.88175,
            6.88219
          ],
          [
            11.21899,
            4.88259,
            6.89481
          ],
          [
            8.39794,
            0.07006,
            6.88109
          ],
          [
            14.01262,
            9.80193,
            6.84136
          ],
          [
            9.81414,
            2.4642,
            6.89863
          ],
          [
            15.41689,
            12.25298,
            6.81133
          ],
          [
            12.61648,
            7.33634,
            6.89038
          ],
          [
            6.98999,
            2.47434,
            6.90215
          ],
          [
            12.61124,
            12.24571,
            6.87911
          ],
          [
            9.829,
            7.32961,
            6.80278
          ],
          [
            6.97907,
            7.32799,
            6.863
          ],
          [
            4.17728,
            2.47191,
            6.89296
          ],
          [
            9.82148,
            12.24767,
            6.86124
          ],
          [
            7.19778,
            10.61015,
            10.56228
          ],
          [
            7.33134,
            12.11578,
            10.50416
          ],
          [
            8.8036,
            12.56462,
            10.48384
          ],
          [
            6.62543,
            6.79362,
            10.52523
          ],
          [
            6.51288,
            5.31547,
            10.55748
          ],
          [
            7.87518,
            4.59979,
            10.56583
          ],
          [
            7.74637,
            3.0875,
            10.72857
          ],
          [
            8.93712,
            14.08092,
            10.57474
          ],
          [
            7.8359,
            9.84887,
            9.80204
          ],
          [
            6.38741,
            10.16428,
            11.50338
          ],
          [
            5.90239,
            7.54416,
            11.19681
          ],
          [
            7.60218,
            7.24979,
            9.72367
          ],
          [
            6.22592,
            9.17791,
            11.41255
          ],
          [
            15.23904,
            12.56952,
            11.36119
          ],
          [
            15.27667,
            12.4561,
            9.58245
          ],
          [
            9.34318,
            12.07803,
            11.31831
          ],
          [
            9.27543,
            12.20393,
            9.53992
          ],
          [
            7.66984,
            8.25574,
            9.77784
          ],
          [
            5.92113,
            4.98812,
            9.64904
          ],
          [
            5.90583,
            5.05507,
            11.44478
          ],
          [
            8.50048,
            5.01904,
            11.40366
          ],
          [
            8.41629,
            4.83364,
            9.61377
          ],
          [
            8.74805,
            2.60978,
            10.7264
          ],
          [
            7.23506,
            2.82909,
            11.68707
          ],
          [
            7.15583,
            2.64318,
            9.89226
          ],
          [
            10.00327,
            14.40126,
            10.57894
          ],
          [
            8.45466,
            14.46989,
            11.50766
          ],
          [
            8.44559,
            14.57359,
            9.70886
          ]
        ],
        "Stress": [
          [
            -59.38545,
            -0.33546,
            -0.43508
          ],
          [
            -0.33546,
            -57.32447,
            -0.04167
          ],
          [
            -0.43508,
            -0.04167,
            -10.00528
          ]
        ],
        "computation_code": "VASP",
        "pseudopotential_information": [
          [
            "PAW_PBE",
            "Pt",
            "04Feb2005"
          ],
          [
            "PAW_PBE",
            "C",
            "08Apr2002"
          ],
          [
            "PAW_PBE",
            "O",
            "08Apr2002"
          ],
          [
            "PAW_PBE",
            "H",
            "15Jun2001"
          ]
        ]
      }
    ],
    "EnergyStyle": "electronvolt",
    "ForcesStyle": "electronvoltperangstrom",
    "LatticeStyle": "angstrom",
    "PositionsStyle": "angstrom",
    "StressStyle": "kB"
  }
}