{
  "Dataset": {
    "AtomTypeStyle": "chemicalsymbol",
    "Data": [
      {
        "AtomTypes": [
          "Pt",
          "Pt",
          "Pt",
          "Pt",
          "Pt",
          "Pt",
          "Pt",
          "Pt",
          "Pt",
          "Pt",
          "Pt",
          "Pt",
          "Pt",
          "Pt",
          "Pt",
          "Pt",
          "Pt",
          "Pt",
          "Pt",
          "Pt",
          "Pt",
          "Pt",
          "Pt",
          "Pt",
          "Pt",
          "Pt",
          "Pt",
          "Pt",
          "Pt",
          "Pt",
          "Pt",
          "Pt",
          "Pt",
          "Pt",
          "Pt",
          "Pt",
          "Pt",
          "Pt",
          "Pt",
          "Pt",
          "Pt",
          "Pt",
          "Pt",
          "Pt",
          "Pt",
          "Pt",
          "Pt",
          "Pt",
          "Pt",
          "Pt",
          "Pt",
          "Pt",
          "Pt",
          "Pt",
          "Pt",
          "Pt",
          "Pt",
          "Pt",
          "Pt",
          "Pt",
          "Pt",
          "Pt",
          "Pt",
          "Pt",
          "Pt",
          "Pt",
          "Pt",
          "Pt",
          "Pt",
          "Pt",
          "Pt",
          "Pt",
          "C",
          "C",
          "C",
          "C",
          "C",
          "C",
          "C",
          "C",
          "O",
          "O",
          "O",
          "O",
          "H",
          "H",
          "H",
          "H",
          "H",
          "H",
          "H",
          "H",
          "H",
          "H",
          "H",
          "H",
          "H",
          "H",
          "H",
          "H"
        ],
        "Energy": -367.56731843,
        "Forces": [
          [
            0.019402,
            -0.0157,
            -0.046986
          ],
          [
            0.025124,
            -0.014156,
            -0.049881
          ],
          [
            0.01815,
            -0.026624,
            -0.059392
          ],
          [
            0.02044,
            -0.025184,
            -0.056342
          ],
          [
            0.011012,
            -0.020326,
            -0.058865
          ],
          [
            0.026174,
            -0.017396,
            -0.050039
          ],
          [
            0.012756,
            -0.00696,
            -0.039641
          ],
          [
            0.011888,
            -0.022588,
            -0.035742
          ],
          [
            0.000957,
            -0.010734,
            -0.050005
          ],
          [
            0.025201,
            -0.019677,
            -0.040035
          ],
          [
            0.013979,
            -0.009393,
            -0.043929
          ],
          [
            0.008984,
            -0.020946,
            -0.05646
          ],
          [
            0.013636,
            -0.017307,
            -0.045713
          ],
          [
            0.021757,
            -0.007553,
            -0.097734
          ],
          [
            0.017482,
            -0.016121,
            -0.044157
          ],
          [
            0.024214,
            -0.013264,
            -0.027896
          ],
          [
            0.007191,
            -0.016392,
            -0.034241
          ],
          [
            0.019762,
            -0.017657,
            -0.055632
          ],
          [
            -0.014132,
            0.01537,
            0.041689
          ],
          [
            -0.031684,
            0.027463,
            0.050952
          ],
          [
            0.008916,
            0.012939,
            0.00744
          ],
          [
            -0.017799,
            0.003632,
            0.043531
          ],
          [
            -0.012535,
            0.026835,
            0.017539
          ],
          [
            0.003409,
            -0.012374,
            0.162054
          ],
          [
            -0.019644,
            0.019368,
            0.05205
          ],
          [
            -0.013561,
            0.005564,
            0.031919
          ],
          [
            -0.024668,
            0.008117,
            0.010057
          ],
          [
            -0.012945,
            0.019829,
            0.047814
          ],
          [
            -0.009433,
            -0.010898,
            0.0885
          ],
          [
            -0.025997,
            0.028969,
            -0.00118
          ],
          [
            -0.035153,
            0.032137,
            0.04869
          ],
          [
            0.010729,
            -0.009734,
            0.05857
          ],
          [
            -0.018306,
            0.030128,
            0.048794
          ],
          [
            -0.012599,
            0.03192,
            0.045655
          ],
          [
            -0.028245,
            0.001303,
            0.016873
          ],
          [
            0.002092,
            0.046811,
            0.05228
          ],
          [
            -0.00031,
            0.002625,
            0.021301
          ],
          [
            -0.04024,
            0.038097,
            -0.060634
          ],
          [
            0.003264,
            -0.001051,
            0.021572
          ],
          [
            0.015094,
            0.003408,
            -0.002435
          ],
          [
            0.087709,
            0.050846,
            -0.085284
          ],
          [
            -0.009169,
            -0.021007,
            -0.015662
          ],
          [
            0.003026,
            0.000165,
            0.005359
          ],
          [
            -0.03204,
            0.007671,
            -0.032152
          ],
          [
            0.004012,
            -0.015235,
            -0.029202
          ],
          [
            0.00316,
            -0.019424,
            0.002171
          ],
          [
            0.003707,
            0.004255,
            -0.038663
          ],
          [
            0.007148,
            -0.050832,
            0.001133
          ],
          [
            -0.003565,
            -0.031726,
            -0.003369
          ],
          [
            -0.003224,
            0.019068,
            -0.007034
          ],
          [
            0.003289,
            -0.042765,
            -0.041439
          ],
          [
            -0.000106,
            -0.040792,
            -0.041413
          ],
          [
            -0.002441,
            0.021771,
            -0.011239
          ],
          [
            0.062951,
            0.024136,
            -0.115991
          ],
          [
            -0.017158,
            0.060263,
            0.010026
          ],
          [
            -0.023737,
            0.016153,
            0.012759
          ],
          [
            0.018955,
            -0.068042,
            -0.046522
          ],
          [
            0.00662,
            0.030836,
            0.003315
          ],
          [
            0.014127,
            0.017432,
            -0.051979
          ],
          [
            -0.0169,
            -0.076374,
            -0.048383
          ],
          [
            0.014832,
            -0.054367,
            2.1e-05
          ],
          [
            -0.002371,
            0.079142,
            -0.038213
          ],
          [
            0.007153,
            0.071468,
            -0.090034
          ],
          [
            0.019803,
            -0.020919,
            0.018707
          ],
          [
            -0.02569,
            -0.033601,
            -0.082885
          ],
          [
            -0.035622,
            -0.008332,
            0.010339
          ],
          [
            -0.015178,
            -0.020736,
            0.004423
          ],
          [
            -0.011541,
            0.013099,
            -0.009153
          ],
          [
            0.036926,
            0.025911,
            -0.034891
          ],
          [
            -0.038539,
            -0.038407,
            0.029447
          ],
          [
            0.00314,
            -0.005289,
            0.013406
          ],
          [
            0.035521,
            0.002629,
            -0.061644
          ],
          [
            0.542914,
            -0.358364,
            0.170021
          ],
          [
            0.462498,
            -0.217839,
            0.745477
          ],
          [
            -0.550725,
            0.170497,
            0.932159
          ],
          [
            0.166166,
            0.295815,
            0.319249
          ],
          [
            0.171482,
            -0.282061,
            0.790365
          ],
          [
            -0.783943,
            -0.308145,
            1.020266
          ],
          [
            0.593246,
            0.964573,
            0.502279
          ],
          [
            0.424022,
            -1.116711,
            0.460459
          ],
          [
            -0.444368,
            0.839709,
            -0.089269
          ],
          [
            0.110177,
            -0.40796,
            0.622803
          ],
          [
            -0.473235,
            -0.263481,
            -0.085163
          ],
          [
            -0.174905,
            -0.848737,
            0.224143
          ],
          [
            -0.026425,
            0.607021,
            -0.112203
          ],
          [
            0.034733,
            -0.028933,
            -0.011556
          ],
          [
            -0.353506,
            0.386327,
            -0.600449
          ],
          [
            -0.0337,
            0.012708,
            -0.027692
          ],
          [
            0.439962,
            -0.103205,
            -0.752116
          ],
          [
            0.17877,
            0.485569,
            0.206792
          ],
          [
            -0.260846,
            -0.1305,
            -0.469662
          ],
          [
            0.275572,
            0.086262,
            -0.448531
          ],
          [
            -0.02287,
            -0.054726,
            -0.051345
          ],
          [
            0.64711,
            0.201561,
            -0.998052
          ],
          [
            0.077751,
            -0.139998,
            0.014592
          ],
          [
            -0.126358,
            -0.078241,
            0.257168
          ],
          [
            -0.528202,
            -0.410562,
            -0.805523
          ],
          [
            0.035377,
            0.082025,
            -0.052167
          ],
          [
            -0.117681,
            0.081019,
            0.216513
          ],
          [
            -0.368528,
            0.628093,
            -0.82116
          ]
        ],
        "Lattice": [
          [
            8.440733911,
            0.0,
            0.0
          ],
          [
            8.440733911,
            14.619780548,
            0.0
          ],
          [
            0.0,
            0.0,
            21.483230591
          ]
        ],
        "NumAtoms": 100,
        "Positions": [
          [
            4.22079,
            2.43687,
            0.0
          ],
          [
            9.84794,
            12.18339,
            0.0
          ],
          [
            7.03437,
            7.31013,
            0.0
          ],
          [
            7.03437,
            2.43687,
            0.0
          ],
          [
            12.66152,
            12.18339,
            0.0
          ],
          [
            9.84795,
            7.31013,
            0.0
          ],
          [
            1.40721,
            2.43687,
            0.0
          ],
          [
            7.03437,
            12.18339,
            0.0
          ],
          [
            4.22079,
            7.31013,
            0.0
          ],
          [
            2.81385,
            0.0,
            0.0
          ],
          [
            8.44101,
            9.74652,
            0.0
          ],
          [
            5.62743,
            4.87326,
            0.0
          ],
          [
            5.62743,
            0.0,
            0.0
          ],
          [
            11.25459,
            9.74652,
            0.0
          ],
          [
            8.44101,
            4.87326,
            0.0
          ],
          [
            0.00028,
            0.0,
            0.0
          ],
          [
            5.62743,
            9.74652,
            0.0
          ],
          [
            2.81385,
            4.87326,
            0.0
          ],
          [
            7.03462,
            4.06144,
            2.2975
          ],
          [
            12.66177,
            13.80796,
            2.2975
          ],
          [
            9.8482,
            8.9347,
            2.2975
          ],
          [
            9.8482,
            4.06144,
            2.2975
          ],
          [
            15.47535,
            13.80796,
            2.2975
          ],
          [
            12.66177,
            8.9347,
            2.2975
          ],
          [
            4.22104,
            4.06144,
            2.2975
          ],
          [
            9.8482,
            13.80796,
            2.2975
          ],
          [
            7.03462,
            8.9347,
            2.2975
          ],
          [
            5.62769,
            1.62456,
            2.2975
          ],
          [
            11.25484,
            11.37109,
            2.2975
          ],
          [
            8.44127,
            6.49782,
            2.2975
          ],
          [
            8.44127,
            1.62456,
            2.2975
          ],
          [
            14.06842,
            11.37109,
            2.2975
          ],
          [
            11.25484,
            6.49782,
            2.2975
          ],
          [
            2.81411,
            1.62456,
            2.2975
          ],
          [
            8.44127,
            11.37109,
            2.2975
          ],
          [
            5.62769,
            6.49782,
            2.2975
          ],
          [
            1.38483,
            0.82954,
            4.56607
          ],
          [
            7.01245,
            10.57318,
            4.57064
          ],
          [
            4.1974,
            5.70667,
            4.56668
          ],
          [
            4.19561,
            0.83433,
            4.56954
          ],
          [
            9.82732,
            10.57716,
            4.56349
          ],
          [
            7.01169,
            5.6974,
            4.56008
          ],
          [
            7.00901,
            0.82745,
            4.56967
          ],
          [
            12.64397,
            10.58155,
            4.56823
          ],
          [
            9.8293,
            5.69834,
            4.56157
          ],
          [
            2.79242,
            3.26985,
            4.57054
          ],
          [
            8.42231,
            13.01384,
            4.56381
          ],
          [
            5.61055,
            8.14121,
            4.5737
          ],
          [
            5.60543,
            3.2684,
            4.56718
          ],
          [
            11.23323,
            13.01383,
            4.56722
          ],
          [
            8.42366,
            8.13701,
            4.55415
          ],
          [
            8.41822,
            3.25946,
            4.56697
          ],
          [
            14.03999,
            13.01632,
            4.55922
          ],
          [
            11.23611,
            8.14546,
            4.57062
          ],
          [
            5.58081,
            0.04056,
            6.88117
          ],
          [
            11.22083,
            9.78361,
            6.88058
          ],
          [
            8.41349,
            4.90003,
            6.8578
          ],
          [
            2.76926,
            0.03972,
            6.87908
          ],
          [
            8.4227,
            9.79401,
            6.8309
          ],
          [
            5.5733,
            4.90435,
            6.88047
          ],
          [
            11.21456,
            4.91216,
            6.88965
          ],
          [
            8.39945,
            0.04342,
            6.88089
          ],
          [
            14.00073,
            9.78892,
            6.87501
          ],
          [
            9.80494,
            2.47277,
            6.87964
          ],
          [
            15.42175,
            12.25045,
            6.8455
          ],
          [
            12.61176,
            7.34096,
            6.88933
          ],
          [
            6.98986,
            2.47778,
            6.88065
          ],
          [
            12.61732,
            12.22779,
            6.88501
          ],
          [
            9.83367,
            7.33202,
            6.85003
          ],
          [
            6.97584,
            7.34244,
            6.83606
          ],
          [
            4.17696,
            2.47682,
            6.8812
          ],
          [
            9.81168,
            12.22751,
            6.87578
          ],
          [
            7.35579,
            10.40298,
            9.79289
          ],
          [
            7.50601,
            11.87049,
            10.02735
          ],
          [
            8.93312,
            12.40263,
            10.17343
          ],
          [
            6.86544,
            6.89966,
            10.27519
          ],
          [
            6.56749,
            5.45186,
            10.42301
          ],
          [
            7.86359,
            4.60268,
            10.48197
          ],
          [
            7.5781,
            3.09645,
            10.63597
          ],
          [
            8.96048,
            13.89336,
            10.5636
          ],
          [
            8.31754,
            9.59739,
            9.6823
          ],
          [
            6.08556,
            9.98069,
            9.74949
          ],
          [
            6.61363,
            7.76002,
            11.13122
          ],
          [
            7.52692,
            7.27952,
            9.15386
          ],
          [
            6.08803,
            9.0219,
            10.12912
          ],
          [
            15.34566,
            12.09875,
            10.93419
          ],
          [
            15.40273,
            12.38325,
            9.22987
          ],
          [
            9.46635,
            11.80155,
            10.93534
          ],
          [
            9.47679,
            12.24523,
            9.24638
          ],
          [
            7.89932,
            8.23456,
            9.30945
          ],
          [
            5.9591,
            5.11719,
            9.57585
          ],
          [
            5.96185,
            5.3204,
            11.35652
          ],
          [
            8.49036,
            4.96893,
            11.32029
          ],
          [
            8.41832,
            4.76263,
            9.57802
          ],
          [
            8.52798,
            2.54615,
            10.68216
          ],
          [
            7.00205,
            2.88872,
            11.54356
          ],
          [
            7.0198,
            2.74187,
            9.78808
          ],
          [
            9.99116,
            14.20363,
            10.79742
          ],
          [
            8.34304,
            14.06434,
            11.45434
          ],
          [
            8.58548,
            14.51346,
            9.77153
          ]
        ],
        "Stress": [
          [
            -57.9923,
            0.00859,
            -1.05446
          ],
          [
            0.00859,
            -57.59452,
            0.51225
          ],
          [
            -1.05446,
            0.51225,
            -4.97502
          ]
        ],
        "computation_code": "VASP",
        "pseudopotential_information": [
          [
            "PAW_PBE",
            "Pt",
            "04Feb2005"
          ],
          [
            "PAW_PBE",
            "C",
            "08Apr2002"
          ],
          [
            "PAW_PBE",
            "O",
            "08Apr2002"
          ],
          [
            "PAW_PBE",
            "H",
            "15Jun2001"
          ]
        ]
      }
    ],
    "EnergyStyle": "electronvolt",
    "ForcesStyle": "electronvoltperangstrom",
    "LatticeStyle": "angstrom",
    "PositionsStyle": "angstrom",
    "StressStyle": "kB"
  }
}